{
  "乌当后所新村": {
    "time": [
      "06:15:49",
      "06:31:08",
      "06:46:01",
      "07:00:44",
      "07:15:28",
      "07:30:14",
      "07:44:40",
      "07:58:57",
      "08:13:21",
      "08:28:28",
      "08:43:56",
      "08:58:23",
      "09:13:46",
      "09:28:53",
      "09:44:25",
      "09:59:23",
      "10:14:47",
      "10:29:01",
      "10:43:41",
      "10:58:30",
      "11:13:19",
      "11:28:47",
      "11:43:19",
      "11:58:30",
      "12:13:57",
      "12:29:38",
      "12:45:23",
      "13:00:18",
      "13:15:08",
      "13:29:50",
      "13:44:07",
      "13:58:53",
      "14:14:23",
      "14:30:03",
      "14:45:04",
      "14:59:27",
      "15:15:05",
      "15:29:57",
      "15:44:50",
      "16:00:02",
      "16:15:49",
      "16:30:07",
      "16:44:19",
      "16:58:32",
      "17:13:59",
      "17:28:29",
      "17:43:25",
      "17:58:13",
      "18:12:43",
      "18:28:30",
      "18:43:56",
      "18:58:14",
      "19:12:24",
      "19:27:28",
      "19:42:28",
      "19:58:03",
      "20:12:25",
      "20:26:52",
      "20:41:24",
      "20:55:37",
      "21:10:40",
      "21:26:25",
      "21:40:50",
      "21:55:55",
      "22:10:59"
    ],
    "board": [
      0,
      14,
      4,
      7,
      2,
      6,
      7,
      11,
      5,
      8,
      9,
      5,
      15,
      10,
      1,
      0,
      8,
      0,
      6,
      9,
      7,
      4,
      7,
      7,
      0,
      2,
      13,
      8,
      8,
      7,
      0,
      1,
      8,
      1,
      7,
      6,
      6,
      13,
      8,
      1,
      3,
      10,
      1,
      11,
      7,
      4,
      4,
      15,
      13,
      7,
      1,
      7,
      9,
      11,
      14,
      12,
      4,
      14,
      11,
      6,
      13,
      9,
      1,
      14,
      13
    ],
    "alight": [
      0,
      0,
      0,
      0,
      0,
      0,
      0,
      0,
      0,
      0,
      0,
      0,
      0,
      0,
      0,
      0,
      0,
      0,
      0,
      0,
      0,
      0,
      0,
      0,
      0,
      0,
      0,
      0,
      0,
      0,
      0,
      0,
      0,
      0,
      0,
      0,
      0,
      0,
      0,
      0,
      0,
      0,
      0,
      0,
      0,
      0,
      0,
      0,
      0,
      0,
      0,
      0,
      0,
      0,
      0,
      0,
      0,
      0,
      0,
      0,
      0,
      0,
      0,
      0,
      0
    ]
  },
  "贵黔国际公寓": {
    "time": [
      "06:15:49",
      "06:31:08",
      "06:46:01",
      "07:00:44",
      "07:15:28",
      "07:30:14",
      "07:44:40",
      "07:58:57",
      "08:13:21",
      "08:28:28",
      "08:43:56",
      "08:58:23",
      "09:13:46",
      "09:28:53",
      "09:44:25",
      "09:59:23",
      "10:14:47",
      "10:29:01",
      "10:43:41",
      "10:58:30",
      "11:13:19",
      "11:28:47",
      "11:43:19",
      "11:58:30",
      "12:13:57",
      "12:29:38",
      "12:45:23",
      "13:00:18",
      "13:15:08",
      "13:29:50",
      "13:44:07",
      "13:58:53",
      "14:14:23",
      "14:30:03",
      "14:45:04",
      "14:59:27",
      "15:15:05",
      "15:29:57",
      "15:44:50",
      "16:00:02",
      "16:15:49",
      "16:30:07",
      "16:44:19",
      "16:58:32",
      "17:13:59",
      "17:28:29",
      "17:43:25",
      "17:58:13",
      "18:12:43",
      "18:28:30",
      "18:43:56",
      "18:58:14",
      "19:12:24",
      "19:27:28",
      "19:42:28",
      "19:58:03",
      "20:12:25",
      "20:26:52",
      "20:41:24",
      "20:55:37",
      "21:10:40",
      "21:26:25",
      "21:40:50",
      "21:55:55",
      "22:10:59"
    ],
    "board": [
      7,
      7,
      10,
      5,
      15,
      5,
      6,
      3,
      9,
      8,
      8,
      7,
      12,
      14,
      14,
      11,
      15,
      1,
      11,
      7,
      4,
      2,
      2,
      14,
      6,
      10,
      11,
      5,
      13,
      1,
      8,
      15,
      7,
      11,
      1,
      5,
      10,
      1,
      0,
      7,
      0,
      3,
      7,
      8,
      10,
      10,
      14,
      10,
      9,
      10,
      15,
      8,
      3,
      3,
      11,
      13,
      10,
      1,
      12,
      7,
      15,
      3,
      11,
      7,
      13
    ],
    "alight": [
      0,
      0,
      0,
      0,
      0,
      0,
      0,
      0,
      0,
      0,
      0,
      0,
      0,
      0,
      0,
      0,
      0,
      0,
      0,
      0,
      0,
      0,
      0,
      0,
      0,
      0,
      0,
      0,
      0,
      0,
      0,
      0,
      0,
      0,
      0,
      0,
      0,
      0,
      0,
      0,
      0,
      0,
      0,
      0,
      0,
      0,
      0,
      0,
      0,
      0,
      0,
      0,
      0,
      0,
      0,
      0,
      0,
      0,
      0,
      0,
      0,
      0,
      0,
      0,
      0
    ]
  },
  "融创府鸣溪上(建设中)": {
    "time": [
      "06:15:49",
      "06:31:08",
      "06:46:01",
      "07:00:44",
      "07:15:28",
      "07:30:14",
      "07:44:40",
      "07:58:57",
      "08:13:21",
      "08:28:28",
      "08:43:56",
      "08:58:23",
      "09:13:46",
      "09:28:53",
      "09:44:25",
      "09:59:23",
      "10:14:47",
      "10:29:01",
      "10:43:41",
      "10:58:30",
      "11:13:19",
      "11:28:47",
      "11:43:19",
      "11:58:30",
      "12:13:57",
      "12:29:38",
      "12:45:23",
      "13:00:18",
      "13:15:08",
      "13:29:50",
      "13:44:07",
      "13:58:53",
      "14:14:23",
      "14:30:03",
      "14:45:04",
      "14:59:27",
      "15:15:05",
      "15:29:57",
      "15:44:50",
      "16:00:02",
      "16:15:49",
      "16:30:07",
      "16:44:19",
      "16:58:32",
      "17:13:59",
      "17:28:29",
      "17:43:25",
      "17:58:13",
      "18:12:43",
      "18:28:30",
      "18:43:56",
      "18:58:14",
      "19:12:24",
      "19:27:28",
      "19:42:28",
      "19:58:03",
      "20:12:25",
      "20:26:52",
      "20:41:24",
      "20:55:37",
      "21:10:40",
      "21:26:25",
      "21:40:50",
      "21:55:55",
      "22:10:59"
    ],
    "board": [
      9,
      7,
      13,
      1,
      7,
      0,
      4,
      13,
      9,
      9,
      9,
      3,
      6,
      8,
      6,
      1,
      13,
      3,
      5,
      2,
      9,
      6,
      13,
      13,
      13,
      5,
      3,
      8,
      15,
      15,
      5,
      6,
      7,
      5,
      5,
      10,
      15,
      1,
      9,
      10,
      14,
      7,
      8,
      15,
      9,
      11,
      15,
      5,
      12,
      12,
      0,
      15,
      4,
      14,
      3,
      10,
      3,
      6,
      8,
      6,
      1,
      7,
      11,
      2,
      5
    ],
    "alight": [
      0,
      0,
      0,
      0,
      0,
      0,
      0,
      0,
      0,
      0,
      0,
      0,
      0,
      0,
      0,
      0,
      0,
      0,
      0,
      0,
      0,
      0,
      0,
      2,
      1,
      0,
      0,
      0,
      0,
      0,
      0,
      0,
      0,
      0,
      0,
      0,
      0,
      0,
      0,
      0,
      0,
      0,
      0,
      1,
      0,
      0,
      0,
      0,
      0,
      0,
      0,
      0,
      0,
      0,
      0,
      0,
      0,
      0,
      0,
      0,
      0,
      0,
      0,
      0,
      0
    ]
  },
  "情人谷月亮河山庄": {
    "time": [
      "06:15:49",
      "06:31:08",
      "06:46:01",
      "07:00:44",
      "07:15:28",
      "07:30:14",
      "07:44:40",
      "07:58:57",
      "08:13:21",
      "08:28:28",
      "08:43:56",
      "08:58:23",
      "09:13:46",
      "09:28:53",
      "09:44:25",
      "09:59:23",
      "10:14:47",
      "10:29:01",
      "10:43:41",
      "10:58:30",
      "11:13:19",
      "11:28:47",
      "11:43:19",
      "11:58:30",
      "12:13:57",
      "12:29:38",
      "12:45:23",
      "13:00:18",
      "13:15:08",
      "13:29:50",
      "13:44:07",
      "13:58:53",
      "14:14:23",
      "14:30:03",
      "14:45:04",
      "14:59:27",
      "15:15:05",
      "15:29:57",
      "15:44:50",
      "16:00:02",
      "16:15:49",
      "16:30:07",
      "16:44:19",
      "16:58:32",
      "17:13:59",
      "17:28:29",
      "17:43:25",
      "17:58:13",
      "18:12:43",
      "18:28:30",
      "18:43:56",
      "18:58:14",
      "19:12:24",
      "19:27:28",
      "19:42:28",
      "19:58:03",
      "20:12:25",
      "20:26:52",
      "20:41:24",
      "20:55:37",
      "21:10:40",
      "21:26:25",
      "21:40:50",
      "21:55:55",
      "22:10:59"
    ],
    "board": [
      14,
      7,
      15,
      12,
      12,
      6,
      5,
      2,
      13,
      9,
      0,
      8,
      1,
      8,
      7,
      7,
      10,
      12,
      15,
      10,
      3,
      0,
      9,
      10,
      10,
      10,
      8,
      13,
      10,
      3,
      13,
      1,
      3,
      15,
      2,
      15,
      5,
      14,
      8,
      15,
      4,
      11,
      15,
      5,
      6,
      0,
      7,
      12,
      12,
      12,
      9,
      15,
      2,
      15,
      3,
      13,
      15,
      13,
      14,
      13,
      14,
      15,
      6,
      15,
      15
    ],
    "alight": [
      0,
      0,
      0,
      0,
      0,
      0,
      0,
      0,
      0,
      0,
      0,
      0,
      0,
      0,
      0,
      0,
      0,
      1,
      0,
      0,
      0,
      0,
      0,
      0,
      3,
      0,
      0,
      0,
      0,
      0,
      0,
      0,
      0,
      0,
      0,
      0,
      0,
      0,
      0,
      0,
      0,
      2,
      0,
      4,
      0,
      0,
      0,
      0,
      0,
      0,
      0,
      0,
      0,
      0,
      0,
      0,
      0,
      0,
      0,
      0,
      0,
      0,
      0,
      0,
      0
    ]
  },
  "星星小卖部": {
    "time": [
      "06:15:49",
      "06:31:08",
      "06:46:01",
      "07:00:44",
      "07:15:28",
      "07:30:14",
      "07:44:40",
      "07:58:57",
      "08:13:21",
      "08:28:28",
      "08:43:56",
      "08:58:23",
      "09:13:46",
      "09:28:53",
      "09:44:25",
      "09:59:23",
      "10:14:47",
      "10:29:01",
      "10:43:41",
      "10:58:30",
      "11:13:19",
      "11:28:47",
      "11:43:19",
      "11:58:30",
      "12:13:57",
      "12:29:38",
      "12:45:23",
      "13:00:18",
      "13:15:08",
      "13:29:50",
      "13:44:07",
      "13:58:53",
      "14:14:23",
      "14:30:03",
      "14:45:04",
      "14:59:27",
      "15:15:05",
      "15:29:57",
      "15:44:50",
      "16:00:02",
      "16:15:49",
      "16:30:07",
      "16:44:19",
      "16:58:32",
      "17:13:59",
      "17:28:29",
      "17:43:25",
      "17:58:13",
      "18:12:43",
      "18:28:30",
      "18:43:56",
      "18:58:14",
      "19:12:24",
      "19:27:28",
      "19:42:28",
      "19:58:03",
      "20:12:25",
      "20:26:52",
      "20:41:24",
      "20:55:37",
      "21:10:40",
      "21:26:25",
      "21:40:50",
      "21:55:55",
      "22:10:59"
    ],
    "board": [
      15,
      7,
      2,
      1,
      11,
      11,
      2,
      13,
      11,
      0,
      5,
      9,
      0,
      2,
      9,
      6,
      12,
      13,
      0,
      0,
      8,
      12,
      10,
      1,
      14,
      6,
      7,
      11,
      8,
      14,
      3,
      3,
      3,
      10,
      11,
      6,
      1,
      3,
      14,
      1,
      1,
      3,
      11,
      13,
      6,
      0,
      14,
      11,
      13,
      0,
      4,
      10,
      4,
      2,
      12,
      4,
      13,
      10,
      3,
      7,
      7,
      8,
      13,
      6,
      13
    ],
    "alight": [
      10,
      4,
      14,
      3,
      6,
      4,
      7,
      7,
      9,
      6,
      9,
      10,
      9,
      9,
      13,
      2,
      2,
      2,
      10,
      2,
      0,
      4,
      4,
      1,
      12,
      7,
      14,
      0,
      2,
      6,
      0,
      14,
      10,
      10,
      9,
      11,
      9,
      2,
      0,
      9,
      6,
      4,
      14,
      3,
      12,
      9,
      5,
      8,
      15,
      4,
      5,
      3,
      12,
      9,
      3,
      0,
      15,
      10,
      1,
      13,
      14,
      4,
      1,
      14,
      13
    ]
  },
  "玫瑰庄园": {
    "time": [
      "06:15:49",
      "06:31:08",
      "06:46:01",
      "07:00:44",
      "07:15:28",
      "07:30:14",
      "07:44:40",
      "07:58:57",
      "08:13:21",
      "08:28:28",
      "08:43:56",
      "08:58:23",
      "09:13:46",
      "09:28:53",
      "09:44:25",
      "09:59:23",
      "10:14:47",
      "10:29:01",
      "10:43:41",
      "10:58:30",
      "11:13:19",
      "11:28:47",
      "11:43:19",
      "11:58:30",
      "12:13:57",
      "12:29:38",
      "12:45:23",
      "13:00:18",
      "13:15:08",
      "13:29:50",
      "13:44:07",
      "13:58:53",
      "14:14:23",
      "14:30:03",
      "14:45:04",
      "14:59:27",
      "15:15:05",
      "15:29:57",
      "15:44:50",
      "16:00:02",
      "16:15:49",
      "16:30:07",
      "16:44:19",
      "16:58:32",
      "17:13:59",
      "17:28:29",
      "17:43:25",
      "17:58:13",
      "18:12:43",
      "18:28:30",
      "18:43:56",
      "18:58:14",
      "19:12:24",
      "19:27:28",
      "19:42:28",
      "19:58:03",
      "20:12:25",
      "20:26:52",
      "20:41:24",
      "20:55:37",
      "21:10:40",
      "21:26:25",
      "21:40:50",
      "21:55:55",
      "22:10:59"
    ],
    "board": [
      14,
      8,
      3,
      15,
      2,
      3,
      12,
      9,
      13,
      0,
      11,
      2,
      14,
      11,
      2,
      2,
      14,
      12,
      11,
      6,
      14,
      15,
      5,
      14,
      9,
      1,
      2,
      9,
      1,
      9,
      15,
      3,
      9,
      13,
      10,
      14,
      6,
      14,
      14,
      14,
      14,
      10,
      6,
      4,
      9,
      1,
      13,
      6,
      13,
      7,
      1,
      13,
      8,
      3,
      13,
      1,
      14,
      14,
      15,
      9,
      15,
      12,
      5,
      12,
      10
    ],
    "alight": [
      13,
      15,
      3,
      13,
      9,
      14,
      3,
      1,
      5,
      10,
      6,
      15,
      5,
      9,
      10,
      13,
      6,
      14,
      15,
      4,
      11,
      9,
      12,
      2,
      11,
      5,
      1,
      10,
      7,
      12,
      11,
      14,
      1,
      13,
      1,
      4,
      14,
      15,
      3,
      6,
      8,
      5,
      1,
      8,
      4,
      11,
      3,
      13,
      0,
      14,
      1,
      11,
      1,
      13,
      0,
      14,
      4,
      7,
      14,
      13,
      11,
      9,
      9,
      4,
      6
    ]
  },
  "高枧2号大桥": {
    "time": [
      "06:15:49",
      "06:31:08",
      "06:46:01",
      "07:00:44",
      "07:15:28",
      "07:30:14",
      "07:44:40",
      "07:58:57",
      "08:13:21",
      "08:28:28",
      "08:43:56",
      "08:58:23",
      "09:13:46",
      "09:28:53",
      "09:44:25",
      "09:59:23",
      "10:14:47",
      "10:29:01",
      "10:43:41",
      "10:58:30",
      "11:13:19",
      "11:28:47",
      "11:43:19",
      "11:58:30",
      "12:13:57",
      "12:29:38",
      "12:45:23",
      "13:00:18",
      "13:15:08",
      "13:29:50",
      "13:44:07",
      "13:58:53",
      "14:14:23",
      "14:30:03",
      "14:45:04",
      "14:59:27",
      "15:15:05",
      "15:29:57",
      "15:44:50",
      "16:00:02",
      "16:15:49",
      "16:30:07",
      "16:44:19",
      "16:58:32",
      "17:13:59",
      "17:28:29",
      "17:43:25",
      "17:58:13",
      "18:12:43",
      "18:28:30",
      "18:43:56",
      "18:58:14",
      "19:12:24",
      "19:27:28",
      "19:42:28",
      "19:58:03",
      "20:12:25",
      "20:26:52",
      "20:41:24",
      "20:55:37",
      "21:10:40",
      "21:26:25",
      "21:40:50",
      "21:55:55",
      "22:10:59"
    ],
    "board": [
      8,
      10,
      9,
      14,
      11,
      13,
      1,
      12,
      7,
      9,
      4,
      4,
      13,
      0,
      11,
      7,
      4,
      10,
      13,
      11,
      7,
      0,
      2,
      4,
      5,
      5,
      6,
      3,
      4,
      4,
      13,
      6,
      1,
      6,
      9,
      7,
      2,
      11,
      6,
      8,
      12,
      12,
      4,
      12,
      1,
      11,
      8,
      9,
      5,
      7,
      2,
      14,
      12,
      11,
      14,
      1,
      2,
      7,
      2,
      2,
      15,
      7,
      14,
      15,
      12
    ],
    "alight": [
      4,
      6,
      5,
      6,
      5,
      15,
      13,
      4,
      2,
      4,
      14,
      12,
      6,
      13,
      10,
      11,
      7,
      4,
      11,
      5,
      9,
      8,
      10,
      2,
      11,
      15,
      14,
      12,
      7,
      1,
      10,
      0,
      7,
      9,
      14,
      13,
      1,
      1,
      8,
      3,
      14,
      0,
      0,
      9,
      13,
      10,
      6,
      15,
      9,
      14,
      6,
      2,
      4,
      13,
      11,
      9,
      13,
      14,
      13,
      15,
      11,
      4,
      10,
      3,
      1
    ]
  },
  "情人谷路口(公交站)": {
    "time": [
      "06:15:49",
      "06:31:08",
      "06:46:01",
      "07:00:44",
      "07:15:28",
      "07:30:14",
      "07:44:40",
      "07:58:57",
      "08:13:21",
      "08:28:28",
      "08:43:56",
      "08:58:23",
      "09:13:46",
      "09:28:53",
      "09:44:25",
      "09:59:23",
      "10:14:47",
      "10:29:01",
      "10:43:41",
      "10:58:30",
      "11:13:19",
      "11:28:47",
      "11:43:19",
      "11:58:30",
      "12:13:57",
      "12:29:38",
      "12:45:23",
      "13:00:18",
      "13:15:08",
      "13:29:50",
      "13:44:07",
      "13:58:53",
      "14:14:23",
      "14:30:03",
      "14:45:04",
      "14:59:27",
      "15:15:05",
      "15:29:57",
      "15:44:50",
      "16:00:02",
      "16:15:49",
      "16:30:07",
      "16:44:19",
      "16:58:32",
      "17:13:59",
      "17:28:29",
      "17:43:25",
      "17:58:13",
      "18:12:43",
      "18:28:30",
      "18:43:56",
      "18:58:14",
      "19:12:24",
      "19:27:28",
      "19:42:28",
      "19:58:03",
      "20:12:25",
      "20:26:52",
      "20:41:24",
      "20:55:37",
      "21:10:40",
      "21:26:25",
      "21:40:50",
      "21:55:55",
      "22:10:59"
    ],
    "board": [
      9,
      3,
      11,
      7,
      2,
      7,
      3,
      4,
      12,
      14,
      9,
      14,
      8,
      2,
      12,
      13,
      13,
      14,
      12,
      13,
      1,
      13,
      2,
      2,
      1,
      0,
      0,
      10,
      8,
      14,
      11,
      10,
      11,
      6,
      14,
      12,
      15,
      10,
      5,
      10,
      11,
      5,
      5,
      9,
      1,
      15,
      8,
      14,
      10,
      5,
      10,
      6,
      3,
      3,
      12,
      12,
      9,
      14,
      8,
      4,
      7,
      11,
      5,
      7,
      13
    ],
    "alight": [
      3,
      0,
      12,
      15,
      8,
      6,
      6,
      11,
      8,
      0,
      15,
      8,
      6,
      10,
      10,
      10,
      11,
      11,
      14,
      4,
      1,
      9,
      1,
      3,
      15,
      1,
      9,
      2,
      8,
      7,
      0,
      10,
      13,
      5,
      6,
      5,
      0,
      12,
      13,
      0,
      9,
      2,
      11,
      13,
      4,
      3,
      3,
      10,
      9,
      12,
      7,
      10,
      8,
      8,
      14,
      2,
      4,
      2,
      0,
      14,
      9,
      11,
      6,
      3,
      10
    ]
  },
  "高枧1号大桥": {
    "time": [
      "06:15:49",
      "06:31:08",
      "06:46:01",
      "07:00:44",
      "07:15:28",
      "07:30:14",
      "07:44:40",
      "07:58:57",
      "08:13:21",
      "08:28:28",
      "08:43:56",
      "08:58:23",
      "09:13:46",
      "09:28:53",
      "09:44:25",
      "09:59:23",
      "10:14:47",
      "10:29:01",
      "10:43:41",
      "10:58:30",
      "11:13:19",
      "11:28:47",
      "11:43:19",
      "11:58:30",
      "12:13:57",
      "12:29:38",
      "12:45:23",
      "13:00:18",
      "13:15:08",
      "13:29:50",
      "13:44:07",
      "13:58:53",
      "14:14:23",
      "14:30:03",
      "14:45:04",
      "14:59:27",
      "15:15:05",
      "15:29:57",
      "15:44:50",
      "16:00:02",
      "16:15:49",
      "16:30:07",
      "16:44:19",
      "16:58:32",
      "17:13:59",
      "17:28:29",
      "17:43:25",
      "17:58:13",
      "18:12:43",
      "18:28:30",
      "18:43:56",
      "18:58:14",
      "19:12:24",
      "19:27:28",
      "19:42:28",
      "19:58:03",
      "20:12:25",
      "20:26:52",
      "20:41:24",
      "20:55:37",
      "21:10:40",
      "21:26:25",
      "21:40:50",
      "21:55:55",
      "22:10:59"
    ],
    "board": [
      8,
      7,
      11,
      7,
      2,
      1,
      9,
      2,
      5,
      9,
      2,
      8,
      6,
      3,
      7,
      1,
      1,
      8,
      6,
      13,
      4,
      14,
      9,
      11,
      7,
      6,
      0,
      5,
      7,
      4,
      14,
      0,
      9,
      0,
      11,
      6,
      4,
      4,
      14,
      15,
      10,
      9,
      14,
      10,
      15,
      10,
      15,
      5,
      13,
      0,
      11,
      4,
      8,
      6,
      10,
      6,
      10,
      7,
      1,
      4,
      7,
      9,
      9,
      13,
      5
    ],
    "alight": [
      2,
      2,
      5,
      6,
      9,
      15,
      4,
      9,
      10,
      5,
      3,
      9,
      13,
      10,
      12,
      3,
      6,
      1,
      2,
      0,
      9,
      4,
      10,
      3,
      13,
      14,
      12,
      13,
      14,
      15,
      14,
      5,
      12,
      12,
      14,
      3,
      10,
      5,
      0,
      5,
      15,
      3,
      9,
      6,
      6,
      9,
      11,
      3,
      2,
      9,
      13,
      10,
      7,
      0,
      4,
      7,
      12,
      12,
      9,
      1,
      8,
      15,
      10,
      4,
      10
    ]
  },
  "北京东路": {
    "time": [
      "06:15:49",
      "06:31:08",
      "06:46:01",
      "07:00:44",
      "07:15:28",
      "07:30:14",
      "07:44:40",
      "07:58:57",
      "08:13:21",
      "08:28:28",
      "08:43:56",
      "08:58:23",
      "09:13:46",
      "09:28:53",
      "09:44:25",
      "09:59:23",
      "10:14:47",
      "10:29:01",
      "10:43:41",
      "10:58:30",
      "11:13:19",
      "11:28:47",
      "11:43:19",
      "11:58:30",
      "12:13:57",
      "12:29:38",
      "12:45:23",
      "13:00:18",
      "13:15:08",
      "13:29:50",
      "13:44:07",
      "13:58:53",
      "14:14:23",
      "14:30:03",
      "14:45:04",
      "14:59:27",
      "15:15:05",
      "15:29:57",
      "15:44:50",
      "16:00:02",
      "16:15:49",
      "16:30:07",
      "16:44:19",
      "16:58:32",
      "17:13:59",
      "17:28:29",
      "17:43:25",
      "17:58:13",
      "18:12:43",
      "18:28:30",
      "18:43:56",
      "18:58:14",
      "19:12:24",
      "19:27:28",
      "19:42:28",
      "19:58:03",
      "20:12:25",
      "20:26:52",
      "20:41:24",
      "20:55:37",
      "21:10:40",
      "21:26:25",
      "21:40:50",
      "21:55:55",
      "22:10:59"
    ],
    "board": [
      5,
      11,
      9,
      10,
      12,
      11,
      0,
      8,
      4,
      4,
      10,
      3,
      11,
      11,
      10,
      2,
      13,
      9,
      11,
      2,
      11,
      4,
      14,
      3,
      9,
      7,
      1,
      8,
      4,
      2,
      9,
      12,
      13,
      1,
      5,
      4,
      10,
      8,
      12,
      3,
      14,
      4,
      0,
      11,
      3,
      14,
      14,
      11,
      6,
      15,
      0,
      15,
      5,
      2,
      3,
      2,
      5,
      1,
      8,
      13,
      7,
      8,
      3,
      15,
      0
    ],
    "alight": [
      15,
      1,
      5,
      14,
      13,
      0,
      15,
      10,
      0,
      0,
      0,
      15,
      0,
      11,
      0,
      11,
      3,
      0,
      2,
      8,
      11,
      11,
      10,
      11,
      6,
      8,
      3,
      14,
      12,
      10,
      2,
      15,
      7,
      4,
      4,
      9,
      14,
      6,
      9,
      15,
      11,
      8,
      0,
      15,
      2,
      3,
      13,
      6,
      8,
      15,
      12,
      4,
      15,
      4,
      8,
      12,
      11,
      6,
      8,
      10,
      3,
      7,
      10,
      8,
      1
    ]
  },
  "中天pluss": {
    "time": [
      "06:15:49",
      "06:31:08",
      "06:46:01",
      "07:00:44",
      "07:15:28",
      "07:30:14",
      "07:44:40",
      "07:58:57",
      "08:13:21",
      "08:28:28",
      "08:43:56",
      "08:58:23",
      "09:13:46",
      "09:28:53",
      "09:44:25",
      "09:59:23",
      "10:14:47",
      "10:29:01",
      "10:43:41",
      "10:58:30",
      "11:13:19",
      "11:28:47",
      "11:43:19",
      "11:58:30",
      "12:13:57",
      "12:29:38",
      "12:45:23",
      "13:00:18",
      "13:15:08",
      "13:29:50",
      "13:44:07",
      "13:58:53",
      "14:14:23",
      "14:30:03",
      "14:45:04",
      "14:59:27",
      "15:15:05",
      "15:29:57",
      "15:44:50",
      "16:00:02",
      "16:15:49",
      "16:30:07",
      "16:44:19",
      "16:58:32",
      "17:13:59",
      "17:28:29",
      "17:43:25",
      "17:58:13",
      "18:12:43",
      "18:28:30",
      "18:43:56",
      "18:58:14",
      "19:12:24",
      "19:27:28",
      "19:42:28",
      "19:58:03",
      "20:12:25",
      "20:26:52",
      "20:41:24",
      "20:55:37",
      "21:10:40",
      "21:26:25",
      "21:40:50",
      "21:55:55",
      "22:10:59"
    ],
    "board": [
      6,
      1,
      15,
      0,
      2,
      6,
      15,
      1,
      6,
      7,
      9,
      2,
      4,
      4,
      13,
      0,
      13,
      3,
      12,
      5,
      4,
      13,
      15,
      4,
      0,
      7,
      1,
      8,
      0,
      7,
      5,
      13,
      14,
      2,
      11,
      12,
      5,
      5,
      15,
      0,
      3,
      2,
      13,
      1,
      0,
      14,
      9,
      15,
      1,
      13,
      6,
      6,
      2,
      8,
      4,
      11,
      9,
      1,
      9,
      3,
      5,
      9,
      6,
      4,
      0
    ],
    "alight": [
      10,
      1,
      0,
      5,
      2,
      5,
      13,
      0,
      3,
      1,
      14,
      0,
      15,
      10,
      12,
      4,
      7,
      8,
      9,
      8,
      11,
      2,
      14,
      9,
      9,
      5,
      5,
      12,
      4,
      4,
      3,
      1,
      12,
      6,
      3,
      4,
      11,
      3,
      10,
      15,
      6,
      10,
      3,
      12,
      14,
      2,
      9,
      1,
      2,
      1,
      8,
      13,
      2,
      11,
      14,
      6,
      5,
      4,
      5,
      6,
      9,
      9,
      14,
      12,
      6
    ]
  },
  "中天甜蜜小镇6组团": {
    "time": [
      "06:15:49",
      "06:31:08",
      "06:46:01",
      "07:00:44",
      "07:15:28",
      "07:30:14",
      "07:44:40",
      "07:58:57",
      "08:13:21",
      "08:28:28",
      "08:43:56",
      "08:58:23",
      "09:13:46",
      "09:28:53",
      "09:44:25",
      "09:59:23",
      "10:14:47",
      "10:29:01",
      "10:43:41",
      "10:58:30",
      "11:13:19",
      "11:28:47",
      "11:43:19",
      "11:58:30",
      "12:13:57",
      "12:29:38",
      "12:45:23",
      "13:00:18",
      "13:15:08",
      "13:29:50",
      "13:44:07",
      "13:58:53",
      "14:14:23",
      "14:30:03",
      "14:45:04",
      "14:59:27",
      "15:15:05",
      "15:29:57",
      "15:44:50",
      "16:00:02",
      "16:15:49",
      "16:30:07",
      "16:44:19",
      "16:58:32",
      "17:13:59",
      "17:28:29",
      "17:43:25",
      "17:58:13",
      "18:12:43",
      "18:28:30",
      "18:43:56",
      "18:58:14",
      "19:12:24",
      "19:27:28",
      "19:42:28",
      "19:58:03",
      "20:12:25",
      "20:26:52",
      "20:41:24",
      "20:55:37",
      "21:10:40",
      "21:26:25",
      "21:40:50",
      "21:55:55",
      "22:10:59"
    ],
    "board": [
      10,
      3,
      2,
      12,
      11,
      13,
      6,
      7,
      10,
      6,
      10,
      8,
      7,
      5,
      8,
      6,
      1,
      10,
      10,
      4,
      12,
      2,
      1,
      10,
      10,
      1,
      9,
      6,
      14,
      14,
      3,
      0,
      7,
      6,
      11,
      7,
      7,
      3,
      15,
      11,
      8,
      0,
      5,
      0,
      7,
      10,
      7,
      15,
      7,
      6,
      9,
      14,
      5,
      2,
      15,
      3,
      15,
      2,
      0,
      2,
      3,
      9,
      6,
      9,
      7
    ],
    "alight": [
      11,
      15,
      9,
      6,
      13,
      4,
      14,
      13,
      11,
      11,
      2,
      6,
      0,
      10,
      7,
      8,
      1,
      13,
      14,
      0,
      9,
      12,
      9,
      6,
      11,
      0,
      3,
      9,
      12,
      2,
      2,
      2,
      3,
      3,
      2,
      3,
      0,
      8,
      4,
      11,
      2,
      6,
      5,
      4,
      9,
      0,
      15,
      14,
      6,
      12,
      8,
      9,
      6,
      4,
      14,
      10,
      10,
      14,
      10,
      12,
      9,
      8,
      6,
      7,
      13
    ]
  },
  "沸沸椰子鸡螺蛳精酿酒馆": {
    "time": [
      "06:15:49",
      "06:31:08",
      "06:46:01",
      "07:00:44",
      "07:15:28",
      "07:30:14",
      "07:44:40",
      "07:58:57",
      "08:13:21",
      "08:28:28",
      "08:43:56",
      "08:58:23",
      "09:13:46",
      "09:28:53",
      "09:44:25",
      "09:59:23",
      "10:14:47",
      "10:29:01",
      "10:43:41",
      "10:58:30",
      "11:13:19",
      "11:28:47",
      "11:43:19",
      "11:58:30",
      "12:13:57",
      "12:29:38",
      "12:45:23",
      "13:00:18",
      "13:15:08",
      "13:29:50",
      "13:44:07",
      "13:58:53",
      "14:14:23",
      "14:30:03",
      "14:45:04",
      "14:59:27",
      "15:15:05",
      "15:29:57",
      "15:44:50",
      "16:00:02",
      "16:15:49",
      "16:30:07",
      "16:44:19",
      "16:58:32",
      "17:13:59",
      "17:28:29",
      "17:43:25",
      "17:58:13",
      "18:12:43",
      "18:28:30",
      "18:43:56",
      "18:58:14",
      "19:12:24",
      "19:27:28",
      "19:42:28",
      "19:58:03",
      "20:12:25",
      "20:26:52",
      "20:41:24",
      "20:55:37",
      "21:10:40",
      "21:26:25",
      "21:40:50",
      "21:55:55",
      "22:10:59"
    ],
    "board": [
      4,
      15,
      4,
      11,
      1,
      7,
      4,
      0,
      8,
      14,
      13,
      9,
      2,
      9,
      3,
      8,
      13,
      6,
      13,
      3,
      15,
      15,
      11,
      2,
      2,
      6,
      14,
      5,
      6,
      5,
      3,
      10,
      14,
      9,
      9,
      1,
      15,
      3,
      8,
      2,
      14,
      13,
      14,
      6,
      11,
      5,
      5,
      13,
      1,
      9,
      12,
      13,
      8,
      2,
      10,
      4,
      14,
      8,
      13,
      12,
      1,
      6,
      11,
      8,
      4
    ],
    "alight": [
      0,
      5,
      2,
      2,
      6,
      13,
      1,
      4,
      10,
      15,
      3,
      1,
      11,
      10,
      0,
      0,
      0,
      12,
      2,
      4,
      8,
      15,
      1,
      14,
      5,
      3,
      0,
      13,
      4,
      4,
      3,
      11,
      13,
      10,
      11,
      11,
      7,
      11,
      3,
      4,
      12,
      11,
      9,
      13,
      11,
      6,
      9,
      7,
      10,
      2,
      15,
      0,
      11,
      7,
      5,
      10,
      15,
      0,
      6,
      4,
      6,
      13,
      15,
      7,
      7
    ]
  },
  "贵阳铂丽丝酒店": {
    "time": [
      "06:15:49",
      "06:31:08",
      "06:46:01",
      "07:00:44",
      "07:15:28",
      "07:30:14",
      "07:44:40",
      "07:58:57",
      "08:13:21",
      "08:28:28",
      "08:43:56",
      "08:58:23",
      "09:13:46",
      "09:28:53",
      "09:44:25",
      "09:59:23",
      "10:14:47",
      "10:29:01",
      "10:43:41",
      "10:58:30",
      "11:13:19",
      "11:28:47",
      "11:43:19",
      "11:58:30",
      "12:13:57",
      "12:29:38",
      "12:45:23",
      "13:00:18",
      "13:15:08",
      "13:29:50",
      "13:44:07",
      "13:58:53",
      "14:14:23",
      "14:30:03",
      "14:45:04",
      "14:59:27",
      "15:15:05",
      "15:29:57",
      "15:44:50",
      "16:00:02",
      "16:15:49",
      "16:30:07",
      "16:44:19",
      "16:58:32",
      "17:13:59",
      "17:28:29",
      "17:43:25",
      "17:58:13",
      "18:12:43",
      "18:28:30",
      "18:43:56",
      "18:58:14",
      "19:12:24",
      "19:27:28",
      "19:42:28",
      "19:58:03",
      "20:12:25",
      "20:26:52",
      "20:41:24",
      "20:55:37",
      "21:10:40",
      "21:26:25",
      "21:40:50",
      "21:55:55",
      "22:10:59"
    ],
    "board": [
      10,
      10,
      14,
      5,
      15,
      1,
      6,
      8,
      11,
      2,
      11,
      10,
      3,
      5,
      14,
      12,
      1,
      8,
      0,
      10,
      0,
      5,
      10,
      14,
      4,
      15,
      12,
      0,
      11,
      6,
      13,
      6,
      13,
      1,
      4,
      12,
      3,
      7,
      10,
      1,
      7,
      0,
      9,
      11,
      11,
      8,
      0,
      12,
      12,
      11,
      11,
      11,
      14,
      6,
      2,
      0,
      13,
      11,
      3,
      7,
      4,
      15,
      6,
      2,
      4
    ],
    "alight": [
      3,
      12,
      0,
      3,
      10,
      7,
      2,
      0,
      8,
      7,
      14,
      14,
      7,
      9,
      5,
      14,
      13,
      3,
      11,
      3,
      7,
      2,
      5,
      3,
      11,
      11,
      15,
      5,
      10,
      4,
      4,
      0,
      0,
      14,
      14,
      2,
      7,
      11,
      0,
      8,
      3,
      4,
      9,
      14,
      1,
      8,
      11,
      10,
      15,
      10,
      15,
      7,
      14,
      11,
      11,
      10,
      15,
      5,
      15,
      13,
      7,
      13,
      8,
      1,
      1
    ]
  },
  "尚礼路": {
    "time": [
      "06:15:49",
      "06:31:08",
      "06:46:01",
      "07:00:44",
      "07:15:28",
      "07:30:14",
      "07:44:40",
      "07:58:57",
      "08:13:21",
      "08:28:28",
      "08:43:56",
      "08:58:23",
      "09:13:46",
      "09:28:53",
      "09:44:25",
      "09:59:23",
      "10:14:47",
      "10:29:01",
      "10:43:41",
      "10:58:30",
      "11:13:19",
      "11:28:47",
      "11:43:19",
      "11:58:30",
      "12:13:57",
      "12:29:38",
      "12:45:23",
      "13:00:18",
      "13:15:08",
      "13:29:50",
      "13:44:07",
      "13:58:53",
      "14:14:23",
      "14:30:03",
      "14:45:04",
      "14:59:27",
      "15:15:05",
      "15:29:57",
      "15:44:50",
      "16:00:02",
      "16:15:49",
      "16:30:07",
      "16:44:19",
      "16:58:32",
      "17:13:59",
      "17:28:29",
      "17:43:25",
      "17:58:13",
      "18:12:43",
      "18:28:30",
      "18:43:56",
      "18:58:14",
      "19:12:24",
      "19:27:28",
      "19:42:28",
      "19:58:03",
      "20:12:25",
      "20:26:52",
      "20:41:24",
      "20:55:37",
      "21:10:40",
      "21:26:25",
      "21:40:50",
      "21:55:55",
      "22:10:59"
    ],
    "board": [
      13,
      8,
      13,
      4,
      14,
      13,
      8,
      8,
      7,
      9,
      1,
      8,
      6,
      9,
      10,
      6,
      1,
      4,
      2,
      8,
      15,
      11,
      11,
      6,
      11,
      8,
      5,
      15,
      0,
      9,
      5,
      0,
      4,
      8,
      1,
      11,
      15,
      0,
      9,
      10,
      4,
      11,
      14,
      0,
      3,
      10,
      5,
      2,
      3,
      0,
      6,
      2,
      7,
      2,
      6,
      9,
      12,
      15,
      1,
      9,
      14,
      15,
      7,
      0,
      5
    ],
    "alight": [
      6,
      15,
      14,
      1,
      15,
      2,
      12,
      9,
      8,
      11,
      8,
      10,
      0,
      4,
      12,
      7,
      11,
      13,
      13,
      9,
      7,
      6,
      14,
      13,
      3,
      4,
      13,
      3,
      6,
      14,
      9,
      4,
      9,
      9,
      10,
      0,
      1,
      10,
      10,
      10,
      14,
      2,
      11,
      7,
      15,
      13,
      7,
      11,
      0,
      7,
      10,
      10,
      1,
      0,
      7,
      5,
      6,
      2,
      11,
      8,
      11,
      1,
      9,
      5,
      5
    ]
  },
  "云岩区邓记特色羊肉粉": {
    "time": [
      "06:15:49",
      "06:31:08",
      "06:46:01",
      "07:00:44",
      "07:15:28",
      "07:30:14",
      "07:44:40",
      "07:58:57",
      "08:13:21",
      "08:28:28",
      "08:43:56",
      "08:58:23",
      "09:13:46",
      "09:28:53",
      "09:44:25",
      "09:59:23",
      "10:14:47",
      "10:29:01",
      "10:43:41",
      "10:58:30",
      "11:13:19",
      "11:28:47",
      "11:43:19",
      "11:58:30",
      "12:13:57",
      "12:29:38",
      "12:45:23",
      "13:00:18",
      "13:15:08",
      "13:29:50",
      "13:44:07",
      "13:58:53",
      "14:14:23",
      "14:30:03",
      "14:45:04",
      "14:59:27",
      "15:15:05",
      "15:29:57",
      "15:44:50",
      "16:00:02",
      "16:15:49",
      "16:30:07",
      "16:44:19",
      "16:58:32",
      "17:13:59",
      "17:28:29",
      "17:43:25",
      "17:58:13",
      "18:12:43",
      "18:28:30",
      "18:43:56",
      "18:58:14",
      "19:12:24",
      "19:27:28",
      "19:42:28",
      "19:58:03",
      "20:12:25",
      "20:26:52",
      "20:41:24",
      "20:55:37",
      "21:10:40",
      "21:26:25",
      "21:40:50",
      "21:55:55",
      "22:10:59"
    ],
    "board": [
      12,
      9,
      15,
      3,
      7,
      14,
      1,
      1,
      6,
      5,
      13,
      13,
      12,
      11,
      3,
      11,
      3,
      10,
      10,
      2,
      6,
      15,
      2,
      12,
      10,
      9,
      13,
      15,
      4,
      14,
      1,
      5,
      6,
      0,
      10,
      9,
      14,
      12,
      9,
      13,
      14,
      8,
      0,
      11,
      3,
      2,
      8,
      7,
      13,
      13,
      9,
      11,
      2,
      5,
      0,
      11,
      11,
      13,
      11,
      11,
      2,
      11,
      15,
      15,
      4
    ],
    "alight": [
      5,
      1,
      7,
      10,
      12,
      12,
      4,
      0,
      2,
      5,
      7,
      12,
      5,
      14,
      0,
      9,
      0,
      8,
      3,
      1,
      5,
      7,
      0,
      3,
      1,
      5,
      10,
      7,
      2,
      7,
      14,
      14,
      5,
      3,
      14,
      4,
      15,
      10,
      8,
      13,
      6,
      12,
      5,
      5,
      2,
      15,
      6,
      10,
      9,
      1,
      12,
      3,
      14,
      2,
      8,
      11,
      6,
      5,
      14,
      0,
      0,
      12,
      14,
      0,
      4
    ]
  },
  "金狮小区顺海苑": {
    "time": [
      "06:15:49",
      "06:31:08",
      "06:46:01",
      "07:00:44",
      "07:15:28",
      "07:30:14",
      "07:44:40",
      "07:58:57",
      "08:13:21",
      "08:28:28",
      "08:43:56",
      "08:58:23",
      "09:13:46",
      "09:28:53",
      "09:44:25",
      "09:59:23",
      "10:14:47",
      "10:29:01",
      "10:43:41",
      "10:58:30",
      "11:13:19",
      "11:28:47",
      "11:43:19",
      "11:58:30",
      "12:13:57",
      "12:29:38",
      "12:45:23",
      "13:00:18",
      "13:15:08",
      "13:29:50",
      "13:44:07",
      "13:58:53",
      "14:14:23",
      "14:30:03",
      "14:45:04",
      "14:59:27",
      "15:15:05",
      "15:29:57",
      "15:44:50",
      "16:00:02",
      "16:15:49",
      "16:30:07",
      "16:44:19",
      "16:58:32",
      "17:13:59",
      "17:28:29",
      "17:43:25",
      "17:58:13",
      "18:12:43",
      "18:28:30",
      "18:43:56",
      "18:58:14",
      "19:12:24",
      "19:27:28",
      "19:42:28",
      "19:58:03",
      "20:12:25",
      "20:26:52",
      "20:41:24",
      "20:55:37",
      "21:10:40",
      "21:26:25",
      "21:40:50",
      "21:55:55",
      "22:10:59"
    ],
    "board": [
      2,
      13,
      5,
      11,
      13,
      10,
      4,
      15,
      5,
      7,
      10,
      8,
      14,
      2,
      14,
      4,
      13,
      2,
      5,
      12,
      4,
      8,
      13,
      1,
      6,
      9,
      14,
      7,
      6,
      9,
      1,
      1,
      15,
      3,
      2,
      2,
      0,
      7,
      3,
      5,
      6,
      4,
      7,
      12,
      8,
      6,
      11,
      3,
      14,
      10,
      12,
      1,
      11,
      11,
      15,
      9,
      9,
      14,
      7,
      2,
      15,
      10,
      1,
      9,
      10
    ],
    "alight": [
      3,
      8,
      15,
      7,
      9,
      15,
      12,
      15,
      14,
      5,
      7,
      4,
      11,
      11,
      4,
      4,
      4,
      14,
      6,
      4,
      5,
      9,
      2,
      12,
      13,
      6,
      8,
      6,
      7,
      8,
      3,
      13,
      14,
      14,
      9,
      8,
      12,
      3,
      14,
      7,
      6,
      6,
      3,
      3,
      10,
      7,
      13,
      1,
      13,
      6,
      9,
      0,
      0,
      15,
      4,
      2,
      4,
      7,
      2,
      15,
      12,
      3,
      4,
      15,
      10
    ]
  },
  "云岩监管接待室": {
    "time": [
      "06:15:49",
      "06:31:08",
      "06:46:01",
      "07:00:44",
      "07:15:28",
      "07:30:14",
      "07:44:40",
      "07:58:57",
      "08:13:21",
      "08:28:28",
      "08:43:56",
      "08:58:23",
      "09:13:46",
      "09:28:53",
      "09:44:25",
      "09:59:23",
      "10:14:47",
      "10:29:01",
      "10:43:41",
      "10:58:30",
      "11:13:19",
      "11:28:47",
      "11:43:19",
      "11:58:30",
      "12:13:57",
      "12:29:38",
      "12:45:23",
      "13:00:18",
      "13:15:08",
      "13:29:50",
      "13:44:07",
      "13:58:53",
      "14:14:23",
      "14:30:03",
      "14:45:04",
      "14:59:27",
      "15:15:05",
      "15:29:57",
      "15:44:50",
      "16:00:02",
      "16:15:49",
      "16:30:07",
      "16:44:19",
      "16:58:32",
      "17:13:59",
      "17:28:29",
      "17:43:25",
      "17:58:13",
      "18:12:43",
      "18:28:30",
      "18:43:56",
      "18:58:14",
      "19:12:24",
      "19:27:28",
      "19:42:28",
      "19:58:03",
      "20:12:25",
      "20:26:52",
      "20:41:24",
      "20:55:37",
      "21:10:40",
      "21:26:25",
      "21:40:50",
      "21:55:55",
      "22:10:59"
    ],
    "board": [
      0,
      6,
      3,
      1,
      14,
      1,
      4,
      5,
      8,
      4,
      3,
      8,
      9,
      4,
      4,
      10,
      6,
      2,
      15,
      13,
      9,
      9,
      7,
      2,
      0,
      15,
      8,
      13,
      9,
      12,
      15,
      0,
      7,
      12,
      2,
      8,
      15,
      10,
      1,
      14,
      1,
      5,
      1,
      8,
      9,
      0,
      12,
      0,
      10,
      8,
      4,
      2,
      10,
      5,
      4,
      15,
      5,
      6,
      10,
      11,
      4,
      7,
      4,
      6,
      15
    ],
    "alight": [
      5,
      6,
      8,
      9,
      10,
      8,
      15,
      4,
      14,
      8,
      5,
      1,
      11,
      1,
      4,
      1,
      14,
      12,
      4,
      6,
      3,
      5,
      11,
      5,
      9,
      15,
      6,
      14,
      2,
      5,
      10,
      11,
      14,
      8,
      3,
      4,
      13,
      9,
      7,
      1,
      9,
      2,
      11,
      12,
      1,
      11,
      13,
      6,
      13,
      11,
      6,
      2,
      11,
      4,
      9,
      12,
      9,
      15,
      8,
      0,
      11,
      2,
      5,
      6,
      10
    ]
  },
  "百花山居民委员会": {
    "time": [
      "06:15:49",
      "06:31:08",
      "06:46:01",
      "07:00:44",
      "07:15:28",
      "07:30:14",
      "07:44:40",
      "07:58:57",
      "08:13:21",
      "08:28:28",
      "08:43:56",
      "08:58:23",
      "09:13:46",
      "09:28:53",
      "09:44:25",
      "09:59:23",
      "10:14:47",
      "10:29:01",
      "10:43:41",
      "10:58:30",
      "11:13:19",
      "11:28:47",
      "11:43:19",
      "11:58:30",
      "12:13:57",
      "12:29:38",
      "12:45:23",
      "13:00:18",
      "13:15:08",
      "13:29:50",
      "13:44:07",
      "13:58:53",
      "14:14:23",
      "14:30:03",
      "14:45:04",
      "14:59:27",
      "15:15:05",
      "15:29:57",
      "15:44:50",
      "16:00:02",
      "16:15:49",
      "16:30:07",
      "16:44:19",
      "16:58:32",
      "17:13:59",
      "17:28:29",
      "17:43:25",
      "17:58:13",
      "18:12:43",
      "18:28:30",
      "18:43:56",
      "18:58:14",
      "19:12:24",
      "19:27:28",
      "19:42:28",
      "19:58:03",
      "20:12:25",
      "20:26:52",
      "20:41:24",
      "20:55:37",
      "21:10:40",
      "21:26:25",
      "21:40:50",
      "21:55:55",
      "22:10:59"
    ],
    "board": [
      2,
      15,
      14,
      4,
      8,
      0,
      10,
      12,
      8,
      13,
      3,
      13,
      8,
      0,
      11,
      15,
      10,
      3,
      10,
      9,
      3,
      0,
      7,
      0,
      3,
      1,
      9,
      2,
      0,
      10,
      5,
      2,
      5,
      12,
      8,
      4,
      8,
      2,
      7,
      1,
      3,
      2,
      2,
      8,
      1,
      9,
      8,
      5,
      7,
      14,
      14,
      5,
      11,
      0,
      0,
      0,
      15,
      13,
      5,
      11,
      3,
      12,
      5,
      14,
      11
    ],
    "alight": [
      15,
      10,
      0,
      10,
      13,
      14,
      9,
      4,
      5,
      1,
      6,
      0,
      12,
      13,
      15,
      6,
      14,
      14,
      10,
      14,
      9,
      8,
      3,
      4,
      5,
      12,
      4,
      8,
      3,
      2,
      2,
      5,
      0,
      2,
      3,
      15,
      11,
      13,
      11,
      12,
      4,
      11,
      15,
      13,
      2,
      9,
      9,
      0,
      1,
      12,
      15,
      12,
      3,
      7,
      14,
      11,
      6,
      3,
      7,
      9,
      3,
      6,
      12,
      7,
      6
    ]
  },
  "蒋记烫菜(兴贵路店)": {
    "time": [
      "06:15:49",
      "06:31:08",
      "06:46:01",
      "07:00:44",
      "07:15:28",
      "07:30:14",
      "07:44:40",
      "07:58:57",
      "08:13:21",
      "08:28:28",
      "08:43:56",
      "08:58:23",
      "09:13:46",
      "09:28:53",
      "09:44:25",
      "09:59:23",
      "10:14:47",
      "10:29:01",
      "10:43:41",
      "10:58:30",
      "11:13:19",
      "11:28:47",
      "11:43:19",
      "11:58:30",
      "12:13:57",
      "12:29:38",
      "12:45:23",
      "13:00:18",
      "13:15:08",
      "13:29:50",
      "13:44:07",
      "13:58:53",
      "14:14:23",
      "14:30:03",
      "14:45:04",
      "14:59:27",
      "15:15:05",
      "15:29:57",
      "15:44:50",
      "16:00:02",
      "16:15:49",
      "16:30:07",
      "16:44:19",
      "16:58:32",
      "17:13:59",
      "17:28:29",
      "17:43:25",
      "17:58:13",
      "18:12:43",
      "18:28:30",
      "18:43:56",
      "18:58:14",
      "19:12:24",
      "19:27:28",
      "19:42:28",
      "19:58:03",
      "20:12:25",
      "20:26:52",
      "20:41:24",
      "20:55:37",
      "21:10:40",
      "21:26:25",
      "21:40:50",
      "21:55:55",
      "22:10:59"
    ],
    "board": [
      11,
      0,
      14,
      5,
      5,
      7,
      3,
      4,
      5,
      7,
      10,
      6,
      13,
      9,
      10,
      1,
      14,
      4,
      0,
      6,
      6,
      1,
      13,
      5,
      1,
      12,
      2,
      6,
      2,
      2,
      11,
      5,
      12,
      9,
      1,
      1,
      1,
      12,
      6,
      1,
      15,
      14,
      5,
      14,
      6,
      0,
      0,
      6,
      9,
      12,
      12,
      13,
      9,
      10,
      4,
      11,
      11,
      8,
      10,
      13,
      6,
      1,
      13,
      8,
      10
    ],
    "alight": [
      7,
      13,
      12,
      6,
      5,
      3,
      7,
      9,
      7,
      4,
      4,
      15,
      9,
      10,
      15,
      6,
      13,
      2,
      1,
      5,
      0,
      14,
      9,
      11,
      0,
      14,
      10,
      3,
      9,
      1,
      5,
      0,
      2,
      13,
      0,
      14,
      13,
      2,
      5,
      9,
      1,
      12,
      11,
      6,
      13,
      1,
      9,
      8,
      4,
      0,
      4,
      5,
      8,
      6,
      0,
      13,
      0,
      6,
      2,
      2,
      9,
      10,
      4,
      9,
      11
    ]
  },
  "省人大常委会省政府机关大院广场": {
    "time": [
      "06:15:49",
      "06:31:08",
      "06:46:01",
      "07:00:44",
      "07:15:28",
      "07:30:14",
      "07:44:40",
      "07:58:57",
      "08:13:21",
      "08:28:28",
      "08:43:56",
      "08:58:23",
      "09:13:46",
      "09:28:53",
      "09:44:25",
      "09:59:23",
      "10:14:47",
      "10:29:01",
      "10:43:41",
      "10:58:30",
      "11:13:19",
      "11:28:47",
      "11:43:19",
      "11:58:30",
      "12:13:57",
      "12:29:38",
      "12:45:23",
      "13:00:18",
      "13:15:08",
      "13:29:50",
      "13:44:07",
      "13:58:53",
      "14:14:23",
      "14:30:03",
      "14:45:04",
      "14:59:27",
      "15:15:05",
      "15:29:57",
      "15:44:50",
      "16:00:02",
      "16:15:49",
      "16:30:07",
      "16:44:19",
      "16:58:32",
      "17:13:59",
      "17:28:29",
      "17:43:25",
      "17:58:13",
      "18:12:43",
      "18:28:30",
      "18:43:56",
      "18:58:14",
      "19:12:24",
      "19:27:28",
      "19:42:28",
      "19:58:03",
      "20:12:25",
      "20:26:52",
      "20:41:24",
      "20:55:37",
      "21:10:40",
      "21:26:25",
      "21:40:50",
      "21:55:55",
      "22:10:59"
    ],
    "board": [
      11,
      6,
      0,
      9,
      15,
      0,
      8,
      5,
      5,
      4,
      4,
      13,
      15,
      11,
      4,
      14,
      5,
      4,
      10,
      8,
      10,
      10,
      13,
      13,
      12,
      5,
      1,
      14,
      10,
      0,
      4,
      12,
      8,
      11,
      13,
      15,
      11,
      15,
      4,
      4,
      11,
      13,
      5,
      9,
      0,
      14,
      2,
      10,
      6,
      14,
      1,
      15,
      7,
      10,
      7,
      6,
      4,
      2,
      1,
      12,
      8,
      2,
      0,
      12,
      3
    ],
    "alight": [
      1,
      4,
      8,
      14,
      14,
      6,
      15,
      14,
      12,
      2,
      8,
      10,
      0,
      8,
      12,
      11,
      5,
      14,
      11,
      2,
      1,
      9,
      3,
      13,
      8,
      1,
      8,
      7,
      10,
      10,
      5,
      14,
      2,
      14,
      13,
      3,
      6,
      11,
      5,
      10,
      14,
      3,
      15,
      3,
      2,
      8,
      1,
      5,
      10,
      2,
      15,
      8,
      7,
      6,
      0,
      5,
      7,
      3,
      14,
      12,
      14,
      0,
      6,
      11,
      5
    ]
  },
  "麻辣馄饨店(安云路店)": {
    "time": [
      "06:15:49",
      "06:31:08",
      "06:46:01",
      "07:00:44",
      "07:15:28",
      "07:30:14",
      "07:44:40",
      "07:58:57",
      "08:13:21",
      "08:28:28",
      "08:43:56",
      "08:58:23",
      "09:13:46",
      "09:28:53",
      "09:44:25",
      "09:59:23",
      "10:14:47",
      "10:29:01",
      "10:43:41",
      "10:58:30",
      "11:13:19",
      "11:28:47",
      "11:43:19",
      "11:58:30",
      "12:13:57",
      "12:29:38",
      "12:45:23",
      "13:00:18",
      "13:15:08",
      "13:29:50",
      "13:44:07",
      "13:58:53",
      "14:14:23",
      "14:30:03",
      "14:45:04",
      "14:59:27",
      "15:15:05",
      "15:29:57",
      "15:44:50",
      "16:00:02",
      "16:15:49",
      "16:30:07",
      "16:44:19",
      "16:58:32",
      "17:13:59",
      "17:28:29",
      "17:43:25",
      "17:58:13",
      "18:12:43",
      "18:28:30",
      "18:43:56",
      "18:58:14",
      "19:12:24",
      "19:27:28",
      "19:42:28",
      "19:58:03",
      "20:12:25",
      "20:26:52",
      "20:41:24",
      "20:55:37",
      "21:10:40",
      "21:26:25",
      "21:40:50",
      "21:55:55",
      "22:10:59"
    ],
    "board": [
      13,
      6,
      10,
      6,
      8,
      3,
      9,
      13,
      1,
      3,
      10,
      6,
      3,
      15,
      5,
      2,
      0,
      11,
      2,
      3,
      10,
      2,
      5,
      6,
      1,
      9,
      14,
      15,
      6,
      13,
      0,
      7,
      5,
      12,
      8,
      10,
      12,
      4,
      6,
      14,
      4,
      5,
      15,
      5,
      3,
      0,
      8,
      12,
      1,
      3,
      4,
      7,
      2,
      4,
      4,
      0,
      15,
      8,
      12,
      7,
      11,
      12,
      7,
      7,
      6
    ],
    "alight": [
      6,
      4,
      4,
      11,
      9,
      12,
      6,
      14,
      11,
      9,
      6,
      11,
      6,
      11,
      0,
      3,
      9,
      3,
      1,
      15,
      11,
      4,
      11,
      8,
      7,
      12,
      6,
      14,
      8,
      14,
      11,
      10,
      9,
      5,
      11,
      7,
      8,
      3,
      7,
      7,
      6,
      13,
      5,
      12,
      1,
      1,
      0,
      2,
      11,
      2,
      6,
      15,
      10,
      13,
      3,
      12,
      1,
      3,
      10,
      12,
      10,
      1,
      2,
      13,
      10
    ]
  },
  "良家文庭酒店(黔灵山公园店)": {
    "time": [
      "06:15:49",
      "06:31:08",
      "06:46:01",
      "07:00:44",
      "07:15:28",
      "07:30:14",
      "07:44:40",
      "07:58:57",
      "08:13:21",
      "08:28:28",
      "08:43:56",
      "08:58:23",
      "09:13:46",
      "09:28:53",
      "09:44:25",
      "09:59:23",
      "10:14:47",
      "10:29:01",
      "10:43:41",
      "10:58:30",
      "11:13:19",
      "11:28:47",
      "11:43:19",
      "11:58:30",
      "12:13:57",
      "12:29:38",
      "12:45:23",
      "13:00:18",
      "13:15:08",
      "13:29:50",
      "13:44:07",
      "13:58:53",
      "14:14:23",
      "14:30:03",
      "14:45:04",
      "14:59:27",
      "15:15:05",
      "15:29:57",
      "15:44:50",
      "16:00:02",
      "16:15:49",
      "16:30:07",
      "16:44:19",
      "16:58:32",
      "17:13:59",
      "17:28:29",
      "17:43:25",
      "17:58:13",
      "18:12:43",
      "18:28:30",
      "18:43:56",
      "18:58:14",
      "19:12:24",
      "19:27:28",
      "19:42:28",
      "19:58:03",
      "20:12:25",
      "20:26:52",
      "20:41:24",
      "20:55:37",
      "21:10:40",
      "21:26:25",
      "21:40:50",
      "21:55:55",
      "22:10:59"
    ],
    "board": [
      5,
      8,
      5,
      6,
      11,
      15,
      11,
      11,
      14,
      11,
      11,
      0,
      4,
      4,
      14,
      2,
      4,
      2,
      13,
      1,
      10,
      2,
      11,
      0,
      7,
      0,
      5,
      11,
      11,
      15,
      10,
      3,
      10,
      12,
      8,
      1,
      0,
      4,
      2,
      8,
      6,
      8,
      6,
      7,
      6,
      2,
      1,
      8,
      5,
      15,
      1,
      3,
      7,
      12,
      15,
      2,
      6,
      15,
      1,
      9,
      9,
      11,
      5,
      14,
      1
    ],
    "alight": [
      3,
      13,
      3,
      10,
      14,
      11,
      5,
      14,
      11,
      4,
      6,
      3,
      5,
      4,
      11,
      3,
      4,
      1,
      15,
      1,
      0,
      9,
      3,
      0,
      8,
      14,
      7,
      5,
      7,
      3,
      15,
      11,
      12,
      0,
      0,
      4,
      14,
      12,
      5,
      3,
      11,
      5,
      9,
      13,
      4,
      7,
      1,
      5,
      2,
      7,
      3,
      2,
      1,
      14,
      5,
      4,
      3,
      2,
      11,
      14,
      4,
      4,
      5,
      10,
      10
    ]
  },
  "枣山路": {
    "time": [
      "06:15:49",
      "06:31:08",
      "06:46:01",
      "07:00:44",
      "07:15:28",
      "07:30:14",
      "07:44:40",
      "07:58:57",
      "08:13:21",
      "08:28:28",
      "08:43:56",
      "08:58:23",
      "09:13:46",
      "09:28:53",
      "09:44:25",
      "09:59:23",
      "10:14:47",
      "10:29:01",
      "10:43:41",
      "10:58:30",
      "11:13:19",
      "11:28:47",
      "11:43:19",
      "11:58:30",
      "12:13:57",
      "12:29:38",
      "12:45:23",
      "13:00:18",
      "13:15:08",
      "13:29:50",
      "13:44:07",
      "13:58:53",
      "14:14:23",
      "14:30:03",
      "14:45:04",
      "14:59:27",
      "15:15:05",
      "15:29:57",
      "15:44:50",
      "16:00:02",
      "16:15:49",
      "16:30:07",
      "16:44:19",
      "16:58:32",
      "17:13:59",
      "17:28:29",
      "17:43:25",
      "17:58:13",
      "18:12:43",
      "18:28:30",
      "18:43:56",
      "18:58:14",
      "19:12:24",
      "19:27:28",
      "19:42:28",
      "19:58:03",
      "20:12:25",
      "20:26:52",
      "20:41:24",
      "20:55:37",
      "21:10:40",
      "21:26:25",
      "21:40:50",
      "21:55:55",
      "22:10:59"
    ],
    "board": [
      7,
      5,
      3,
      15,
      12,
      7,
      8,
      1,
      6,
      6,
      13,
      11,
      2,
      3,
      14,
      13,
      9,
      3,
      5,
      15,
      5,
      14,
      3,
      9,
      2,
      0,
      13,
      10,
      8,
      7,
      7,
      14,
      5,
      8,
      4,
      12,
      3,
      5,
      11,
      13,
      5,
      9,
      6,
      5,
      2,
      12,
      7,
      13,
      4,
      10,
      12,
      8,
      9,
      12,
      13,
      4,
      0,
      13,
      7,
      1,
      3,
      14,
      11,
      7,
      13
    ],
    "alight": [
      6,
      7,
      2,
      15,
      5,
      5,
      4,
      12,
      10,
      9,
      5,
      5,
      15,
      12,
      2,
      12,
      4,
      7,
      2,
      14,
      8,
      11,
      13,
      0,
      12,
      13,
      10,
      6,
      6,
      14,
      6,
      14,
      9,
      9,
      10,
      15,
      11,
      1,
      10,
      5,
      15,
      5,
      2,
      12,
      2,
      10,
      3,
      2,
      7,
      4,
      13,
      10,
      6,
      4,
      14,
      11,
      5,
      0,
      13,
      2,
      11,
      2,
      7,
      15,
      15
    ]
  },
  "贵州医科大学附属肿瘤医院": {
    "time": [
      "06:15:49",
      "06:31:08",
      "06:46:01",
      "07:00:44",
      "07:15:28",
      "07:30:14",
      "07:44:40",
      "07:58:57",
      "08:13:21",
      "08:28:28",
      "08:43:56",
      "08:58:23",
      "09:13:46",
      "09:28:53",
      "09:44:25",
      "09:59:23",
      "10:14:47",
      "10:29:01",
      "10:43:41",
      "10:58:30",
      "11:13:19",
      "11:28:47",
      "11:43:19",
      "11:58:30",
      "12:13:57",
      "12:29:38",
      "12:45:23",
      "13:00:18",
      "13:15:08",
      "13:29:50",
      "13:44:07",
      "13:58:53",
      "14:14:23",
      "14:30:03",
      "14:45:04",
      "14:59:27",
      "15:15:05",
      "15:29:57",
      "15:44:50",
      "16:00:02",
      "16:15:49",
      "16:30:07",
      "16:44:19",
      "16:58:32",
      "17:13:59",
      "17:28:29",
      "17:43:25",
      "17:58:13",
      "18:12:43",
      "18:28:30",
      "18:43:56",
      "18:58:14",
      "19:12:24",
      "19:27:28",
      "19:42:28",
      "19:58:03",
      "20:12:25",
      "20:26:52",
      "20:41:24",
      "20:55:37",
      "21:10:40",
      "21:26:25",
      "21:40:50",
      "21:55:55",
      "22:10:59"
    ],
    "board": [
      14,
      6,
      12,
      2,
      10,
      14,
      11,
      3,
      9,
      10,
      8,
      8,
      0,
      13,
      6,
      11,
      13,
      13,
      3,
      10,
      7,
      3,
      1,
      8,
      3,
      13,
      8,
      7,
      4,
      2,
      6,
      2,
      12,
      15,
      0,
      7,
      7,
      15,
      7,
      1,
      1,
      10,
      0,
      0,
      10,
      2,
      2,
      15,
      1,
      14,
      6,
      7,
      1,
      10,
      0,
      13,
      11,
      12,
      6,
      8,
      4,
      3,
      14,
      12,
      0
    ],
    "alight": [
      12,
      8,
      8,
      13,
      4,
      12,
      5,
      10,
      6,
      10,
      15,
      1,
      1,
      1,
      15,
      4,
      2,
      5,
      14,
      1,
      11,
      12,
      7,
      14,
      2,
      5,
      2,
      5,
      11,
      7,
      5,
      15,
      2,
      12,
      9,
      13,
      7,
      7,
      7,
      12,
      6,
      6,
      12,
      15,
      5,
      1,
      14,
      6,
      1,
      11,
      14,
      1,
      4,
      7,
      14,
      13,
      4,
      12,
      11,
      4,
      11,
      0,
      12,
      12,
      0
    ]
  },
  "二桥出口(中环路西段西北向)": {
    "time": [
      "06:15:49",
      "06:31:08",
      "06:46:01",
      "07:00:44",
      "07:15:28",
      "07:30:14",
      "07:44:40",
      "07:58:57",
      "08:13:21",
      "08:28:28",
      "08:43:56",
      "08:58:23",
      "09:13:46",
      "09:28:53",
      "09:44:25",
      "09:59:23",
      "10:14:47",
      "10:29:01",
      "10:43:41",
      "10:58:30",
      "11:13:19",
      "11:28:47",
      "11:43:19",
      "11:58:30",
      "12:13:57",
      "12:29:38",
      "12:45:23",
      "13:00:18",
      "13:15:08",
      "13:29:50",
      "13:44:07",
      "13:58:53",
      "14:14:23",
      "14:30:03",
      "14:45:04",
      "14:59:27",
      "15:15:05",
      "15:29:57",
      "15:44:50",
      "16:00:02",
      "16:15:49",
      "16:30:07",
      "16:44:19",
      "16:58:32",
      "17:13:59",
      "17:28:29",
      "17:43:25",
      "17:58:13",
      "18:12:43",
      "18:28:30",
      "18:43:56",
      "18:58:14",
      "19:12:24",
      "19:27:28",
      "19:42:28",
      "19:58:03",
      "20:12:25",
      "20:26:52",
      "20:41:24",
      "20:55:37",
      "21:10:40",
      "21:26:25",
      "21:40:50",
      "21:55:55",
      "22:10:59"
    ],
    "board": [
      9,
      14,
      9,
      11,
      8,
      15,
      4,
      1,
      15,
      11,
      14,
      2,
      6,
      5,
      1,
      14,
      0,
      3,
      5,
      11,
      10,
      5,
      11,
      6,
      7,
      1,
      10,
      4,
      13,
      6,
      8,
      8,
      8,
      6,
      0,
      1,
      10,
      11,
      6,
      9,
      0,
      6,
      11,
      1,
      4,
      6,
      4,
      9,
      9,
      15,
      14,
      15,
      13,
      5,
      15,
      5,
      10,
      8,
      13,
      12,
      5,
      2,
      11,
      1,
      9
    ],
    "alight": [
      15,
      2,
      9,
      4,
      14,
      13,
      2,
      12,
      15,
      0,
      7,
      10,
      8,
      6,
      11,
      11,
      8,
      6,
      8,
      7,
      8,
      3,
      15,
      3,
      12,
      15,
      5,
      12,
      12,
      10,
      2,
      3,
      15,
      2,
      13,
      8,
      10,
      7,
      0,
      3,
      14,
      4,
      7,
      6,
      8,
      7,
      7,
      8,
      6,
      11,
      7,
      0,
      6,
      10,
      6,
      6,
      5,
      6,
      14,
      15,
      1,
      11,
      5,
      14,
      12
    ]
  },
  "黔灵山站": {
    "time": [
      "06:15:49",
      "06:31:08",
      "06:46:01",
      "07:00:44",
      "07:15:28",
      "07:30:14",
      "07:44:40",
      "07:58:57",
      "08:13:21",
      "08:28:28",
      "08:43:56",
      "08:58:23",
      "09:13:46",
      "09:28:53",
      "09:44:25",
      "09:59:23",
      "10:14:47",
      "10:29:01",
      "10:43:41",
      "10:58:30",
      "11:13:19",
      "11:28:47",
      "11:43:19",
      "11:58:30",
      "12:13:57",
      "12:29:38",
      "12:45:23",
      "13:00:18",
      "13:15:08",
      "13:29:50",
      "13:44:07",
      "13:58:53",
      "14:14:23",
      "14:30:03",
      "14:45:04",
      "14:59:27",
      "15:15:05",
      "15:29:57",
      "15:44:50",
      "16:00:02",
      "16:15:49",
      "16:30:07",
      "16:44:19",
      "16:58:32",
      "17:13:59",
      "17:28:29",
      "17:43:25",
      "17:58:13",
      "18:12:43",
      "18:28:30",
      "18:43:56",
      "18:58:14",
      "19:12:24",
      "19:27:28",
      "19:42:28",
      "19:58:03",
      "20:12:25",
      "20:26:52",
      "20:41:24",
      "20:55:37",
      "21:10:40",
      "21:26:25",
      "21:40:50",
      "21:55:55",
      "22:10:59"
    ],
    "board": [
      6,
      3,
      8,
      9,
      11,
      7,
      8,
      2,
      12,
      1,
      2,
      5,
      9,
      9,
      7,
      3,
      7,
      13,
      6,
      9,
      1,
      8,
      1,
      7,
      2,
      12,
      11,
      15,
      13,
      11,
      10,
      10,
      5,
      9,
      12,
      1,
      10,
      10,
      11,
      1,
      4,
      13,
      12,
      1,
      5,
      13,
      15,
      11,
      1,
      5,
      3,
      4,
      2,
      10,
      15,
      4,
      4,
      5,
      8,
      8,
      2,
      10,
      1,
      12,
      8
    ],
    "alight": [
      0,
      0,
      6,
      0,
      3,
      8,
      7,
      14,
      2,
      9,
      14,
      11,
      15,
      8,
      14,
      5,
      1,
      10,
      2,
      8,
      8,
      3,
      2,
      2,
      12,
      8,
      13,
      0,
      12,
      10,
      12,
      15,
      10,
      5,
      9,
      4,
      11,
      12,
      11,
      14,
      7,
      5,
      13,
      12,
      0,
      5,
      14,
      5,
      9,
      5,
      9,
      5,
      2,
      2,
      13,
      9,
      4,
      0,
      8,
      3,
      14,
      3,
      8,
      12,
      6
    ]
  },
  "唐老鸭留一手烤鱼(圣泉流云花园观云邸店)": {
    "time": [
      "06:15:49",
      "06:31:08",
      "06:46:01",
      "07:00:44",
      "07:15:28",
      "07:30:14",
      "07:44:40",
      "07:58:57",
      "08:13:21",
      "08:28:28",
      "08:43:56",
      "08:58:23",
      "09:13:46",
      "09:28:53",
      "09:44:25",
      "09:59:23",
      "10:14:47",
      "10:29:01",
      "10:43:41",
      "10:58:30",
      "11:13:19",
      "11:28:47",
      "11:43:19",
      "11:58:30",
      "12:13:57",
      "12:29:38",
      "12:45:23",
      "13:00:18",
      "13:15:08",
      "13:29:50",
      "13:44:07",
      "13:58:53",
      "14:14:23",
      "14:30:03",
      "14:45:04",
      "14:59:27",
      "15:15:05",
      "15:29:57",
      "15:44:50",
      "16:00:02",
      "16:15:49",
      "16:30:07",
      "16:44:19",
      "16:58:32",
      "17:13:59",
      "17:28:29",
      "17:43:25",
      "17:58:13",
      "18:12:43",
      "18:28:30",
      "18:43:56",
      "18:58:14",
      "19:12:24",
      "19:27:28",
      "19:42:28",
      "19:58:03",
      "20:12:25",
      "20:26:52",
      "20:41:24",
      "20:55:37",
      "21:10:40",
      "21:26:25",
      "21:40:50",
      "21:55:55",
      "22:10:59"
    ],
    "board": [
      13,
      13,
      9,
      4,
      2,
      11,
      0,
      7,
      15,
      8,
      1,
      9,
      4,
      8,
      5,
      10,
      15,
      9,
      1,
      9,
      4,
      2,
      12,
      11,
      6,
      5,
      11,
      8,
      2,
      3,
      1,
      7,
      14,
      9,
      2,
      1,
      10,
      15,
      15,
      7,
      10,
      1,
      2,
      2,
      10,
      0,
      0,
      8,
      6,
      4,
      4,
      10,
      8,
      13,
      15,
      14,
      11,
      8,
      5,
      4,
      1,
      7,
      10,
      10,
      10
    ],
    "alight": [
      8,
      14,
      12,
      12,
      9,
      6,
      5,
      13,
      11,
      2,
      5,
      5,
      6,
      2,
      2,
      4,
      5,
      9,
      8,
      10,
      8,
      4,
      12,
      13,
      3,
      8,
      6,
      8,
      7,
      13,
      15,
      10,
      15,
      2,
      3,
      15,
      7,
      7,
      1,
      13,
      13,
      3,
      4,
      7,
      15,
      1,
      4,
      5,
      7,
      0,
      8,
      6,
      7,
      6,
      14,
      6,
      0,
      13,
      13,
      14,
      5,
      2,
      5,
      15,
      4
    ]
  },
  "中坝隧道": {
    "time": [
      "06:15:49",
      "06:31:08",
      "06:46:01",
      "07:00:44",
      "07:15:28",
      "07:30:14",
      "07:44:40",
      "07:58:57",
      "08:13:21",
      "08:28:28",
      "08:43:56",
      "08:58:23",
      "09:13:46",
      "09:28:53",
      "09:44:25",
      "09:59:23",
      "10:14:47",
      "10:29:01",
      "10:43:41",
      "10:58:30",
      "11:13:19",
      "11:28:47",
      "11:43:19",
      "11:58:30",
      "12:13:57",
      "12:29:38",
      "12:45:23",
      "13:00:18",
      "13:15:08",
      "13:29:50",
      "13:44:07",
      "13:58:53",
      "14:14:23",
      "14:30:03",
      "14:45:04",
      "14:59:27",
      "15:15:05",
      "15:29:57",
      "15:44:50",
      "16:00:02",
      "16:15:49",
      "16:30:07",
      "16:44:19",
      "16:58:32",
      "17:13:59",
      "17:28:29",
      "17:43:25",
      "17:58:13",
      "18:12:43",
      "18:28:30",
      "18:43:56",
      "18:58:14",
      "19:12:24",
      "19:27:28",
      "19:42:28",
      "19:58:03",
      "20:12:25",
      "20:26:52",
      "20:41:24",
      "20:55:37",
      "21:10:40",
      "21:26:25",
      "21:40:50",
      "21:55:55",
      "22:10:59"
    ],
    "board": [
      0,
      0,
      0,
      0,
      0,
      0,
      0,
      0,
      0,
      0,
      3,
      0,
      0,
      0,
      0,
      0,
      0,
      0,
      0,
      0,
      0,
      0,
      0,
      0,
      0,
      0,
      0,
      0,
      0,
      0,
      0,
      0,
      0,
      0,
      0,
      0,
      0,
      0,
      0,
      0,
      0,
      0,
      0,
      0,
      0,
      0,
      0,
      4,
      0,
      0,
      0,
      0,
      0,
      0,
      0,
      0,
      0,
      0,
      0,
      0,
      0,
      0,
      2,
      0,
      0
    ],
    "alight": [
      15,
      9,
      11,
      5,
      1,
      2,
      6,
      3,
      5,
      9,
      10,
      9,
      4,
      5,
      8,
      9,
      4,
      14,
      3,
      5,
      15,
      10,
      0,
      7,
      15,
      9,
      1,
      13,
      14,
      12,
      10,
      4,
      15,
      3,
      1,
      13,
      2,
      1,
      13,
      10,
      9,
      14,
      1,
      14,
      7,
      9,
      7,
      12,
      12,
      0,
      12,
      6,
      15,
      8,
      15,
      4,
      6,
      15,
      2,
      13,
      9,
      4,
      0,
      14,
      2
    ]
  },
  "云岩区普惠幼儿园": {
    "time": [
      "06:15:49",
      "06:31:08",
      "06:46:01",
      "07:00:44",
      "07:15:28",
      "07:30:14",
      "07:44:40",
      "07:58:57",
      "08:13:21",
      "08:28:28",
      "08:43:56",
      "08:58:23",
      "09:13:46",
      "09:28:53",
      "09:44:25",
      "09:59:23",
      "10:14:47",
      "10:29:01",
      "10:43:41",
      "10:58:30",
      "11:13:19",
      "11:28:47",
      "11:43:19",
      "11:58:30",
      "12:13:57",
      "12:29:38",
      "12:45:23",
      "13:00:18",
      "13:15:08",
      "13:29:50",
      "13:44:07",
      "13:58:53",
      "14:14:23",
      "14:30:03",
      "14:45:04",
      "14:59:27",
      "15:15:05",
      "15:29:57",
      "15:44:50",
      "16:00:02",
      "16:15:49",
      "16:30:07",
      "16:44:19",
      "16:58:32",
      "17:13:59",
      "17:28:29",
      "17:43:25",
      "17:58:13",
      "18:12:43",
      "18:28:30",
      "18:43:56",
      "18:58:14",
      "19:12:24",
      "19:27:28",
      "19:42:28",
      "19:58:03",
      "20:12:25",
      "20:26:52",
      "20:41:24",
      "20:55:37",
      "21:10:40",
      "21:26:25",
      "21:40:50",
      "21:55:55",
      "22:10:59"
    ],
    "board": [
      0,
      0,
      0,
      0,
      0,
      0,
      0,
      0,
      0,
      0,
      0,
      0,
      0,
      0,
      0,
      0,
      0,
      0,
      0,
      0,
      0,
      0,
      0,
      0,
      0,
      0,
      0,
      0,
      0,
      0,
      0,
      0,
      0,
      0,
      0,
      0,
      0,
      0,
      0,
      0,
      0,
      0,
      0,
      0,
      0,
      0,
      0,
      0,
      0,
      0,
      0,
      0,
      0,
      0,
      0,
      0,
      0,
      0,
      0,
      0,
      0,
      0,
      0,
      0,
      0
    ],
    "alight": [
      4,
      3,
      9,
      11,
      4,
      6,
      0,
      15,
      11,
      10,
      11,
      4,
      0,
      15,
      10,
      12,
      9,
      13,
      4,
      12,
      6,
      5,
      6,
      2,
      4,
      7,
      3,
      6,
      2,
      2,
      10,
      6,
      5,
      3,
      7,
      10,
      10,
      3,
      10,
      2,
      2,
      4,
      13,
      9,
      10,
      0,
      8,
      15,
      1,
      4,
      11,
      14,
      4,
      14,
      0,
      1,
      7,
      4,
      2,
      8,
      2,
      5,
      15,
      0,
      11
    ]
  },
  "贵阳铁路高级技工学校": {
    "time": [
      "06:15:49",
      "06:31:08",
      "06:46:01",
      "07:00:44",
      "07:15:28",
      "07:30:14",
      "07:44:40",
      "07:58:57",
      "08:13:21",
      "08:28:28",
      "08:43:56",
      "08:58:23",
      "09:13:46",
      "09:28:53",
      "09:44:25",
      "09:59:23",
      "10:14:47",
      "10:29:01",
      "10:43:41",
      "10:58:30",
      "11:13:19",
      "11:28:47",
      "11:43:19",
      "11:58:30",
      "12:13:57",
      "12:29:38",
      "12:45:23",
      "13:00:18",
      "13:15:08",
      "13:29:50",
      "13:44:07",
      "13:58:53",
      "14:14:23",
      "14:30:03",
      "14:45:04",
      "14:59:27",
      "15:15:05",
      "15:29:57",
      "15:44:50",
      "16:00:02",
      "16:15:49",
      "16:30:07",
      "16:44:19",
      "16:58:32",
      "17:13:59",
      "17:28:29",
      "17:43:25",
      "17:58:13",
      "18:12:43",
      "18:28:30",
      "18:43:56",
      "18:58:14",
      "19:12:24",
      "19:27:28",
      "19:42:28",
      "19:58:03",
      "20:12:25",
      "20:26:52",
      "20:41:24",
      "20:55:37",
      "21:10:40",
      "21:26:25",
      "21:40:50",
      "21:55:55",
      "22:10:59"
    ],
    "board": [
      0,
      0,
      0,
      0,
      0,
      0,
      0,
      0,
      0,
      0,
      0,
      0,
      0,
      0,
      0,
      0,
      0,
      3,
      0,
      0,
      0,
      0,
      0,
      0,
      0,
      0,
      0,
      0,
      0,
      0,
      0,
      0,
      0,
      0,
      0,
      0,
      0,
      0,
      0,
      0,
      0,
      0,
      0,
      0,
      0,
      0,
      0,
      0,
      0,
      0,
      0,
      0,
      3,
      0,
      2,
      0,
      0,
      0,
      0,
      0,
      0,
      3,
      0,
      0,
      0
    ],
    "alight": [
      2,
      10,
      1,
      12,
      0,
      9,
      2,
      5,
      0,
      3,
      0,
      3,
      6,
      13,
      1,
      3,
      2,
      1,
      12,
      5,
      9,
      11,
      11,
      13,
      5,
      11,
      15,
      13,
      12,
      6,
      10,
      3,
      7,
      5,
      3,
      14,
      3,
      3,
      7,
      8,
      3,
      2,
      6,
      7,
      0,
      9,
      7,
      15,
      3,
      6,
      10,
      6,
      13,
      9,
      14,
      2,
      13,
      12,
      5,
      0,
      11,
      10,
      3,
      10,
      8
    ]
  },
  "贵州医科大学附属肿瘤医院·综合院区急诊": {
    "time": [
      "06:15:49",
      "06:31:08",
      "06:46:01",
      "07:00:44",
      "07:15:28",
      "07:30:14",
      "07:44:40",
      "07:58:57",
      "08:13:21",
      "08:28:28",
      "08:43:56",
      "08:58:23",
      "09:13:46",
      "09:28:53",
      "09:44:25",
      "09:59:23",
      "10:14:47",
      "10:29:01",
      "10:43:41",
      "10:58:30",
      "11:13:19",
      "11:28:47",
      "11:43:19",
      "11:58:30",
      "12:13:57",
      "12:29:38",
      "12:45:23",
      "13:00:18",
      "13:15:08",
      "13:29:50",
      "13:44:07",
      "13:58:53",
      "14:14:23",
      "14:30:03",
      "14:45:04",
      "14:59:27",
      "15:15:05",
      "15:29:57",
      "15:44:50",
      "16:00:02",
      "16:15:49",
      "16:30:07",
      "16:44:19",
      "16:58:32",
      "17:13:59",
      "17:28:29",
      "17:43:25",
      "17:58:13",
      "18:12:43",
      "18:28:30",
      "18:43:56",
      "18:58:14",
      "19:12:24",
      "19:27:28",
      "19:42:28",
      "19:58:03",
      "20:12:25",
      "20:26:52",
      "20:41:24",
      "20:55:37",
      "21:10:40",
      "21:26:25",
      "21:40:50",
      "21:55:55",
      "22:10:59"
    ],
    "board": [
      0,
      0,
      0,
      0,
      0,
      0,
      0,
      0,
      0,
      0,
      0,
      0,
      0,
      0,
      0,
      0,
      0,
      0,
      0,
      0,
      0,
      0,
      0,
      0,
      0,
      0,
      0,
      0,
      0,
      0,
      0,
      0,
      0,
      0,
      0,
      0,
      0,
      0,
      0,
      0,
      0,
      0,
      0,
      0,
      0,
      0,
      0,
      0,
      0,
      0,
      0,
      0,
      0,
      0,
      0,
      0,
      0,
      0,
      0,
      0,
      0,
      0,
      0,
      0,
      0
    ],
    "alight": [
      12,
      0,
      14,
      2,
      14,
      0,
      9,
      6,
      11,
      15,
      4,
      13,
      11,
      9,
      7,
      4,
      0,
      4,
      3,
      0,
      0,
      0,
      13,
      14,
      0,
      4,
      2,
      13,
      6,
      5,
      3,
      12,
      10,
      4,
      4,
      3,
      11,
      2,
      10,
      7,
      2,
      2,
      9,
      3,
      7,
      3,
      7,
      8,
      10,
      1,
      7,
      11,
      0,
      1,
      8,
      9,
      8,
      15,
      9,
      11,
      7,
      15,
      9,
      7,
      13
    ]
  },
  "贵遵路": {
    "time": [
      "06:15:49",
      "06:31:08",
      "06:46:01",
      "07:00:44",
      "07:15:28",
      "07:30:14",
      "07:44:40",
      "07:58:57",
      "08:13:21",
      "08:28:28",
      "08:43:56",
      "08:58:23",
      "09:13:46",
      "09:28:53",
      "09:44:25",
      "09:59:23",
      "10:14:47",
      "10:29:01",
      "10:43:41",
      "10:58:30",
      "11:13:19",
      "11:28:47",
      "11:43:19",
      "11:58:30",
      "12:13:57",
      "12:29:38",
      "12:45:23",
      "13:00:18",
      "13:15:08",
      "13:29:50",
      "13:44:07",
      "13:58:53",
      "14:14:23",
      "14:30:03",
      "14:45:04",
      "14:59:27",
      "15:15:05",
      "15:29:57",
      "15:44:50",
      "16:00:02",
      "16:15:49",
      "16:30:07",
      "16:44:19",
      "16:58:32",
      "17:13:59",
      "17:28:29",
      "17:43:25",
      "17:58:13",
      "18:12:43",
      "18:28:30",
      "18:43:56",
      "18:58:14",
      "19:12:24",
      "19:27:28",
      "19:42:28",
      "19:58:03",
      "20:12:25",
      "20:26:52",
      "20:41:24",
      "20:55:37",
      "21:10:40",
      "21:26:25",
      "21:40:50",
      "21:55:55",
      "22:10:59"
    ],
    "board": [
      0,
      0,
      0,
      0,
      0,
      0,
      0,
      0,
      0,
      0,
      0,
      0,
      0,
      0,
      0,
      0,
      0,
      0,
      0,
      0,
      0,
      0,
      0,
      0,
      0,
      0,
      0,
      0,
      0,
      0,
      0,
      0,
      0,
      0,
      0,
      0,
      0,
      0,
      0,
      0,
      0,
      0,
      0,
      0,
      0,
      0,
      0,
      0,
      0,
      0,
      0,
      0,
      0,
      0,
      0,
      0,
      0,
      0,
      0,
      0,
      0,
      0,
      0,
      0,
      0
    ],
    "alight": [
      14,
      12,
      6,
      0,
      12,
      11,
      11,
      0,
      9,
      2,
      6,
      8,
      11,
      7,
      14,
      15,
      1,
      0,
      11,
      0,
      1,
      6,
      15,
      8,
      3,
      12,
      14,
      12,
      7,
      5,
      9,
      4,
      7,
      15,
      1,
      1,
      4,
      6,
      14,
      12,
      8,
      13,
      4,
      2,
      15,
      9,
      13,
      1,
      7,
      1,
      11,
      5,
      3,
      0,
      2,
      13,
      12,
      0,
      2,
      7,
      1,
      14,
      11,
      12,
      13
    ]
  }
}