{
  "花果园大街": 501,
  "花果园B区北区": 409,
  "贵阳墅国际青年旅舍": 414,
  "罗汉营路": 562,
  "狼外婆卤锅串串(汇金星力城店)": 584,
  "杨丫老鸭汤(威清路总店)": 480,
  "徐鼎聚北京烤鸭": 683,
  "贵阳第七中学": 792,
  "新华通讯社分社": 1081,
  "半边街62号院": 478,
  "沙河花园3期": 850,
  "长冲路": 727,
  "罗家坡": 509,
  "鱼小鱼甜点": 606,
  "冯二毛黔厨(云岩万达广场店)": 416,
  "贵龙驾校(科目二顺海考场)": 582,
  "贵阳市乌当区行政中心": 721,
  "贵阳市公安局乌当分局刑侦大队": 478,
  "贵阳市乌当区民政局": 728,
  "鱼兴旺重庆纸包鱼(悦景新城店)": 620,
  "贵州省地矿局地球物理地球化学勘查院": 802,
  "吴记蒸鑫破酥包(汤泉HOUSE店)": 453,
  "家具广场(幸福里东部新城1期店)": 473,
  "贵阳谨丞宾馆": 1067,
  "中国·贵州金融科技研究所": 564,
  "贵阳市乌当区云锦小学": 2045,
  "贵阳市乌当区东风镇新村村退役军人服务站": 750,
  "远俊洛湾驾校科目二考场": 470,
  "观马洞特大桥": 1100,
  "洛湾三江站(进站口)": 2081
}