{
  "市看守所(公交站)": 2068,
  "洛湾三江站(进站口)": 1087,
  "观马洞特大桥": 457,
  "远俊洛湾驾校科目二考场": 737,
  "贵阳市乌当区东风镇新村村退役军人服务站": 2032,
  "贵阳市乌当区云锦小学": 551,
  "中国·贵州金融科技研究所": 1054,
  "贵阳谨丞宾馆": 460,
  "家具广场(幸福里东部新城1期店)": 440,
  "吴记蒸鑫破酥包(汤泉HOUSE店)": 789,
  "贵州省地矿局地球物理地球化学勘查院": 607,
  "鱼兴旺重庆纸包鱼(悦景新城店)": 715,
  "贵阳市乌当区民政局": 465,
  "贵阳市公安局乌当分局刑侦大队": 708,
  "贵阳市乌当区行政中心": 569,
  "贵龙驾校(科目二顺海考场)": 403,
  "冯二毛黔厨(云岩万达广场店)": 593,
  "鱼小鱼甜点": 496,
  "罗家坡": 714,
  "长冲路": 837,
  "沙河花园3期": 465,
  "半边街62号院": 1068,
  "新华通讯社分社": 779,
  "贵阳第七中学": 670,
  "徐鼎聚北京烤鸭": 467,
  "杨丫老鸭汤(威清路总店)": 571,
  "狼外婆卤锅串串(汇金星力城店)": 549,
  "罗汉营路": 401,
  "贵阳墅国际青年旅舍": 396,
  "花果园B区北区": 488
}