{
  "up": {
    "1": "花果园大街",
    "2": "花果园B区北区",
    "3": "贵阳墅国际青年旅舍",
    "4": "罗汉营路",
    "5": "狼外婆卤锅串串(汇金星力城店)",
    "6": "杨丫老鸭汤(威清路总店)",
    "7": "徐鼎聚北京烤鸭",
    "8": "贵阳第七中学",
    "9": "新华通讯社分社",
    "10": "半边街62号院",
    "11": "沙河花园3期",
    "12": "长冲路",
    "13": "罗家坡",
    "14": "鱼小鱼甜点",
    "15": "冯二毛黔厨(云岩万达广场店)",
    "16": "贵龙驾校(科目二顺海考场)",
    "17": "贵阳市乌当区行政中心",
    "18": "贵阳市公安局乌当分局刑侦大队",
    "19": "贵阳市乌当区民政局",
    "20": "鱼兴旺重庆纸包鱼(悦景新城店)",
    "21": "贵州省地矿局地球物理地球化学勘查院",
    "22": "吴记蒸鑫破酥包(汤泉HOUSE店)",
    "23": "家具广场(幸福里东部新城1期店)",
    "24": "贵阳谨丞宾馆",
    "25": "中国·贵州金融科技研究所",
    "26": "贵阳市乌当区云锦小学",
    "27": "贵阳市乌当区东风镇新村村退役军人服务站",
    "28": "远俊洛湾驾校科目二考场",
    "29": "观马洞特大桥",
    "30": "洛湾三江站(进站口)",
    "31": "市看守所(公交站)"
  },
  "down": {
    "32": "市看守所(公交站)",
    "33": "洛湾三江站(进站口)",
    "34": "观马洞特大桥",
    "35": "远俊洛湾驾校科目二考场",
    "36": "贵阳市乌当区东风镇新村村退役军人服务站",
    "37": "贵阳市乌当区云锦小学",
    "38": "中国·贵州金融科技研究所",
    "39": "贵阳谨丞宾馆",
    "40": "家具广场(幸福里东部新城1期店)",
    "41": "吴记蒸鑫破酥包(汤泉HOUSE店)",
    "42": "贵州省地矿局地球物理地球化学勘查院",
    "43": "鱼兴旺重庆纸包鱼(悦景新城店)",
    "44": "贵阳市乌当区民政局",
    "45": "贵阳市公安局乌当分局刑侦大队",
    "46": "贵阳市乌当区行政中心",
    "47": "贵龙驾校(科目二顺海考场)",
    "48": "冯二毛黔厨(云岩万达广场店)",
    "49": "鱼小鱼甜点",
    "50": "罗家坡",
    "51": "长冲路",
    "52": "沙河花园3期",
    "53": "半边街62号院",
    "54": "新华通讯社分社",
    "55": "贵阳第七中学",
    "56": "徐鼎聚北京烤鸭",
    "57": "杨丫老鸭汤(威清路总店)",
    "58": "狼外婆卤锅串串(汇金星力城店)",
    "59": "罗汉营路",
    "60": "贵阳墅国际青年旅舍",
    "61": "花果园B区北区",
    "62": "花果园大街"
  }
}