{
  "up": {
    "花果园大街": 1,
    "花果园B区北区": 2,
    "贵阳墅国际青年旅舍": 3,
    "罗汉营路": 4,
    "狼外婆卤锅串串(汇金星力城店)": 5,
    "杨丫老鸭汤(威清路总店)": 6,
    "徐鼎聚北京烤鸭": 7,
    "贵阳第七中学": 8,
    "新华通讯社分社": 9,
    "半边街62号院": 10,
    "沙河花园3期": 11,
    "长冲路": 12,
    "罗家坡": 13,
    "鱼小鱼甜点": 14,
    "冯二毛黔厨(云岩万达广场店)": 15,
    "贵龙驾校(科目二顺海考场)": 16,
    "贵阳市乌当区行政中心": 17,
    "贵阳市公安局乌当分局刑侦大队": 18,
    "贵阳市乌当区民政局": 19,
    "鱼兴旺重庆纸包鱼(悦景新城店)": 20,
    "贵州省地矿局地球物理地球化学勘查院": 21,
    "吴记蒸鑫破酥包(汤泉HOUSE店)": 22,
    "家具广场(幸福里东部新城1期店)": 23,
    "贵阳谨丞宾馆": 24,
    "中国·贵州金融科技研究所": 25,
    "贵阳市乌当区云锦小学": 26,
    "贵阳市乌当区东风镇新村村退役军人服务站": 27,
    "远俊洛湾驾校科目二考场": 28,
    "观马洞特大桥": 29,
    "洛湾三江站(进站口)": 30,
    "市看守所(公交站)": 31
  },
  "down": {
    "市看守所(公交站)": 32,
    "洛湾三江站(进站口)": 33,
    "观马洞特大桥": 34,
    "远俊洛湾驾校科目二考场": 35,
    "贵阳市乌当区东风镇新村村退役军人服务站": 36,
    "贵阳市乌当区云锦小学": 37,
    "中国·贵州金融科技研究所": 38,
    "贵阳谨丞宾馆": 39,
    "家具广场(幸福里东部新城1期店)": 40,
    "吴记蒸鑫破酥包(汤泉HOUSE店)": 41,
    "贵州省地矿局地球物理地球化学勘查院": 42,
    "鱼兴旺重庆纸包鱼(悦景新城店)": 43,
    "贵阳市乌当区民政局": 44,
    "贵阳市公安局乌当分局刑侦大队": 45,
    "贵阳市乌当区行政中心": 46,
    "贵龙驾校(科目二顺海考场)": 47,
    "冯二毛黔厨(云岩万达广场店)": 48,
    "鱼小鱼甜点": 49,
    "罗家坡": 50,
    "长冲路": 51,
    "沙河花园3期": 52,
    "半边街62号院": 53,
    "新华通讯社分社": 54,
    "贵阳第七中学": 55,
    "徐鼎聚北京烤鸭": 56,
    "杨丫老鸭汤(威清路总店)": 57,
    "狼外婆卤锅串串(汇金星力城店)": 58,
    "罗汉营路": 59,
    "贵阳墅国际青年旅舍": 60,
    "花果园B区北区": 61,
    "花果园大街": 62
  }
}