{
  "云上九州(建设中)": 532,
  "贵阳电建云岩赋(建设中)": 401,
  "凯里酸汤砂锅粉": 983,
  "开心实惠菜馆(新街店)": 543,
  "汽制服务站警务室": 472,
  "遵义杨记豆花面": 500,
  "云岩富民村镇银行(金关支行)": 1002,
  "速怡鲜果(万科麓山店)": 481,
  "野鸭街": 459,
  "青椒童仔鸡(万科悦城店)": 402,
  "舒达床垫(居然之家店)": 790,
  "世纪城龙晖苑综合楼": 532,
  "杨氏大竹签烤肉": 1053,
  "勾记干锅鹅掌翅": 829,
  "碧桂园·十里晴川(建设中)": 489,
  "北京西路": 428,
  "碧桂园·西南上城": 455,
  "商城东路": 505,
  "柏曼酒店贵阳西南商贸城金阳客车站店大堂": 448,
  "干井村": 428,
  "兴渝商务宾馆(新客车站店)": 647,
  "何官村人民调解委员会": 725,
  "贵阳消防应急救援综合训练基地": 1155,
  "黔贵交通职业培训学校": 468,
  "观清路": 510,
  "观山湖区第十八幼儿园": 416,
  "320国道": 412,
  "贵黄高速": 540,
  "G60沪昆高速": 604,
  "全通驾校观山湖区二考场": 2711,
  "清镇出口(G60沪昆高速东向)": 472,
  "中共伟宏社区委员会": 452
}