{
  "up": {
    "1": "云上九州(建设中)",
    "2": "贵阳电建云岩赋(建设中)",
    "3": "凯里酸汤砂锅粉",
    "4": "开心实惠菜馆(新街店)",
    "5": "汽制服务站警务室",
    "6": "遵义杨记豆花面",
    "7": "云岩富民村镇银行(金关支行)",
    "8": "速怡鲜果(万科麓山店)",
    "9": "野鸭街",
    "10": "青椒童仔鸡(万科悦城店)",
    "11": "舒达床垫(居然之家店)",
    "12": "世纪城龙晖苑综合楼",
    "13": "杨氏大竹签烤肉",
    "14": "勾记干锅鹅掌翅",
    "15": "碧桂园·十里晴川(建设中)",
    "16": "北京西路",
    "17": "碧桂园·西南上城",
    "18": "商城东路",
    "19": "柏曼酒店贵阳西南商贸城金阳客车站店大堂",
    "20": "干井村",
    "21": "兴渝商务宾馆(新客车站店)",
    "22": "何官村人民调解委员会",
    "23": "贵阳消防应急救援综合训练基地",
    "24": "黔贵交通职业培训学校",
    "25": "观清路",
    "26": "观山湖区第十八幼儿园",
    "27": "320国道",
    "28": "贵黄高速",
    "29": "G60沪昆高速",
    "30": "全通驾校观山湖区二考场",
    "31": "清镇出口(G60沪昆高速东向)",
    "32": "中共伟宏社区委员会",
    "33": "特色砂锅酸辣烫"
  },
  "down": {
    "34": "特色砂锅酸辣烫",
    "35": "中共伟宏社区委员会",
    "36": "清镇出口(G60沪昆高速东向)",
    "37": "全通驾校观山湖区二考场",
    "38": "G60沪昆高速",
    "39": "贵黄高速",
    "40": "320国道",
    "41": "观山湖区第十八幼儿园",
    "42": "观清路",
    "43": "黔贵交通职业培训学校",
    "44": "贵阳消防应急救援综合训练基地",
    "45": "何官村人民调解委员会",
    "46": "兴渝商务宾馆(新客车站店)",
    "47": "干井村",
    "48": "柏曼酒店贵阳西南商贸城金阳客车站店大堂",
    "49": "商城东路",
    "50": "碧桂园·西南上城",
    "51": "北京西路",
    "52": "碧桂园·十里晴川(建设中)",
    "53": "勾记干锅鹅掌翅",
    "54": "杨氏大竹签烤肉",
    "55": "世纪城龙晖苑综合楼",
    "56": "舒达床垫(居然之家店)",
    "57": "青椒童仔鸡(万科悦城店)",
    "58": "野鸭街",
    "59": "速怡鲜果(万科麓山店)",
    "60": "云岩富民村镇银行(金关支行)",
    "61": "遵义杨记豆花面",
    "62": "汽制服务站警务室",
    "63": "开心实惠菜馆(新街店)",
    "64": "凯里酸汤砂锅粉",
    "65": "贵阳电建云岩赋(建设中)",
    "66": "云上九州(建设中)"
  }
}