{
  "特色砂锅酸辣烫": 386,
  "中共伟宏社区委员会": 406,
  "清镇出口(G60沪昆高速东向)": 2645,
  "全通驾校观山湖区二考场": 538,
  "G60沪昆高速": 474,
  "贵黄高速": 346,
  "320国道": 350,
  "观山湖区第十八幼儿园": 444,
  "观清路": 402,
  "黔贵交通职业培训学校": 1089,
  "贵阳消防应急救援综合训练基地": 659,
  "何官村人民调解委员会": 581,
  "兴渝商务宾馆(新客车站店)": 362,
  "干井村": 382,
  "柏曼酒店贵阳西南商贸城金阳客车站店大堂": 439,
  "商城东路": 389,
  "碧桂园·西南上城": 362,
  "北京西路": 423,
  "碧桂园·十里晴川(建设中)": 763,
  "勾记干锅鹅掌翅": 987,
  "杨氏大竹签烤肉": 466,
  "世纪城龙晖苑综合楼": 724,
  "舒达床垫(居然之家店)": 336,
  "青椒童仔鸡(万科悦城店)": 393,
  "野鸭街": 415,
  "速怡鲜果(万科麓山店)": 936,
  "云岩富民村镇银行(金关支行)": 434,
  "遵义杨记豆花面": 406,
  "汽制服务站警务室": 477,
  "开心实惠菜馆(新街店)": 917,
  "凯里酸汤砂锅粉": 335,
  "贵阳电建云岩赋(建设中)": 466
}