{
  "up": {
    "云上九州(建设中)": 1,
    "贵阳电建云岩赋(建设中)": 2,
    "凯里酸汤砂锅粉": 3,
    "开心实惠菜馆(新街店)": 4,
    "汽制服务站警务室": 5,
    "遵义杨记豆花面": 6,
    "云岩富民村镇银行(金关支行)": 7,
    "速怡鲜果(万科麓山店)": 8,
    "野鸭街": 9,
    "青椒童仔鸡(万科悦城店)": 10,
    "舒达床垫(居然之家店)": 11,
    "世纪城龙晖苑综合楼": 12,
    "杨氏大竹签烤肉": 13,
    "勾记干锅鹅掌翅": 14,
    "碧桂园·十里晴川(建设中)": 15,
    "北京西路": 16,
    "碧桂园·西南上城": 17,
    "商城东路": 18,
    "柏曼酒店贵阳西南商贸城金阳客车站店大堂": 19,
    "干井村": 20,
    "兴渝商务宾馆(新客车站店)": 21,
    "何官村人民调解委员会": 22,
    "贵阳消防应急救援综合训练基地": 23,
    "黔贵交通职业培训学校": 24,
    "观清路": 25,
    "观山湖区第十八幼儿园": 26,
    "320国道": 27,
    "贵黄高速": 28,
    "G60沪昆高速": 29,
    "全通驾校观山湖区二考场": 30,
    "清镇出口(G60沪昆高速东向)": 31,
    "中共伟宏社区委员会": 32,
    "特色砂锅酸辣烫": 33
  },
  "down": {
    "特色砂锅酸辣烫": 34,
    "中共伟宏社区委员会": 35,
    "清镇出口(G60沪昆高速东向)": 36,
    "全通驾校观山湖区二考场": 37,
    "G60沪昆高速": 38,
    "贵黄高速": 39,
    "320国道": 40,
    "观山湖区第十八幼儿园": 41,
    "观清路": 42,
    "黔贵交通职业培训学校": 43,
    "贵阳消防应急救援综合训练基地": 44,
    "何官村人民调解委员会": 45,
    "兴渝商务宾馆(新客车站店)": 46,
    "干井村": 47,
    "柏曼酒店贵阳西南商贸城金阳客车站店大堂": 48,
    "商城东路": 49,
    "碧桂园·西南上城": 50,
    "北京西路": 51,
    "碧桂园·十里晴川(建设中)": 52,
    "勾记干锅鹅掌翅": 53,
    "杨氏大竹签烤肉": 54,
    "世纪城龙晖苑综合楼": 55,
    "舒达床垫(居然之家店)": 56,
    "青椒童仔鸡(万科悦城店)": 57,
    "野鸭街": 58,
    "速怡鲜果(万科麓山店)": 59,
    "云岩富民村镇银行(金关支行)": 60,
    "遵义杨记豆花面": 61,
    "汽制服务站警务室": 62,
    "开心实惠菜馆(新街店)": 63,
    "凯里酸汤砂锅粉": 64,
    "贵阳电建云岩赋(建设中)": 65,
    "云上九州(建设中)": 66
  }
}