{
  "up": {
    "1": "贵州省化工学校",
    "2": "尽欢烤肉(世纪城店)",
    "3": "贵州省环境科学研究设计院",
    "4": "贵阳润鑫广场",
    "5": "香客来豆干火锅(远大·生态风景店)",
    "6": "浙湘惠海鲜楼(中天会展城A区店)",
    "7": "启航串串香(会展四号店)",
    "8": "柴老弟素粉馆(美的林城店)",
    "9": "阳关商业城",
    "10": "白云大道",
    "11": "交通银行大厦",
    "12": "贵阳辰希·翰酒店",
    "13": "贵阳市观山湖区普瑞学校集团校",
    "14": "贵阳双胞胎饲料有限公司",
    "15": "艳山红村村委会",
    "16": "贵阳市华希医药健康职业学校",
    "17": "尖坡村社区服务站",
    "18": "冷水村",
    "19": "七星胶辊厂",
    "20": "154县道",
    "21": "祥顺汽修",
    "22": "三鹏豪情图卢兹足球基地",
    "23": "火石坡服务区汽修",
    "24": "白云区都新社区卫生服务中心新冠疫苗接种点",
    "25": "马鞍山市淮航技工学校贵阳教学与实训基地",
    "26": "乾元冷库(西门)",
    "27": "G6002贵阳绕城高速入口(安顺方向)",
    "28": "G6002贵阳绕城高速",
    "29": "北京东路",
    "30": "项帝门窗有限公司",
    "31": "三江休闲钓鱼中心",
    "32": "将军滩隧道"
  },
  "down": {
    "33": "将军滩隧道",
    "34": "三江休闲钓鱼中心",
    "35": "项帝门窗有限公司",
    "36": "北京东路",
    "37": "G6002贵阳绕城高速",
    "38": "G6002贵阳绕城高速入口(安顺方向)",
    "39": "乾元冷库(西门)",
    "40": "马鞍山市淮航技工学校贵阳教学与实训基地",
    "41": "白云区都新社区卫生服务中心新冠疫苗接种点",
    "42": "火石坡服务区汽修",
    "43": "三鹏豪情图卢兹足球基地",
    "44": "祥顺汽修",
    "45": "154县道",
    "46": "七星胶辊厂",
    "47": "冷水村",
    "48": "尖坡村社区服务站",
    "49": "贵阳市华希医药健康职业学校",
    "50": "艳山红村村委会",
    "51": "贵阳双胞胎饲料有限公司",
    "52": "贵阳市观山湖区普瑞学校集团校",
    "53": "贵阳辰希·翰酒店",
    "54": "交通银行大厦",
    "55": "白云大道",
    "56": "阳关商业城",
    "57": "柴老弟素粉馆(美的林城店)",
    "58": "启航串串香(会展四号店)",
    "59": "浙湘惠海鲜楼(中天会展城A区店)",
    "60": "香客来豆干火锅(远大·生态风景店)",
    "61": "贵阳润鑫广场",
    "62": "贵州省环境科学研究设计院",
    "63": "尽欢烤肉(世纪城店)",
    "64": "贵州省化工学校"
  }
}