{
  "将军滩隧道": 1047,
  "三江休闲钓鱼中心": 1371,
  "项帝门窗有限公司": 1132,
  "北京东路": 2029,
  "G6002贵阳绕城高速": 564,
  "G6002贵阳绕城高速入口(安顺方向)": 661,
  "乾元冷库(西门)": 405,
  "马鞍山市淮航技工学校贵阳教学与实训基地": 683,
  "白云区都新社区卫生服务中心新冠疫苗接种点": 560,
  "火石坡服务区汽修": 625,
  "三鹏豪情图卢兹足球基地": 624,
  "祥顺汽修": 829,
  "154县道": 641,
  "七星胶辊厂": 972,
  "冷水村": 787,
  "尖坡村社区服务站": 609,
  "贵阳市华希医药健康职业学校": 2325,
  "艳山红村村委会": 953,
  "贵阳双胞胎饲料有限公司": 1148,
  "贵阳市观山湖区普瑞学校集团校": 475,
  "贵阳辰希·翰酒店": 826,
  "交通银行大厦": 536,
  "白云大道": 442,
  "阳关商业城": 429,
  "柴老弟素粉馆(美的林城店)": 404,
  "启航串串香(会展四号店)": 620,
  "浙湘惠海鲜楼(中天会展城A区店)": 1256,
  "香客来豆干火锅(远大·生态风景店)": 418,
  "贵阳润鑫广场": 565,
  "贵州省环境科学研究设计院": 539,
  "尽欢烤肉(世纪城店)": 533
}