{
  "up": {
    "贵州省化工学校": 1,
    "尽欢烤肉(世纪城店)": 2,
    "贵州省环境科学研究设计院": 3,
    "贵阳润鑫广场": 4,
    "香客来豆干火锅(远大·生态风景店)": 5,
    "浙湘惠海鲜楼(中天会展城A区店)": 6,
    "启航串串香(会展四号店)": 7,
    "柴老弟素粉馆(美的林城店)": 8,
    "阳关商业城": 9,
    "白云大道": 10,
    "交通银行大厦": 11,
    "贵阳辰希·翰酒店": 12,
    "贵阳市观山湖区普瑞学校集团校": 13,
    "贵阳双胞胎饲料有限公司": 14,
    "艳山红村村委会": 15,
    "贵阳市华希医药健康职业学校": 16,
    "尖坡村社区服务站": 17,
    "冷水村": 18,
    "七星胶辊厂": 19,
    "154县道": 20,
    "祥顺汽修": 21,
    "三鹏豪情图卢兹足球基地": 22,
    "火石坡服务区汽修": 23,
    "白云区都新社区卫生服务中心新冠疫苗接种点": 24,
    "马鞍山市淮航技工学校贵阳教学与实训基地": 25,
    "乾元冷库(西门)": 26,
    "G6002贵阳绕城高速入口(安顺方向)": 27,
    "G6002贵阳绕城高速": 28,
    "北京东路": 29,
    "项帝门窗有限公司": 30,
    "三江休闲钓鱼中心": 31,
    "将军滩隧道": 32
  },
  "down": {
    "将军滩隧道": 33,
    "三江休闲钓鱼中心": 34,
    "项帝门窗有限公司": 35,
    "北京东路": 36,
    "G6002贵阳绕城高速": 37,
    "G6002贵阳绕城高速入口(安顺方向)": 38,
    "乾元冷库(西门)": 39,
    "马鞍山市淮航技工学校贵阳教学与实训基地": 40,
    "白云区都新社区卫生服务中心新冠疫苗接种点": 41,
    "火石坡服务区汽修": 42,
    "三鹏豪情图卢兹足球基地": 43,
    "祥顺汽修": 44,
    "154县道": 45,
    "七星胶辊厂": 46,
    "冷水村": 47,
    "尖坡村社区服务站": 48,
    "贵阳市华希医药健康职业学校": 49,
    "艳山红村村委会": 50,
    "贵阳双胞胎饲料有限公司": 51,
    "贵阳市观山湖区普瑞学校集团校": 52,
    "贵阳辰希·翰酒店": 53,
    "交通银行大厦": 54,
    "白云大道": 55,
    "阳关商业城": 56,
    "柴老弟素粉馆(美的林城店)": 57,
    "启航串串香(会展四号店)": 58,
    "浙湘惠海鲜楼(中天会展城A区店)": 59,
    "香客来豆干火锅(远大·生态风景店)": 60,
    "贵阳润鑫广场": 61,
    "贵州省环境科学研究设计院": 62,
    "尽欢烤肉(世纪城店)": 63,
    "贵州省化工学校": 64
  }
}