{
  "贵州省化工学校": 548,
  "尽欢烤肉(世纪城店)": 554,
  "贵州省环境科学研究设计院": 580,
  "贵阳润鑫广场": 433,
  "香客来豆干火锅(远大·生态风景店)": 1271,
  "浙湘惠海鲜楼(中天会展城A区店)": 635,
  "启航串串香(会展四号店)": 419,
  "柴老弟素粉馆(美的林城店)": 444,
  "阳关商业城": 457,
  "白云大道": 551,
  "交通银行大厦": 841,
  "贵阳辰希·翰酒店": 490,
  "贵阳市观山湖区普瑞学校集团校": 1163,
  "贵阳双胞胎饲料有限公司": 968,
  "艳山红村村委会": 2340,
  "贵阳市华希医药健康职业学校": 624,
  "尖坡村社区服务站": 802,
  "冷水村": 987,
  "七星胶辊厂": 656,
  "154县道": 844,
  "祥顺汽修": 639,
  "三鹏豪情图卢兹足球基地": 640,
  "火石坡服务区汽修": 575,
  "白云区都新社区卫生服务中心新冠疫苗接种点": 698,
  "马鞍山市淮航技工学校贵阳教学与实训基地": 420,
  "乾元冷库(西门)": 676,
  "G6002贵阳绕城高速入口(安顺方向)": 579,
  "G6002贵阳绕城高速": 2044,
  "北京东路": 1147,
  "项帝门窗有限公司": 1386,
  "三江休闲钓鱼中心": 1062
}