{
  "龙洞堡服务区": {
    "time": [
      "06:14:10",
      "06:28:53",
      "06:43:18",
      "06:57:53",
      "07:13:37",
      "07:27:51",
      "07:42:17",
      "07:57:40",
      "08:12:41",
      "08:27:42",
      "08:42:52",
      "08:58:38",
      "09:12:49",
      "09:27:58",
      "09:42:28",
      "09:56:50",
      "10:12:03",
      "10:27:44",
      "10:42:27",
      "10:57:04",
      "11:11:56",
      "11:26:49",
      "11:41:25",
      "11:55:44",
      "12:10:05",
      "12:24:51",
      "12:40:11",
      "12:54:27",
      "13:09:37",
      "13:24:39",
      "13:40:11",
      "13:55:11",
      "14:10:44",
      "14:25:14",
      "14:39:42",
      "14:54:43",
      "15:09:05",
      "15:24:05",
      "15:39:06",
      "15:54:45",
      "16:09:17",
      "16:24:39",
      "16:38:49",
      "16:54:31",
      "17:09:50",
      "17:24:21",
      "17:40:06",
      "17:55:06",
      "18:09:32",
      "18:25:02",
      "18:39:40",
      "18:54:19",
      "19:10:07",
      "19:25:19",
      "19:40:24",
      "19:55:25",
      "20:10:54",
      "20:25:05",
      "20:39:28",
      "20:55:13",
      "21:10:10",
      "21:24:25",
      "21:40:12",
      "21:55:54",
      "22:10:14"
    ],
    "board": [
      10,
      1,
      12,
      13,
      12,
      11,
      6,
      11,
      1,
      8,
      0,
      7,
      13,
      15,
      6,
      14,
      11,
      0,
      9,
      0,
      4,
      13,
      10,
      13,
      13,
      6,
      13,
      3,
      5,
      12,
      7,
      3,
      10,
      5,
      11,
      1,
      8,
      3,
      1,
      14,
      9,
      5,
      6,
      5,
      11,
      13,
      6,
      8,
      6,
      4,
      0,
      15,
      4,
      14,
      1,
      12,
      13,
      4,
      8,
      8,
      2,
      9,
      2,
      7,
      7
    ],
    "alight": [
      0,
      0,
      0,
      0,
      0,
      0,
      0,
      0,
      0,
      0,
      0,
      0,
      0,
      0,
      0,
      0,
      0,
      0,
      0,
      0,
      0,
      0,
      0,
      0,
      0,
      0,
      0,
      0,
      0,
      0,
      0,
      0,
      0,
      0,
      0,
      0,
      0,
      0,
      0,
      0,
      0,
      0,
      0,
      0,
      0,
      0,
      0,
      0,
      0,
      0,
      0,
      0,
      0,
      0,
      0,
      0,
      0,
      0,
      0,
      0,
      0,
      0,
      0,
      0,
      0
    ]
  },
  "贵州达兴宏建材": {
    "time": [
      "06:14:10",
      "06:28:53",
      "06:43:18",
      "06:57:53",
      "07:13:37",
      "07:27:51",
      "07:42:17",
      "07:57:40",
      "08:12:41",
      "08:27:42",
      "08:42:52",
      "08:58:38",
      "09:12:49",
      "09:27:58",
      "09:42:28",
      "09:56:50",
      "10:12:03",
      "10:27:44",
      "10:42:27",
      "10:57:04",
      "11:11:56",
      "11:26:49",
      "11:41:25",
      "11:55:44",
      "12:10:05",
      "12:24:51",
      "12:40:11",
      "12:54:27",
      "13:09:37",
      "13:24:39",
      "13:40:11",
      "13:55:11",
      "14:10:44",
      "14:25:14",
      "14:39:42",
      "14:54:43",
      "15:09:05",
      "15:24:05",
      "15:39:06",
      "15:54:45",
      "16:09:17",
      "16:24:39",
      "16:38:49",
      "16:54:31",
      "17:09:50",
      "17:24:21",
      "17:40:06",
      "17:55:06",
      "18:09:32",
      "18:25:02",
      "18:39:40",
      "18:54:19",
      "19:10:07",
      "19:25:19",
      "19:40:24",
      "19:55:25",
      "20:10:54",
      "20:25:05",
      "20:39:28",
      "20:55:13",
      "21:10:10",
      "21:24:25",
      "21:40:12",
      "21:55:54",
      "22:10:14"
    ],
    "board": [
      0,
      2,
      4,
      15,
      15,
      12,
      4,
      14,
      6,
      5,
      1,
      0,
      14,
      4,
      12,
      15,
      8,
      12,
      7,
      13,
      13,
      2,
      4,
      4,
      3,
      5,
      9,
      6,
      12,
      5,
      12,
      14,
      7,
      15,
      11,
      10,
      13,
      4,
      8,
      8,
      8,
      1,
      6,
      14,
      8,
      8,
      10,
      10,
      14,
      6,
      12,
      15,
      11,
      8,
      3,
      7,
      1,
      7,
      6,
      3,
      2,
      4,
      3,
      13,
      3
    ],
    "alight": [
      0,
      0,
      0,
      0,
      0,
      0,
      0,
      0,
      0,
      0,
      0,
      0,
      0,
      0,
      0,
      0,
      0,
      0,
      0,
      0,
      0,
      0,
      0,
      0,
      0,
      0,
      0,
      0,
      0,
      0,
      0,
      0,
      0,
      0,
      0,
      0,
      0,
      0,
      0,
      0,
      0,
      0,
      0,
      0,
      0,
      0,
      0,
      0,
      0,
      0,
      0,
      0,
      0,
      0,
      0,
      0,
      0,
      0,
      0,
      0,
      0,
      0,
      0,
      0,
      0
    ]
  },
  "双龙航空港经济区涉案车辆管理中心": {
    "time": [
      "06:14:10",
      "06:28:53",
      "06:43:18",
      "06:57:53",
      "07:13:37",
      "07:27:51",
      "07:42:17",
      "07:57:40",
      "08:12:41",
      "08:27:42",
      "08:42:52",
      "08:58:38",
      "09:12:49",
      "09:27:58",
      "09:42:28",
      "09:56:50",
      "10:12:03",
      "10:27:44",
      "10:42:27",
      "10:57:04",
      "11:11:56",
      "11:26:49",
      "11:41:25",
      "11:55:44",
      "12:10:05",
      "12:24:51",
      "12:40:11",
      "12:54:27",
      "13:09:37",
      "13:24:39",
      "13:40:11",
      "13:55:11",
      "14:10:44",
      "14:25:14",
      "14:39:42",
      "14:54:43",
      "15:09:05",
      "15:24:05",
      "15:39:06",
      "15:54:45",
      "16:09:17",
      "16:24:39",
      "16:38:49",
      "16:54:31",
      "17:09:50",
      "17:24:21",
      "17:40:06",
      "17:55:06",
      "18:09:32",
      "18:25:02",
      "18:39:40",
      "18:54:19",
      "19:10:07",
      "19:25:19",
      "19:40:24",
      "19:55:25",
      "20:10:54",
      "20:25:05",
      "20:39:28",
      "20:55:13",
      "21:10:10",
      "21:24:25",
      "21:40:12",
      "21:55:54",
      "22:10:14"
    ],
    "board": [
      5,
      8,
      8,
      4,
      12,
      4,
      1,
      13,
      9,
      3,
      7,
      1,
      11,
      9,
      13,
      9,
      5,
      10,
      13,
      6,
      4,
      9,
      11,
      9,
      13,
      0,
      6,
      11,
      8,
      2,
      9,
      0,
      15,
      14,
      4,
      3,
      12,
      14,
      2,
      1,
      14,
      14,
      5,
      7,
      11,
      11,
      6,
      11,
      4,
      8,
      12,
      3,
      12,
      9,
      13,
      2,
      15,
      0,
      2,
      10,
      1,
      6,
      3,
      11,
      6
    ],
    "alight": [
      0,
      0,
      0,
      0,
      0,
      0,
      0,
      0,
      0,
      0,
      0,
      0,
      0,
      0,
      0,
      0,
      0,
      0,
      0,
      0,
      0,
      0,
      0,
      0,
      0,
      0,
      0,
      0,
      0,
      0,
      0,
      0,
      0,
      0,
      0,
      0,
      0,
      0,
      0,
      0,
      0,
      0,
      0,
      2,
      0,
      0,
      0,
      0,
      2,
      0,
      0,
      0,
      0,
      0,
      0,
      0,
      0,
      0,
      0,
      0,
      0,
      2,
      0,
      0,
      0
    ]
  },
  "贵广高铁": {
    "time": [
      "06:14:10",
      "06:28:53",
      "06:43:18",
      "06:57:53",
      "07:13:37",
      "07:27:51",
      "07:42:17",
      "07:57:40",
      "08:12:41",
      "08:27:42",
      "08:42:52",
      "08:58:38",
      "09:12:49",
      "09:27:58",
      "09:42:28",
      "09:56:50",
      "10:12:03",
      "10:27:44",
      "10:42:27",
      "10:57:04",
      "11:11:56",
      "11:26:49",
      "11:41:25",
      "11:55:44",
      "12:10:05",
      "12:24:51",
      "12:40:11",
      "12:54:27",
      "13:09:37",
      "13:24:39",
      "13:40:11",
      "13:55:11",
      "14:10:44",
      "14:25:14",
      "14:39:42",
      "14:54:43",
      "15:09:05",
      "15:24:05",
      "15:39:06",
      "15:54:45",
      "16:09:17",
      "16:24:39",
      "16:38:49",
      "16:54:31",
      "17:09:50",
      "17:24:21",
      "17:40:06",
      "17:55:06",
      "18:09:32",
      "18:25:02",
      "18:39:40",
      "18:54:19",
      "19:10:07",
      "19:25:19",
      "19:40:24",
      "19:55:25",
      "20:10:54",
      "20:25:05",
      "20:39:28",
      "20:55:13",
      "21:10:10",
      "21:24:25",
      "21:40:12",
      "21:55:54",
      "22:10:14"
    ],
    "board": [
      5,
      0,
      6,
      8,
      13,
      4,
      14,
      1,
      8,
      0,
      15,
      10,
      10,
      7,
      1,
      12,
      12,
      6,
      9,
      11,
      0,
      7,
      12,
      12,
      6,
      13,
      9,
      10,
      10,
      2,
      10,
      2,
      1,
      9,
      13,
      10,
      13,
      4,
      0,
      10,
      5,
      5,
      13,
      7,
      7,
      8,
      10,
      11,
      13,
      8,
      11,
      11,
      0,
      0,
      12,
      3,
      0,
      14,
      7,
      6,
      6,
      2,
      1,
      2,
      0
    ],
    "alight": [
      0,
      0,
      0,
      0,
      0,
      0,
      0,
      0,
      0,
      0,
      0,
      0,
      0,
      0,
      0,
      0,
      0,
      0,
      0,
      0,
      0,
      0,
      1,
      0,
      0,
      0,
      0,
      0,
      0,
      0,
      0,
      0,
      0,
      4,
      0,
      0,
      0,
      0,
      0,
      0,
      0,
      0,
      3,
      0,
      0,
      0,
      0,
      0,
      0,
      0,
      0,
      0,
      0,
      0,
      0,
      0,
      0,
      0,
      0,
      0,
      0,
      0,
      0,
      0,
      0
    ]
  },
  "龙洞堡大道": {
    "time": [
      "06:14:10",
      "06:28:53",
      "06:43:18",
      "06:57:53",
      "07:13:37",
      "07:27:51",
      "07:42:17",
      "07:57:40",
      "08:12:41",
      "08:27:42",
      "08:42:52",
      "08:58:38",
      "09:12:49",
      "09:27:58",
      "09:42:28",
      "09:56:50",
      "10:12:03",
      "10:27:44",
      "10:42:27",
      "10:57:04",
      "11:11:56",
      "11:26:49",
      "11:41:25",
      "11:55:44",
      "12:10:05",
      "12:24:51",
      "12:40:11",
      "12:54:27",
      "13:09:37",
      "13:24:39",
      "13:40:11",
      "13:55:11",
      "14:10:44",
      "14:25:14",
      "14:39:42",
      "14:54:43",
      "15:09:05",
      "15:24:05",
      "15:39:06",
      "15:54:45",
      "16:09:17",
      "16:24:39",
      "16:38:49",
      "16:54:31",
      "17:09:50",
      "17:24:21",
      "17:40:06",
      "17:55:06",
      "18:09:32",
      "18:25:02",
      "18:39:40",
      "18:54:19",
      "19:10:07",
      "19:25:19",
      "19:40:24",
      "19:55:25",
      "20:10:54",
      "20:25:05",
      "20:39:28",
      "20:55:13",
      "21:10:10",
      "21:24:25",
      "21:40:12",
      "21:55:54",
      "22:10:14"
    ],
    "board": [
      11,
      1,
      4,
      11,
      3,
      11,
      4,
      15,
      13,
      7,
      2,
      10,
      2,
      0,
      2,
      12,
      8,
      7,
      7,
      4,
      2,
      14,
      5,
      5,
      13,
      12,
      2,
      13,
      10,
      14,
      1,
      11,
      13,
      7,
      11,
      13,
      5,
      8,
      11,
      6,
      10,
      2,
      9,
      11,
      15,
      9,
      13,
      3,
      10,
      11,
      0,
      11,
      14,
      15,
      12,
      1,
      9,
      8,
      4,
      10,
      7,
      9,
      4,
      1,
      4
    ],
    "alight": [
      5,
      7,
      11,
      3,
      9,
      15,
      3,
      15,
      2,
      11,
      8,
      2,
      11,
      15,
      14,
      5,
      14,
      4,
      8,
      5,
      5,
      13,
      13,
      11,
      1,
      9,
      13,
      5,
      2,
      6,
      8,
      6,
      8,
      1,
      3,
      7,
      11,
      3,
      6,
      6,
      14,
      7,
      13,
      1,
      7,
      11,
      11,
      6,
      10,
      10,
      1,
      2,
      7,
      6,
      3,
      2,
      0,
      8,
      15,
      1,
      14,
      6,
      10,
      14,
      9
    ]
  },
  "东站路安置点小区(建设中)": {
    "time": [
      "06:14:10",
      "06:28:53",
      "06:43:18",
      "06:57:53",
      "07:13:37",
      "07:27:51",
      "07:42:17",
      "07:57:40",
      "08:12:41",
      "08:27:42",
      "08:42:52",
      "08:58:38",
      "09:12:49",
      "09:27:58",
      "09:42:28",
      "09:56:50",
      "10:12:03",
      "10:27:44",
      "10:42:27",
      "10:57:04",
      "11:11:56",
      "11:26:49",
      "11:41:25",
      "11:55:44",
      "12:10:05",
      "12:24:51",
      "12:40:11",
      "12:54:27",
      "13:09:37",
      "13:24:39",
      "13:40:11",
      "13:55:11",
      "14:10:44",
      "14:25:14",
      "14:39:42",
      "14:54:43",
      "15:09:05",
      "15:24:05",
      "15:39:06",
      "15:54:45",
      "16:09:17",
      "16:24:39",
      "16:38:49",
      "16:54:31",
      "17:09:50",
      "17:24:21",
      "17:40:06",
      "17:55:06",
      "18:09:32",
      "18:25:02",
      "18:39:40",
      "18:54:19",
      "19:10:07",
      "19:25:19",
      "19:40:24",
      "19:55:25",
      "20:10:54",
      "20:25:05",
      "20:39:28",
      "20:55:13",
      "21:10:10",
      "21:24:25",
      "21:40:12",
      "21:55:54",
      "22:10:14"
    ],
    "board": [
      2,
      6,
      9,
      2,
      4,
      4,
      12,
      3,
      10,
      12,
      12,
      2,
      11,
      7,
      12,
      8,
      5,
      9,
      12,
      3,
      14,
      10,
      13,
      10,
      1,
      3,
      15,
      13,
      7,
      2,
      12,
      9,
      10,
      7,
      3,
      13,
      0,
      2,
      12,
      10,
      8,
      9,
      15,
      1,
      13,
      0,
      5,
      2,
      12,
      2,
      6,
      14,
      6,
      13,
      14,
      14,
      7,
      11,
      8,
      3,
      7,
      9,
      10,
      6,
      2
    ],
    "alight": [
      4,
      0,
      3,
      2,
      1,
      3,
      4,
      14,
      8,
      1,
      12,
      2,
      10,
      1,
      7,
      11,
      0,
      8,
      13,
      8,
      11,
      9,
      3,
      6,
      14,
      13,
      1,
      10,
      3,
      9,
      7,
      1,
      8,
      14,
      10,
      8,
      8,
      2,
      2,
      11,
      11,
      15,
      9,
      5,
      10,
      4,
      2,
      8,
      9,
      4,
      11,
      1,
      1,
      14,
      5,
      8,
      7,
      8,
      8,
      1,
      4,
      12,
      12,
      8,
      10
    ]
  },
  "贵阳悦途酒店": {
    "time": [
      "06:14:10",
      "06:28:53",
      "06:43:18",
      "06:57:53",
      "07:13:37",
      "07:27:51",
      "07:42:17",
      "07:57:40",
      "08:12:41",
      "08:27:42",
      "08:42:52",
      "08:58:38",
      "09:12:49",
      "09:27:58",
      "09:42:28",
      "09:56:50",
      "10:12:03",
      "10:27:44",
      "10:42:27",
      "10:57:04",
      "11:11:56",
      "11:26:49",
      "11:41:25",
      "11:55:44",
      "12:10:05",
      "12:24:51",
      "12:40:11",
      "12:54:27",
      "13:09:37",
      "13:24:39",
      "13:40:11",
      "13:55:11",
      "14:10:44",
      "14:25:14",
      "14:39:42",
      "14:54:43",
      "15:09:05",
      "15:24:05",
      "15:39:06",
      "15:54:45",
      "16:09:17",
      "16:24:39",
      "16:38:49",
      "16:54:31",
      "17:09:50",
      "17:24:21",
      "17:40:06",
      "17:55:06",
      "18:09:32",
      "18:25:02",
      "18:39:40",
      "18:54:19",
      "19:10:07",
      "19:25:19",
      "19:40:24",
      "19:55:25",
      "20:10:54",
      "20:25:05",
      "20:39:28",
      "20:55:13",
      "21:10:10",
      "21:24:25",
      "21:40:12",
      "21:55:54",
      "22:10:14"
    ],
    "board": [
      4,
      12,
      5,
      5,
      9,
      10,
      9,
      6,
      13,
      10,
      9,
      14,
      8,
      9,
      8,
      15,
      10,
      0,
      14,
      15,
      2,
      6,
      12,
      14,
      2,
      4,
      15,
      0,
      0,
      7,
      10,
      15,
      3,
      2,
      10,
      6,
      15,
      6,
      3,
      5,
      5,
      9,
      7,
      2,
      9,
      14,
      3,
      14,
      2,
      3,
      10,
      4,
      6,
      6,
      14,
      2,
      10,
      6,
      6,
      3,
      6,
      12,
      4,
      2,
      9
    ],
    "alight": [
      15,
      15,
      10,
      12,
      6,
      4,
      6,
      10,
      6,
      4,
      15,
      7,
      0,
      2,
      3,
      12,
      5,
      10,
      5,
      1,
      13,
      2,
      9,
      14,
      14,
      5,
      12,
      2,
      8,
      12,
      9,
      9,
      3,
      9,
      3,
      8,
      3,
      3,
      3,
      15,
      8,
      13,
      13,
      6,
      2,
      12,
      10,
      15,
      7,
      8,
      11,
      8,
      7,
      11,
      6,
      13,
      5,
      3,
      8,
      0,
      13,
      7,
      5,
      15,
      7
    ]
  },
  "贵阳壹加陆酒店": {
    "time": [
      "06:14:10",
      "06:28:53",
      "06:43:18",
      "06:57:53",
      "07:13:37",
      "07:27:51",
      "07:42:17",
      "07:57:40",
      "08:12:41",
      "08:27:42",
      "08:42:52",
      "08:58:38",
      "09:12:49",
      "09:27:58",
      "09:42:28",
      "09:56:50",
      "10:12:03",
      "10:27:44",
      "10:42:27",
      "10:57:04",
      "11:11:56",
      "11:26:49",
      "11:41:25",
      "11:55:44",
      "12:10:05",
      "12:24:51",
      "12:40:11",
      "12:54:27",
      "13:09:37",
      "13:24:39",
      "13:40:11",
      "13:55:11",
      "14:10:44",
      "14:25:14",
      "14:39:42",
      "14:54:43",
      "15:09:05",
      "15:24:05",
      "15:39:06",
      "15:54:45",
      "16:09:17",
      "16:24:39",
      "16:38:49",
      "16:54:31",
      "17:09:50",
      "17:24:21",
      "17:40:06",
      "17:55:06",
      "18:09:32",
      "18:25:02",
      "18:39:40",
      "18:54:19",
      "19:10:07",
      "19:25:19",
      "19:40:24",
      "19:55:25",
      "20:10:54",
      "20:25:05",
      "20:39:28",
      "20:55:13",
      "21:10:10",
      "21:24:25",
      "21:40:12",
      "21:55:54",
      "22:10:14"
    ],
    "board": [
      14,
      14,
      9,
      13,
      0,
      10,
      11,
      12,
      11,
      6,
      15,
      11,
      9,
      1,
      7,
      12,
      13,
      14,
      14,
      9,
      10,
      10,
      5,
      0,
      15,
      2,
      4,
      11,
      2,
      13,
      9,
      4,
      0,
      5,
      11,
      3,
      4,
      2,
      6,
      0,
      6,
      15,
      2,
      7,
      12,
      4,
      11,
      13,
      7,
      3,
      1,
      14,
      5,
      8,
      11,
      1,
      3,
      11,
      3,
      10,
      11,
      10,
      1,
      15,
      1
    ],
    "alight": [
      11,
      15,
      13,
      13,
      4,
      4,
      6,
      14,
      10,
      9,
      4,
      10,
      3,
      14,
      12,
      15,
      5,
      12,
      12,
      5,
      13,
      5,
      4,
      14,
      5,
      15,
      9,
      11,
      11,
      13,
      2,
      5,
      13,
      8,
      5,
      4,
      5,
      6,
      9,
      13,
      3,
      13,
      13,
      10,
      9,
      6,
      2,
      8,
      5,
      14,
      14,
      5,
      7,
      14,
      3,
      7,
      14,
      8,
      15,
      8,
      5,
      1,
      3,
      9,
      13
    ]
  },
  "贵阳一中李端棻中学": {
    "time": [
      "06:14:10",
      "06:28:53",
      "06:43:18",
      "06:57:53",
      "07:13:37",
      "07:27:51",
      "07:42:17",
      "07:57:40",
      "08:12:41",
      "08:27:42",
      "08:42:52",
      "08:58:38",
      "09:12:49",
      "09:27:58",
      "09:42:28",
      "09:56:50",
      "10:12:03",
      "10:27:44",
      "10:42:27",
      "10:57:04",
      "11:11:56",
      "11:26:49",
      "11:41:25",
      "11:55:44",
      "12:10:05",
      "12:24:51",
      "12:40:11",
      "12:54:27",
      "13:09:37",
      "13:24:39",
      "13:40:11",
      "13:55:11",
      "14:10:44",
      "14:25:14",
      "14:39:42",
      "14:54:43",
      "15:09:05",
      "15:24:05",
      "15:39:06",
      "15:54:45",
      "16:09:17",
      "16:24:39",
      "16:38:49",
      "16:54:31",
      "17:09:50",
      "17:24:21",
      "17:40:06",
      "17:55:06",
      "18:09:32",
      "18:25:02",
      "18:39:40",
      "18:54:19",
      "19:10:07",
      "19:25:19",
      "19:40:24",
      "19:55:25",
      "20:10:54",
      "20:25:05",
      "20:39:28",
      "20:55:13",
      "21:10:10",
      "21:24:25",
      "21:40:12",
      "21:55:54",
      "22:10:14"
    ],
    "board": [
      4,
      5,
      10,
      15,
      2,
      6,
      13,
      0,
      8,
      1,
      11,
      1,
      1,
      5,
      9,
      0,
      5,
      5,
      5,
      1,
      0,
      0,
      0,
      3,
      3,
      7,
      10,
      14,
      0,
      14,
      6,
      3,
      5,
      4,
      13,
      14,
      9,
      15,
      15,
      13,
      8,
      9,
      2,
      0,
      0,
      14,
      8,
      10,
      13,
      15,
      5,
      15,
      6,
      11,
      8,
      12,
      10,
      5,
      3,
      10,
      13,
      11,
      14,
      9,
      14
    ],
    "alight": [
      2,
      8,
      2,
      1,
      5,
      15,
      2,
      15,
      12,
      5,
      10,
      10,
      11,
      4,
      4,
      15,
      2,
      9,
      3,
      11,
      2,
      6,
      15,
      0,
      0,
      12,
      15,
      3,
      15,
      15,
      4,
      14,
      11,
      8,
      3,
      13,
      9,
      6,
      2,
      12,
      8,
      8,
      9,
      5,
      4,
      12,
      5,
      2,
      14,
      0,
      2,
      7,
      7,
      15,
      8,
      15,
      1,
      11,
      1,
      6,
      9,
      12,
      0,
      5,
      10
    ]
  },
  "贵阳市第九中学(双龙校区)": {
    "time": [
      "06:14:10",
      "06:28:53",
      "06:43:18",
      "06:57:53",
      "07:13:37",
      "07:27:51",
      "07:42:17",
      "07:57:40",
      "08:12:41",
      "08:27:42",
      "08:42:52",
      "08:58:38",
      "09:12:49",
      "09:27:58",
      "09:42:28",
      "09:56:50",
      "10:12:03",
      "10:27:44",
      "10:42:27",
      "10:57:04",
      "11:11:56",
      "11:26:49",
      "11:41:25",
      "11:55:44",
      "12:10:05",
      "12:24:51",
      "12:40:11",
      "12:54:27",
      "13:09:37",
      "13:24:39",
      "13:40:11",
      "13:55:11",
      "14:10:44",
      "14:25:14",
      "14:39:42",
      "14:54:43",
      "15:09:05",
      "15:24:05",
      "15:39:06",
      "15:54:45",
      "16:09:17",
      "16:24:39",
      "16:38:49",
      "16:54:31",
      "17:09:50",
      "17:24:21",
      "17:40:06",
      "17:55:06",
      "18:09:32",
      "18:25:02",
      "18:39:40",
      "18:54:19",
      "19:10:07",
      "19:25:19",
      "19:40:24",
      "19:55:25",
      "20:10:54",
      "20:25:05",
      "20:39:28",
      "20:55:13",
      "21:10:10",
      "21:24:25",
      "21:40:12",
      "21:55:54",
      "22:10:14"
    ],
    "board": [
      10,
      4,
      1,
      6,
      4,
      4,
      3,
      2,
      4,
      3,
      4,
      6,
      15,
      5,
      3,
      2,
      0,
      5,
      8,
      5,
      13,
      14,
      12,
      12,
      11,
      3,
      9,
      0,
      12,
      2,
      0,
      1,
      15,
      3,
      2,
      4,
      7,
      8,
      10,
      5,
      0,
      8,
      12,
      14,
      1,
      1,
      14,
      5,
      8,
      14,
      10,
      12,
      14,
      4,
      3,
      12,
      0,
      9,
      5,
      5,
      6,
      4,
      2,
      12,
      10
    ],
    "alight": [
      1,
      1,
      5,
      4,
      5,
      8,
      10,
      3,
      7,
      14,
      4,
      14,
      9,
      2,
      10,
      1,
      7,
      1,
      11,
      10,
      10,
      7,
      13,
      14,
      5,
      5,
      6,
      1,
      15,
      12,
      13,
      13,
      14,
      7,
      7,
      13,
      12,
      11,
      1,
      2,
      7,
      6,
      7,
      8,
      15,
      0,
      1,
      3,
      2,
      12,
      14,
      8,
      5,
      1,
      2,
      9,
      3,
      9,
      6,
      12,
      7,
      11,
      5,
      4,
      15
    ]
  },
  "谷立变": {
    "time": [
      "06:14:10",
      "06:28:53",
      "06:43:18",
      "06:57:53",
      "07:13:37",
      "07:27:51",
      "07:42:17",
      "07:57:40",
      "08:12:41",
      "08:27:42",
      "08:42:52",
      "08:58:38",
      "09:12:49",
      "09:27:58",
      "09:42:28",
      "09:56:50",
      "10:12:03",
      "10:27:44",
      "10:42:27",
      "10:57:04",
      "11:11:56",
      "11:26:49",
      "11:41:25",
      "11:55:44",
      "12:10:05",
      "12:24:51",
      "12:40:11",
      "12:54:27",
      "13:09:37",
      "13:24:39",
      "13:40:11",
      "13:55:11",
      "14:10:44",
      "14:25:14",
      "14:39:42",
      "14:54:43",
      "15:09:05",
      "15:24:05",
      "15:39:06",
      "15:54:45",
      "16:09:17",
      "16:24:39",
      "16:38:49",
      "16:54:31",
      "17:09:50",
      "17:24:21",
      "17:40:06",
      "17:55:06",
      "18:09:32",
      "18:25:02",
      "18:39:40",
      "18:54:19",
      "19:10:07",
      "19:25:19",
      "19:40:24",
      "19:55:25",
      "20:10:54",
      "20:25:05",
      "20:39:28",
      "20:55:13",
      "21:10:10",
      "21:24:25",
      "21:40:12",
      "21:55:54",
      "22:10:14"
    ],
    "board": [
      7,
      6,
      9,
      9,
      1,
      3,
      9,
      3,
      14,
      1,
      1,
      11,
      15,
      10,
      8,
      4,
      0,
      1,
      9,
      6,
      6,
      8,
      7,
      12,
      0,
      7,
      5,
      3,
      4,
      11,
      0,
      13,
      12,
      10,
      7,
      1,
      1,
      1,
      13,
      2,
      2,
      4,
      5,
      4,
      4,
      0,
      1,
      13,
      11,
      5,
      7,
      14,
      11,
      13,
      15,
      1,
      7,
      1,
      2,
      3,
      8,
      12,
      10,
      9,
      9
    ],
    "alight": [
      6,
      1,
      12,
      7,
      9,
      5,
      8,
      14,
      4,
      8,
      9,
      8,
      3,
      5,
      1,
      14,
      3,
      12,
      1,
      2,
      5,
      0,
      12,
      6,
      11,
      8,
      5,
      3,
      1,
      13,
      4,
      0,
      7,
      6,
      5,
      12,
      13,
      2,
      3,
      0,
      7,
      0,
      10,
      10,
      2,
      3,
      6,
      8,
      6,
      9,
      6,
      10,
      9,
      8,
      1,
      8,
      15,
      10,
      3,
      12,
      10,
      2,
      8,
      2,
      15
    ]
  },
  "嘉润路85号院": {
    "time": [
      "06:14:10",
      "06:28:53",
      "06:43:18",
      "06:57:53",
      "07:13:37",
      "07:27:51",
      "07:42:17",
      "07:57:40",
      "08:12:41",
      "08:27:42",
      "08:42:52",
      "08:58:38",
      "09:12:49",
      "09:27:58",
      "09:42:28",
      "09:56:50",
      "10:12:03",
      "10:27:44",
      "10:42:27",
      "10:57:04",
      "11:11:56",
      "11:26:49",
      "11:41:25",
      "11:55:44",
      "12:10:05",
      "12:24:51",
      "12:40:11",
      "12:54:27",
      "13:09:37",
      "13:24:39",
      "13:40:11",
      "13:55:11",
      "14:10:44",
      "14:25:14",
      "14:39:42",
      "14:54:43",
      "15:09:05",
      "15:24:05",
      "15:39:06",
      "15:54:45",
      "16:09:17",
      "16:24:39",
      "16:38:49",
      "16:54:31",
      "17:09:50",
      "17:24:21",
      "17:40:06",
      "17:55:06",
      "18:09:32",
      "18:25:02",
      "18:39:40",
      "18:54:19",
      "19:10:07",
      "19:25:19",
      "19:40:24",
      "19:55:25",
      "20:10:54",
      "20:25:05",
      "20:39:28",
      "20:55:13",
      "21:10:10",
      "21:24:25",
      "21:40:12",
      "21:55:54",
      "22:10:14"
    ],
    "board": [
      4,
      12,
      2,
      4,
      5,
      13,
      13,
      12,
      15,
      10,
      5,
      10,
      8,
      0,
      15,
      3,
      3,
      13,
      7,
      15,
      3,
      2,
      13,
      7,
      15,
      8,
      3,
      12,
      5,
      6,
      3,
      15,
      5,
      2,
      9,
      12,
      6,
      13,
      13,
      15,
      2,
      9,
      12,
      11,
      9,
      8,
      10,
      13,
      2,
      15,
      7,
      15,
      0,
      2,
      8,
      7,
      11,
      4,
      1,
      15,
      2,
      3,
      0,
      13,
      4
    ],
    "alight": [
      14,
      10,
      8,
      9,
      8,
      10,
      5,
      12,
      8,
      15,
      6,
      11,
      1,
      2,
      14,
      0,
      0,
      15,
      9,
      7,
      6,
      13,
      0,
      0,
      3,
      3,
      7,
      2,
      7,
      5,
      11,
      10,
      4,
      13,
      0,
      10,
      10,
      15,
      8,
      13,
      8,
      9,
      7,
      2,
      6,
      1,
      3,
      15,
      4,
      1,
      4,
      8,
      8,
      9,
      2,
      1,
      6,
      3,
      12,
      4,
      8,
      6,
      10,
      5,
      9
    ]
  },
  "嘉润路站(快速公交站)": {
    "time": [
      "06:14:10",
      "06:28:53",
      "06:43:18",
      "06:57:53",
      "07:13:37",
      "07:27:51",
      "07:42:17",
      "07:57:40",
      "08:12:41",
      "08:27:42",
      "08:42:52",
      "08:58:38",
      "09:12:49",
      "09:27:58",
      "09:42:28",
      "09:56:50",
      "10:12:03",
      "10:27:44",
      "10:42:27",
      "10:57:04",
      "11:11:56",
      "11:26:49",
      "11:41:25",
      "11:55:44",
      "12:10:05",
      "12:24:51",
      "12:40:11",
      "12:54:27",
      "13:09:37",
      "13:24:39",
      "13:40:11",
      "13:55:11",
      "14:10:44",
      "14:25:14",
      "14:39:42",
      "14:54:43",
      "15:09:05",
      "15:24:05",
      "15:39:06",
      "15:54:45",
      "16:09:17",
      "16:24:39",
      "16:38:49",
      "16:54:31",
      "17:09:50",
      "17:24:21",
      "17:40:06",
      "17:55:06",
      "18:09:32",
      "18:25:02",
      "18:39:40",
      "18:54:19",
      "19:10:07",
      "19:25:19",
      "19:40:24",
      "19:55:25",
      "20:10:54",
      "20:25:05",
      "20:39:28",
      "20:55:13",
      "21:10:10",
      "21:24:25",
      "21:40:12",
      "21:55:54",
      "22:10:14"
    ],
    "board": [
      7,
      9,
      0,
      8,
      3,
      11,
      14,
      13,
      3,
      10,
      11,
      13,
      0,
      2,
      8,
      8,
      11,
      9,
      9,
      10,
      13,
      12,
      4,
      8,
      10,
      11,
      7,
      4,
      6,
      10,
      11,
      15,
      2,
      7,
      9,
      6,
      10,
      3,
      10,
      2,
      5,
      7,
      14,
      3,
      12,
      14,
      13,
      12,
      6,
      2,
      3,
      7,
      2,
      5,
      9,
      8,
      6,
      11,
      3,
      1,
      5,
      9,
      7,
      11,
      5
    ],
    "alight": [
      2,
      4,
      0,
      9,
      15,
      3,
      15,
      9,
      15,
      13,
      0,
      12,
      7,
      9,
      5,
      2,
      7,
      14,
      14,
      11,
      14,
      3,
      2,
      7,
      6,
      4,
      11,
      6,
      2,
      12,
      7,
      2,
      4,
      8,
      10,
      9,
      1,
      11,
      6,
      7,
      0,
      5,
      4,
      9,
      9,
      13,
      11,
      13,
      9,
      0,
      15,
      5,
      7,
      14,
      11,
      6,
      6,
      5,
      9,
      5,
      12,
      9,
      8,
      2,
      3
    ]
  },
  "首钢贵州之光": {
    "time": [
      "06:14:10",
      "06:28:53",
      "06:43:18",
      "06:57:53",
      "07:13:37",
      "07:27:51",
      "07:42:17",
      "07:57:40",
      "08:12:41",
      "08:27:42",
      "08:42:52",
      "08:58:38",
      "09:12:49",
      "09:27:58",
      "09:42:28",
      "09:56:50",
      "10:12:03",
      "10:27:44",
      "10:42:27",
      "10:57:04",
      "11:11:56",
      "11:26:49",
      "11:41:25",
      "11:55:44",
      "12:10:05",
      "12:24:51",
      "12:40:11",
      "12:54:27",
      "13:09:37",
      "13:24:39",
      "13:40:11",
      "13:55:11",
      "14:10:44",
      "14:25:14",
      "14:39:42",
      "14:54:43",
      "15:09:05",
      "15:24:05",
      "15:39:06",
      "15:54:45",
      "16:09:17",
      "16:24:39",
      "16:38:49",
      "16:54:31",
      "17:09:50",
      "17:24:21",
      "17:40:06",
      "17:55:06",
      "18:09:32",
      "18:25:02",
      "18:39:40",
      "18:54:19",
      "19:10:07",
      "19:25:19",
      "19:40:24",
      "19:55:25",
      "20:10:54",
      "20:25:05",
      "20:39:28",
      "20:55:13",
      "21:10:10",
      "21:24:25",
      "21:40:12",
      "21:55:54",
      "22:10:14"
    ],
    "board": [
      9,
      14,
      14,
      15,
      11,
      2,
      3,
      7,
      9,
      11,
      9,
      8,
      15,
      9,
      4,
      3,
      13,
      3,
      1,
      7,
      3,
      3,
      15,
      13,
      10,
      1,
      10,
      13,
      3,
      10,
      6,
      15,
      15,
      10,
      11,
      2,
      10,
      4,
      10,
      7,
      6,
      5,
      11,
      15,
      5,
      2,
      5,
      5,
      11,
      6,
      11,
      12,
      8,
      1,
      5,
      9,
      10,
      2,
      2,
      6,
      5,
      13,
      1,
      14,
      5
    ],
    "alight": [
      11,
      2,
      9,
      15,
      6,
      7,
      8,
      12,
      13,
      6,
      15,
      14,
      14,
      15,
      2,
      4,
      4,
      1,
      6,
      14,
      4,
      1,
      5,
      5,
      7,
      9,
      7,
      7,
      3,
      11,
      4,
      11,
      14,
      3,
      5,
      5,
      8,
      6,
      5,
      4,
      0,
      10,
      8,
      10,
      1,
      9,
      0,
      9,
      6,
      0,
      14,
      12,
      5,
      4,
      15,
      6,
      4,
      3,
      10,
      5,
      6,
      7,
      8,
      11,
      9
    ]
  },
  "振华钢琴艺术中心": {
    "time": [
      "06:14:10",
      "06:28:53",
      "06:43:18",
      "06:57:53",
      "07:13:37",
      "07:27:51",
      "07:42:17",
      "07:57:40",
      "08:12:41",
      "08:27:42",
      "08:42:52",
      "08:58:38",
      "09:12:49",
      "09:27:58",
      "09:42:28",
      "09:56:50",
      "10:12:03",
      "10:27:44",
      "10:42:27",
      "10:57:04",
      "11:11:56",
      "11:26:49",
      "11:41:25",
      "11:55:44",
      "12:10:05",
      "12:24:51",
      "12:40:11",
      "12:54:27",
      "13:09:37",
      "13:24:39",
      "13:40:11",
      "13:55:11",
      "14:10:44",
      "14:25:14",
      "14:39:42",
      "14:54:43",
      "15:09:05",
      "15:24:05",
      "15:39:06",
      "15:54:45",
      "16:09:17",
      "16:24:39",
      "16:38:49",
      "16:54:31",
      "17:09:50",
      "17:24:21",
      "17:40:06",
      "17:55:06",
      "18:09:32",
      "18:25:02",
      "18:39:40",
      "18:54:19",
      "19:10:07",
      "19:25:19",
      "19:40:24",
      "19:55:25",
      "20:10:54",
      "20:25:05",
      "20:39:28",
      "20:55:13",
      "21:10:10",
      "21:24:25",
      "21:40:12",
      "21:55:54",
      "22:10:14"
    ],
    "board": [
      11,
      4,
      6,
      11,
      3,
      9,
      3,
      13,
      14,
      3,
      11,
      10,
      4,
      2,
      4,
      0,
      6,
      5,
      2,
      12,
      1,
      2,
      7,
      1,
      9,
      7,
      14,
      3,
      5,
      8,
      15,
      10,
      12,
      10,
      1,
      11,
      15,
      15,
      7,
      9,
      1,
      13,
      12,
      1,
      5,
      15,
      12,
      6,
      3,
      13,
      10,
      15,
      0,
      1,
      0,
      3,
      7,
      7,
      2,
      12,
      6,
      14,
      9,
      0,
      1
    ],
    "alight": [
      8,
      5,
      1,
      11,
      1,
      13,
      9,
      5,
      5,
      1,
      10,
      11,
      12,
      1,
      14,
      2,
      3,
      7,
      10,
      14,
      12,
      14,
      3,
      3,
      10,
      15,
      8,
      0,
      12,
      4,
      3,
      13,
      10,
      0,
      5,
      14,
      4,
      5,
      4,
      5,
      6,
      13,
      14,
      4,
      15,
      13,
      3,
      6,
      9,
      14,
      11,
      13,
      14,
      10,
      3,
      7,
      12,
      7,
      10,
      2,
      4,
      13,
      4,
      10,
      6
    ]
  },
  "新华路派出所": {
    "time": [
      "06:14:10",
      "06:28:53",
      "06:43:18",
      "06:57:53",
      "07:13:37",
      "07:27:51",
      "07:42:17",
      "07:57:40",
      "08:12:41",
      "08:27:42",
      "08:42:52",
      "08:58:38",
      "09:12:49",
      "09:27:58",
      "09:42:28",
      "09:56:50",
      "10:12:03",
      "10:27:44",
      "10:42:27",
      "10:57:04",
      "11:11:56",
      "11:26:49",
      "11:41:25",
      "11:55:44",
      "12:10:05",
      "12:24:51",
      "12:40:11",
      "12:54:27",
      "13:09:37",
      "13:24:39",
      "13:40:11",
      "13:55:11",
      "14:10:44",
      "14:25:14",
      "14:39:42",
      "14:54:43",
      "15:09:05",
      "15:24:05",
      "15:39:06",
      "15:54:45",
      "16:09:17",
      "16:24:39",
      "16:38:49",
      "16:54:31",
      "17:09:50",
      "17:24:21",
      "17:40:06",
      "17:55:06",
      "18:09:32",
      "18:25:02",
      "18:39:40",
      "18:54:19",
      "19:10:07",
      "19:25:19",
      "19:40:24",
      "19:55:25",
      "20:10:54",
      "20:25:05",
      "20:39:28",
      "20:55:13",
      "21:10:10",
      "21:24:25",
      "21:40:12",
      "21:55:54",
      "22:10:14"
    ],
    "board": [
      13,
      15,
      4,
      4,
      12,
      5,
      6,
      2,
      10,
      14,
      1,
      7,
      14,
      4,
      14,
      1,
      5,
      1,
      3,
      10,
      13,
      9,
      7,
      6,
      9,
      8,
      13,
      9,
      5,
      14,
      8,
      7,
      3,
      10,
      13,
      9,
      4,
      9,
      12,
      12,
      4,
      7,
      8,
      2,
      8,
      15,
      7,
      8,
      2,
      9,
      6,
      11,
      10,
      5,
      2,
      9,
      4,
      4,
      10,
      12,
      2,
      0,
      14,
      7,
      2
    ],
    "alight": [
      8,
      11,
      0,
      12,
      9,
      13,
      2,
      0,
      0,
      5,
      9,
      10,
      15,
      2,
      13,
      15,
      1,
      2,
      9,
      14,
      15,
      9,
      15,
      6,
      8,
      8,
      11,
      11,
      12,
      0,
      11,
      11,
      10,
      12,
      12,
      6,
      2,
      14,
      4,
      5,
      7,
      4,
      13,
      8,
      7,
      4,
      13,
      13,
      1,
      0,
      13,
      10,
      0,
      13,
      15,
      12,
      3,
      1,
      1,
      11,
      3,
      7,
      14,
      8,
      5
    ]
  },
  "贵阳市南明区农业农村和水利局": {
    "time": [
      "06:14:10",
      "06:28:53",
      "06:43:18",
      "06:57:53",
      "07:13:37",
      "07:27:51",
      "07:42:17",
      "07:57:40",
      "08:12:41",
      "08:27:42",
      "08:42:52",
      "08:58:38",
      "09:12:49",
      "09:27:58",
      "09:42:28",
      "09:56:50",
      "10:12:03",
      "10:27:44",
      "10:42:27",
      "10:57:04",
      "11:11:56",
      "11:26:49",
      "11:41:25",
      "11:55:44",
      "12:10:05",
      "12:24:51",
      "12:40:11",
      "12:54:27",
      "13:09:37",
      "13:24:39",
      "13:40:11",
      "13:55:11",
      "14:10:44",
      "14:25:14",
      "14:39:42",
      "14:54:43",
      "15:09:05",
      "15:24:05",
      "15:39:06",
      "15:54:45",
      "16:09:17",
      "16:24:39",
      "16:38:49",
      "16:54:31",
      "17:09:50",
      "17:24:21",
      "17:40:06",
      "17:55:06",
      "18:09:32",
      "18:25:02",
      "18:39:40",
      "18:54:19",
      "19:10:07",
      "19:25:19",
      "19:40:24",
      "19:55:25",
      "20:10:54",
      "20:25:05",
      "20:39:28",
      "20:55:13",
      "21:10:10",
      "21:24:25",
      "21:40:12",
      "21:55:54",
      "22:10:14"
    ],
    "board": [
      7,
      14,
      5,
      3,
      9,
      11,
      12,
      4,
      11,
      10,
      4,
      2,
      11,
      14,
      2,
      12,
      4,
      13,
      12,
      5,
      11,
      8,
      12,
      12,
      14,
      0,
      9,
      1,
      13,
      3,
      12,
      1,
      11,
      5,
      0,
      7,
      9,
      3,
      14,
      0,
      13,
      4,
      4,
      0,
      1,
      1,
      8,
      4,
      5,
      10,
      9,
      10,
      1,
      3,
      4,
      4,
      14,
      0,
      2,
      0,
      13,
      0,
      7,
      9,
      7
    ],
    "alight": [
      15,
      6,
      10,
      5,
      8,
      12,
      13,
      5,
      0,
      1,
      8,
      0,
      8,
      1,
      10,
      0,
      8,
      12,
      6,
      5,
      12,
      12,
      0,
      12,
      4,
      12,
      7,
      11,
      1,
      4,
      12,
      3,
      8,
      10,
      8,
      0,
      10,
      5,
      11,
      2,
      15,
      10,
      10,
      14,
      14,
      15,
      14,
      5,
      1,
      0,
      9,
      8,
      3,
      11,
      10,
      2,
      12,
      8,
      10,
      7,
      9,
      0,
      5,
      13,
      12
    ]
  },
  "云舒酒店(贵阳甲秀楼中山西路地铁店)": {
    "time": [
      "06:14:10",
      "06:28:53",
      "06:43:18",
      "06:57:53",
      "07:13:37",
      "07:27:51",
      "07:42:17",
      "07:57:40",
      "08:12:41",
      "08:27:42",
      "08:42:52",
      "08:58:38",
      "09:12:49",
      "09:27:58",
      "09:42:28",
      "09:56:50",
      "10:12:03",
      "10:27:44",
      "10:42:27",
      "10:57:04",
      "11:11:56",
      "11:26:49",
      "11:41:25",
      "11:55:44",
      "12:10:05",
      "12:24:51",
      "12:40:11",
      "12:54:27",
      "13:09:37",
      "13:24:39",
      "13:40:11",
      "13:55:11",
      "14:10:44",
      "14:25:14",
      "14:39:42",
      "14:54:43",
      "15:09:05",
      "15:24:05",
      "15:39:06",
      "15:54:45",
      "16:09:17",
      "16:24:39",
      "16:38:49",
      "16:54:31",
      "17:09:50",
      "17:24:21",
      "17:40:06",
      "17:55:06",
      "18:09:32",
      "18:25:02",
      "18:39:40",
      "18:54:19",
      "19:10:07",
      "19:25:19",
      "19:40:24",
      "19:55:25",
      "20:10:54",
      "20:25:05",
      "20:39:28",
      "20:55:13",
      "21:10:10",
      "21:24:25",
      "21:40:12",
      "21:55:54",
      "22:10:14"
    ],
    "board": [
      0,
      2,
      2,
      4,
      8,
      1,
      15,
      14,
      5,
      11,
      9,
      7,
      9,
      12,
      11,
      2,
      9,
      3,
      1,
      5,
      7,
      0,
      0,
      14,
      0,
      15,
      12,
      8,
      10,
      4,
      0,
      3,
      9,
      6,
      14,
      4,
      10,
      10,
      3,
      7,
      15,
      11,
      13,
      6,
      8,
      11,
      14,
      9,
      2,
      3,
      14,
      9,
      12,
      7,
      8,
      1,
      9,
      8,
      12,
      2,
      1,
      0,
      0,
      12,
      3
    ],
    "alight": [
      11,
      12,
      7,
      11,
      4,
      2,
      13,
      14,
      5,
      6,
      6,
      5,
      0,
      6,
      4,
      12,
      6,
      9,
      12,
      2,
      8,
      6,
      11,
      12,
      10,
      0,
      14,
      4,
      5,
      11,
      3,
      11,
      12,
      6,
      5,
      14,
      2,
      6,
      5,
      7,
      14,
      5,
      11,
      15,
      15,
      7,
      9,
      9,
      4,
      1,
      13,
      2,
      15,
      14,
      9,
      13,
      6,
      15,
      2,
      8,
      12,
      0,
      8,
      15,
      0
    ]
  },
  "雅芳口腔": {
    "time": [
      "06:14:10",
      "06:28:53",
      "06:43:18",
      "06:57:53",
      "07:13:37",
      "07:27:51",
      "07:42:17",
      "07:57:40",
      "08:12:41",
      "08:27:42",
      "08:42:52",
      "08:58:38",
      "09:12:49",
      "09:27:58",
      "09:42:28",
      "09:56:50",
      "10:12:03",
      "10:27:44",
      "10:42:27",
      "10:57:04",
      "11:11:56",
      "11:26:49",
      "11:41:25",
      "11:55:44",
      "12:10:05",
      "12:24:51",
      "12:40:11",
      "12:54:27",
      "13:09:37",
      "13:24:39",
      "13:40:11",
      "13:55:11",
      "14:10:44",
      "14:25:14",
      "14:39:42",
      "14:54:43",
      "15:09:05",
      "15:24:05",
      "15:39:06",
      "15:54:45",
      "16:09:17",
      "16:24:39",
      "16:38:49",
      "16:54:31",
      "17:09:50",
      "17:24:21",
      "17:40:06",
      "17:55:06",
      "18:09:32",
      "18:25:02",
      "18:39:40",
      "18:54:19",
      "19:10:07",
      "19:25:19",
      "19:40:24",
      "19:55:25",
      "20:10:54",
      "20:25:05",
      "20:39:28",
      "20:55:13",
      "21:10:10",
      "21:24:25",
      "21:40:12",
      "21:55:54",
      "22:10:14"
    ],
    "board": [
      9,
      11,
      10,
      6,
      10,
      10,
      14,
      1,
      13,
      0,
      3,
      5,
      3,
      13,
      4,
      0,
      2,
      11,
      4,
      7,
      7,
      5,
      8,
      10,
      14,
      3,
      6,
      2,
      7,
      6,
      1,
      7,
      14,
      11,
      4,
      2,
      2,
      12,
      2,
      12,
      4,
      10,
      11,
      0,
      5,
      0,
      11,
      11,
      10,
      0,
      7,
      14,
      12,
      14,
      11,
      7,
      5,
      6,
      14,
      12,
      14,
      3,
      4,
      4,
      0
    ],
    "alight": [
      8,
      3,
      12,
      13,
      3,
      10,
      14,
      9,
      0,
      15,
      13,
      9,
      9,
      9,
      13,
      8,
      1,
      10,
      7,
      9,
      3,
      10,
      3,
      8,
      6,
      2,
      2,
      8,
      1,
      11,
      9,
      14,
      13,
      3,
      5,
      2,
      14,
      12,
      14,
      7,
      15,
      4,
      9,
      13,
      2,
      4,
      5,
      13,
      13,
      12,
      2,
      2,
      9,
      9,
      12,
      13,
      15,
      2,
      2,
      8,
      12,
      0,
      15,
      6,
      5
    ]
  },
  "格林作文": {
    "time": [
      "06:14:10",
      "06:28:53",
      "06:43:18",
      "06:57:53",
      "07:13:37",
      "07:27:51",
      "07:42:17",
      "07:57:40",
      "08:12:41",
      "08:27:42",
      "08:42:52",
      "08:58:38",
      "09:12:49",
      "09:27:58",
      "09:42:28",
      "09:56:50",
      "10:12:03",
      "10:27:44",
      "10:42:27",
      "10:57:04",
      "11:11:56",
      "11:26:49",
      "11:41:25",
      "11:55:44",
      "12:10:05",
      "12:24:51",
      "12:40:11",
      "12:54:27",
      "13:09:37",
      "13:24:39",
      "13:40:11",
      "13:55:11",
      "14:10:44",
      "14:25:14",
      "14:39:42",
      "14:54:43",
      "15:09:05",
      "15:24:05",
      "15:39:06",
      "15:54:45",
      "16:09:17",
      "16:24:39",
      "16:38:49",
      "16:54:31",
      "17:09:50",
      "17:24:21",
      "17:40:06",
      "17:55:06",
      "18:09:32",
      "18:25:02",
      "18:39:40",
      "18:54:19",
      "19:10:07",
      "19:25:19",
      "19:40:24",
      "19:55:25",
      "20:10:54",
      "20:25:05",
      "20:39:28",
      "20:55:13",
      "21:10:10",
      "21:24:25",
      "21:40:12",
      "21:55:54",
      "22:10:14"
    ],
    "board": [
      1,
      7,
      10,
      2,
      15,
      2,
      11,
      13,
      10,
      0,
      4,
      13,
      7,
      8,
      12,
      15,
      15,
      2,
      6,
      10,
      14,
      13,
      6,
      5,
      15,
      6,
      7,
      4,
      3,
      14,
      2,
      11,
      4,
      4,
      11,
      12,
      2,
      14,
      4,
      7,
      15,
      8,
      3,
      8,
      15,
      11,
      13,
      10,
      0,
      6,
      13,
      5,
      0,
      10,
      1,
      6,
      2,
      15,
      9,
      14,
      2,
      8,
      15,
      1,
      11
    ],
    "alight": [
      14,
      12,
      13,
      15,
      0,
      1,
      8,
      10,
      1,
      1,
      5,
      2,
      13,
      6,
      6,
      5,
      0,
      0,
      15,
      1,
      6,
      14,
      9,
      6,
      10,
      8,
      7,
      11,
      14,
      5,
      5,
      3,
      3,
      0,
      10,
      11,
      1,
      14,
      5,
      0,
      1,
      14,
      3,
      5,
      14,
      4,
      10,
      2,
      4,
      3,
      10,
      10,
      10,
      2,
      12,
      12,
      4,
      6,
      6,
      4,
      14,
      0,
      3,
      8,
      11
    ]
  },
  "贵州中医药大学第一附属医院(第二门诊部)": {
    "time": [
      "06:14:10",
      "06:28:53",
      "06:43:18",
      "06:57:53",
      "07:13:37",
      "07:27:51",
      "07:42:17",
      "07:57:40",
      "08:12:41",
      "08:27:42",
      "08:42:52",
      "08:58:38",
      "09:12:49",
      "09:27:58",
      "09:42:28",
      "09:56:50",
      "10:12:03",
      "10:27:44",
      "10:42:27",
      "10:57:04",
      "11:11:56",
      "11:26:49",
      "11:41:25",
      "11:55:44",
      "12:10:05",
      "12:24:51",
      "12:40:11",
      "12:54:27",
      "13:09:37",
      "13:24:39",
      "13:40:11",
      "13:55:11",
      "14:10:44",
      "14:25:14",
      "14:39:42",
      "14:54:43",
      "15:09:05",
      "15:24:05",
      "15:39:06",
      "15:54:45",
      "16:09:17",
      "16:24:39",
      "16:38:49",
      "16:54:31",
      "17:09:50",
      "17:24:21",
      "17:40:06",
      "17:55:06",
      "18:09:32",
      "18:25:02",
      "18:39:40",
      "18:54:19",
      "19:10:07",
      "19:25:19",
      "19:40:24",
      "19:55:25",
      "20:10:54",
      "20:25:05",
      "20:39:28",
      "20:55:13",
      "21:10:10",
      "21:24:25",
      "21:40:12",
      "21:55:54",
      "22:10:14"
    ],
    "board": [
      8,
      0,
      15,
      9,
      4,
      15,
      0,
      1,
      8,
      12,
      3,
      7,
      7,
      15,
      7,
      7,
      4,
      7,
      7,
      10,
      1,
      2,
      14,
      9,
      14,
      15,
      2,
      14,
      8,
      5,
      1,
      11,
      6,
      3,
      2,
      1,
      15,
      10,
      1,
      6,
      13,
      15,
      15,
      5,
      8,
      8,
      3,
      5,
      7,
      5,
      11,
      5,
      6,
      13,
      7,
      12,
      10,
      14,
      0,
      4,
      0,
      14,
      10,
      5,
      0
    ],
    "alight": [
      13,
      15,
      14,
      12,
      11,
      0,
      12,
      4,
      5,
      10,
      10,
      1,
      5,
      11,
      10,
      11,
      5,
      7,
      6,
      10,
      7,
      14,
      12,
      5,
      5,
      13,
      4,
      0,
      7,
      8,
      10,
      2,
      12,
      13,
      11,
      14,
      15,
      10,
      3,
      6,
      6,
      4,
      10,
      2,
      15,
      1,
      2,
      10,
      6,
      4,
      9,
      7,
      3,
      0,
      2,
      14,
      6,
      4,
      4,
      15,
      13,
      14,
      7,
      11,
      6
    ]
  },
  "约森龙虾": {
    "time": [
      "06:14:10",
      "06:28:53",
      "06:43:18",
      "06:57:53",
      "07:13:37",
      "07:27:51",
      "07:42:17",
      "07:57:40",
      "08:12:41",
      "08:27:42",
      "08:42:52",
      "08:58:38",
      "09:12:49",
      "09:27:58",
      "09:42:28",
      "09:56:50",
      "10:12:03",
      "10:27:44",
      "10:42:27",
      "10:57:04",
      "11:11:56",
      "11:26:49",
      "11:41:25",
      "11:55:44",
      "12:10:05",
      "12:24:51",
      "12:40:11",
      "12:54:27",
      "13:09:37",
      "13:24:39",
      "13:40:11",
      "13:55:11",
      "14:10:44",
      "14:25:14",
      "14:39:42",
      "14:54:43",
      "15:09:05",
      "15:24:05",
      "15:39:06",
      "15:54:45",
      "16:09:17",
      "16:24:39",
      "16:38:49",
      "16:54:31",
      "17:09:50",
      "17:24:21",
      "17:40:06",
      "17:55:06",
      "18:09:32",
      "18:25:02",
      "18:39:40",
      "18:54:19",
      "19:10:07",
      "19:25:19",
      "19:40:24",
      "19:55:25",
      "20:10:54",
      "20:25:05",
      "20:39:28",
      "20:55:13",
      "21:10:10",
      "21:24:25",
      "21:40:12",
      "21:55:54",
      "22:10:14"
    ],
    "board": [
      13,
      14,
      11,
      12,
      15,
      1,
      3,
      10,
      14,
      6,
      1,
      14,
      1,
      8,
      10,
      15,
      5,
      8,
      3,
      3,
      15,
      4,
      14,
      0,
      10,
      7,
      5,
      12,
      3,
      6,
      11,
      13,
      7,
      9,
      0,
      13,
      10,
      14,
      4,
      3,
      7,
      15,
      2,
      3,
      9,
      0,
      2,
      9,
      5,
      8,
      12,
      2,
      1,
      8,
      15,
      15,
      15,
      0,
      3,
      12,
      0,
      9,
      7,
      9,
      3
    ],
    "alight": [
      12,
      5,
      5,
      10,
      0,
      10,
      1,
      8,
      5,
      15,
      4,
      13,
      8,
      10,
      0,
      8,
      1,
      7,
      2,
      3,
      2,
      14,
      7,
      4,
      6,
      11,
      7,
      9,
      15,
      1,
      12,
      14,
      1,
      5,
      12,
      3,
      9,
      13,
      1,
      9,
      10,
      4,
      4,
      6,
      1,
      0,
      6,
      8,
      12,
      3,
      15,
      13,
      10,
      14,
      11,
      13,
      7,
      5,
      9,
      6,
      6,
      7,
      5,
      1,
      8
    ]
  },
  "贵州天怡豪生大酒店": {
    "time": [
      "06:14:10",
      "06:28:53",
      "06:43:18",
      "06:57:53",
      "07:13:37",
      "07:27:51",
      "07:42:17",
      "07:57:40",
      "08:12:41",
      "08:27:42",
      "08:42:52",
      "08:58:38",
      "09:12:49",
      "09:27:58",
      "09:42:28",
      "09:56:50",
      "10:12:03",
      "10:27:44",
      "10:42:27",
      "10:57:04",
      "11:11:56",
      "11:26:49",
      "11:41:25",
      "11:55:44",
      "12:10:05",
      "12:24:51",
      "12:40:11",
      "12:54:27",
      "13:09:37",
      "13:24:39",
      "13:40:11",
      "13:55:11",
      "14:10:44",
      "14:25:14",
      "14:39:42",
      "14:54:43",
      "15:09:05",
      "15:24:05",
      "15:39:06",
      "15:54:45",
      "16:09:17",
      "16:24:39",
      "16:38:49",
      "16:54:31",
      "17:09:50",
      "17:24:21",
      "17:40:06",
      "17:55:06",
      "18:09:32",
      "18:25:02",
      "18:39:40",
      "18:54:19",
      "19:10:07",
      "19:25:19",
      "19:40:24",
      "19:55:25",
      "20:10:54",
      "20:25:05",
      "20:39:28",
      "20:55:13",
      "21:10:10",
      "21:24:25",
      "21:40:12",
      "21:55:54",
      "22:10:14"
    ],
    "board": [
      13,
      10,
      4,
      10,
      1,
      5,
      8,
      1,
      1,
      5,
      10,
      4,
      5,
      14,
      12,
      11,
      6,
      11,
      5,
      12,
      5,
      1,
      8,
      13,
      5,
      11,
      7,
      3,
      3,
      5,
      14,
      13,
      12,
      12,
      5,
      10,
      15,
      6,
      0,
      7,
      4,
      2,
      1,
      10,
      14,
      1,
      4,
      1,
      3,
      15,
      1,
      3,
      14,
      5,
      4,
      3,
      4,
      4,
      9,
      12,
      7,
      12,
      13,
      0,
      3
    ],
    "alight": [
      4,
      14,
      1,
      6,
      5,
      3,
      2,
      6,
      1,
      2,
      9,
      6,
      3,
      13,
      14,
      3,
      7,
      12,
      1,
      9,
      0,
      9,
      5,
      4,
      6,
      0,
      2,
      2,
      8,
      6,
      13,
      11,
      5,
      6,
      8,
      12,
      5,
      14,
      4,
      3,
      15,
      1,
      11,
      5,
      4,
      2,
      9,
      10,
      6,
      6,
      6,
      4,
      14,
      15,
      1,
      14,
      0,
      0,
      0,
      6,
      11,
      5,
      14,
      6,
      6
    ]
  },
  "贵州省计量测试院": {
    "time": [
      "06:14:10",
      "06:28:53",
      "06:43:18",
      "06:57:53",
      "07:13:37",
      "07:27:51",
      "07:42:17",
      "07:57:40",
      "08:12:41",
      "08:27:42",
      "08:42:52",
      "08:58:38",
      "09:12:49",
      "09:27:58",
      "09:42:28",
      "09:56:50",
      "10:12:03",
      "10:27:44",
      "10:42:27",
      "10:57:04",
      "11:11:56",
      "11:26:49",
      "11:41:25",
      "11:55:44",
      "12:10:05",
      "12:24:51",
      "12:40:11",
      "12:54:27",
      "13:09:37",
      "13:24:39",
      "13:40:11",
      "13:55:11",
      "14:10:44",
      "14:25:14",
      "14:39:42",
      "14:54:43",
      "15:09:05",
      "15:24:05",
      "15:39:06",
      "15:54:45",
      "16:09:17",
      "16:24:39",
      "16:38:49",
      "16:54:31",
      "17:09:50",
      "17:24:21",
      "17:40:06",
      "17:55:06",
      "18:09:32",
      "18:25:02",
      "18:39:40",
      "18:54:19",
      "19:10:07",
      "19:25:19",
      "19:40:24",
      "19:55:25",
      "20:10:54",
      "20:25:05",
      "20:39:28",
      "20:55:13",
      "21:10:10",
      "21:24:25",
      "21:40:12",
      "21:55:54",
      "22:10:14"
    ],
    "board": [
      11,
      13,
      2,
      15,
      11,
      8,
      15,
      3,
      0,
      11,
      12,
      11,
      9,
      1,
      15,
      8,
      12,
      8,
      9,
      13,
      5,
      4,
      14,
      6,
      12,
      1,
      14,
      4,
      14,
      3,
      15,
      11,
      13,
      7,
      14,
      10,
      8,
      2,
      9,
      10,
      7,
      8,
      6,
      14,
      13,
      7,
      9,
      4,
      1,
      13,
      4,
      7,
      12,
      7,
      7,
      13,
      0,
      7,
      4,
      9,
      10,
      3,
      8,
      8,
      12
    ],
    "alight": [
      7,
      15,
      1,
      1,
      10,
      15,
      12,
      7,
      5,
      11,
      14,
      3,
      11,
      14,
      4,
      13,
      13,
      4,
      15,
      2,
      10,
      0,
      1,
      11,
      11,
      11,
      1,
      2,
      2,
      13,
      12,
      5,
      7,
      15,
      5,
      4,
      14,
      6,
      8,
      6,
      0,
      2,
      3,
      0,
      4,
      1,
      5,
      3,
      5,
      6,
      7,
      7,
      5,
      2,
      6,
      10,
      10,
      11,
      7,
      8,
      4,
      5,
      1,
      11,
      9
    ]
  },
  "二桥": {
    "time": [
      "06:14:10",
      "06:28:53",
      "06:43:18",
      "06:57:53",
      "07:13:37",
      "07:27:51",
      "07:42:17",
      "07:57:40",
      "08:12:41",
      "08:27:42",
      "08:42:52",
      "08:58:38",
      "09:12:49",
      "09:27:58",
      "09:42:28",
      "09:56:50",
      "10:12:03",
      "10:27:44",
      "10:42:27",
      "10:57:04",
      "11:11:56",
      "11:26:49",
      "11:41:25",
      "11:55:44",
      "12:10:05",
      "12:24:51",
      "12:40:11",
      "12:54:27",
      "13:09:37",
      "13:24:39",
      "13:40:11",
      "13:55:11",
      "14:10:44",
      "14:25:14",
      "14:39:42",
      "14:54:43",
      "15:09:05",
      "15:24:05",
      "15:39:06",
      "15:54:45",
      "16:09:17",
      "16:24:39",
      "16:38:49",
      "16:54:31",
      "17:09:50",
      "17:24:21",
      "17:40:06",
      "17:55:06",
      "18:09:32",
      "18:25:02",
      "18:39:40",
      "18:54:19",
      "19:10:07",
      "19:25:19",
      "19:40:24",
      "19:55:25",
      "20:10:54",
      "20:25:05",
      "20:39:28",
      "20:55:13",
      "21:10:10",
      "21:24:25",
      "21:40:12",
      "21:55:54",
      "22:10:14"
    ],
    "board": [
      10,
      8,
      0,
      13,
      13,
      10,
      10,
      10,
      10,
      9,
      4,
      9,
      4,
      9,
      9,
      2,
      7,
      9,
      8,
      1,
      11,
      10,
      10,
      3,
      9,
      11,
      8,
      12,
      10,
      13,
      1,
      1,
      4,
      0,
      6,
      6,
      3,
      1,
      13,
      13,
      6,
      13,
      4,
      13,
      10,
      12,
      15,
      6,
      10,
      13,
      6,
      7,
      6,
      3,
      8,
      8,
      9,
      6,
      3,
      1,
      5,
      9,
      8,
      14,
      11
    ],
    "alight": [
      12,
      0,
      8,
      15,
      13,
      5,
      4,
      5,
      7,
      12,
      2,
      11,
      1,
      15,
      14,
      13,
      2,
      4,
      9,
      2,
      10,
      1,
      12,
      1,
      13,
      2,
      3,
      2,
      2,
      0,
      3,
      3,
      3,
      2,
      10,
      11,
      13,
      10,
      8,
      8,
      10,
      3,
      1,
      6,
      11,
      11,
      7,
      9,
      15,
      9,
      11,
      14,
      9,
      6,
      7,
      9,
      4,
      7,
      12,
      15,
      7,
      2,
      11,
      12,
      9
    ]
  },
  "苏记烤鱼海鲜城": {
    "time": [
      "06:14:10",
      "06:28:53",
      "06:43:18",
      "06:57:53",
      "07:13:37",
      "07:27:51",
      "07:42:17",
      "07:57:40",
      "08:12:41",
      "08:27:42",
      "08:42:52",
      "08:58:38",
      "09:12:49",
      "09:27:58",
      "09:42:28",
      "09:56:50",
      "10:12:03",
      "10:27:44",
      "10:42:27",
      "10:57:04",
      "11:11:56",
      "11:26:49",
      "11:41:25",
      "11:55:44",
      "12:10:05",
      "12:24:51",
      "12:40:11",
      "12:54:27",
      "13:09:37",
      "13:24:39",
      "13:40:11",
      "13:55:11",
      "14:10:44",
      "14:25:14",
      "14:39:42",
      "14:54:43",
      "15:09:05",
      "15:24:05",
      "15:39:06",
      "15:54:45",
      "16:09:17",
      "16:24:39",
      "16:38:49",
      "16:54:31",
      "17:09:50",
      "17:24:21",
      "17:40:06",
      "17:55:06",
      "18:09:32",
      "18:25:02",
      "18:39:40",
      "18:54:19",
      "19:10:07",
      "19:25:19",
      "19:40:24",
      "19:55:25",
      "20:10:54",
      "20:25:05",
      "20:39:28",
      "20:55:13",
      "21:10:10",
      "21:24:25",
      "21:40:12",
      "21:55:54",
      "22:10:14"
    ],
    "board": [
      1,
      14,
      1,
      14,
      11,
      13,
      10,
      7,
      10,
      13,
      12,
      0,
      9,
      13,
      0,
      2,
      5,
      10,
      4,
      11,
      6,
      1,
      1,
      7,
      1,
      6,
      5,
      2,
      3,
      6,
      1,
      4,
      3,
      12,
      2,
      0,
      4,
      8,
      8,
      3,
      11,
      9,
      13,
      6,
      0,
      7,
      11,
      4,
      2,
      7,
      12,
      3,
      7,
      9,
      13,
      10,
      13,
      8,
      0,
      10,
      9,
      14,
      15,
      14,
      3
    ],
    "alight": [
      12,
      13,
      6,
      1,
      11,
      2,
      10,
      3,
      12,
      1,
      2,
      9,
      11,
      8,
      5,
      13,
      7,
      1,
      3,
      3,
      0,
      0,
      1,
      11,
      0,
      8,
      1,
      1,
      5,
      7,
      11,
      7,
      12,
      2,
      10,
      1,
      7,
      0,
      5,
      3,
      4,
      9,
      0,
      0,
      15,
      11,
      1,
      9,
      6,
      14,
      1,
      9,
      15,
      3,
      4,
      4,
      3,
      8,
      5,
      13,
      6,
      12,
      2,
      15,
      1
    ]
  },
  "红牌铁板烧": {
    "time": [
      "06:14:10",
      "06:28:53",
      "06:43:18",
      "06:57:53",
      "07:13:37",
      "07:27:51",
      "07:42:17",
      "07:57:40",
      "08:12:41",
      "08:27:42",
      "08:42:52",
      "08:58:38",
      "09:12:49",
      "09:27:58",
      "09:42:28",
      "09:56:50",
      "10:12:03",
      "10:27:44",
      "10:42:27",
      "10:57:04",
      "11:11:56",
      "11:26:49",
      "11:41:25",
      "11:55:44",
      "12:10:05",
      "12:24:51",
      "12:40:11",
      "12:54:27",
      "13:09:37",
      "13:24:39",
      "13:40:11",
      "13:55:11",
      "14:10:44",
      "14:25:14",
      "14:39:42",
      "14:54:43",
      "15:09:05",
      "15:24:05",
      "15:39:06",
      "15:54:45",
      "16:09:17",
      "16:24:39",
      "16:38:49",
      "16:54:31",
      "17:09:50",
      "17:24:21",
      "17:40:06",
      "17:55:06",
      "18:09:32",
      "18:25:02",
      "18:39:40",
      "18:54:19",
      "19:10:07",
      "19:25:19",
      "19:40:24",
      "19:55:25",
      "20:10:54",
      "20:25:05",
      "20:39:28",
      "20:55:13",
      "21:10:10",
      "21:24:25",
      "21:40:12",
      "21:55:54",
      "22:10:14"
    ],
    "board": [
      11,
      8,
      7,
      9,
      14,
      10,
      15,
      9,
      5,
      6,
      5,
      7,
      9,
      5,
      2,
      6,
      12,
      11,
      15,
      0,
      10,
      9,
      12,
      14,
      6,
      3,
      6,
      8,
      1,
      10,
      1,
      13,
      14,
      13,
      1,
      12,
      3,
      11,
      11,
      8,
      1,
      0,
      4,
      14,
      1,
      3,
      0,
      12,
      15,
      7,
      14,
      12,
      3,
      15,
      6,
      12,
      1,
      1,
      12,
      15,
      14,
      7,
      15,
      2,
      10
    ],
    "alight": [
      10,
      12,
      13,
      2,
      14,
      4,
      11,
      12,
      12,
      4,
      13,
      4,
      14,
      11,
      4,
      0,
      7,
      6,
      5,
      1,
      15,
      9,
      5,
      15,
      4,
      2,
      4,
      7,
      11,
      1,
      3,
      6,
      8,
      3,
      9,
      4,
      3,
      13,
      15,
      6,
      3,
      12,
      15,
      11,
      10,
      6,
      2,
      4,
      6,
      11,
      5,
      0,
      3,
      7,
      2,
      13,
      0,
      2,
      1,
      5,
      2,
      6,
      14,
      2,
      7
    ]
  },
  "回春堂理疗康复中心": {
    "time": [
      "06:14:10",
      "06:28:53",
      "06:43:18",
      "06:57:53",
      "07:13:37",
      "07:27:51",
      "07:42:17",
      "07:57:40",
      "08:12:41",
      "08:27:42",
      "08:42:52",
      "08:58:38",
      "09:12:49",
      "09:27:58",
      "09:42:28",
      "09:56:50",
      "10:12:03",
      "10:27:44",
      "10:42:27",
      "10:57:04",
      "11:11:56",
      "11:26:49",
      "11:41:25",
      "11:55:44",
      "12:10:05",
      "12:24:51",
      "12:40:11",
      "12:54:27",
      "13:09:37",
      "13:24:39",
      "13:40:11",
      "13:55:11",
      "14:10:44",
      "14:25:14",
      "14:39:42",
      "14:54:43",
      "15:09:05",
      "15:24:05",
      "15:39:06",
      "15:54:45",
      "16:09:17",
      "16:24:39",
      "16:38:49",
      "16:54:31",
      "17:09:50",
      "17:24:21",
      "17:40:06",
      "17:55:06",
      "18:09:32",
      "18:25:02",
      "18:39:40",
      "18:54:19",
      "19:10:07",
      "19:25:19",
      "19:40:24",
      "19:55:25",
      "20:10:54",
      "20:25:05",
      "20:39:28",
      "20:55:13",
      "21:10:10",
      "21:24:25",
      "21:40:12",
      "21:55:54",
      "22:10:14"
    ],
    "board": [
      0,
      5,
      2,
      0,
      0,
      0,
      0,
      1,
      0,
      0,
      0,
      0,
      0,
      0,
      0,
      0,
      0,
      0,
      0,
      0,
      0,
      0,
      0,
      0,
      2,
      0,
      0,
      0,
      0,
      0,
      0,
      0,
      0,
      0,
      0,
      0,
      5,
      0,
      4,
      0,
      0,
      0,
      0,
      0,
      0,
      1,
      0,
      0,
      0,
      0,
      0,
      0,
      0,
      0,
      1,
      0,
      0,
      1,
      1,
      0,
      0,
      0,
      5,
      0,
      0
    ],
    "alight": [
      11,
      15,
      14,
      14,
      2,
      14,
      1,
      5,
      8,
      7,
      0,
      7,
      5,
      15,
      2,
      10,
      12,
      5,
      6,
      9,
      2,
      0,
      1,
      10,
      1,
      0,
      13,
      6,
      10,
      14,
      6,
      4,
      1,
      4,
      11,
      1,
      15,
      12,
      2,
      6,
      3,
      4,
      1,
      0,
      12,
      6,
      9,
      14,
      10,
      4,
      12,
      5,
      10,
      15,
      5,
      15,
      10,
      9,
      8,
      5,
      1,
      9,
      15,
      12,
      10
    ]
  },
  "三桥派出所警务室": {
    "time": [
      "06:14:10",
      "06:28:53",
      "06:43:18",
      "06:57:53",
      "07:13:37",
      "07:27:51",
      "07:42:17",
      "07:57:40",
      "08:12:41",
      "08:27:42",
      "08:42:52",
      "08:58:38",
      "09:12:49",
      "09:27:58",
      "09:42:28",
      "09:56:50",
      "10:12:03",
      "10:27:44",
      "10:42:27",
      "10:57:04",
      "11:11:56",
      "11:26:49",
      "11:41:25",
      "11:55:44",
      "12:10:05",
      "12:24:51",
      "12:40:11",
      "12:54:27",
      "13:09:37",
      "13:24:39",
      "13:40:11",
      "13:55:11",
      "14:10:44",
      "14:25:14",
      "14:39:42",
      "14:54:43",
      "15:09:05",
      "15:24:05",
      "15:39:06",
      "15:54:45",
      "16:09:17",
      "16:24:39",
      "16:38:49",
      "16:54:31",
      "17:09:50",
      "17:24:21",
      "17:40:06",
      "17:55:06",
      "18:09:32",
      "18:25:02",
      "18:39:40",
      "18:54:19",
      "19:10:07",
      "19:25:19",
      "19:40:24",
      "19:55:25",
      "20:10:54",
      "20:25:05",
      "20:39:28",
      "20:55:13",
      "21:10:10",
      "21:24:25",
      "21:40:12",
      "21:55:54",
      "22:10:14"
    ],
    "board": [
      0,
      0,
      0,
      0,
      0,
      0,
      2,
      0,
      0,
      0,
      0,
      0,
      1,
      0,
      0,
      0,
      0,
      0,
      0,
      0,
      0,
      0,
      0,
      0,
      0,
      0,
      0,
      0,
      0,
      0,
      0,
      0,
      0,
      0,
      0,
      0,
      0,
      0,
      0,
      0,
      0,
      0,
      0,
      0,
      0,
      0,
      0,
      0,
      2,
      0,
      3,
      0,
      0,
      0,
      0,
      0,
      0,
      0,
      0,
      0,
      0,
      0,
      0,
      0,
      0
    ],
    "alight": [
      14,
      15,
      7,
      10,
      2,
      14,
      14,
      3,
      8,
      0,
      8,
      12,
      2,
      12,
      3,
      14,
      12,
      8,
      2,
      12,
      4,
      1,
      7,
      4,
      13,
      2,
      8,
      15,
      7,
      12,
      5,
      2,
      8,
      12,
      14,
      6,
      1,
      10,
      12,
      13,
      9,
      14,
      8,
      1,
      15,
      5,
      4,
      8,
      5,
      3,
      3,
      5,
      3,
      7,
      0,
      1,
      15,
      12,
      12,
      7,
      4,
      4,
      4,
      11,
      0
    ]
  },
  "贵阳市云岩区雅关幼儿园(云璟分园)": {
    "time": [
      "06:14:10",
      "06:28:53",
      "06:43:18",
      "06:57:53",
      "07:13:37",
      "07:27:51",
      "07:42:17",
      "07:57:40",
      "08:12:41",
      "08:27:42",
      "08:42:52",
      "08:58:38",
      "09:12:49",
      "09:27:58",
      "09:42:28",
      "09:56:50",
      "10:12:03",
      "10:27:44",
      "10:42:27",
      "10:57:04",
      "11:11:56",
      "11:26:49",
      "11:41:25",
      "11:55:44",
      "12:10:05",
      "12:24:51",
      "12:40:11",
      "12:54:27",
      "13:09:37",
      "13:24:39",
      "13:40:11",
      "13:55:11",
      "14:10:44",
      "14:25:14",
      "14:39:42",
      "14:54:43",
      "15:09:05",
      "15:24:05",
      "15:39:06",
      "15:54:45",
      "16:09:17",
      "16:24:39",
      "16:38:49",
      "16:54:31",
      "17:09:50",
      "17:24:21",
      "17:40:06",
      "17:55:06",
      "18:09:32",
      "18:25:02",
      "18:39:40",
      "18:54:19",
      "19:10:07",
      "19:25:19",
      "19:40:24",
      "19:55:25",
      "20:10:54",
      "20:25:05",
      "20:39:28",
      "20:55:13",
      "21:10:10",
      "21:24:25",
      "21:40:12",
      "21:55:54",
      "22:10:14"
    ],
    "board": [
      0,
      0,
      0,
      0,
      0,
      2,
      0,
      2,
      0,
      0,
      0,
      0,
      0,
      0,
      0,
      0,
      0,
      0,
      0,
      0,
      0,
      0,
      0,
      0,
      0,
      0,
      0,
      0,
      0,
      0,
      0,
      0,
      0,
      0,
      0,
      0,
      0,
      0,
      0,
      0,
      0,
      0,
      0,
      2,
      0,
      0,
      0,
      0,
      0,
      0,
      2,
      0,
      0,
      0,
      0,
      0,
      0,
      2,
      0,
      0,
      0,
      0,
      0,
      0,
      0
    ],
    "alight": [
      2,
      15,
      3,
      0,
      3,
      4,
      2,
      5,
      4,
      15,
      10,
      0,
      4,
      10,
      10,
      0,
      6,
      10,
      8,
      11,
      15,
      11,
      2,
      5,
      9,
      14,
      4,
      4,
      11,
      1,
      5,
      8,
      5,
      9,
      2,
      0,
      11,
      7,
      12,
      3,
      5,
      1,
      0,
      10,
      5,
      5,
      11,
      1,
      0,
      15,
      4,
      2,
      11,
      6,
      9,
      13,
      4,
      9,
      1,
      12,
      4,
      3,
      15,
      1,
      13
    ]
  },
  "汽制服务站警务室": {
    "time": [
      "06:14:10",
      "06:28:53",
      "06:43:18",
      "06:57:53",
      "07:13:37",
      "07:27:51",
      "07:42:17",
      "07:57:40",
      "08:12:41",
      "08:27:42",
      "08:42:52",
      "08:58:38",
      "09:12:49",
      "09:27:58",
      "09:42:28",
      "09:56:50",
      "10:12:03",
      "10:27:44",
      "10:42:27",
      "10:57:04",
      "11:11:56",
      "11:26:49",
      "11:41:25",
      "11:55:44",
      "12:10:05",
      "12:24:51",
      "12:40:11",
      "12:54:27",
      "13:09:37",
      "13:24:39",
      "13:40:11",
      "13:55:11",
      "14:10:44",
      "14:25:14",
      "14:39:42",
      "14:54:43",
      "15:09:05",
      "15:24:05",
      "15:39:06",
      "15:54:45",
      "16:09:17",
      "16:24:39",
      "16:38:49",
      "16:54:31",
      "17:09:50",
      "17:24:21",
      "17:40:06",
      "17:55:06",
      "18:09:32",
      "18:25:02",
      "18:39:40",
      "18:54:19",
      "19:10:07",
      "19:25:19",
      "19:40:24",
      "19:55:25",
      "20:10:54",
      "20:25:05",
      "20:39:28",
      "20:55:13",
      "21:10:10",
      "21:24:25",
      "21:40:12",
      "21:55:54",
      "22:10:14"
    ],
    "board": [
      0,
      0,
      0,
      0,
      0,
      0,
      0,
      0,
      0,
      0,
      0,
      0,
      0,
      0,
      0,
      0,
      0,
      0,
      0,
      0,
      0,
      0,
      0,
      0,
      0,
      0,
      0,
      0,
      0,
      0,
      0,
      0,
      0,
      0,
      0,
      0,
      0,
      0,
      0,
      0,
      0,
      0,
      0,
      0,
      0,
      0,
      0,
      0,
      0,
      0,
      0,
      0,
      0,
      0,
      0,
      0,
      0,
      0,
      0,
      0,
      0,
      0,
      0,
      0,
      0
    ],
    "alight": [
      14,
      7,
      9,
      1,
      8,
      4,
      3,
      6,
      5,
      8,
      10,
      9,
      0,
      12,
      7,
      0,
      13,
      14,
      8,
      2,
      13,
      8,
      9,
      14,
      14,
      14,
      5,
      15,
      8,
      12,
      10,
      11,
      7,
      7,
      0,
      13,
      13,
      8,
      9,
      12,
      2,
      11,
      8,
      15,
      10,
      4,
      14,
      13,
      4,
      8,
      14,
      8,
      0,
      3,
      3,
      1,
      0,
      6,
      9,
      11,
      3,
      14,
      7,
      11,
      4
    ]
  },
  "金马路": {
    "time": [
      "06:14:10",
      "06:28:53",
      "06:43:18",
      "06:57:53",
      "07:13:37",
      "07:27:51",
      "07:42:17",
      "07:57:40",
      "08:12:41",
      "08:27:42",
      "08:42:52",
      "08:58:38",
      "09:12:49",
      "09:27:58",
      "09:42:28",
      "09:56:50",
      "10:12:03",
      "10:27:44",
      "10:42:27",
      "10:57:04",
      "11:11:56",
      "11:26:49",
      "11:41:25",
      "11:55:44",
      "12:10:05",
      "12:24:51",
      "12:40:11",
      "12:54:27",
      "13:09:37",
      "13:24:39",
      "13:40:11",
      "13:55:11",
      "14:10:44",
      "14:25:14",
      "14:39:42",
      "14:54:43",
      "15:09:05",
      "15:24:05",
      "15:39:06",
      "15:54:45",
      "16:09:17",
      "16:24:39",
      "16:38:49",
      "16:54:31",
      "17:09:50",
      "17:24:21",
      "17:40:06",
      "17:55:06",
      "18:09:32",
      "18:25:02",
      "18:39:40",
      "18:54:19",
      "19:10:07",
      "19:25:19",
      "19:40:24",
      "19:55:25",
      "20:10:54",
      "20:25:05",
      "20:39:28",
      "20:55:13",
      "21:10:10",
      "21:24:25",
      "21:40:12",
      "21:55:54",
      "22:10:14"
    ],
    "board": [
      0,
      0,
      0,
      0,
      0,
      0,
      0,
      0,
      0,
      0,
      0,
      0,
      0,
      0,
      0,
      0,
      0,
      0,
      0,
      0,
      0,
      0,
      0,
      0,
      0,
      0,
      0,
      0,
      0,
      0,
      0,
      0,
      0,
      0,
      0,
      0,
      0,
      0,
      0,
      0,
      0,
      0,
      0,
      0,
      0,
      0,
      0,
      0,
      0,
      0,
      0,
      0,
      0,
      0,
      0,
      0,
      0,
      0,
      0,
      0,
      0,
      0,
      0,
      0,
      0
    ],
    "alight": [
      10,
      11,
      5,
      8,
      13,
      13,
      3,
      3,
      15,
      6,
      5,
      11,
      9,
      5,
      13,
      6,
      7,
      8,
      8,
      8,
      14,
      6,
      12,
      11,
      14,
      3,
      14,
      11,
      12,
      13,
      11,
      5,
      13,
      8,
      15,
      8,
      0,
      5,
      5,
      12,
      14,
      14,
      3,
      4,
      6,
      13,
      0,
      2,
      12,
      12,
      10,
      9,
      0,
      12,
      13,
      14,
      15,
      2,
      4,
      4,
      9,
      8,
      14,
      5,
      2
    ]
  }
}