{
  "东盟营造公司": 743,
  "贵阳市晨曦非急救转运服务有限公司": 487,
  "贵厂医院": 765,
  "贵山陵园": 642,
  "中国农业银行(保税区支行)": 707,
  "苗家风羊脚火锅(贵阳市白云区都拉营幸福庄园店)": 706,
  "保税区出口(G6002贵阳绕城高速西北向)": 911,
  "中共冷水村支部委员会": 723,
  "冷水村": 1054,
  "千里驹新能源汽车维修服务有限公司": 869,
  "派瑞义齿": 691,
  "鸿福家宴": 2407,
  "贵阳市公安交通管理局高速公路交通警察(巡逻民警)支队": 1035,
  "牛皮田": 1230,
  "金融城雅实轩": 557,
  "同城南路辅路": 908,
  "欧邦针美汇(贵阳分院)": 618,
  "大河明旺羊肉(贵阳美的林城店)": 524,
  "中裕舞蹈": 511,
  "北方菜饺子馆(美的大道店)": 486,
  "蓉荟印象花园餐厅(观山湖店)": 702,
  "会展九号": 1338,
  "国家级文化和科技融合示范基": 500,
  "恩喜整形医院": 647,
  "中国工商银行(黔灵山路支行)": 825,
  "博众口腔": 493,
  "音调琴行": 513,
  "贵阳月半湾酒店": 514,
  "黎苏路": 862
}