{
  "乔老爷私房菜(白云大道店)": 795,
  "黎苏路": 447,
  "贵阳月半湾酒店": 446,
  "音调琴行": 426,
  "博众口腔": 758,
  "中国工商银行(黔灵山路支行)": 580,
  "恩喜整形医院": 433,
  "国家级文化和科技融合示范基": 1271,
  "会展九号": 635,
  "蓉荟印象花园餐厅(观山湖店)": 419,
  "北方菜饺子馆(美的大道店)": 444,
  "中裕舞蹈": 457,
  "大河明旺羊肉(贵阳美的林城店)": 551,
  "欧邦针美汇(贵阳分院)": 841,
  "同城南路辅路": 490,
  "金融城雅实轩": 1163,
  "牛皮田": 968,
  "贵阳市公安交通管理局高速公路交通警察(巡逻民警)支队": 2340,
  "鸿福家宴": 624,
  "派瑞义齿": 802,
  "千里驹新能源汽车维修服务有限公司": 987,
  "冷水村": 656,
  "中共冷水村支部委员会": 844,
  "保税区出口(G6002贵阳绕城高速西北向)": 639,
  "苗家风羊脚火锅(贵阳市白云区都拉营幸福庄园店)": 640,
  "中国农业银行(保税区支行)": 575,
  "贵山陵园": 698,
  "贵厂医院": 420,
  "贵阳市晨曦非急救转运服务有限公司": 676
}