{
  "up": {
    "1": "乔老爷私房菜(白云大道店)",
    "2": "黎苏路",
    "3": "贵阳月半湾酒店",
    "4": "音调琴行",
    "5": "博众口腔",
    "6": "中国工商银行(黔灵山路支行)",
    "7": "恩喜整形医院",
    "8": "国家级文化和科技融合示范基",
    "9": "会展九号",
    "10": "蓉荟印象花园餐厅(观山湖店)",
    "11": "北方菜饺子馆(美的大道店)",
    "12": "中裕舞蹈",
    "13": "大河明旺羊肉(贵阳美的林城店)",
    "14": "欧邦针美汇(贵阳分院)",
    "15": "同城南路辅路",
    "16": "金融城雅实轩",
    "17": "牛皮田",
    "18": "贵阳市公安交通管理局高速公路交通警察(巡逻民警)支队",
    "19": "鸿福家宴",
    "20": "派瑞义齿",
    "21": "千里驹新能源汽车维修服务有限公司",
    "22": "冷水村",
    "23": "中共冷水村支部委员会",
    "24": "保税区出口(G6002贵阳绕城高速西北向)",
    "25": "苗家风羊脚火锅(贵阳市白云区都拉营幸福庄园店)",
    "26": "中国农业银行(保税区支行)",
    "27": "贵山陵园",
    "28": "贵厂医院",
    "29": "贵阳市晨曦非急救转运服务有限公司",
    "30": "东盟营造公司"
  },
  "down": {
    "31": "东盟营造公司",
    "32": "贵阳市晨曦非急救转运服务有限公司",
    "33": "贵厂医院",
    "34": "贵山陵园",
    "35": "中国农业银行(保税区支行)",
    "36": "苗家风羊脚火锅(贵阳市白云区都拉营幸福庄园店)",
    "37": "保税区出口(G6002贵阳绕城高速西北向)",
    "38": "中共冷水村支部委员会",
    "39": "冷水村",
    "40": "千里驹新能源汽车维修服务有限公司",
    "41": "派瑞义齿",
    "42": "鸿福家宴",
    "43": "贵阳市公安交通管理局高速公路交通警察(巡逻民警)支队",
    "44": "牛皮田",
    "45": "金融城雅实轩",
    "46": "同城南路辅路",
    "47": "欧邦针美汇(贵阳分院)",
    "48": "大河明旺羊肉(贵阳美的林城店)",
    "49": "中裕舞蹈",
    "50": "北方菜饺子馆(美的大道店)",
    "51": "蓉荟印象花园餐厅(观山湖店)",
    "52": "会展九号",
    "53": "国家级文化和科技融合示范基",
    "54": "恩喜整形医院",
    "55": "中国工商银行(黔灵山路支行)",
    "56": "博众口腔",
    "57": "音调琴行",
    "58": "贵阳月半湾酒店",
    "59": "黎苏路",
    "60": "乔老爷私房菜(白云大道店)"
  }
}