{
  "up": {
    "乔老爷私房菜(白云大道店)": 1,
    "黎苏路": 2,
    "贵阳月半湾酒店": 3,
    "音调琴行": 4,
    "博众口腔": 5,
    "中国工商银行(黔灵山路支行)": 6,
    "恩喜整形医院": 7,
    "国家级文化和科技融合示范基": 8,
    "会展九号": 9,
    "蓉荟印象花园餐厅(观山湖店)": 10,
    "北方菜饺子馆(美的大道店)": 11,
    "中裕舞蹈": 12,
    "大河明旺羊肉(贵阳美的林城店)": 13,
    "欧邦针美汇(贵阳分院)": 14,
    "同城南路辅路": 15,
    "金融城雅实轩": 16,
    "牛皮田": 17,
    "贵阳市公安交通管理局高速公路交通警察(巡逻民警)支队": 18,
    "鸿福家宴": 19,
    "派瑞义齿": 20,
    "千里驹新能源汽车维修服务有限公司": 21,
    "冷水村": 22,
    "中共冷水村支部委员会": 23,
    "保税区出口(G6002贵阳绕城高速西北向)": 24,
    "苗家风羊脚火锅(贵阳市白云区都拉营幸福庄园店)": 25,
    "中国农业银行(保税区支行)": 26,
    "贵山陵园": 27,
    "贵厂医院": 28,
    "贵阳市晨曦非急救转运服务有限公司": 29,
    "东盟营造公司": 30
  },
  "down": {
    "东盟营造公司": 31,
    "贵阳市晨曦非急救转运服务有限公司": 32,
    "贵厂医院": 33,
    "贵山陵园": 34,
    "中国农业银行(保税区支行)": 35,
    "苗家风羊脚火锅(贵阳市白云区都拉营幸福庄园店)": 36,
    "保税区出口(G6002贵阳绕城高速西北向)": 37,
    "中共冷水村支部委员会": 38,
    "冷水村": 39,
    "千里驹新能源汽车维修服务有限公司": 40,
    "派瑞义齿": 41,
    "鸿福家宴": 42,
    "贵阳市公安交通管理局高速公路交通警察(巡逻民警)支队": 43,
    "牛皮田": 44,
    "金融城雅实轩": 45,
    "同城南路辅路": 46,
    "欧邦针美汇(贵阳分院)": 47,
    "大河明旺羊肉(贵阳美的林城店)": 48,
    "中裕舞蹈": 49,
    "北方菜饺子馆(美的大道店)": 50,
    "蓉荟印象花园餐厅(观山湖店)": 51,
    "会展九号": 52,
    "国家级文化和科技融合示范基": 53,
    "恩喜整形医院": 54,
    "中国工商银行(黔灵山路支行)": 55,
    "博众口腔": 56,
    "音调琴行": 57,
    "贵阳月半湾酒店": 58,
    "黎苏路": 59,
    "乔老爷私房菜(白云大道店)": 60
  }
}