{
  "up": {
    "金叶物流市场": 1,
    "贵阳电建云岩赋(建设中)": 2,
    "改茶路地铁站A口": 3,
    "贵州天鼎新能源加注站": 4,
    "花果园U区北区": 5,
    "遵义虾子羊肉粉(下寨路店)": 6,
    "贵州理工学院2号宿舍": 7,
    "花果园S区": 8,
    "侗岭春深": 9,
    "瀚林德苑": 10,
    "贵阳南明区金宝贝幸福幼儿园": 11,
    "金竹立交高架桥": 12,
    "油料研究所": 13,
    "贵州省农科院附属中学": 14,
    "仁睦工贸有限公司": 15,
    "花溪区石板镇羊龙小学": 16,
    "花溪区石板镇蔡冲学校": 17,
    "贵州三合正达汽车销售服务有限公司": 18,
    "联塑管道(贵安大道店)": 19,
    "贵州东诚达汽车销售服务有限公司": 20,
    "石板镇人民政府": 21,
    "小姚生态草莓园": 22,
    "喜天城·雅筑酒店(贵阳天河潭景区店)": 23,
    "贵安大道": 24,
    "梵隐(天河潭店)": 25,
    "贵州海砼商品混凝土有限公司": 26,
    "湖景农庄": 27,
    "兴桥烤全羊山庄": 28,
    "贵州花溪农商银行湖潮支行": 29,
    "湖潮城市管理执法": 30
  },
  "down": {
    "湖潮城市管理执法": 31,
    "贵州花溪农商银行湖潮支行": 32,
    "兴桥烤全羊山庄": 33,
    "湖景农庄": 34,
    "贵州海砼商品混凝土有限公司": 35,
    "梵隐(天河潭店)": 36,
    "贵安大道": 37,
    "喜天城·雅筑酒店(贵阳天河潭景区店)": 38,
    "小姚生态草莓园": 39,
    "石板镇人民政府": 40,
    "贵州东诚达汽车销售服务有限公司": 41,
    "联塑管道(贵安大道店)": 42,
    "贵州三合正达汽车销售服务有限公司": 43,
    "花溪区石板镇蔡冲学校": 44,
    "花溪区石板镇羊龙小学": 45,
    "仁睦工贸有限公司": 46,
    "贵州省农科院附属中学": 47,
    "油料研究所": 48,
    "金竹立交高架桥": 49,
    "贵阳南明区金宝贝幸福幼儿园": 50,
    "瀚林德苑": 51,
    "侗岭春深": 52,
    "花果园S区": 53,
    "贵州理工学院2号宿舍": 54,
    "遵义虾子羊肉粉(下寨路店)": 55,
    "花果园U区北区": 56,
    "贵州天鼎新能源加注站": 57,
    "改茶路地铁站A口": 58,
    "贵阳电建云岩赋(建设中)": 59,
    "金叶物流市场": 60
  }
}