{
  "up": {
    "1": "金叶物流市场",
    "2": "贵阳电建云岩赋(建设中)",
    "3": "改茶路地铁站A口",
    "4": "贵州天鼎新能源加注站",
    "5": "花果园U区北区",
    "6": "遵义虾子羊肉粉(下寨路店)",
    "7": "贵州理工学院2号宿舍",
    "8": "花果园S区",
    "9": "侗岭春深",
    "10": "瀚林德苑",
    "11": "贵阳南明区金宝贝幸福幼儿园",
    "12": "金竹立交高架桥",
    "13": "油料研究所",
    "14": "贵州省农科院附属中学",
    "15": "仁睦工贸有限公司",
    "16": "花溪区石板镇羊龙小学",
    "17": "花溪区石板镇蔡冲学校",
    "18": "贵州三合正达汽车销售服务有限公司",
    "19": "联塑管道(贵安大道店)",
    "20": "贵州东诚达汽车销售服务有限公司",
    "21": "石板镇人民政府",
    "22": "小姚生态草莓园",
    "23": "喜天城·雅筑酒店(贵阳天河潭景区店)",
    "24": "贵安大道",
    "25": "梵隐(天河潭店)",
    "26": "贵州海砼商品混凝土有限公司",
    "27": "湖景农庄",
    "28": "兴桥烤全羊山庄",
    "29": "贵州花溪农商银行湖潮支行",
    "30": "湖潮城市管理执法"
  },
  "down": {
    "31": "湖潮城市管理执法",
    "32": "贵州花溪农商银行湖潮支行",
    "33": "兴桥烤全羊山庄",
    "34": "湖景农庄",
    "35": "贵州海砼商品混凝土有限公司",
    "36": "梵隐(天河潭店)",
    "37": "贵安大道",
    "38": "喜天城·雅筑酒店(贵阳天河潭景区店)",
    "39": "小姚生态草莓园",
    "40": "石板镇人民政府",
    "41": "贵州东诚达汽车销售服务有限公司",
    "42": "联塑管道(贵安大道店)",
    "43": "贵州三合正达汽车销售服务有限公司",
    "44": "花溪区石板镇蔡冲学校",
    "45": "花溪区石板镇羊龙小学",
    "46": "仁睦工贸有限公司",
    "47": "贵州省农科院附属中学",
    "48": "油料研究所",
    "49": "金竹立交高架桥",
    "50": "贵阳南明区金宝贝幸福幼儿园",
    "51": "瀚林德苑",
    "52": "侗岭春深",
    "53": "花果园S区",
    "54": "贵州理工学院2号宿舍",
    "55": "遵义虾子羊肉粉(下寨路店)",
    "56": "花果园U区北区",
    "57": "贵州天鼎新能源加注站",
    "58": "改茶路地铁站A口",
    "59": "贵阳电建云岩赋(建设中)",
    "60": "金叶物流市场"
  }
}