{
  "金叶物流市场": 541,
  "贵阳电建云岩赋(建设中)": 577,
  "改茶路地铁站A口": 521,
  "贵州天鼎新能源加注站": 1501,
  "花果园U区北区": 508,
  "遵义虾子羊肉粉(下寨路店)": 488,
  "贵州理工学院2号宿舍": 620,
  "花果园S区": 553,
  "侗岭春深": 771,
  "瀚林德苑": 2119,
  "贵阳南明区金宝贝幸福幼儿园": 1478,
  "金竹立交高架桥": 416,
  "油料研究所": 436,
  "贵州省农科院附属中学": 1407,
  "仁睦工贸有限公司": 2227,
  "花溪区石板镇羊龙小学": 971,
  "花溪区石板镇蔡冲学校": 756,
  "贵州三合正达汽车销售服务有限公司": 966,
  "联塑管道(贵安大道店)": 408,
  "贵州东诚达汽车销售服务有限公司": 1248,
  "石板镇人民政府": 830,
  "小姚生态草莓园": 592,
  "喜天城·雅筑酒店(贵阳天河潭景区店)": 592,
  "贵安大道": 549,
  "梵隐(天河潭店)": 1589,
  "贵州海砼商品混凝土有限公司": 511,
  "湖景农庄": 602,
  "兴桥烤全羊山庄": 518,
  "贵州花溪农商银行湖潮支行": 742
}