{
  "湖潮城市管理执法": 895,
  "贵州花溪农商银行湖潮支行": 671,
  "兴桥烤全羊山庄": 755,
  "湖景农庄": 664,
  "贵州海砼商品混凝土有限公司": 1742,
  "梵隐(天河潭店)": 702,
  "贵安大道": 745,
  "喜天城·雅筑酒店(贵阳天河潭景区店)": 745,
  "小姚生态草莓园": 983,
  "石板镇人民政府": 1401,
  "贵州东诚达汽车销售服务有限公司": 561,
  "联塑管道(贵安大道店)": 1119,
  "贵州三合正达汽车销售服务有限公司": 909,
  "花溪区石板镇蔡冲学校": 1124,
  "花溪区石板镇羊龙小学": 2380,
  "仁睦工贸有限公司": 1560,
  "贵州省农科院附属中学": 589,
  "油料研究所": 569,
  "金竹立交高架桥": 1631,
  "贵阳南明区金宝贝幸福幼儿园": 2272,
  "瀚林德苑": 924,
  "侗岭春深": 706,
  "花果园S区": 773,
  "贵州理工学院2号宿舍": 641,
  "遵义虾子羊肉粉(下寨路店)": 661,
  "花果园U区北区": 1654,
  "贵州天鼎新能源加注站": 674,
  "改茶路地铁站A口": 730,
  "贵阳电建云岩赋(建设中)": 694
}