{
  "up": {
    "交通职业培训学校": 1,
    "贵阳市云岩区圣源学校": 2,
    "维意定制": 3,
    "太阳能路灯": 4,
    "改茶大道": 5,
    "恒大名都": 6,
    "兴隆枫丹白鹭城市花园": 7,
    "邹记风味炒鸡店(第二分店)": 8,
    "七彩双语幼儿园(下寨路)": 9,
    "乡村私房菜(下坝路店)": 10,
    "侗岭春深": 11,
    "贵阳阿哈湖国家湿地公园-花谷": 12,
    "贵阳南明区金宝贝幸福幼儿园": 13,
    "后坝": 14,
    "贵州省土壤肥料研究所": 15,
    "贵州省植物保护研究所": 16,
    "贵阳市现货护栏网仓储中心": 17,
    "贵安大道辅路": 18,
    "林东矿务局蔡冲煤矿居民委员会": 19,
    "贵安大道": 20,
    "贵州三合正达汽车销售服务有限公司": 21,
    "中国农业银行(石板分理处)": 22,
    "花溪区石板镇中心幼儿园": 23,
    "优品驿站供应链有限公司": 24,
    "国询建设投资咨询有限公司天河潭景区提升项目审计项目部": 25,
    "梵隐(天河潭店)": 26,
    "观清路": 27,
    "招呼站(公交站)": 28,
    "花溪路": 29,
    "星月湖草莓园": 30,
    "东纵线(地铁站)": 31,
    "碧桂园贵安1号星月湾": 32,
    "重庆烤鱼": 33
  },
  "down": {
    "重庆烤鱼": 34,
    "碧桂园贵安1号星月湾": 35,
    "东纵线(地铁站)": 36,
    "星月湖草莓园": 37,
    "花溪路": 38,
    "招呼站(公交站)": 39,
    "观清路": 40,
    "梵隐(天河潭店)": 41,
    "国询建设投资咨询有限公司天河潭景区提升项目审计项目部": 42,
    "优品驿站供应链有限公司": 43,
    "花溪区石板镇中心幼儿园": 44,
    "中国农业银行(石板分理处)": 45,
    "贵州三合正达汽车销售服务有限公司": 46,
    "贵安大道": 47,
    "林东矿务局蔡冲煤矿居民委员会": 48,
    "贵安大道辅路": 49,
    "贵阳市现货护栏网仓储中心": 50,
    "贵州省植物保护研究所": 51,
    "贵州省土壤肥料研究所": 52,
    "后坝": 53,
    "贵阳南明区金宝贝幸福幼儿园": 54,
    "贵阳阿哈湖国家湿地公园-花谷": 55,
    "侗岭春深": 56,
    "乡村私房菜(下坝路店)": 57,
    "七彩双语幼儿园(下寨路)": 58,
    "邹记风味炒鸡店(第二分店)": 59,
    "兴隆枫丹白鹭城市花园": 60,
    "恒大名都": 61,
    "改茶大道": 62,
    "太阳能路灯": 63,
    "维意定制": 64,
    "贵阳市云岩区圣源学校": 65,
    "交通职业培训学校": 66
  }
}