{
  "交通职业培训学校": 495,
  "贵阳市云岩区圣源学校": 546,
  "维意定制": 442,
  "太阳能路灯": 464,
  "改茶大道": 521,
  "恒大名都": 1501,
  "兴隆枫丹白鹭城市花园": 508,
  "邹记风味炒鸡店(第二分店)": 488,
  "七彩双语幼儿园(下寨路)": 620,
  "乡村私房菜(下坝路店)": 553,
  "侗岭春深": 771,
  "贵阳阿哈湖国家湿地公园-花谷": 2119,
  "贵阳南明区金宝贝幸福幼儿园": 1478,
  "后坝": 416,
  "贵州省土壤肥料研究所": 436,
  "贵州省植物保护研究所": 1407,
  "贵阳市现货护栏网仓储中心": 2227,
  "贵安大道辅路": 971,
  "林东矿务局蔡冲煤矿居民委员会": 756,
  "贵安大道": 966,
  "贵州三合正达汽车销售服务有限公司": 408,
  "中国农业银行(石板分理处)": 1248,
  "花溪区石板镇中心幼儿园": 830,
  "优品驿站供应链有限公司": 592,
  "国询建设投资咨询有限公司天河潭景区提升项目审计项目部": 592,
  "梵隐(天河潭店)": 549,
  "观清路": 1589,
  "招呼站(公交站)": 946,
  "花溪路": 2787,
  "星月湖草莓园": 809,
  "东纵线(地铁站)": 683,
  "碧桂园贵安1号星月湾": 585
}