{
  "重庆烤鱼": 552,
  "碧桂园贵安1号星月湾": 650,
  "东纵线(地铁站)": 776,
  "星月湖草莓园": 2754,
  "花溪路": 913,
  "招呼站(公交站)": 1556,
  "观清路": 516,
  "梵隐(天河潭店)": 559,
  "国询建设投资咨询有限公司天河潭景区提升项目审计项目部": 559,
  "优品驿站供应链有限公司": 797,
  "花溪区石板镇中心幼儿园": 1215,
  "中国农业银行(石板分理处)": 375,
  "贵州三合正达汽车销售服务有限公司": 933,
  "贵安大道": 723,
  "林东矿务局蔡冲煤矿居民委员会": 938,
  "贵安大道辅路": 2194,
  "贵阳市现货护栏网仓储中心": 1374,
  "贵州省植物保护研究所": 403,
  "贵州省土壤肥料研究所": 383,
  "后坝": 1445,
  "贵阳南明区金宝贝幸福幼儿园": 2086,
  "贵阳阿哈湖国家湿地公园-花谷": 738,
  "侗岭春深": 520,
  "乡村私房菜(下坝路店)": 587,
  "七彩双语幼儿园(下寨路)": 455,
  "邹记风味炒鸡店(第二分店)": 475,
  "兴隆枫丹白鹭城市花园": 1468,
  "恒大名都": 488,
  "改茶大道": 431,
  "太阳能路灯": 409,
  "维意定制": 513,
  "贵阳市云岩区圣源学校": 462
}