{
  "up": {
    "1": "交通职业培训学校",
    "2": "贵阳市云岩区圣源学校",
    "3": "维意定制",
    "4": "太阳能路灯",
    "5": "改茶大道",
    "6": "恒大名都",
    "7": "兴隆枫丹白鹭城市花园",
    "8": "邹记风味炒鸡店(第二分店)",
    "9": "七彩双语幼儿园(下寨路)",
    "10": "乡村私房菜(下坝路店)",
    "11": "侗岭春深",
    "12": "贵阳阿哈湖国家湿地公园-花谷",
    "13": "贵阳南明区金宝贝幸福幼儿园",
    "14": "后坝",
    "15": "贵州省土壤肥料研究所",
    "16": "贵州省植物保护研究所",
    "17": "贵阳市现货护栏网仓储中心",
    "18": "贵安大道辅路",
    "19": "林东矿务局蔡冲煤矿居民委员会",
    "20": "贵安大道",
    "21": "贵州三合正达汽车销售服务有限公司",
    "22": "中国农业银行(石板分理处)",
    "23": "花溪区石板镇中心幼儿园",
    "24": "优品驿站供应链有限公司",
    "25": "国询建设投资咨询有限公司天河潭景区提升项目审计项目部",
    "26": "梵隐(天河潭店)",
    "27": "观清路",
    "28": "招呼站(公交站)",
    "29": "花溪路",
    "30": "星月湖草莓园",
    "31": "东纵线(地铁站)",
    "32": "碧桂园贵安1号星月湾",
    "33": "重庆烤鱼"
  },
  "down": {
    "34": "重庆烤鱼",
    "35": "碧桂园贵安1号星月湾",
    "36": "东纵线(地铁站)",
    "37": "星月湖草莓园",
    "38": "花溪路",
    "39": "招呼站(公交站)",
    "40": "观清路",
    "41": "梵隐(天河潭店)",
    "42": "国询建设投资咨询有限公司天河潭景区提升项目审计项目部",
    "43": "优品驿站供应链有限公司",
    "44": "花溪区石板镇中心幼儿园",
    "45": "中国农业银行(石板分理处)",
    "46": "贵州三合正达汽车销售服务有限公司",
    "47": "贵安大道",
    "48": "林东矿务局蔡冲煤矿居民委员会",
    "49": "贵安大道辅路",
    "50": "贵阳市现货护栏网仓储中心",
    "51": "贵州省植物保护研究所",
    "52": "贵州省土壤肥料研究所",
    "53": "后坝",
    "54": "贵阳南明区金宝贝幸福幼儿园",
    "55": "贵阳阿哈湖国家湿地公园-花谷",
    "56": "侗岭春深",
    "57": "乡村私房菜(下坝路店)",
    "58": "七彩双语幼儿园(下寨路)",
    "59": "邹记风味炒鸡店(第二分店)",
    "60": "兴隆枫丹白鹭城市花园",
    "61": "恒大名都",
    "62": "改茶大道",
    "63": "太阳能路灯",
    "64": "维意定制",
    "65": "贵阳市云岩区圣源学校",
    "66": "交通职业培训学校"
  }
}