{
  "雅园酒家(糟辣贵州菜)": 436,
  "食不厌精(威清路63号院店)": 487,
  "老五鸡丝豆花面": 683,
  "贵阳和平旅馆(贵州医科大学店)": 792,
  "新华通讯社分社": 584,
  "贵阳电信大厦": 740,
  "阿堡仔炸鸡汉堡(百花山店)": 457,
  "中医专治": 1411,
  "金狮小区顺海苑": 423,
  "茗宴私厨(中天未来方舟-明礼郡店)": 493,
  "莽豆小菜馆(未来方舟F10组团店)": 464,
  "尚礼北路": 685,
  "开朗书画院腾亚养生文化艺术活动中心": 1533,
  "中天甜蜜小镇2组团": 618,
  "贵阳市第八幼儿园(甜蜜分园)": 577,
  "高枧1号大桥": 563,
  "高枧2号大桥": 429,
  "阿栗杨梅园山庄地面停车场": 448,
  "农九品山庄": 455,
  "贵阳市曜阳养老服务中心": 950,
  "永乐爱心老年公寓": 1370,
  "乐湾国际云栖谷": 1376,
  "山湖美郡": 417,
  "乐湾国际关山小区(西南门)": 527,
  "贵阳陌陌酒店": 521,
  "东风镇头堡幼儿园": 492,
  "南明河大桥": 567,
  "贵州盛世宏腾房车改装维修中心": 764,
  "北京东路": 600,
  "滨河山庄": 2348,
  "朱家田": 411,
  "小漆山": 1791,
  "乘风桥": 474
}