{
  "up": {
    "雅园酒家(糟辣贵州菜)": 1,
    "食不厌精(威清路63号院店)": 2,
    "老五鸡丝豆花面": 3,
    "贵阳和平旅馆(贵州医科大学店)": 4,
    "新华通讯社分社": 5,
    "贵阳电信大厦": 6,
    "阿堡仔炸鸡汉堡(百花山店)": 7,
    "中医专治": 8,
    "金狮小区顺海苑": 9,
    "茗宴私厨(中天未来方舟-明礼郡店)": 10,
    "莽豆小菜馆(未来方舟F10组团店)": 11,
    "尚礼北路": 12,
    "开朗书画院腾亚养生文化艺术活动中心": 13,
    "中天甜蜜小镇2组团": 14,
    "贵阳市第八幼儿园(甜蜜分园)": 15,
    "高枧1号大桥": 16,
    "高枧2号大桥": 17,
    "阿栗杨梅园山庄地面停车场": 18,
    "农九品山庄": 19,
    "贵阳市曜阳养老服务中心": 20,
    "永乐爱心老年公寓": 21,
    "乐湾国际云栖谷": 22,
    "山湖美郡": 23,
    "乐湾国际关山小区(西南门)": 24,
    "贵阳陌陌酒店": 25,
    "东风镇头堡幼儿园": 26,
    "南明河大桥": 27,
    "贵州盛世宏腾房车改装维修中心": 28,
    "北京东路": 29,
    "滨河山庄": 30,
    "朱家田": 31,
    "小漆山": 32,
    "乘风桥": 33,
    "G6002贵阳绕城高速": 34
  },
  "down": {
    "G6002贵阳绕城高速": 35,
    "乘风桥": 36,
    "小漆山": 37,
    "朱家田": 38,
    "滨河山庄": 39,
    "北京东路": 40,
    "贵州盛世宏腾房车改装维修中心": 41,
    "南明河大桥": 42,
    "东风镇头堡幼儿园": 43,
    "贵阳陌陌酒店": 44,
    "乐湾国际关山小区(西南门)": 45,
    "山湖美郡": 46,
    "乐湾国际云栖谷": 47,
    "永乐爱心老年公寓": 48,
    "贵阳市曜阳养老服务中心": 49,
    "农九品山庄": 50,
    "阿栗杨梅园山庄地面停车场": 51,
    "高枧2号大桥": 52,
    "高枧1号大桥": 53,
    "贵阳市第八幼儿园(甜蜜分园)": 54,
    "中天甜蜜小镇2组团": 55,
    "开朗书画院腾亚养生文化艺术活动中心": 56,
    "尚礼北路": 57,
    "莽豆小菜馆(未来方舟F10组团店)": 58,
    "茗宴私厨(中天未来方舟-明礼郡店)": 59,
    "金狮小区顺海苑": 60,
    "中医专治": 61,
    "阿堡仔炸鸡汉堡(百花山店)": 62,
    "贵阳电信大厦": 63,
    "新华通讯社分社": 64,
    "贵阳和平旅馆(贵州医科大学店)": 65,
    "老五鸡丝豆花面": 66,
    "食不厌精(威清路63号院店)": 67,
    "雅园酒家(糟辣贵州菜)": 68
  }
}