{
  "up": {
    "1": "雅园酒家(糟辣贵州菜)",
    "2": "食不厌精(威清路63号院店)",
    "3": "老五鸡丝豆花面",
    "4": "贵阳和平旅馆(贵州医科大学店)",
    "5": "新华通讯社分社",
    "6": "贵阳电信大厦",
    "7": "阿堡仔炸鸡汉堡(百花山店)",
    "8": "中医专治",
    "9": "金狮小区顺海苑",
    "10": "茗宴私厨(中天未来方舟-明礼郡店)",
    "11": "莽豆小菜馆(未来方舟F10组团店)",
    "12": "尚礼北路",
    "13": "开朗书画院腾亚养生文化艺术活动中心",
    "14": "中天甜蜜小镇2组团",
    "15": "贵阳市第八幼儿园(甜蜜分园)",
    "16": "高枧1号大桥",
    "17": "高枧2号大桥",
    "18": "阿栗杨梅园山庄地面停车场",
    "19": "农九品山庄",
    "20": "贵阳市曜阳养老服务中心",
    "21": "永乐爱心老年公寓",
    "22": "乐湾国际云栖谷",
    "23": "山湖美郡",
    "24": "乐湾国际关山小区(西南门)",
    "25": "贵阳陌陌酒店",
    "26": "东风镇头堡幼儿园",
    "27": "南明河大桥",
    "28": "贵州盛世宏腾房车改装维修中心",
    "29": "北京东路",
    "30": "滨河山庄",
    "31": "朱家田",
    "32": "小漆山",
    "33": "乘风桥",
    "34": "G6002贵阳绕城高速"
  },
  "down": {
    "35": "G6002贵阳绕城高速",
    "36": "乘风桥",
    "37": "小漆山",
    "38": "朱家田",
    "39": "滨河山庄",
    "40": "北京东路",
    "41": "贵州盛世宏腾房车改装维修中心",
    "42": "南明河大桥",
    "43": "东风镇头堡幼儿园",
    "44": "贵阳陌陌酒店",
    "45": "乐湾国际关山小区(西南门)",
    "46": "山湖美郡",
    "47": "乐湾国际云栖谷",
    "48": "永乐爱心老年公寓",
    "49": "贵阳市曜阳养老服务中心",
    "50": "农九品山庄",
    "51": "阿栗杨梅园山庄地面停车场",
    "52": "高枧2号大桥",
    "53": "高枧1号大桥",
    "54": "贵阳市第八幼儿园(甜蜜分园)",
    "55": "中天甜蜜小镇2组团",
    "56": "开朗书画院腾亚养生文化艺术活动中心",
    "57": "尚礼北路",
    "58": "莽豆小菜馆(未来方舟F10组团店)",
    "59": "茗宴私厨(中天未来方舟-明礼郡店)",
    "60": "金狮小区顺海苑",
    "61": "中医专治",
    "62": "阿堡仔炸鸡汉堡(百花山店)",
    "63": "贵阳电信大厦",
    "64": "新华通讯社分社",
    "65": "贵阳和平旅馆(贵州医科大学店)",
    "66": "老五鸡丝豆花面",
    "67": "食不厌精(威清路63号院店)",
    "68": "雅园酒家(糟辣贵州菜)"
  }
}