{
  "G6002贵阳绕城高速": 410,
  "乘风桥": 1727,
  "小漆山": 347,
  "朱家田": 2284,
  "滨河山庄": 536,
  "北京东路": 700,
  "贵州盛世宏腾房车改装维修中心": 503,
  "南明河大桥": 428,
  "东风镇头堡幼儿园": 457,
  "贵阳陌陌酒店": 463,
  "乐湾国际关山小区(西南门)": 353,
  "山湖美郡": 1312,
  "乐湾国际云栖谷": 1306,
  "永乐爱心老年公寓": 886,
  "贵阳市曜阳养老服务中心": 391,
  "农九品山庄": 384,
  "阿栗杨梅园山庄地面停车场": 365,
  "高枧2号大桥": 499,
  "高枧1号大桥": 513,
  "贵阳市第八幼儿园(甜蜜分园)": 554,
  "中天甜蜜小镇2组团": 1469,
  "开朗书画院腾亚养生文化艺术活动中心": 621,
  "尚礼北路": 400,
  "莽豆小菜馆(未来方舟F10组团店)": 429,
  "茗宴私厨(中天未来方舟-明礼郡店)": 359,
  "金狮小区顺海苑": 1347,
  "中医专治": 393,
  "阿堡仔炸鸡汉堡(百花山店)": 676,
  "贵阳电信大厦": 520,
  "新华通讯社分社": 728,
  "贵阳和平旅馆(贵州医科大学店)": 619,
  "老五鸡丝豆花面": 423,
  "食不厌精(威清路63号院店)": 372
}