{
  "up": {
    "1": "黔灵公馆",
    "2": "三桥村疫情防控隔离点",
    "3": "云岩区三桥社区卫生服务中心新冠疫苗接种点",
    "4": "中共三桥路街道工作委员会",
    "5": "宏业康馨园2期",
    "6": "贵阳农商银行(改茶支行)",
    "7": "贤明人家柴火鸡",
    "8": "避风塘茶饮(白云大道店)",
    "9": "中共新阳总支部委员会",
    "10": "贵阳金海源宾馆",
    "11": "贵州麦达志信文化传播有限公司",
    "12": "三姐豆花面(俊发滨湖俊园店)",
    "13": "花溪农商银行(高新支行)",
    "14": "7天连锁酒店(贵阳金阳财富中心店)",
    "15": "泰康乐医院母婴养护中心",
    "16": "宸可西芝士蛋糕(麒龙金翠湾店)",
    "17": "玫瑰路",
    "18": "安逸酒店(云潭南路)",
    "19": "万寿竹路",
    "20": "万达广场(观山湖店)",
    "21": "食家小院(阅山湖店)",
    "22": "贵阳电子职业学校天田校区",
    "23": "中共云潭街道工作委员会",
    "24": "中国石油金南加油站",
    "25": "贵阳市观山湖区第一小学窦官校区",
    "26": "窦官(地铁站)",
    "27": "贵阳兴达汽修厂",
    "28": "光仁堂",
    "29": "朱昌幼儿园",
    "30": "中共朱昌镇委员会"
  },
  "down": {
    "31": "中共朱昌镇委员会",
    "32": "朱昌幼儿园",
    "33": "光仁堂",
    "34": "贵阳兴达汽修厂",
    "35": "窦官(地铁站)",
    "36": "贵阳市观山湖区第一小学窦官校区",
    "37": "中国石油金南加油站",
    "38": "中共云潭街道工作委员会",
    "39": "贵阳电子职业学校天田校区",
    "40": "食家小院(阅山湖店)",
    "41": "万达广场(观山湖店)",
    "42": "万寿竹路",
    "43": "安逸酒店(云潭南路)",
    "44": "玫瑰路",
    "45": "宸可西芝士蛋糕(麒龙金翠湾店)",
    "46": "泰康乐医院母婴养护中心",
    "47": "7天连锁酒店(贵阳金阳财富中心店)",
    "48": "花溪农商银行(高新支行)",
    "49": "三姐豆花面(俊发滨湖俊园店)",
    "50": "贵州麦达志信文化传播有限公司",
    "51": "贵阳金海源宾馆",
    "52": "中共新阳总支部委员会",
    "53": "避风塘茶饮(白云大道店)",
    "54": "贤明人家柴火鸡",
    "55": "贵阳农商银行(改茶支行)",
    "56": "宏业康馨园2期",
    "57": "中共三桥路街道工作委员会",
    "58": "云岩区三桥社区卫生服务中心新冠疫苗接种点",
    "59": "三桥村疫情防控隔离点",
    "60": "黔灵公馆"
  }
}