{
  "黔灵公馆": 559,
  "三桥村疫情防控隔离点": 560,
  "云岩区三桥社区卫生服务中心新冠疫苗接种点": 754,
  "中共三桥路街道工作委员会": 689,
  "宏业康馨园2期": 412,
  "贵阳农商银行(改茶支行)": 754,
  "贤明人家柴火鸡": 458,
  "避风塘茶饮(白云大道店)": 657,
  "中共新阳总支部委员会": 429,
  "贵阳金海源宾馆": 590,
  "贵州麦达志信文化传播有限公司": 557,
  "三姐豆花面(俊发滨湖俊园店)": 725,
  "花溪农商银行(高新支行)": 550,
  "7天连锁酒店(贵阳金阳财富中心店)": 526,
  "泰康乐医院母婴养护中心": 836,
  "宸可西芝士蛋糕(麒龙金翠湾店)": 564,
  "玫瑰路": 612,
  "安逸酒店(云潭南路)": 475,
  "万寿竹路": 832,
  "万达广场(观山湖店)": 498,
  "食家小院(阅山湖店)": 1315,
  "贵阳电子职业学校天田校区": 471,
  "中共云潭街道工作委员会": 1446,
  "中国石油金南加油站": 1145,
  "贵阳市观山湖区第一小学窦官校区": 635,
  "窦官(地铁站)": 1963,
  "贵阳兴达汽修厂": 418,
  "光仁堂": 458,
  "朱昌幼儿园": 434
}