{
  "up": {
    "黔灵公馆": 1,
    "三桥村疫情防控隔离点": 2,
    "云岩区三桥社区卫生服务中心新冠疫苗接种点": 3,
    "中共三桥路街道工作委员会": 4,
    "宏业康馨园2期": 5,
    "贵阳农商银行(改茶支行)": 6,
    "贤明人家柴火鸡": 7,
    "避风塘茶饮(白云大道店)": 8,
    "中共新阳总支部委员会": 9,
    "贵阳金海源宾馆": 10,
    "贵州麦达志信文化传播有限公司": 11,
    "三姐豆花面(俊发滨湖俊园店)": 12,
    "花溪农商银行(高新支行)": 13,
    "7天连锁酒店(贵阳金阳财富中心店)": 14,
    "泰康乐医院母婴养护中心": 15,
    "宸可西芝士蛋糕(麒龙金翠湾店)": 16,
    "玫瑰路": 17,
    "安逸酒店(云潭南路)": 18,
    "万寿竹路": 19,
    "万达广场(观山湖店)": 20,
    "食家小院(阅山湖店)": 21,
    "贵阳电子职业学校天田校区": 22,
    "中共云潭街道工作委员会": 23,
    "中国石油金南加油站": 24,
    "贵阳市观山湖区第一小学窦官校区": 25,
    "窦官(地铁站)": 26,
    "贵阳兴达汽修厂": 27,
    "光仁堂": 28,
    "朱昌幼儿园": 29,
    "中共朱昌镇委员会": 30
  },
  "down": {
    "中共朱昌镇委员会": 31,
    "朱昌幼儿园": 32,
    "光仁堂": 33,
    "贵阳兴达汽修厂": 34,
    "窦官(地铁站)": 35,
    "贵阳市观山湖区第一小学窦官校区": 36,
    "中国石油金南加油站": 37,
    "中共云潭街道工作委员会": 38,
    "贵阳电子职业学校天田校区": 39,
    "食家小院(阅山湖店)": 40,
    "万达广场(观山湖店)": 41,
    "万寿竹路": 42,
    "安逸酒店(云潭南路)": 43,
    "玫瑰路": 44,
    "宸可西芝士蛋糕(麒龙金翠湾店)": 45,
    "泰康乐医院母婴养护中心": 46,
    "7天连锁酒店(贵阳金阳财富中心店)": 47,
    "花溪农商银行(高新支行)": 48,
    "三姐豆花面(俊发滨湖俊园店)": 49,
    "贵州麦达志信文化传播有限公司": 50,
    "贵阳金海源宾馆": 51,
    "中共新阳总支部委员会": 52,
    "避风塘茶饮(白云大道店)": 53,
    "贤明人家柴火鸡": 54,
    "贵阳农商银行(改茶支行)": 55,
    "宏业康馨园2期": 56,
    "中共三桥路街道工作委员会": 57,
    "云岩区三桥社区卫生服务中心新冠疫苗接种点": 58,
    "三桥村疫情防控隔离点": 59,
    "黔灵公馆": 60
  }
}