{
  "中共朱昌镇委员会": 456,
  "朱昌幼儿园": 480,
  "光仁堂": 440,
  "贵阳兴达汽修厂": 1985,
  "窦官(地铁站)": 657,
  "贵阳市观山湖区第一小学窦官校区": 1167,
  "中国石油金南加油站": 1468,
  "中共云潭街道工作委员会": 493,
  "贵阳电子职业学校天田校区": 1337,
  "食家小院(阅山湖店)": 520,
  "万达广场(观山湖店)": 854,
  "万寿竹路": 497,
  "安逸酒店(云潭南路)": 634,
  "玫瑰路": 586,
  "宸可西芝士蛋糕(麒龙金翠湾店)": 858,
  "泰康乐医院母婴养护中心": 548,
  "7天连锁酒店(贵阳金阳财富中心店)": 572,
  "花溪农商银行(高新支行)": 747,
  "三姐豆花面(俊发滨湖俊园店)": 579,
  "贵州麦达志信文化传播有限公司": 612,
  "贵阳金海源宾馆": 451,
  "中共新阳总支部委员会": 679,
  "避风塘茶饮(白云大道店)": 480,
  "贤明人家柴火鸡": 776,
  "贵阳农商银行(改茶支行)": 434,
  "宏业康馨园2期": 711,
  "中共三桥路街道工作委员会": 776,
  "云岩区三桥社区卫生服务中心新冠疫苗接种点": 582,
  "三桥村疫情防控隔离点": 581
}