{
  "百纳仓储": 1758,
  "车之都驾驶培训学校": 757,
  "贵州济辉汽车城": 471,
  "贵州万友清镇分公司": 523,
  "中国石化贵阳清镇东门桥加油站": 435,
  "龙滩": 455,
  "清镇出口(G60沪昆高速西向)": 2694,
  "全通驾校观山湖区二考场": 587,
  "贵黄高速": 523,
  "佳兆业樾伴山": 395,
  "贵阳电子职业学校(林东校区)": 399,
  "042村道": 493,
  "蒿芝小学": 451,
  "观山湖区上枧安置房": 1138,
  "河关": 708,
  "观清路": 630,
  "实木家私批发零售": 411,
  "爽心粉面馆": 431,
  "休闲宾馆": 488,
  "大道太极养生研究院": 438,
  "贵阳西南国际商贸城1号广场": 411,
  "观山湖区外国语实验中学·南校区": 472,
  "中国石化贵阳白云小箐加油站": 812,
  "花溪牛肉粉(中铁·逸都国际店)": 1036,
  "食欢烤肉": 515,
  "贵阳农商银行(观山湖支行)": 773,
  "丫恋锅鸭爪爪(世纪金源店)": 385,
  "来一缸羊肉粉(龙泉店)": 442,
  "贵阳华云宾馆": 464,
  "欧兰亚国际酒店贵阳观山湖世纪城店": 985,
  "金钟馨苑": 637
}