{
  "up": {
    "1": "申一幼儿园",
    "2": "金钟馨苑",
    "3": "欧兰亚国际酒店贵阳观山湖世纪城店",
    "4": "贵阳华云宾馆",
    "5": "来一缸羊肉粉(龙泉店)",
    "6": "丫恋锅鸭爪爪(世纪金源店)",
    "7": "贵阳农商银行(观山湖支行)",
    "8": "食欢烤肉",
    "9": "花溪牛肉粉(中铁·逸都国际店)",
    "10": "中国石化贵阳白云小箐加油站",
    "11": "观山湖区外国语实验中学·南校区",
    "12": "贵阳西南国际商贸城1号广场",
    "13": "大道太极养生研究院",
    "14": "休闲宾馆",
    "15": "爽心粉面馆",
    "16": "实木家私批发零售",
    "17": "观清路",
    "18": "河关",
    "19": "观山湖区上枧安置房",
    "20": "蒿芝小学",
    "21": "042村道",
    "22": "贵阳电子职业学校(林东校区)",
    "23": "佳兆业樾伴山",
    "24": "贵黄高速",
    "25": "全通驾校观山湖区二考场",
    "26": "清镇出口(G60沪昆高速西向)",
    "27": "龙滩",
    "28": "中国石化贵阳清镇东门桥加油站",
    "29": "贵州万友清镇分公司",
    "30": "贵州济辉汽车城",
    "31": "车之都驾驶培训学校",
    "32": "百纳仓储"
  },
  "down": {
    "33": "百纳仓储",
    "34": "车之都驾驶培训学校",
    "35": "贵州济辉汽车城",
    "36": "贵州万友清镇分公司",
    "37": "中国石化贵阳清镇东门桥加油站",
    "38": "龙滩",
    "39": "清镇出口(G60沪昆高速西向)",
    "40": "全通驾校观山湖区二考场",
    "41": "贵黄高速",
    "42": "佳兆业樾伴山",
    "43": "贵阳电子职业学校(林东校区)",
    "44": "042村道",
    "45": "蒿芝小学",
    "46": "观山湖区上枧安置房",
    "47": "河关",
    "48": "观清路",
    "49": "实木家私批发零售",
    "50": "爽心粉面馆",
    "51": "休闲宾馆",
    "52": "大道太极养生研究院",
    "53": "贵阳西南国际商贸城1号广场",
    "54": "观山湖区外国语实验中学·南校区",
    "55": "中国石化贵阳白云小箐加油站",
    "56": "花溪牛肉粉(中铁·逸都国际店)",
    "57": "食欢烤肉",
    "58": "贵阳农商银行(观山湖支行)",
    "59": "丫恋锅鸭爪爪(世纪金源店)",
    "60": "来一缸羊肉粉(龙泉店)",
    "61": "贵阳华云宾馆",
    "62": "欧兰亚国际酒店贵阳观山湖世纪城店",
    "63": "金钟馨苑",
    "64": "申一幼儿园"
  }
}