{
  "up": {
    "申一幼儿园": 1,
    "金钟馨苑": 2,
    "欧兰亚国际酒店贵阳观山湖世纪城店": 3,
    "贵阳华云宾馆": 4,
    "来一缸羊肉粉(龙泉店)": 5,
    "丫恋锅鸭爪爪(世纪金源店)": 6,
    "贵阳农商银行(观山湖支行)": 7,
    "食欢烤肉": 8,
    "花溪牛肉粉(中铁·逸都国际店)": 9,
    "中国石化贵阳白云小箐加油站": 10,
    "观山湖区外国语实验中学·南校区": 11,
    "贵阳西南国际商贸城1号广场": 12,
    "大道太极养生研究院": 13,
    "休闲宾馆": 14,
    "爽心粉面馆": 15,
    "实木家私批发零售": 16,
    "观清路": 17,
    "河关": 18,
    "观山湖区上枧安置房": 19,
    "蒿芝小学": 20,
    "042村道": 21,
    "贵阳电子职业学校(林东校区)": 22,
    "佳兆业樾伴山": 23,
    "贵黄高速": 24,
    "全通驾校观山湖区二考场": 25,
    "清镇出口(G60沪昆高速西向)": 26,
    "龙滩": 27,
    "中国石化贵阳清镇东门桥加油站": 28,
    "贵州万友清镇分公司": 29,
    "贵州济辉汽车城": 30,
    "车之都驾驶培训学校": 31,
    "百纳仓储": 32
  },
  "down": {
    "百纳仓储": 33,
    "车之都驾驶培训学校": 34,
    "贵州济辉汽车城": 35,
    "贵州万友清镇分公司": 36,
    "中国石化贵阳清镇东门桥加油站": 37,
    "龙滩": 38,
    "清镇出口(G60沪昆高速西向)": 39,
    "全通驾校观山湖区二考场": 40,
    "贵黄高速": 41,
    "佳兆业樾伴山": 42,
    "贵阳电子职业学校(林东校区)": 43,
    "042村道": 44,
    "蒿芝小学": 45,
    "观山湖区上枧安置房": 46,
    "河关": 47,
    "观清路": 48,
    "实木家私批发零售": 49,
    "爽心粉面馆": 50,
    "休闲宾馆": 51,
    "大道太极养生研究院": 52,
    "贵阳西南国际商贸城1号广场": 53,
    "观山湖区外国语实验中学·南校区": 54,
    "中国石化贵阳白云小箐加油站": 55,
    "花溪牛肉粉(中铁·逸都国际店)": 56,
    "食欢烤肉": 57,
    "贵阳农商银行(观山湖支行)": 58,
    "丫恋锅鸭爪爪(世纪金源店)": 59,
    "来一缸羊肉粉(龙泉店)": 60,
    "贵阳华云宾馆": 61,
    "欧兰亚国际酒店贵阳观山湖世纪城店": 62,
    "金钟馨苑": 63,
    "申一幼儿园": 64
  }
}