{
  "申一幼儿园": 654,
  "金钟馨苑": 1002,
  "欧兰亚国际酒店贵阳观山湖世纪城店": 481,
  "贵阳华云宾馆": 459,
  "来一缸羊肉粉(龙泉店)": 402,
  "丫恋锅鸭爪爪(世纪金源店)": 790,
  "贵阳农商银行(观山湖支行)": 532,
  "食欢烤肉": 1053,
  "花溪牛肉粉(中铁·逸都国际店)": 829,
  "中国石化贵阳白云小箐加油站": 489,
  "观山湖区外国语实验中学·南校区": 428,
  "贵阳西南国际商贸城1号广场": 455,
  "大道太极养生研究院": 505,
  "休闲宾馆": 448,
  "爽心粉面馆": 428,
  "实木家私批发零售": 647,
  "观清路": 725,
  "河关": 1155,
  "观山湖区上枧安置房": 468,
  "蒿芝小学": 510,
  "042村道": 416,
  "贵阳电子职业学校(林东校区)": 412,
  "佳兆业樾伴山": 540,
  "贵黄高速": 604,
  "全通驾校观山湖区二考场": 2711,
  "清镇出口(G60沪昆高速西向)": 472,
  "龙滩": 452,
  "中国石化贵阳清镇东门桥加油站": 540,
  "贵州万友清镇分公司": 488,
  "贵州济辉汽车城": 774,
  "车之都驾驶培训学校": 1775
}