{
  "全通驾校观山湖区二考场": 465,
  "贵阳市观山湖区远大小学集团校": 559,
  "贵阳市观山湖区第十小学": 517,
  "贵州乐思教汽车工贸有限公司": 1204,
  "京东电子商务产业园区": 774,
  "观山湖区摩托车考试中心黔湖摩托车考场": 696,
  "干井村": 477,
  "鸡场路": 497,
  "小明家烤肉(碧桂园·观山府店)": 554,
  "豪杰宾馆": 504,
  "交通大数据研发中心": 477,
  "破碎锤及配件厂价直销": 538,
  "贵阳高新龙泉纯净水厂": 878,
  "贵州职业技术学院新校区-工程系": 1102,
  "食欢烤肉": 581,
  "杨梅红艺术教育(贵阳印象城教学中心)": 839,
  "金钰坊北京烤鸭(世纪金源店)": 451,
  "火辣辣地摊火锅(万科悦城店)": 508,
  "白龙殿": 530,
  "百花大道": 1051,
  "贵阳市野鸭中学": 549,
  "王记香菜馆": 521,
  "金关社区贵轮居委会": 592,
  "贵州省第三人民医院新冠疫苗接种点": 983,
  "谢勇五金批发": 738,
  "公共卫生科预防保健科": 803,
  "贵龙园": 609,
  "熙园菜馆(骐正天骄北苑店)": 546,
  "黔春路站(快速公交站)": 455
}