{
  "up": {
    "1": "贵阳·黔灵山体育公园",
    "2": "黔春路站(快速公交站)",
    "3": "熙园菜馆(骐正天骄北苑店)",
    "4": "贵龙园",
    "5": "公共卫生科预防保健科",
    "6": "谢勇五金批发",
    "7": "贵州省第三人民医院新冠疫苗接种点",
    "8": "金关社区贵轮居委会",
    "9": "王记香菜馆",
    "10": "贵阳市野鸭中学",
    "11": "百花大道",
    "12": "白龙殿",
    "13": "火辣辣地摊火锅(万科悦城店)",
    "14": "金钰坊北京烤鸭(世纪金源店)",
    "15": "杨梅红艺术教育(贵阳印象城教学中心)",
    "16": "食欢烤肉",
    "17": "贵州职业技术学院新校区-工程系",
    "18": "贵阳高新龙泉纯净水厂",
    "19": "破碎锤及配件厂价直销",
    "20": "交通大数据研发中心",
    "21": "豪杰宾馆",
    "22": "小明家烤肉(碧桂园·观山府店)",
    "23": "鸡场路",
    "24": "干井村",
    "25": "观山湖区摩托车考试中心黔湖摩托车考场",
    "26": "京东电子商务产业园区",
    "27": "贵州乐思教汽车工贸有限公司",
    "28": "贵阳市观山湖区第十小学",
    "29": "贵阳市观山湖区远大小学集团校",
    "30": "全通驾校观山湖区二考场"
  },
  "down": {
    "31": "全通驾校观山湖区二考场",
    "32": "贵阳市观山湖区远大小学集团校",
    "33": "贵阳市观山湖区第十小学",
    "34": "贵州乐思教汽车工贸有限公司",
    "35": "京东电子商务产业园区",
    "36": "观山湖区摩托车考试中心黔湖摩托车考场",
    "37": "干井村",
    "38": "鸡场路",
    "39": "小明家烤肉(碧桂园·观山府店)",
    "40": "豪杰宾馆",
    "41": "交通大数据研发中心",
    "42": "破碎锤及配件厂价直销",
    "43": "贵阳高新龙泉纯净水厂",
    "44": "贵州职业技术学院新校区-工程系",
    "45": "食欢烤肉",
    "46": "杨梅红艺术教育(贵阳印象城教学中心)",
    "47": "金钰坊北京烤鸭(世纪金源店)",
    "48": "火辣辣地摊火锅(万科悦城店)",
    "49": "白龙殿",
    "50": "百花大道",
    "51": "贵阳市野鸭中学",
    "52": "王记香菜馆",
    "53": "金关社区贵轮居委会",
    "54": "贵州省第三人民医院新冠疫苗接种点",
    "55": "谢勇五金批发",
    "56": "公共卫生科预防保健科",
    "57": "贵龙园",
    "58": "熙园菜馆(骐正天骄北苑店)",
    "59": "黔春路站(快速公交站)",
    "60": "贵阳·黔灵山体育公园"
  }
}