{
  "up": {
    "贵阳·黔灵山体育公园": 1,
    "黔春路站(快速公交站)": 2,
    "熙园菜馆(骐正天骄北苑店)": 3,
    "贵龙园": 4,
    "公共卫生科预防保健科": 5,
    "谢勇五金批发": 6,
    "贵州省第三人民医院新冠疫苗接种点": 7,
    "金关社区贵轮居委会": 8,
    "王记香菜馆": 9,
    "贵阳市野鸭中学": 10,
    "百花大道": 11,
    "白龙殿": 12,
    "火辣辣地摊火锅(万科悦城店)": 13,
    "金钰坊北京烤鸭(世纪金源店)": 14,
    "杨梅红艺术教育(贵阳印象城教学中心)": 15,
    "食欢烤肉": 16,
    "贵州职业技术学院新校区-工程系": 17,
    "贵阳高新龙泉纯净水厂": 18,
    "破碎锤及配件厂价直销": 19,
    "交通大数据研发中心": 20,
    "豪杰宾馆": 21,
    "小明家烤肉(碧桂园·观山府店)": 22,
    "鸡场路": 23,
    "干井村": 24,
    "观山湖区摩托车考试中心黔湖摩托车考场": 25,
    "京东电子商务产业园区": 26,
    "贵州乐思教汽车工贸有限公司": 27,
    "贵阳市观山湖区第十小学": 28,
    "贵阳市观山湖区远大小学集团校": 29,
    "全通驾校观山湖区二考场": 30
  },
  "down": {
    "全通驾校观山湖区二考场": 31,
    "贵阳市观山湖区远大小学集团校": 32,
    "贵阳市观山湖区第十小学": 33,
    "贵州乐思教汽车工贸有限公司": 34,
    "京东电子商务产业园区": 35,
    "观山湖区摩托车考试中心黔湖摩托车考场": 36,
    "干井村": 37,
    "鸡场路": 38,
    "小明家烤肉(碧桂园·观山府店)": 39,
    "豪杰宾馆": 40,
    "交通大数据研发中心": 41,
    "破碎锤及配件厂价直销": 42,
    "贵阳高新龙泉纯净水厂": 43,
    "贵州职业技术学院新校区-工程系": 44,
    "食欢烤肉": 45,
    "杨梅红艺术教育(贵阳印象城教学中心)": 46,
    "金钰坊北京烤鸭(世纪金源店)": 47,
    "火辣辣地摊火锅(万科悦城店)": 48,
    "白龙殿": 49,
    "百花大道": 50,
    "贵阳市野鸭中学": 51,
    "王记香菜馆": 52,
    "金关社区贵轮居委会": 53,
    "贵州省第三人民医院新冠疫苗接种点": 54,
    "谢勇五金批发": 55,
    "公共卫生科预防保健科": 56,
    "贵龙园": 57,
    "熙园菜馆(骐正天骄北苑店)": 58,
    "黔春路站(快速公交站)": 59,
    "贵阳·黔灵山体育公园": 60
  }
}