{
  "贵阳·黔灵山体育公园": 406,
  "黔春路站(快速公交站)": 497,
  "熙园菜馆(骐正天骄北苑店)": 560,
  "贵龙园": 754,
  "公共卫生科预防保健科": 689,
  "谢勇五金批发": 934,
  "贵州省第三人民医院新冠疫苗接种点": 543,
  "金关社区贵轮居委会": 472,
  "王记香菜馆": 500,
  "贵阳市野鸭中学": 1002,
  "百花大道": 481,
  "白龙殿": 459,
  "火辣辣地摊火锅(万科悦城店)": 402,
  "金钰坊北京烤鸭(世纪金源店)": 790,
  "杨梅红艺术教育(贵阳印象城教学中心)": 532,
  "食欢烤肉": 1053,
  "贵州职业技术学院新校区-工程系": 829,
  "贵阳高新龙泉纯净水厂": 489,
  "破碎锤及配件厂价直销": 428,
  "交通大数据研发中心": 455,
  "豪杰宾馆": 505,
  "小明家烤肉(碧桂园·观山府店)": 448,
  "鸡场路": 428,
  "干井村": 647,
  "观山湖区摩托车考试中心黔湖摩托车考场": 725,
  "京东电子商务产业园区": 1155,
  "贵州乐思教汽车工贸有限公司": 468,
  "贵阳市观山湖区第十小学": 510,
  "贵阳市观山湖区远大小学集团校": 416
}