{
  "up": {
    "1": "贵州泛特尔生物技术有限公司",
    "2": "中澳国际商务港(建设中)",
    "3": "公安",
    "4": "长岭南路辅路",
    "5": "中国航天林泉电机",
    "6": "黔灵山路",
    "7": "火神烤肉(兰州路店)",
    "8": "石龙路",
    "9": "方记小笼包(龙贤店)",
    "10": "壹号炒王(福州街店)",
    "11": "星睿童馨幼儿园",
    "12": "卓雅舞蹈",
    "13": "绝味鸭脖(中铁逸都店)",
    "14": "金龙路",
    "15": "装载机配件(沪昆高速店)",
    "16": "爱自心商务宾馆",
    "17": "趣尚网咖",
    "18": "柏曼酒店(贵阳西南商贸城金阳客车站店)",
    "19": "贵阳安全宾馆",
    "20": "干井村",
    "21": "黔吉酒店",
    "22": "河关",
    "23": "邓坡路",
    "24": "上枧村(公交站)",
    "25": "蒿芝村",
    "26": "金华派出所蒿芝警务室",
    "27": "中共蒿芝居委会支部委员会",
    "28": "回龙寺互通",
    "29": "清镇市公安局交通警察大队",
    "30": "巢凤大道",
    "31": "六盘水老牌牛羊肉粉",
    "32": "老匠人艺术建材有限公司",
    "33": "赞吧啦海鲜自助烧烤"
  },
  "down": {
    "34": "赞吧啦海鲜自助烧烤",
    "35": "老匠人艺术建材有限公司",
    "36": "六盘水老牌牛羊肉粉",
    "37": "巢凤大道",
    "38": "清镇市公安局交通警察大队",
    "39": "回龙寺互通",
    "40": "中共蒿芝居委会支部委员会",
    "41": "金华派出所蒿芝警务室",
    "42": "蒿芝村",
    "43": "上枧村(公交站)",
    "44": "邓坡路",
    "45": "河关",
    "46": "黔吉酒店",
    "47": "干井村",
    "48": "贵阳安全宾馆",
    "49": "柏曼酒店(贵阳西南商贸城金阳客车站店)",
    "50": "趣尚网咖",
    "51": "爱自心商务宾馆",
    "52": "装载机配件(沪昆高速店)",
    "53": "金龙路",
    "54": "绝味鸭脖(中铁逸都店)",
    "55": "卓雅舞蹈",
    "56": "星睿童馨幼儿园",
    "57": "壹号炒王(福州街店)",
    "58": "方记小笼包(龙贤店)",
    "59": "石龙路",
    "60": "火神烤肉(兰州路店)",
    "61": "黔灵山路",
    "62": "中国航天林泉电机",
    "63": "长岭南路辅路",
    "64": "公安",
    "65": "中澳国际商务港(建设中)",
    "66": "贵州泛特尔生物技术有限公司"
  }
}