{
  "up": {
    "贵州泛特尔生物技术有限公司": 1,
    "中澳国际商务港(建设中)": 2,
    "公安": 3,
    "长岭南路辅路": 4,
    "中国航天林泉电机": 5,
    "黔灵山路": 6,
    "火神烤肉(兰州路店)": 7,
    "石龙路": 8,
    "方记小笼包(龙贤店)": 9,
    "壹号炒王(福州街店)": 10,
    "星睿童馨幼儿园": 11,
    "卓雅舞蹈": 12,
    "绝味鸭脖(中铁逸都店)": 13,
    "金龙路": 14,
    "装载机配件(沪昆高速店)": 15,
    "爱自心商务宾馆": 16,
    "趣尚网咖": 17,
    "柏曼酒店(贵阳西南商贸城金阳客车站店)": 18,
    "贵阳安全宾馆": 19,
    "干井村": 20,
    "黔吉酒店": 21,
    "河关": 22,
    "邓坡路": 23,
    "上枧村(公交站)": 24,
    "蒿芝村": 25,
    "金华派出所蒿芝警务室": 26,
    "中共蒿芝居委会支部委员会": 27,
    "回龙寺互通": 28,
    "清镇市公安局交通警察大队": 29,
    "巢凤大道": 30,
    "六盘水老牌牛羊肉粉": 31,
    "老匠人艺术建材有限公司": 32,
    "赞吧啦海鲜自助烧烤": 33
  },
  "down": {
    "赞吧啦海鲜自助烧烤": 34,
    "老匠人艺术建材有限公司": 35,
    "六盘水老牌牛羊肉粉": 36,
    "巢凤大道": 37,
    "清镇市公安局交通警察大队": 38,
    "回龙寺互通": 39,
    "中共蒿芝居委会支部委员会": 40,
    "金华派出所蒿芝警务室": 41,
    "蒿芝村": 42,
    "上枧村(公交站)": 43,
    "邓坡路": 44,
    "河关": 45,
    "黔吉酒店": 46,
    "干井村": 47,
    "贵阳安全宾馆": 48,
    "柏曼酒店(贵阳西南商贸城金阳客车站店)": 49,
    "趣尚网咖": 50,
    "爱自心商务宾馆": 51,
    "装载机配件(沪昆高速店)": 52,
    "金龙路": 53,
    "绝味鸭脖(中铁逸都店)": 54,
    "卓雅舞蹈": 55,
    "星睿童馨幼儿园": 56,
    "壹号炒王(福州街店)": 57,
    "方记小笼包(龙贤店)": 58,
    "石龙路": 59,
    "火神烤肉(兰州路店)": 60,
    "黔灵山路": 61,
    "中国航天林泉电机": 62,
    "长岭南路辅路": 63,
    "公安": 64,
    "中澳国际商务港(建设中)": 65,
    "贵州泛特尔生物技术有限公司": 66
  }
}