{
  "赞吧啦海鲜自助烧烤": 482,
  "老匠人艺术建材有限公司": 394,
  "六盘水老牌牛羊肉粉": 414,
  "巢凤大道": 2653,
  "清镇市公安局交通警察大队": 546,
  "回龙寺互通": 482,
  "中共蒿芝居委会支部委员会": 354,
  "金华派出所蒿芝警务室": 358,
  "蒿芝村": 452,
  "上枧村(公交站)": 410,
  "邓坡路": 1097,
  "河关": 667,
  "黔吉酒店": 589,
  "干井村": 370,
  "贵阳安全宾馆": 390,
  "柏曼酒店(贵阳西南商贸城金阳客车站店)": 447,
  "趣尚网咖": 397,
  "爱自心商务宾馆": 370,
  "装载机配件(沪昆高速店)": 431,
  "金龙路": 771,
  "绝味鸭脖(中铁逸都店)": 958,
  "卓雅舞蹈": 542,
  "星睿童馨幼儿园": 352,
  "壹号炒王(福州街店)": 701,
  "方记小笼包(龙贤店)": 370,
  "石龙路": 356,
  "火神烤肉(兰州路店)": 766,
  "黔灵山路": 455,
  "中国航天林泉电机": 364,
  "长岭南路辅路": 623,
  "公安": 771,
  "中澳国际商务港(建设中)": 567
}