{
  "贵州泛特尔生物技术有限公司": 625,
  "中澳国际商务港(建设中)": 829,
  "公安": 681,
  "长岭南路辅路": 422,
  "中国航天林泉电机": 513,
  "黔灵山路": 824,
  "火神烤肉(兰州路店)": 414,
  "石龙路": 428,
  "方记小笼包(龙贤店)": 759,
  "壹号炒王(福州街店)": 410,
  "星睿童馨幼儿园": 600,
  "卓雅舞蹈": 1016,
  "绝味鸭脖(中铁逸都店)": 829,
  "金龙路": 489,
  "装载机配件(沪昆高速店)": 428,
  "爱自心商务宾馆": 455,
  "趣尚网咖": 505,
  "柏曼酒店(贵阳西南商贸城金阳客车站店)": 448,
  "贵阳安全宾馆": 428,
  "干井村": 647,
  "黔吉酒店": 725,
  "河关": 1155,
  "邓坡路": 468,
  "上枧村(公交站)": 510,
  "蒿芝村": 416,
  "金华派出所蒿芝警务室": 412,
  "中共蒿芝居委会支部委员会": 540,
  "回龙寺互通": 604,
  "清镇市公安局交通警察大队": 2711,
  "巢凤大道": 472,
  "六盘水老牌牛羊肉粉": 452,
  "老匠人艺术建材有限公司": 540
}