{
  "广大城·耀莱华府(建设中)": 453,
  "贵阳杉杉奥特莱斯前广场": 624,
  "贵阳清镇市博雅国际实验学校": 677,
  "兰州拉面(广大城店)": 2298,
  "广大城": 777,
  "贵州乐思教汽车工贸有限公司": 647,
  "贵阳吉利物流园": 621,
  "贵阳鑫恒晶木业": 727,
  "黄土坡": 1088,
  "商城西路": 446,
  "西南国际商贸城毛主席像": 412,
  "肯德基(贵阳西南国际商贸城3号广场店)": 490,
  "治安岗亭101": 477,
  "精神康复医院": 785,
  "留一手特色烤鱼": 972,
  "小食代·土黄牛肉粉": 556,
  "贵阳鸿福商务宾馆": 366,
  "世纪花甲": 715,
  "贵州龙(金源店)": 767,
  "北城教育(观山湖第二校区)": 478,
  "贵阳恒大中央广场东方爱婴早教中心": 403,
  "小咀坡": 1034,
  "遵义虾子羊肉粉(和尚坡店)": 499,
  "熙山郡": 500,
  "天骄幼儿园": 494,
  "富力华庭": 555,
  "亨特萃山国际幼儿园": 452,
  "社区警务室": 600,
  "北京华联超市(二桥黔春路店)": 504,
  "黔春路地铁站A口": 388,
  "金龙社区五柳居委会两严一降值班室": 542,
  "云鹤龚家(松花南路店)": 750
}