{
  "优贝思学幼教": 794,
  "云鹤龚家(松花南路店)": 586,
  "金龙社区五柳居委会两严一降值班室": 432,
  "黔春路地铁站A口": 548,
  "北京华联超市(二桥黔春路店)": 644,
  "社区警务室": 496,
  "亨特萃山国际幼儿园": 599,
  "富力华庭": 538,
  "天骄幼儿园": 544,
  "熙山郡": 543,
  "遵义虾子羊肉粉(和尚坡店)": 1078,
  "小咀坡": 447,
  "贵阳恒大中央广场东方爱婴早教中心": 522,
  "北城教育(观山湖第二校区)": 811,
  "贵州龙(金源店)": 759,
  "世纪花甲": 410,
  "贵阳鸿福商务宾馆": 600,
  "小食代·土黄牛肉粉": 1016,
  "留一手特色烤鱼": 829,
  "精神康复医院": 521,
  "治安岗亭101": 534,
  "肯德基(贵阳西南国际商贸城3号广场店)": 456,
  "西南国际商贸城毛主席像": 490,
  "商城西路": 1132,
  "黄土坡": 771,
  "贵阳鑫恒晶木业": 665,
  "贵阳吉利物流园": 691,
  "贵州乐思教汽车工贸有限公司": 821,
  "广大城": 2342,
  "兰州拉面(广大城店)": 721,
  "贵阳清镇市博雅国际实验学校": 668,
  "贵阳杉杉奥特莱斯前广场": 497
}