{
  "up": {
    "1": "优贝思学幼教",
    "2": "云鹤龚家(松花南路店)",
    "3": "金龙社区五柳居委会两严一降值班室",
    "4": "黔春路地铁站A口",
    "5": "北京华联超市(二桥黔春路店)",
    "6": "社区警务室",
    "7": "亨特萃山国际幼儿园",
    "8": "富力华庭",
    "9": "天骄幼儿园",
    "10": "熙山郡",
    "11": "遵义虾子羊肉粉(和尚坡店)",
    "12": "小咀坡",
    "13": "贵阳恒大中央广场东方爱婴早教中心",
    "14": "北城教育(观山湖第二校区)",
    "15": "贵州龙(金源店)",
    "16": "世纪花甲",
    "17": "贵阳鸿福商务宾馆",
    "18": "小食代·土黄牛肉粉",
    "19": "留一手特色烤鱼",
    "20": "精神康复医院",
    "21": "治安岗亭101",
    "22": "肯德基(贵阳西南国际商贸城3号广场店)",
    "23": "西南国际商贸城毛主席像",
    "24": "商城西路",
    "25": "黄土坡",
    "26": "贵阳鑫恒晶木业",
    "27": "贵阳吉利物流园",
    "28": "贵州乐思教汽车工贸有限公司",
    "29": "广大城",
    "30": "兰州拉面(广大城店)",
    "31": "贵阳清镇市博雅国际实验学校",
    "32": "贵阳杉杉奥特莱斯前广场",
    "33": "广大城·耀莱华府(建设中)"
  },
  "down": {
    "34": "广大城·耀莱华府(建设中)",
    "35": "贵阳杉杉奥特莱斯前广场",
    "36": "贵阳清镇市博雅国际实验学校",
    "37": "兰州拉面(广大城店)",
    "38": "广大城",
    "39": "贵州乐思教汽车工贸有限公司",
    "40": "贵阳吉利物流园",
    "41": "贵阳鑫恒晶木业",
    "42": "黄土坡",
    "43": "商城西路",
    "44": "西南国际商贸城毛主席像",
    "45": "肯德基(贵阳西南国际商贸城3号广场店)",
    "46": "治安岗亭101",
    "47": "精神康复医院",
    "48": "留一手特色烤鱼",
    "49": "小食代·土黄牛肉粉",
    "50": "贵阳鸿福商务宾馆",
    "51": "世纪花甲",
    "52": "贵州龙(金源店)",
    "53": "北城教育(观山湖第二校区)",
    "54": "贵阳恒大中央广场东方爱婴早教中心",
    "55": "小咀坡",
    "56": "遵义虾子羊肉粉(和尚坡店)",
    "57": "熙山郡",
    "58": "天骄幼儿园",
    "59": "富力华庭",
    "60": "亨特萃山国际幼儿园",
    "61": "社区警务室",
    "62": "北京华联超市(二桥黔春路店)",
    "63": "黔春路地铁站A口",
    "64": "金龙社区五柳居委会两严一降值班室",
    "65": "云鹤龚家(松花南路店)",
    "66": "优贝思学幼教"
  }
}