{
  "up": {
    "优贝思学幼教": 1,
    "云鹤龚家(松花南路店)": 2,
    "金龙社区五柳居委会两严一降值班室": 3,
    "黔春路地铁站A口": 4,
    "北京华联超市(二桥黔春路店)": 5,
    "社区警务室": 6,
    "亨特萃山国际幼儿园": 7,
    "富力华庭": 8,
    "天骄幼儿园": 9,
    "熙山郡": 10,
    "遵义虾子羊肉粉(和尚坡店)": 11,
    "小咀坡": 12,
    "贵阳恒大中央广场东方爱婴早教中心": 13,
    "北城教育(观山湖第二校区)": 14,
    "贵州龙(金源店)": 15,
    "世纪花甲": 16,
    "贵阳鸿福商务宾馆": 17,
    "小食代·土黄牛肉粉": 18,
    "留一手特色烤鱼": 19,
    "精神康复医院": 20,
    "治安岗亭101": 21,
    "肯德基(贵阳西南国际商贸城3号广场店)": 22,
    "西南国际商贸城毛主席像": 23,
    "商城西路": 24,
    "黄土坡": 25,
    "贵阳鑫恒晶木业": 26,
    "贵阳吉利物流园": 27,
    "贵州乐思教汽车工贸有限公司": 28,
    "广大城": 29,
    "兰州拉面(广大城店)": 30,
    "贵阳清镇市博雅国际实验学校": 31,
    "贵阳杉杉奥特莱斯前广场": 32,
    "广大城·耀莱华府(建设中)": 33
  },
  "down": {
    "广大城·耀莱华府(建设中)": 34,
    "贵阳杉杉奥特莱斯前广场": 35,
    "贵阳清镇市博雅国际实验学校": 36,
    "兰州拉面(广大城店)": 37,
    "广大城": 38,
    "贵州乐思教汽车工贸有限公司": 39,
    "贵阳吉利物流园": 40,
    "贵阳鑫恒晶木业": 41,
    "黄土坡": 42,
    "商城西路": 43,
    "西南国际商贸城毛主席像": 44,
    "肯德基(贵阳西南国际商贸城3号广场店)": 45,
    "治安岗亭101": 46,
    "精神康复医院": 47,
    "留一手特色烤鱼": 48,
    "小食代·土黄牛肉粉": 49,
    "贵阳鸿福商务宾馆": 50,
    "世纪花甲": 51,
    "贵州龙(金源店)": 52,
    "北城教育(观山湖第二校区)": 53,
    "贵阳恒大中央广场东方爱婴早教中心": 54,
    "小咀坡": 55,
    "遵义虾子羊肉粉(和尚坡店)": 56,
    "熙山郡": 57,
    "天骄幼儿园": 58,
    "富力华庭": 59,
    "亨特萃山国际幼儿园": 60,
    "社区警务室": 61,
    "北京华联超市(二桥黔春路店)": 62,
    "黔春路地铁站A口": 63,
    "金龙社区五柳居委会两严一降值班室": 64,
    "云鹤龚家(松花南路店)": 65,
    "优贝思学幼教": 66
  }
}