{
  "贵州玖行能源科技有限公司": 1393,
  "鑫中鸿汽修": 374,
  "红艳村": 369,
  "小马场": 651,
  "海创路": 621,
  "中国南方电网小河变仿真实操培训基地": 772,
  "辽河路": 699,
  "明河路": 397,
  "漓江路": 368,
  "西南环路": 686,
  "宏阳养生馆": 370,
  "贵阳市公安局小河分局黄河路派出所香江警务室": 459,
  "三牦记火锅": 516,
  "贵阳黔渝宾馆": 1787,
  "华艺舞蹈培训中心(沙冲南路)": 611,
  "口腔连锁": 605,
  "泉州市水作坊水暖洁具(桂花园二三栋院落店)": 752,
  "贵阳盛发酒店": 662,
  "贵阳鑫和宾馆": 622,
  "解放路": 414,
  "焙奇工坊(中央商务区7号店)": 489,
  "南明区湘雅街道狮子山社区居委会": 575,
  "众厦大楼(延安西路)": 432,
  "鸿盛酒楼(黄金路店)": 467,
  "贵阳人防科普教育体验馆": 376,
  "黔灵山公园-曲尺亭": 587,
  "北京西路": 778,
  "中坝路": 567,
  "中坝隧道": 368,
  "贵阳恋家公寓": 446
}