{
  "up": {
    "清华贝贝幼儿园": 1,
    "贵阳恋家公寓": 2,
    "中坝隧道": 3,
    "中坝路": 4,
    "北京西路": 5,
    "黔灵山公园-曲尺亭": 6,
    "贵阳人防科普教育体验馆": 7,
    "鸿盛酒楼(黄金路店)": 8,
    "众厦大楼(延安西路)": 9,
    "南明区湘雅街道狮子山社区居委会": 10,
    "焙奇工坊(中央商务区7号店)": 11,
    "解放路": 12,
    "贵阳鑫和宾馆": 13,
    "贵阳盛发酒店": 14,
    "泉州市水作坊水暖洁具(桂花园二三栋院落店)": 15,
    "口腔连锁": 16,
    "华艺舞蹈培训中心(沙冲南路)": 17,
    "贵阳黔渝宾馆": 18,
    "三牦记火锅": 19,
    "贵阳市公安局小河分局黄河路派出所香江警务室": 20,
    "宏阳养生馆": 21,
    "西南环路": 22,
    "漓江路": 23,
    "明河路": 24,
    "辽河路": 25,
    "中国南方电网小河变仿真实操培训基地": 26,
    "海创路": 27,
    "小马场": 28,
    "红艳村": 29,
    "鑫中鸿汽修": 30,
    "贵州玖行能源科技有限公司": 31
  },
  "down": {
    "贵州玖行能源科技有限公司": 32,
    "鑫中鸿汽修": 33,
    "红艳村": 34,
    "小马场": 35,
    "海创路": 36,
    "中国南方电网小河变仿真实操培训基地": 37,
    "辽河路": 38,
    "明河路": 39,
    "漓江路": 40,
    "西南环路": 41,
    "宏阳养生馆": 42,
    "贵阳市公安局小河分局黄河路派出所香江警务室": 43,
    "三牦记火锅": 44,
    "贵阳黔渝宾馆": 45,
    "华艺舞蹈培训中心(沙冲南路)": 46,
    "口腔连锁": 47,
    "泉州市水作坊水暖洁具(桂花园二三栋院落店)": 48,
    "贵阳盛发酒店": 49,
    "贵阳鑫和宾馆": 50,
    "解放路": 51,
    "焙奇工坊(中央商务区7号店)": 52,
    "南明区湘雅街道狮子山社区居委会": 53,
    "众厦大楼(延安西路)": 54,
    "鸿盛酒楼(黄金路店)": 55,
    "贵阳人防科普教育体验馆": 56,
    "黔灵山公园-曲尺亭": 57,
    "北京西路": 58,
    "中坝路": 59,
    "中坝隧道": 60,
    "贵阳恋家公寓": 61,
    "清华贝贝幼儿园": 62
  }
}