{
  "up": {
    "1": "清华贝贝幼儿园",
    "2": "贵阳恋家公寓",
    "3": "中坝隧道",
    "4": "中坝路",
    "5": "北京西路",
    "6": "黔灵山公园-曲尺亭",
    "7": "贵阳人防科普教育体验馆",
    "8": "鸿盛酒楼(黄金路店)",
    "9": "众厦大楼(延安西路)",
    "10": "南明区湘雅街道狮子山社区居委会",
    "11": "焙奇工坊(中央商务区7号店)",
    "12": "解放路",
    "13": "贵阳鑫和宾馆",
    "14": "贵阳盛发酒店",
    "15": "泉州市水作坊水暖洁具(桂花园二三栋院落店)",
    "16": "口腔连锁",
    "17": "华艺舞蹈培训中心(沙冲南路)",
    "18": "贵阳黔渝宾馆",
    "19": "三牦记火锅",
    "20": "贵阳市公安局小河分局黄河路派出所香江警务室",
    "21": "宏阳养生馆",
    "22": "西南环路",
    "23": "漓江路",
    "24": "明河路",
    "25": "辽河路",
    "26": "中国南方电网小河变仿真实操培训基地",
    "27": "海创路",
    "28": "小马场",
    "29": "红艳村",
    "30": "鑫中鸿汽修",
    "31": "贵州玖行能源科技有限公司"
  },
  "down": {
    "32": "贵州玖行能源科技有限公司",
    "33": "鑫中鸿汽修",
    "34": "红艳村",
    "35": "小马场",
    "36": "海创路",
    "37": "中国南方电网小河变仿真实操培训基地",
    "38": "辽河路",
    "39": "明河路",
    "40": "漓江路",
    "41": "西南环路",
    "42": "宏阳养生馆",
    "43": "贵阳市公安局小河分局黄河路派出所香江警务室",
    "44": "三牦记火锅",
    "45": "贵阳黔渝宾馆",
    "46": "华艺舞蹈培训中心(沙冲南路)",
    "47": "口腔连锁",
    "48": "泉州市水作坊水暖洁具(桂花园二三栋院落店)",
    "49": "贵阳盛发酒店",
    "50": "贵阳鑫和宾馆",
    "51": "解放路",
    "52": "焙奇工坊(中央商务区7号店)",
    "53": "南明区湘雅街道狮子山社区居委会",
    "54": "众厦大楼(延安西路)",
    "55": "鸿盛酒楼(黄金路店)",
    "56": "贵阳人防科普教育体验馆",
    "57": "黔灵山公园-曲尺亭",
    "58": "北京西路",
    "59": "中坝路",
    "60": "中坝隧道",
    "61": "贵阳恋家公寓",
    "62": "清华贝贝幼儿园"
  }
}