{
  "清华贝贝幼儿园": 483,
  "贵阳恋家公寓": 405,
  "中坝隧道": 604,
  "中坝路": 815,
  "北京西路": 624,
  "黔灵山公园-曲尺亭": 413,
  "贵阳人防科普教育体验馆": 504,
  "鸿盛酒楼(黄金路店)": 469,
  "众厦大楼(延安西路)": 612,
  "南明区湘雅街道狮子山社区居委会": 526,
  "焙奇工坊(中央商务区7号店)": 451,
  "解放路": 659,
  "贵阳鑫和宾馆": 699,
  "贵阳盛发酒店": 789,
  "泉州市水作坊水暖洁具(桂花园二三栋院落店)": 642,
  "口腔连锁": 648,
  "华艺舞蹈培训中心(沙冲南路)": 1824,
  "贵阳黔渝宾馆": 553,
  "三牦记火锅": 496,
  "贵阳市公安局小河分局黄河路派出所香江警务室": 407,
  "宏阳养生馆": 723,
  "西南环路": 405,
  "漓江路": 434,
  "明河路": 736,
  "辽河路": 809,
  "中国南方电网小河变仿真实操培训基地": 658,
  "海创路": 688,
  "小马场": 406,
  "红艳村": 411,
  "鑫中鸿汽修": 1430
}