{
  "up": {
    "1": "贵阳亚丁公寓",
    "2": "但家香酥鸭(金阳福州街店)",
    "3": "苏宁易购(金阳世纪城店)",
    "4": "蜀国火锅冒菜",
    "5": "贵阳塔吉酒店",
    "6": "贵阳金世源酒店",
    "7": "乡村基(数博万达店)",
    "8": "布依羊肉粉",
    "9": "贵州众源星宝汽车服务有限公司",
    "10": "张晓洁缸缸麻辣烫(恒大帝景店)",
    "11": "印象二期(建设中)",
    "12": "中环路西段入口(花果园方向)",
    "13": "贵州医科大学附属肿瘤医院",
    "14": "但家香酥鸭(黔灵公园店)",
    "15": "茶油鸭馆(港天大厦店)",
    "16": "威清门派出所",
    "17": "山林路",
    "18": "中共贵阳市城市综合执法支队云岩大队直属队支部委员会",
    "19": "圣丰酒店",
    "20": "水云轩(复兴巷)",
    "21": "经协大厦(箭道街)",
    "22": "维仕青少年视力服务中心(贵阳新华路店)",
    "23": "镁厨(新华路店)",
    "24": "邓氏九尺鸭肠老火锅(油榨街店)",
    "25": "南岳首座",
    "26": "富源北路地铁站C口",
    "27": "黑垭口",
    "28": "黑垭口隧道",
    "29": "清凉院",
    "30": "贵阳新月出租汽车有限公司",
    "31": "重庆拓达建设(集团)有限公司"
  },
  "down": {
    "32": "重庆拓达建设(集团)有限公司",
    "33": "贵阳新月出租汽车有限公司",
    "34": "清凉院",
    "35": "黑垭口隧道",
    "36": "黑垭口",
    "37": "富源北路地铁站C口",
    "38": "南岳首座",
    "39": "邓氏九尺鸭肠老火锅(油榨街店)",
    "40": "镁厨(新华路店)",
    "41": "维仕青少年视力服务中心(贵阳新华路店)",
    "42": "经协大厦(箭道街)",
    "43": "水云轩(复兴巷)",
    "44": "圣丰酒店",
    "45": "中共贵阳市城市综合执法支队云岩大队直属队支部委员会",
    "46": "山林路",
    "47": "威清门派出所",
    "48": "茶油鸭馆(港天大厦店)",
    "49": "但家香酥鸭(黔灵公园店)",
    "50": "贵州医科大学附属肿瘤医院",
    "51": "中环路西段入口(花果园方向)",
    "52": "印象二期(建设中)",
    "53": "张晓洁缸缸麻辣烫(恒大帝景店)",
    "54": "贵州众源星宝汽车服务有限公司",
    "55": "布依羊肉粉",
    "56": "乡村基(数博万达店)",
    "57": "贵阳金世源酒店",
    "58": "贵阳塔吉酒店",
    "59": "蜀国火锅冒菜",
    "60": "苏宁易购(金阳世纪城店)",
    "61": "但家香酥鸭(金阳福州街店)",
    "62": "贵阳亚丁公寓"
  }
}