{
  "重庆拓达建设(集团)有限公司": 471,
  "贵阳新月出租汽车有限公司": 430,
  "清凉院": 375,
  "黑垭口隧道": 389,
  "黑垭口": 2089,
  "富源北路地铁站C口": 438,
  "南岳首座": 404,
  "邓氏九尺鸭肠老火锅(油榨街店)": 1310,
  "镁厨(新华路店)": 468,
  "维仕青少年视力服务中心(贵阳新华路店)": 407,
  "经协大厦(箭道街)": 397,
  "水云轩(复兴巷)": 390,
  "圣丰酒店": 668,
  "中共贵阳市城市综合执法支队云岩大队直属队支部委员会": 411,
  "山林路": 389,
  "威清门派出所": 413,
  "茶油鸭馆(港天大厦店)": 555,
  "但家香酥鸭(黔灵公园店)": 376,
  "贵州医科大学附属肿瘤医院": 587,
  "中环路西段入口(花果园方向)": 778,
  "印象二期(建设中)": 567,
  "张晓洁缸缸麻辣烫(恒大帝景店)": 368,
  "贵州众源星宝汽车服务有限公司": 763,
  "布依羊肉粉": 620,
  "乡村基(数博万达店)": 567,
  "贵阳金世源酒店": 398,
  "贵阳塔吉酒店": 404,
  "蜀国火锅冒菜": 723,
  "苏宁易购(金阳世纪城店)": 367,
  "但家香酥鸭(金阳福州街店)": 366
}