{
  "up": {
    "贵阳亚丁公寓": 1,
    "但家香酥鸭(金阳福州街店)": 2,
    "苏宁易购(金阳世纪城店)": 3,
    "蜀国火锅冒菜": 4,
    "贵阳塔吉酒店": 5,
    "贵阳金世源酒店": 6,
    "乡村基(数博万达店)": 7,
    "布依羊肉粉": 8,
    "贵州众源星宝汽车服务有限公司": 9,
    "张晓洁缸缸麻辣烫(恒大帝景店)": 10,
    "印象二期(建设中)": 11,
    "中环路西段入口(花果园方向)": 12,
    "贵州医科大学附属肿瘤医院": 13,
    "但家香酥鸭(黔灵公园店)": 14,
    "茶油鸭馆(港天大厦店)": 15,
    "威清门派出所": 16,
    "山林路": 17,
    "中共贵阳市城市综合执法支队云岩大队直属队支部委员会": 18,
    "圣丰酒店": 19,
    "水云轩(复兴巷)": 20,
    "经协大厦(箭道街)": 21,
    "维仕青少年视力服务中心(贵阳新华路店)": 22,
    "镁厨(新华路店)": 23,
    "邓氏九尺鸭肠老火锅(油榨街店)": 24,
    "南岳首座": 25,
    "富源北路地铁站C口": 26,
    "黑垭口": 27,
    "黑垭口隧道": 28,
    "清凉院": 29,
    "贵阳新月出租汽车有限公司": 30,
    "重庆拓达建设(集团)有限公司": 31
  },
  "down": {
    "重庆拓达建设(集团)有限公司": 32,
    "贵阳新月出租汽车有限公司": 33,
    "清凉院": 34,
    "黑垭口隧道": 35,
    "黑垭口": 36,
    "富源北路地铁站C口": 37,
    "南岳首座": 38,
    "邓氏九尺鸭肠老火锅(油榨街店)": 39,
    "镁厨(新华路店)": 40,
    "维仕青少年视力服务中心(贵阳新华路店)": 41,
    "经协大厦(箭道街)": 42,
    "水云轩(复兴巷)": 43,
    "圣丰酒店": 44,
    "中共贵阳市城市综合执法支队云岩大队直属队支部委员会": 45,
    "山林路": 46,
    "威清门派出所": 47,
    "茶油鸭馆(港天大厦店)": 48,
    "但家香酥鸭(黔灵公园店)": 49,
    "贵州医科大学附属肿瘤医院": 50,
    "中环路西段入口(花果园方向)": 51,
    "印象二期(建设中)": 52,
    "张晓洁缸缸麻辣烫(恒大帝景店)": 53,
    "贵州众源星宝汽车服务有限公司": 54,
    "布依羊肉粉": 55,
    "乡村基(数博万达店)": 56,
    "贵阳金世源酒店": 57,
    "贵阳塔吉酒店": 58,
    "蜀国火锅冒菜": 59,
    "苏宁易购(金阳世纪城店)": 60,
    "但家香酥鸭(金阳福州街店)": 61,
    "贵阳亚丁公寓": 62
  }
}