{
  "贵阳亚丁公寓": 403,
  "但家香酥鸭(金阳福州街店)": 404,
  "苏宁易购(金阳世纪城店)": 760,
  "蜀国火锅冒菜": 441,
  "贵阳塔吉酒店": 435,
  "贵阳金世源酒店": 604,
  "乡村基(数博万达店)": 657,
  "布依羊肉粉": 800,
  "贵州众源星宝汽车服务有限公司": 405,
  "张晓洁缸缸麻辣烫(恒大帝景店)": 604,
  "印象二期(建设中)": 815,
  "中环路西段入口(花果园方向)": 624,
  "贵州医科大学附属肿瘤医院": 413,
  "但家香酥鸭(黔灵公园店)": 592,
  "茶油鸭馆(港天大厦店)": 450,
  "威清门派出所": 426,
  "山林路": 448,
  "中共贵阳市城市综合执法支队云岩大队直属队支部委员会": 705,
  "圣丰酒店": 427,
  "水云轩(复兴巷)": 434,
  "经协大厦(箭道街)": 444,
  "维仕青少年视力服务中心(贵阳新华路店)": 505,
  "镁厨(新华路店)": 1347,
  "邓氏九尺鸭肠老火锅(油榨街店)": 441,
  "南岳首座": 475,
  "富源北路地铁站C口": 2126,
  "黑垭口": 426,
  "黑垭口隧道": 412,
  "清凉院": 467,
  "贵阳新月出租汽车有限公司": 508
}