{
  "姨妈冲": {
    "time": [
      "06:14:42",
      "06:29:06",
      "06:43:26",
      "06:57:45",
      "07:13:06",
      "07:27:22",
      "07:41:41",
      "07:57:21",
      "08:12:44",
      "08:27:21",
      "08:42:08",
      "08:56:18",
      "09:10:34",
      "09:25:46",
      "09:40:07",
      "09:54:51",
      "10:10:22",
      "10:24:38",
      "10:39:36",
      "10:53:52",
      "11:09:17",
      "11:24:17",
      "11:39:12",
      "11:53:53",
      "12:08:14",
      "12:24:01",
      "12:39:30",
      "12:54:52",
      "13:10:20",
      "13:24:45",
      "13:39:27",
      "13:55:00",
      "14:09:26",
      "14:25:02",
      "14:40:17",
      "14:55:38",
      "15:10:43",
      "15:25:41",
      "15:40:51",
      "15:55:45",
      "16:11:14",
      "16:26:59",
      "16:41:40",
      "16:56:03",
      "17:10:50",
      "17:26:31",
      "17:41:27",
      "17:55:43",
      "18:11:06",
      "18:25:44",
      "18:40:39",
      "18:55:25",
      "19:10:01",
      "19:24:41",
      "19:39:49",
      "19:55:36",
      "20:11:07",
      "20:26:37",
      "20:41:16",
      "20:56:25",
      "21:11:37",
      "21:26:29",
      "21:40:59",
      "21:55:49",
      "22:10:31"
    ],
    "board": [
      9,
      3,
      1,
      12,
      7,
      6,
      8,
      1,
      2,
      2,
      13,
      1,
      6,
      1,
      9,
      12,
      6,
      10,
      7,
      7,
      7,
      8,
      15,
      5,
      7,
      1,
      4,
      5,
      9,
      9,
      14,
      10,
      3,
      9,
      14,
      3,
      8,
      14,
      5,
      14,
      13,
      1,
      5,
      9,
      7,
      5,
      5,
      4,
      2,
      15,
      3,
      15,
      14,
      1,
      8,
      6,
      4,
      3,
      7,
      2,
      15,
      7,
      2,
      9,
      11
    ],
    "alight": [
      0,
      0,
      0,
      0,
      0,
      0,
      0,
      0,
      0,
      0,
      0,
      0,
      0,
      0,
      0,
      0,
      0,
      0,
      0,
      0,
      0,
      0,
      0,
      0,
      0,
      0,
      0,
      0,
      0,
      0,
      0,
      0,
      0,
      0,
      0,
      0,
      0,
      0,
      0,
      0,
      0,
      0,
      0,
      0,
      0,
      0,
      0,
      0,
      0,
      0,
      0,
      0,
      0,
      0,
      0,
      0,
      0,
      0,
      0,
      0,
      0,
      0,
      0,
      0,
      0
    ]
  },
  "1号路": {
    "time": [
      "06:14:42",
      "06:29:06",
      "06:43:26",
      "06:57:45",
      "07:13:06",
      "07:27:22",
      "07:41:41",
      "07:57:21",
      "08:12:44",
      "08:27:21",
      "08:42:08",
      "08:56:18",
      "09:10:34",
      "09:25:46",
      "09:40:07",
      "09:54:51",
      "10:10:22",
      "10:24:38",
      "10:39:36",
      "10:53:52",
      "11:09:17",
      "11:24:17",
      "11:39:12",
      "11:53:53",
      "12:08:14",
      "12:24:01",
      "12:39:30",
      "12:54:52",
      "13:10:20",
      "13:24:45",
      "13:39:27",
      "13:55:00",
      "14:09:26",
      "14:25:02",
      "14:40:17",
      "14:55:38",
      "15:10:43",
      "15:25:41",
      "15:40:51",
      "15:55:45",
      "16:11:14",
      "16:26:59",
      "16:41:40",
      "16:56:03",
      "17:10:50",
      "17:26:31",
      "17:41:27",
      "17:55:43",
      "18:11:06",
      "18:25:44",
      "18:40:39",
      "18:55:25",
      "19:10:01",
      "19:24:41",
      "19:39:49",
      "19:55:36",
      "20:11:07",
      "20:26:37",
      "20:41:16",
      "20:56:25",
      "21:11:37",
      "21:26:29",
      "21:40:59",
      "21:55:49",
      "22:10:31"
    ],
    "board": [
      9,
      12,
      9,
      6,
      5,
      14,
      7,
      13,
      15,
      3,
      14,
      8,
      11,
      14,
      11,
      10,
      2,
      8,
      3,
      4,
      15,
      8,
      1,
      9,
      3,
      12,
      14,
      13,
      8,
      2,
      13,
      5,
      8,
      4,
      10,
      15,
      11,
      9,
      0,
      6,
      12,
      13,
      9,
      1,
      10,
      15,
      10,
      4,
      10,
      0,
      11,
      2,
      15,
      15,
      3,
      15,
      0,
      5,
      13,
      2,
      9,
      1,
      7,
      1,
      11
    ],
    "alight": [
      0,
      0,
      0,
      0,
      0,
      0,
      0,
      0,
      0,
      0,
      0,
      0,
      0,
      0,
      0,
      0,
      0,
      0,
      0,
      0,
      0,
      0,
      0,
      0,
      0,
      0,
      0,
      0,
      0,
      0,
      0,
      0,
      0,
      0,
      0,
      0,
      0,
      0,
      0,
      0,
      0,
      0,
      0,
      0,
      0,
      0,
      0,
      0,
      0,
      0,
      0,
      0,
      0,
      0,
      0,
      0,
      0,
      0,
      0,
      0,
      0,
      0,
      0,
      0,
      0
    ]
  },
  "创纬路": {
    "time": [
      "06:14:42",
      "06:29:06",
      "06:43:26",
      "06:57:45",
      "07:13:06",
      "07:27:22",
      "07:41:41",
      "07:57:21",
      "08:12:44",
      "08:27:21",
      "08:42:08",
      "08:56:18",
      "09:10:34",
      "09:25:46",
      "09:40:07",
      "09:54:51",
      "10:10:22",
      "10:24:38",
      "10:39:36",
      "10:53:52",
      "11:09:17",
      "11:24:17",
      "11:39:12",
      "11:53:53",
      "12:08:14",
      "12:24:01",
      "12:39:30",
      "12:54:52",
      "13:10:20",
      "13:24:45",
      "13:39:27",
      "13:55:00",
      "14:09:26",
      "14:25:02",
      "14:40:17",
      "14:55:38",
      "15:10:43",
      "15:25:41",
      "15:40:51",
      "15:55:45",
      "16:11:14",
      "16:26:59",
      "16:41:40",
      "16:56:03",
      "17:10:50",
      "17:26:31",
      "17:41:27",
      "17:55:43",
      "18:11:06",
      "18:25:44",
      "18:40:39",
      "18:55:25",
      "19:10:01",
      "19:24:41",
      "19:39:49",
      "19:55:36",
      "20:11:07",
      "20:26:37",
      "20:41:16",
      "20:56:25",
      "21:11:37",
      "21:26:29",
      "21:40:59",
      "21:55:49",
      "22:10:31"
    ],
    "board": [
      4,
      5,
      14,
      9,
      4,
      13,
      15,
      0,
      13,
      1,
      13,
      6,
      4,
      0,
      7,
      12,
      12,
      1,
      12,
      0,
      1,
      14,
      10,
      4,
      2,
      3,
      10,
      15,
      7,
      10,
      8,
      10,
      0,
      8,
      6,
      3,
      5,
      0,
      15,
      0,
      10,
      6,
      12,
      4,
      13,
      8,
      0,
      7,
      14,
      14,
      0,
      8,
      8,
      11,
      5,
      6,
      12,
      1,
      8,
      5,
      8,
      2,
      2,
      4,
      11
    ],
    "alight": [
      0,
      0,
      0,
      0,
      0,
      0,
      0,
      0,
      0,
      0,
      2,
      0,
      1,
      0,
      0,
      0,
      0,
      0,
      0,
      0,
      0,
      0,
      3,
      0,
      0,
      0,
      0,
      0,
      0,
      0,
      0,
      0,
      2,
      1,
      0,
      0,
      0,
      2,
      0,
      0,
      0,
      0,
      0,
      1,
      0,
      0,
      0,
      0,
      3,
      0,
      0,
      0,
      0,
      0,
      0,
      0,
      0,
      0,
      2,
      0,
      0,
      0,
      3,
      0,
      0
    ]
  },
  "150县道": {
    "time": [
      "06:14:42",
      "06:29:06",
      "06:43:26",
      "06:57:45",
      "07:13:06",
      "07:27:22",
      "07:41:41",
      "07:57:21",
      "08:12:44",
      "08:27:21",
      "08:42:08",
      "08:56:18",
      "09:10:34",
      "09:25:46",
      "09:40:07",
      "09:54:51",
      "10:10:22",
      "10:24:38",
      "10:39:36",
      "10:53:52",
      "11:09:17",
      "11:24:17",
      "11:39:12",
      "11:53:53",
      "12:08:14",
      "12:24:01",
      "12:39:30",
      "12:54:52",
      "13:10:20",
      "13:24:45",
      "13:39:27",
      "13:55:00",
      "14:09:26",
      "14:25:02",
      "14:40:17",
      "14:55:38",
      "15:10:43",
      "15:25:41",
      "15:40:51",
      "15:55:45",
      "16:11:14",
      "16:26:59",
      "16:41:40",
      "16:56:03",
      "17:10:50",
      "17:26:31",
      "17:41:27",
      "17:55:43",
      "18:11:06",
      "18:25:44",
      "18:40:39",
      "18:55:25",
      "19:10:01",
      "19:24:41",
      "19:39:49",
      "19:55:36",
      "20:11:07",
      "20:26:37",
      "20:41:16",
      "20:56:25",
      "21:11:37",
      "21:26:29",
      "21:40:59",
      "21:55:49",
      "22:10:31"
    ],
    "board": [
      1,
      4,
      7,
      3,
      13,
      10,
      12,
      9,
      10,
      7,
      3,
      13,
      5,
      14,
      5,
      9,
      2,
      0,
      1,
      10,
      14,
      14,
      9,
      0,
      11,
      15,
      6,
      1,
      1,
      1,
      9,
      13,
      15,
      4,
      11,
      9,
      0,
      12,
      3,
      13,
      10,
      12,
      11,
      9,
      3,
      0,
      10,
      9,
      12,
      4,
      12,
      7,
      3,
      9,
      7,
      4,
      14,
      12,
      7,
      1,
      11,
      4,
      0,
      6,
      6
    ],
    "alight": [
      0,
      0,
      0,
      0,
      0,
      0,
      0,
      3,
      0,
      0,
      0,
      0,
      0,
      0,
      0,
      0,
      0,
      0,
      4,
      0,
      0,
      0,
      0,
      0,
      0,
      0,
      0,
      0,
      0,
      0,
      0,
      0,
      0,
      0,
      0,
      0,
      0,
      0,
      0,
      0,
      0,
      0,
      0,
      0,
      0,
      0,
      0,
      0,
      0,
      0,
      0,
      0,
      0,
      0,
      0,
      0,
      0,
      0,
      0,
      0,
      0,
      0,
      0,
      0,
      0
    ]
  },
  "太阳湖滨河公园": {
    "time": [
      "06:14:42",
      "06:29:06",
      "06:43:26",
      "06:57:45",
      "07:13:06",
      "07:27:22",
      "07:41:41",
      "07:57:21",
      "08:12:44",
      "08:27:21",
      "08:42:08",
      "08:56:18",
      "09:10:34",
      "09:25:46",
      "09:40:07",
      "09:54:51",
      "10:10:22",
      "10:24:38",
      "10:39:36",
      "10:53:52",
      "11:09:17",
      "11:24:17",
      "11:39:12",
      "11:53:53",
      "12:08:14",
      "12:24:01",
      "12:39:30",
      "12:54:52",
      "13:10:20",
      "13:24:45",
      "13:39:27",
      "13:55:00",
      "14:09:26",
      "14:25:02",
      "14:40:17",
      "14:55:38",
      "15:10:43",
      "15:25:41",
      "15:40:51",
      "15:55:45",
      "16:11:14",
      "16:26:59",
      "16:41:40",
      "16:56:03",
      "17:10:50",
      "17:26:31",
      "17:41:27",
      "17:55:43",
      "18:11:06",
      "18:25:44",
      "18:40:39",
      "18:55:25",
      "19:10:01",
      "19:24:41",
      "19:39:49",
      "19:55:36",
      "20:11:07",
      "20:26:37",
      "20:41:16",
      "20:56:25",
      "21:11:37",
      "21:26:29",
      "21:40:59",
      "21:55:49",
      "22:10:31"
    ],
    "board": [
      10,
      3,
      10,
      7,
      15,
      7,
      7,
      0,
      4,
      5,
      14,
      4,
      15,
      0,
      11,
      15,
      1,
      8,
      6,
      6,
      9,
      0,
      8,
      8,
      0,
      2,
      7,
      5,
      12,
      8,
      9,
      1,
      3,
      11,
      11,
      0,
      12,
      6,
      3,
      12,
      5,
      0,
      13,
      4,
      3,
      13,
      10,
      14,
      10,
      9,
      7,
      15,
      14,
      2,
      10,
      0,
      12,
      11,
      0,
      3,
      0,
      3,
      2,
      1,
      5
    ],
    "alight": [
      13,
      4,
      2,
      5,
      15,
      9,
      7,
      5,
      3,
      12,
      12,
      14,
      9,
      7,
      0,
      10,
      0,
      2,
      4,
      8,
      3,
      7,
      15,
      12,
      13,
      12,
      11,
      1,
      15,
      2,
      15,
      5,
      8,
      12,
      13,
      6,
      0,
      1,
      11,
      13,
      8,
      4,
      11,
      7,
      2,
      3,
      13,
      14,
      5,
      1,
      5,
      13,
      2,
      2,
      14,
      2,
      3,
      8,
      0,
      1,
      8,
      7,
      10,
      13,
      4
    ]
  },
  "赛卡司测控技术研究院": {
    "time": [
      "06:14:42",
      "06:29:06",
      "06:43:26",
      "06:57:45",
      "07:13:06",
      "07:27:22",
      "07:41:41",
      "07:57:21",
      "08:12:44",
      "08:27:21",
      "08:42:08",
      "08:56:18",
      "09:10:34",
      "09:25:46",
      "09:40:07",
      "09:54:51",
      "10:10:22",
      "10:24:38",
      "10:39:36",
      "10:53:52",
      "11:09:17",
      "11:24:17",
      "11:39:12",
      "11:53:53",
      "12:08:14",
      "12:24:01",
      "12:39:30",
      "12:54:52",
      "13:10:20",
      "13:24:45",
      "13:39:27",
      "13:55:00",
      "14:09:26",
      "14:25:02",
      "14:40:17",
      "14:55:38",
      "15:10:43",
      "15:25:41",
      "15:40:51",
      "15:55:45",
      "16:11:14",
      "16:26:59",
      "16:41:40",
      "16:56:03",
      "17:10:50",
      "17:26:31",
      "17:41:27",
      "17:55:43",
      "18:11:06",
      "18:25:44",
      "18:40:39",
      "18:55:25",
      "19:10:01",
      "19:24:41",
      "19:39:49",
      "19:55:36",
      "20:11:07",
      "20:26:37",
      "20:41:16",
      "20:56:25",
      "21:11:37",
      "21:26:29",
      "21:40:59",
      "21:55:49",
      "22:10:31"
    ],
    "board": [
      0,
      15,
      8,
      8,
      15,
      7,
      9,
      0,
      7,
      8,
      7,
      13,
      6,
      7,
      1,
      15,
      11,
      10,
      8,
      2,
      0,
      9,
      12,
      14,
      14,
      10,
      12,
      3,
      11,
      12,
      9,
      10,
      4,
      2,
      13,
      3,
      0,
      0,
      1,
      13,
      11,
      0,
      13,
      15,
      14,
      5,
      14,
      1,
      7,
      12,
      9,
      6,
      10,
      10,
      3,
      3,
      6,
      9,
      15,
      5,
      15,
      8,
      8,
      10,
      14
    ],
    "alight": [
      2,
      9,
      12,
      15,
      5,
      9,
      14,
      11,
      0,
      7,
      13,
      6,
      2,
      15,
      0,
      12,
      1,
      9,
      6,
      6,
      5,
      1,
      7,
      12,
      1,
      15,
      6,
      10,
      8,
      3,
      8,
      7,
      1,
      10,
      2,
      1,
      15,
      10,
      1,
      3,
      8,
      6,
      3,
      6,
      11,
      11,
      1,
      9,
      12,
      0,
      2,
      11,
      14,
      7,
      12,
      4,
      5,
      1,
      0,
      10,
      14,
      11,
      8,
      11,
      7
    ]
  },
  "贵州科学院新材料创新孵化园": {
    "time": [
      "06:14:42",
      "06:29:06",
      "06:43:26",
      "06:57:45",
      "07:13:06",
      "07:27:22",
      "07:41:41",
      "07:57:21",
      "08:12:44",
      "08:27:21",
      "08:42:08",
      "08:56:18",
      "09:10:34",
      "09:25:46",
      "09:40:07",
      "09:54:51",
      "10:10:22",
      "10:24:38",
      "10:39:36",
      "10:53:52",
      "11:09:17",
      "11:24:17",
      "11:39:12",
      "11:53:53",
      "12:08:14",
      "12:24:01",
      "12:39:30",
      "12:54:52",
      "13:10:20",
      "13:24:45",
      "13:39:27",
      "13:55:00",
      "14:09:26",
      "14:25:02",
      "14:40:17",
      "14:55:38",
      "15:10:43",
      "15:25:41",
      "15:40:51",
      "15:55:45",
      "16:11:14",
      "16:26:59",
      "16:41:40",
      "16:56:03",
      "17:10:50",
      "17:26:31",
      "17:41:27",
      "17:55:43",
      "18:11:06",
      "18:25:44",
      "18:40:39",
      "18:55:25",
      "19:10:01",
      "19:24:41",
      "19:39:49",
      "19:55:36",
      "20:11:07",
      "20:26:37",
      "20:41:16",
      "20:56:25",
      "21:11:37",
      "21:26:29",
      "21:40:59",
      "21:55:49",
      "22:10:31"
    ],
    "board": [
      0,
      3,
      1,
      9,
      6,
      12,
      14,
      14,
      6,
      13,
      2,
      15,
      4,
      9,
      2,
      10,
      9,
      6,
      8,
      13,
      6,
      11,
      0,
      4,
      12,
      5,
      14,
      12,
      5,
      7,
      0,
      7,
      3,
      10,
      8,
      15,
      15,
      14,
      4,
      7,
      1,
      4,
      5,
      7,
      13,
      10,
      1,
      3,
      6,
      8,
      2,
      10,
      9,
      5,
      13,
      5,
      0,
      3,
      1,
      2,
      9,
      12,
      3,
      8,
      9
    ],
    "alight": [
      9,
      5,
      4,
      6,
      2,
      5,
      4,
      4,
      0,
      0,
      15,
      15,
      15,
      10,
      11,
      4,
      0,
      6,
      4,
      14,
      5,
      10,
      9,
      10,
      12,
      8,
      5,
      7,
      3,
      9,
      11,
      8,
      4,
      10,
      4,
      7,
      10,
      9,
      6,
      6,
      1,
      8,
      12,
      13,
      11,
      1,
      2,
      14,
      10,
      11,
      6,
      5,
      12,
      11,
      7,
      0,
      7,
      5,
      14,
      3,
      12,
      1,
      1,
      5,
      1
    ]
  },
  "贵阳柏菲特假日公寓": {
    "time": [
      "06:14:42",
      "06:29:06",
      "06:43:26",
      "06:57:45",
      "07:13:06",
      "07:27:22",
      "07:41:41",
      "07:57:21",
      "08:12:44",
      "08:27:21",
      "08:42:08",
      "08:56:18",
      "09:10:34",
      "09:25:46",
      "09:40:07",
      "09:54:51",
      "10:10:22",
      "10:24:38",
      "10:39:36",
      "10:53:52",
      "11:09:17",
      "11:24:17",
      "11:39:12",
      "11:53:53",
      "12:08:14",
      "12:24:01",
      "12:39:30",
      "12:54:52",
      "13:10:20",
      "13:24:45",
      "13:39:27",
      "13:55:00",
      "14:09:26",
      "14:25:02",
      "14:40:17",
      "14:55:38",
      "15:10:43",
      "15:25:41",
      "15:40:51",
      "15:55:45",
      "16:11:14",
      "16:26:59",
      "16:41:40",
      "16:56:03",
      "17:10:50",
      "17:26:31",
      "17:41:27",
      "17:55:43",
      "18:11:06",
      "18:25:44",
      "18:40:39",
      "18:55:25",
      "19:10:01",
      "19:24:41",
      "19:39:49",
      "19:55:36",
      "20:11:07",
      "20:26:37",
      "20:41:16",
      "20:56:25",
      "21:11:37",
      "21:26:29",
      "21:40:59",
      "21:55:49",
      "22:10:31"
    ],
    "board": [
      12,
      10,
      11,
      14,
      4,
      11,
      5,
      1,
      2,
      3,
      4,
      9,
      4,
      1,
      10,
      6,
      7,
      9,
      0,
      6,
      1,
      6,
      8,
      5,
      0,
      11,
      14,
      3,
      8,
      12,
      10,
      3,
      9,
      12,
      0,
      5,
      7,
      4,
      11,
      11,
      1,
      15,
      11,
      10,
      11,
      14,
      12,
      4,
      13,
      10,
      15,
      12,
      0,
      7,
      8,
      1,
      9,
      4,
      1,
      0,
      9,
      2,
      9,
      0,
      9
    ],
    "alight": [
      6,
      4,
      14,
      15,
      12,
      3,
      7,
      15,
      7,
      9,
      6,
      12,
      6,
      14,
      0,
      1,
      10,
      7,
      7,
      11,
      11,
      8,
      5,
      8,
      3,
      12,
      15,
      0,
      4,
      3,
      15,
      6,
      7,
      13,
      12,
      0,
      4,
      4,
      11,
      1,
      12,
      12,
      14,
      7,
      4,
      4,
      8,
      10,
      0,
      13,
      10,
      3,
      4,
      5,
      8,
      0,
      15,
      5,
      0,
      6,
      10,
      10,
      0,
      7,
      10
    ]
  },
  "贵阳出口(G6002贵阳绕城高速东向)": {
    "time": [
      "06:14:42",
      "06:29:06",
      "06:43:26",
      "06:57:45",
      "07:13:06",
      "07:27:22",
      "07:41:41",
      "07:57:21",
      "08:12:44",
      "08:27:21",
      "08:42:08",
      "08:56:18",
      "09:10:34",
      "09:25:46",
      "09:40:07",
      "09:54:51",
      "10:10:22",
      "10:24:38",
      "10:39:36",
      "10:53:52",
      "11:09:17",
      "11:24:17",
      "11:39:12",
      "11:53:53",
      "12:08:14",
      "12:24:01",
      "12:39:30",
      "12:54:52",
      "13:10:20",
      "13:24:45",
      "13:39:27",
      "13:55:00",
      "14:09:26",
      "14:25:02",
      "14:40:17",
      "14:55:38",
      "15:10:43",
      "15:25:41",
      "15:40:51",
      "15:55:45",
      "16:11:14",
      "16:26:59",
      "16:41:40",
      "16:56:03",
      "17:10:50",
      "17:26:31",
      "17:41:27",
      "17:55:43",
      "18:11:06",
      "18:25:44",
      "18:40:39",
      "18:55:25",
      "19:10:01",
      "19:24:41",
      "19:39:49",
      "19:55:36",
      "20:11:07",
      "20:26:37",
      "20:41:16",
      "20:56:25",
      "21:11:37",
      "21:26:29",
      "21:40:59",
      "21:55:49",
      "22:10:31"
    ],
    "board": [
      2,
      3,
      15,
      10,
      14,
      4,
      13,
      7,
      6,
      7,
      7,
      13,
      0,
      7,
      14,
      5,
      7,
      9,
      9,
      7,
      5,
      9,
      10,
      2,
      6,
      5,
      10,
      7,
      0,
      13,
      2,
      9,
      6,
      13,
      12,
      5,
      7,
      7,
      13,
      15,
      1,
      10,
      1,
      9,
      2,
      12,
      9,
      13,
      4,
      3,
      14,
      1,
      6,
      6,
      12,
      14,
      10,
      1,
      3,
      0,
      8,
      10,
      0,
      9,
      9
    ],
    "alight": [
      13,
      9,
      15,
      15,
      2,
      8,
      12,
      13,
      10,
      7,
      9,
      6,
      4,
      2,
      1,
      2,
      3,
      13,
      14,
      13,
      8,
      3,
      11,
      1,
      0,
      7,
      9,
      10,
      2,
      11,
      11,
      9,
      1,
      9,
      10,
      0,
      10,
      12,
      9,
      15,
      8,
      15,
      11,
      4,
      0,
      15,
      14,
      8,
      7,
      8,
      3,
      4,
      14,
      10,
      5,
      6,
      4,
      9,
      0,
      6,
      5,
      6,
      6,
      5,
      6
    ]
  },
  "喜悦财富酒店(白云店)": {
    "time": [
      "06:14:42",
      "06:29:06",
      "06:43:26",
      "06:57:45",
      "07:13:06",
      "07:27:22",
      "07:41:41",
      "07:57:21",
      "08:12:44",
      "08:27:21",
      "08:42:08",
      "08:56:18",
      "09:10:34",
      "09:25:46",
      "09:40:07",
      "09:54:51",
      "10:10:22",
      "10:24:38",
      "10:39:36",
      "10:53:52",
      "11:09:17",
      "11:24:17",
      "11:39:12",
      "11:53:53",
      "12:08:14",
      "12:24:01",
      "12:39:30",
      "12:54:52",
      "13:10:20",
      "13:24:45",
      "13:39:27",
      "13:55:00",
      "14:09:26",
      "14:25:02",
      "14:40:17",
      "14:55:38",
      "15:10:43",
      "15:25:41",
      "15:40:51",
      "15:55:45",
      "16:11:14",
      "16:26:59",
      "16:41:40",
      "16:56:03",
      "17:10:50",
      "17:26:31",
      "17:41:27",
      "17:55:43",
      "18:11:06",
      "18:25:44",
      "18:40:39",
      "18:55:25",
      "19:10:01",
      "19:24:41",
      "19:39:49",
      "19:55:36",
      "20:11:07",
      "20:26:37",
      "20:41:16",
      "20:56:25",
      "21:11:37",
      "21:26:29",
      "21:40:59",
      "21:55:49",
      "22:10:31"
    ],
    "board": [
      1,
      3,
      4,
      11,
      12,
      15,
      0,
      9,
      10,
      9,
      5,
      8,
      0,
      7,
      6,
      8,
      1,
      8,
      5,
      6,
      6,
      1,
      13,
      0,
      13,
      7,
      0,
      6,
      14,
      12,
      15,
      4,
      8,
      0,
      6,
      11,
      15,
      6,
      1,
      15,
      2,
      14,
      12,
      5,
      6,
      2,
      8,
      2,
      13,
      10,
      6,
      12,
      9,
      13,
      7,
      12,
      2,
      14,
      8,
      6,
      13,
      4,
      1,
      5,
      2
    ],
    "alight": [
      15,
      11,
      2,
      8,
      2,
      10,
      14,
      14,
      3,
      4,
      7,
      9,
      3,
      12,
      12,
      6,
      11,
      11,
      4,
      6,
      4,
      10,
      14,
      15,
      7,
      12,
      12,
      8,
      8,
      15,
      6,
      7,
      8,
      3,
      3,
      1,
      1,
      11,
      2,
      3,
      13,
      10,
      11,
      7,
      4,
      9,
      6,
      0,
      4,
      9,
      0,
      5,
      6,
      3,
      8,
      5,
      0,
      15,
      9,
      0,
      14,
      8,
      2,
      15,
      14
    ]
  },
  "香香豆米火锅(龚北路店)": {
    "time": [
      "06:14:42",
      "06:29:06",
      "06:43:26",
      "06:57:45",
      "07:13:06",
      "07:27:22",
      "07:41:41",
      "07:57:21",
      "08:12:44",
      "08:27:21",
      "08:42:08",
      "08:56:18",
      "09:10:34",
      "09:25:46",
      "09:40:07",
      "09:54:51",
      "10:10:22",
      "10:24:38",
      "10:39:36",
      "10:53:52",
      "11:09:17",
      "11:24:17",
      "11:39:12",
      "11:53:53",
      "12:08:14",
      "12:24:01",
      "12:39:30",
      "12:54:52",
      "13:10:20",
      "13:24:45",
      "13:39:27",
      "13:55:00",
      "14:09:26",
      "14:25:02",
      "14:40:17",
      "14:55:38",
      "15:10:43",
      "15:25:41",
      "15:40:51",
      "15:55:45",
      "16:11:14",
      "16:26:59",
      "16:41:40",
      "16:56:03",
      "17:10:50",
      "17:26:31",
      "17:41:27",
      "17:55:43",
      "18:11:06",
      "18:25:44",
      "18:40:39",
      "18:55:25",
      "19:10:01",
      "19:24:41",
      "19:39:49",
      "19:55:36",
      "20:11:07",
      "20:26:37",
      "20:41:16",
      "20:56:25",
      "21:11:37",
      "21:26:29",
      "21:40:59",
      "21:55:49",
      "22:10:31"
    ],
    "board": [
      8,
      3,
      6,
      0,
      5,
      9,
      13,
      12,
      2,
      4,
      3,
      7,
      12,
      10,
      11,
      5,
      8,
      3,
      4,
      10,
      8,
      7,
      9,
      13,
      3,
      11,
      7,
      10,
      14,
      8,
      0,
      1,
      8,
      3,
      9,
      4,
      0,
      0,
      4,
      15,
      3,
      14,
      11,
      2,
      11,
      9,
      7,
      1,
      14,
      5,
      0,
      13,
      9,
      7,
      5,
      0,
      9,
      11,
      13,
      11,
      13,
      0,
      6,
      8,
      12
    ],
    "alight": [
      8,
      9,
      10,
      14,
      4,
      11,
      0,
      7,
      7,
      4,
      3,
      0,
      3,
      10,
      1,
      6,
      9,
      10,
      4,
      10,
      7,
      8,
      6,
      3,
      8,
      5,
      9,
      14,
      3,
      6,
      12,
      11,
      3,
      3,
      4,
      4,
      14,
      2,
      6,
      10,
      5,
      3,
      11,
      7,
      8,
      11,
      8,
      3,
      1,
      12,
      11,
      11,
      14,
      11,
      2,
      8,
      9,
      10,
      15,
      3,
      8,
      15,
      12,
      12,
      12
    ]
  },
  "白沙关社区卫生服务中心新冠疫苗接种点": {
    "time": [
      "06:14:42",
      "06:29:06",
      "06:43:26",
      "06:57:45",
      "07:13:06",
      "07:27:22",
      "07:41:41",
      "07:57:21",
      "08:12:44",
      "08:27:21",
      "08:42:08",
      "08:56:18",
      "09:10:34",
      "09:25:46",
      "09:40:07",
      "09:54:51",
      "10:10:22",
      "10:24:38",
      "10:39:36",
      "10:53:52",
      "11:09:17",
      "11:24:17",
      "11:39:12",
      "11:53:53",
      "12:08:14",
      "12:24:01",
      "12:39:30",
      "12:54:52",
      "13:10:20",
      "13:24:45",
      "13:39:27",
      "13:55:00",
      "14:09:26",
      "14:25:02",
      "14:40:17",
      "14:55:38",
      "15:10:43",
      "15:25:41",
      "15:40:51",
      "15:55:45",
      "16:11:14",
      "16:26:59",
      "16:41:40",
      "16:56:03",
      "17:10:50",
      "17:26:31",
      "17:41:27",
      "17:55:43",
      "18:11:06",
      "18:25:44",
      "18:40:39",
      "18:55:25",
      "19:10:01",
      "19:24:41",
      "19:39:49",
      "19:55:36",
      "20:11:07",
      "20:26:37",
      "20:41:16",
      "20:56:25",
      "21:11:37",
      "21:26:29",
      "21:40:59",
      "21:55:49",
      "22:10:31"
    ],
    "board": [
      2,
      1,
      4,
      1,
      12,
      1,
      0,
      11,
      3,
      15,
      8,
      7,
      10,
      14,
      13,
      10,
      11,
      13,
      3,
      7,
      12,
      12,
      6,
      6,
      15,
      0,
      3,
      5,
      9,
      10,
      6,
      13,
      0,
      5,
      9,
      3,
      7,
      3,
      13,
      10,
      14,
      9,
      5,
      13,
      0,
      6,
      10,
      2,
      11,
      12,
      9,
      8,
      9,
      15,
      3,
      3,
      2,
      13,
      2,
      13,
      6,
      11,
      7,
      6,
      12
    ],
    "alight": [
      15,
      6,
      12,
      10,
      10,
      6,
      13,
      2,
      14,
      9,
      10,
      15,
      0,
      14,
      4,
      3,
      13,
      10,
      12,
      15,
      7,
      12,
      4,
      6,
      7,
      13,
      11,
      15,
      8,
      3,
      2,
      15,
      0,
      15,
      3,
      15,
      6,
      0,
      9,
      0,
      11,
      6,
      13,
      10,
      11,
      10,
      14,
      2,
      12,
      7,
      2,
      2,
      12,
      7,
      13,
      1,
      1,
      1,
      13,
      15,
      4,
      10,
      15,
      14,
      2
    ]
  },
  "富炬智能升降茶几": {
    "time": [
      "06:14:42",
      "06:29:06",
      "06:43:26",
      "06:57:45",
      "07:13:06",
      "07:27:22",
      "07:41:41",
      "07:57:21",
      "08:12:44",
      "08:27:21",
      "08:42:08",
      "08:56:18",
      "09:10:34",
      "09:25:46",
      "09:40:07",
      "09:54:51",
      "10:10:22",
      "10:24:38",
      "10:39:36",
      "10:53:52",
      "11:09:17",
      "11:24:17",
      "11:39:12",
      "11:53:53",
      "12:08:14",
      "12:24:01",
      "12:39:30",
      "12:54:52",
      "13:10:20",
      "13:24:45",
      "13:39:27",
      "13:55:00",
      "14:09:26",
      "14:25:02",
      "14:40:17",
      "14:55:38",
      "15:10:43",
      "15:25:41",
      "15:40:51",
      "15:55:45",
      "16:11:14",
      "16:26:59",
      "16:41:40",
      "16:56:03",
      "17:10:50",
      "17:26:31",
      "17:41:27",
      "17:55:43",
      "18:11:06",
      "18:25:44",
      "18:40:39",
      "18:55:25",
      "19:10:01",
      "19:24:41",
      "19:39:49",
      "19:55:36",
      "20:11:07",
      "20:26:37",
      "20:41:16",
      "20:56:25",
      "21:11:37",
      "21:26:29",
      "21:40:59",
      "21:55:49",
      "22:10:31"
    ],
    "board": [
      14,
      8,
      14,
      0,
      4,
      2,
      4,
      13,
      1,
      6,
      0,
      13,
      3,
      4,
      12,
      5,
      11,
      15,
      5,
      13,
      3,
      5,
      4,
      15,
      12,
      8,
      7,
      8,
      1,
      1,
      14,
      2,
      11,
      5,
      11,
      13,
      1,
      6,
      13,
      12,
      6,
      3,
      3,
      4,
      10,
      0,
      14,
      10,
      1,
      12,
      7,
      9,
      4,
      0,
      13,
      2,
      8,
      3,
      14,
      12,
      13,
      13,
      7,
      3,
      9
    ],
    "alight": [
      14,
      4,
      6,
      9,
      1,
      5,
      0,
      13,
      1,
      12,
      1,
      14,
      5,
      13,
      4,
      1,
      2,
      8,
      10,
      1,
      14,
      1,
      8,
      0,
      3,
      5,
      10,
      6,
      4,
      3,
      13,
      5,
      1,
      1,
      7,
      13,
      10,
      2,
      0,
      13,
      14,
      10,
      10,
      8,
      1,
      5,
      5,
      1,
      1,
      10,
      1,
      5,
      14,
      9,
      14,
      10,
      8,
      0,
      14,
      13,
      13,
      7,
      8,
      8,
      14
    ]
  },
  "白金大道": {
    "time": [
      "06:14:42",
      "06:29:06",
      "06:43:26",
      "06:57:45",
      "07:13:06",
      "07:27:22",
      "07:41:41",
      "07:57:21",
      "08:12:44",
      "08:27:21",
      "08:42:08",
      "08:56:18",
      "09:10:34",
      "09:25:46",
      "09:40:07",
      "09:54:51",
      "10:10:22",
      "10:24:38",
      "10:39:36",
      "10:53:52",
      "11:09:17",
      "11:24:17",
      "11:39:12",
      "11:53:53",
      "12:08:14",
      "12:24:01",
      "12:39:30",
      "12:54:52",
      "13:10:20",
      "13:24:45",
      "13:39:27",
      "13:55:00",
      "14:09:26",
      "14:25:02",
      "14:40:17",
      "14:55:38",
      "15:10:43",
      "15:25:41",
      "15:40:51",
      "15:55:45",
      "16:11:14",
      "16:26:59",
      "16:41:40",
      "16:56:03",
      "17:10:50",
      "17:26:31",
      "17:41:27",
      "17:55:43",
      "18:11:06",
      "18:25:44",
      "18:40:39",
      "18:55:25",
      "19:10:01",
      "19:24:41",
      "19:39:49",
      "19:55:36",
      "20:11:07",
      "20:26:37",
      "20:41:16",
      "20:56:25",
      "21:11:37",
      "21:26:29",
      "21:40:59",
      "21:55:49",
      "22:10:31"
    ],
    "board": [
      9,
      7,
      3,
      5,
      7,
      4,
      12,
      9,
      14,
      10,
      13,
      10,
      11,
      9,
      1,
      5,
      14,
      15,
      3,
      11,
      6,
      11,
      6,
      0,
      15,
      2,
      1,
      14,
      15,
      11,
      7,
      5,
      9,
      10,
      4,
      1,
      1,
      4,
      1,
      5,
      13,
      5,
      11,
      5,
      5,
      3,
      2,
      10,
      15,
      7,
      9,
      8,
      13,
      0,
      3,
      1,
      0,
      12,
      1,
      10,
      1,
      5,
      14,
      9,
      1
    ],
    "alight": [
      2,
      1,
      6,
      10,
      4,
      12,
      14,
      14,
      2,
      13,
      9,
      2,
      1,
      1,
      4,
      13,
      11,
      13,
      7,
      0,
      14,
      9,
      1,
      15,
      6,
      9,
      7,
      9,
      7,
      9,
      9,
      12,
      7,
      0,
      2,
      6,
      4,
      11,
      9,
      7,
      12,
      6,
      8,
      15,
      7,
      8,
      4,
      0,
      5,
      1,
      11,
      3,
      4,
      13,
      1,
      12,
      7,
      3,
      0,
      8,
      0,
      10,
      6,
      9,
      14
    ]
  },
  "同城南路": {
    "time": [
      "06:14:42",
      "06:29:06",
      "06:43:26",
      "06:57:45",
      "07:13:06",
      "07:27:22",
      "07:41:41",
      "07:57:21",
      "08:12:44",
      "08:27:21",
      "08:42:08",
      "08:56:18",
      "09:10:34",
      "09:25:46",
      "09:40:07",
      "09:54:51",
      "10:10:22",
      "10:24:38",
      "10:39:36",
      "10:53:52",
      "11:09:17",
      "11:24:17",
      "11:39:12",
      "11:53:53",
      "12:08:14",
      "12:24:01",
      "12:39:30",
      "12:54:52",
      "13:10:20",
      "13:24:45",
      "13:39:27",
      "13:55:00",
      "14:09:26",
      "14:25:02",
      "14:40:17",
      "14:55:38",
      "15:10:43",
      "15:25:41",
      "15:40:51",
      "15:55:45",
      "16:11:14",
      "16:26:59",
      "16:41:40",
      "16:56:03",
      "17:10:50",
      "17:26:31",
      "17:41:27",
      "17:55:43",
      "18:11:06",
      "18:25:44",
      "18:40:39",
      "18:55:25",
      "19:10:01",
      "19:24:41",
      "19:39:49",
      "19:55:36",
      "20:11:07",
      "20:26:37",
      "20:41:16",
      "20:56:25",
      "21:11:37",
      "21:26:29",
      "21:40:59",
      "21:55:49",
      "22:10:31"
    ],
    "board": [
      0,
      4,
      1,
      9,
      10,
      4,
      0,
      1,
      9,
      8,
      8,
      2,
      4,
      12,
      0,
      5,
      14,
      9,
      6,
      11,
      10,
      13,
      13,
      14,
      11,
      15,
      7,
      6,
      10,
      3,
      6,
      15,
      0,
      6,
      10,
      6,
      12,
      10,
      12,
      13,
      1,
      13,
      10,
      0,
      15,
      4,
      13,
      10,
      5,
      5,
      8,
      7,
      2,
      1,
      15,
      4,
      5,
      5,
      4,
      4,
      8,
      11,
      2,
      11,
      8
    ],
    "alight": [
      14,
      10,
      9,
      5,
      4,
      9,
      12,
      2,
      11,
      8,
      13,
      3,
      12,
      12,
      14,
      6,
      11,
      10,
      0,
      9,
      10,
      9,
      1,
      11,
      13,
      15,
      10,
      2,
      7,
      6,
      12,
      15,
      6,
      9,
      11,
      15,
      7,
      7,
      11,
      3,
      7,
      2,
      14,
      0,
      10,
      13,
      9,
      7,
      14,
      2,
      4,
      6,
      10,
      3,
      3,
      0,
      2,
      6,
      8,
      12,
      3,
      5,
      4,
      11,
      11
    ]
  },
  "平安乡村杀猪饭(粑粑坳店)": {
    "time": [
      "06:14:42",
      "06:29:06",
      "06:43:26",
      "06:57:45",
      "07:13:06",
      "07:27:22",
      "07:41:41",
      "07:57:21",
      "08:12:44",
      "08:27:21",
      "08:42:08",
      "08:56:18",
      "09:10:34",
      "09:25:46",
      "09:40:07",
      "09:54:51",
      "10:10:22",
      "10:24:38",
      "10:39:36",
      "10:53:52",
      "11:09:17",
      "11:24:17",
      "11:39:12",
      "11:53:53",
      "12:08:14",
      "12:24:01",
      "12:39:30",
      "12:54:52",
      "13:10:20",
      "13:24:45",
      "13:39:27",
      "13:55:00",
      "14:09:26",
      "14:25:02",
      "14:40:17",
      "14:55:38",
      "15:10:43",
      "15:25:41",
      "15:40:51",
      "15:55:45",
      "16:11:14",
      "16:26:59",
      "16:41:40",
      "16:56:03",
      "17:10:50",
      "17:26:31",
      "17:41:27",
      "17:55:43",
      "18:11:06",
      "18:25:44",
      "18:40:39",
      "18:55:25",
      "19:10:01",
      "19:24:41",
      "19:39:49",
      "19:55:36",
      "20:11:07",
      "20:26:37",
      "20:41:16",
      "20:56:25",
      "21:11:37",
      "21:26:29",
      "21:40:59",
      "21:55:49",
      "22:10:31"
    ],
    "board": [
      10,
      13,
      13,
      7,
      5,
      11,
      0,
      4,
      1,
      6,
      5,
      7,
      15,
      10,
      13,
      10,
      13,
      1,
      12,
      14,
      14,
      2,
      4,
      11,
      11,
      15,
      4,
      9,
      3,
      0,
      11,
      2,
      7,
      1,
      11,
      3,
      4,
      12,
      1,
      2,
      13,
      10,
      15,
      10,
      12,
      15,
      13,
      7,
      1,
      3,
      4,
      4,
      11,
      14,
      8,
      14,
      3,
      14,
      1,
      8,
      1,
      14,
      2,
      8,
      13
    ],
    "alight": [
      11,
      8,
      3,
      10,
      5,
      1,
      7,
      10,
      1,
      12,
      3,
      6,
      1,
      0,
      5,
      15,
      9,
      9,
      6,
      14,
      15,
      0,
      5,
      4,
      10,
      9,
      1,
      2,
      5,
      4,
      9,
      6,
      9,
      5,
      10,
      8,
      4,
      6,
      11,
      8,
      11,
      5,
      14,
      2,
      10,
      14,
      2,
      0,
      15,
      10,
      7,
      13,
      8,
      0,
      15,
      13,
      2,
      0,
      15,
      1,
      5,
      2,
      15,
      1,
      8
    ]
  },
  "御林苑黄焖鸡米饭(月华轩店)": {
    "time": [
      "06:14:42",
      "06:29:06",
      "06:43:26",
      "06:57:45",
      "07:13:06",
      "07:27:22",
      "07:41:41",
      "07:57:21",
      "08:12:44",
      "08:27:21",
      "08:42:08",
      "08:56:18",
      "09:10:34",
      "09:25:46",
      "09:40:07",
      "09:54:51",
      "10:10:22",
      "10:24:38",
      "10:39:36",
      "10:53:52",
      "11:09:17",
      "11:24:17",
      "11:39:12",
      "11:53:53",
      "12:08:14",
      "12:24:01",
      "12:39:30",
      "12:54:52",
      "13:10:20",
      "13:24:45",
      "13:39:27",
      "13:55:00",
      "14:09:26",
      "14:25:02",
      "14:40:17",
      "14:55:38",
      "15:10:43",
      "15:25:41",
      "15:40:51",
      "15:55:45",
      "16:11:14",
      "16:26:59",
      "16:41:40",
      "16:56:03",
      "17:10:50",
      "17:26:31",
      "17:41:27",
      "17:55:43",
      "18:11:06",
      "18:25:44",
      "18:40:39",
      "18:55:25",
      "19:10:01",
      "19:24:41",
      "19:39:49",
      "19:55:36",
      "20:11:07",
      "20:26:37",
      "20:41:16",
      "20:56:25",
      "21:11:37",
      "21:26:29",
      "21:40:59",
      "21:55:49",
      "22:10:31"
    ],
    "board": [
      10,
      1,
      2,
      13,
      13,
      7,
      1,
      11,
      6,
      2,
      10,
      7,
      1,
      13,
      8,
      10,
      8,
      5,
      3,
      4,
      4,
      1,
      6,
      11,
      1,
      14,
      10,
      2,
      10,
      3,
      3,
      6,
      9,
      15,
      2,
      6,
      10,
      13,
      6,
      14,
      12,
      4,
      4,
      8,
      6,
      3,
      13,
      10,
      7,
      5,
      11,
      9,
      3,
      7,
      0,
      0,
      14,
      3,
      9,
      11,
      6,
      13,
      3,
      11,
      10
    ],
    "alight": [
      14,
      11,
      12,
      15,
      11,
      2,
      9,
      10,
      12,
      14,
      9,
      14,
      11,
      15,
      10,
      11,
      6,
      4,
      4,
      1,
      7,
      0,
      6,
      1,
      9,
      1,
      11,
      9,
      10,
      3,
      14,
      1,
      14,
      7,
      14,
      7,
      14,
      0,
      6,
      11,
      9,
      5,
      0,
      3,
      1,
      3,
      1,
      9,
      13,
      5,
      5,
      9,
      3,
      11,
      14,
      15,
      0,
      8,
      8,
      0,
      10,
      5,
      12,
      11,
      12
    ]
  },
  "维尔斯酒店(贵阳会展中心店)": {
    "time": [
      "06:14:42",
      "06:29:06",
      "06:43:26",
      "06:57:45",
      "07:13:06",
      "07:27:22",
      "07:41:41",
      "07:57:21",
      "08:12:44",
      "08:27:21",
      "08:42:08",
      "08:56:18",
      "09:10:34",
      "09:25:46",
      "09:40:07",
      "09:54:51",
      "10:10:22",
      "10:24:38",
      "10:39:36",
      "10:53:52",
      "11:09:17",
      "11:24:17",
      "11:39:12",
      "11:53:53",
      "12:08:14",
      "12:24:01",
      "12:39:30",
      "12:54:52",
      "13:10:20",
      "13:24:45",
      "13:39:27",
      "13:55:00",
      "14:09:26",
      "14:25:02",
      "14:40:17",
      "14:55:38",
      "15:10:43",
      "15:25:41",
      "15:40:51",
      "15:55:45",
      "16:11:14",
      "16:26:59",
      "16:41:40",
      "16:56:03",
      "17:10:50",
      "17:26:31",
      "17:41:27",
      "17:55:43",
      "18:11:06",
      "18:25:44",
      "18:40:39",
      "18:55:25",
      "19:10:01",
      "19:24:41",
      "19:39:49",
      "19:55:36",
      "20:11:07",
      "20:26:37",
      "20:41:16",
      "20:56:25",
      "21:11:37",
      "21:26:29",
      "21:40:59",
      "21:55:49",
      "22:10:31"
    ],
    "board": [
      9,
      1,
      10,
      15,
      7,
      2,
      8,
      15,
      15,
      14,
      12,
      8,
      0,
      11,
      2,
      12,
      12,
      12,
      6,
      6,
      15,
      11,
      10,
      2,
      12,
      5,
      1,
      15,
      9,
      0,
      6,
      11,
      11,
      0,
      3,
      11,
      12,
      12,
      8,
      3,
      3,
      13,
      1,
      11,
      2,
      9,
      1,
      15,
      0,
      8,
      12,
      1,
      3,
      7,
      3,
      10,
      4,
      11,
      13,
      2,
      13,
      5,
      14,
      5,
      14
    ],
    "alight": [
      15,
      4,
      15,
      1,
      4,
      1,
      10,
      4,
      8,
      3,
      1,
      3,
      15,
      2,
      1,
      8,
      11,
      11,
      4,
      2,
      7,
      4,
      1,
      6,
      11,
      15,
      1,
      2,
      9,
      15,
      1,
      9,
      12,
      15,
      5,
      10,
      14,
      7,
      14,
      15,
      14,
      11,
      7,
      12,
      2,
      13,
      0,
      5,
      1,
      9,
      8,
      1,
      13,
      14,
      7,
      7,
      5,
      9,
      1,
      1,
      13,
      13,
      8,
      14,
      2
    ]
  },
  "招商银行贵阳分行营业部": {
    "time": [
      "06:14:42",
      "06:29:06",
      "06:43:26",
      "06:57:45",
      "07:13:06",
      "07:27:22",
      "07:41:41",
      "07:57:21",
      "08:12:44",
      "08:27:21",
      "08:42:08",
      "08:56:18",
      "09:10:34",
      "09:25:46",
      "09:40:07",
      "09:54:51",
      "10:10:22",
      "10:24:38",
      "10:39:36",
      "10:53:52",
      "11:09:17",
      "11:24:17",
      "11:39:12",
      "11:53:53",
      "12:08:14",
      "12:24:01",
      "12:39:30",
      "12:54:52",
      "13:10:20",
      "13:24:45",
      "13:39:27",
      "13:55:00",
      "14:09:26",
      "14:25:02",
      "14:40:17",
      "14:55:38",
      "15:10:43",
      "15:25:41",
      "15:40:51",
      "15:55:45",
      "16:11:14",
      "16:26:59",
      "16:41:40",
      "16:56:03",
      "17:10:50",
      "17:26:31",
      "17:41:27",
      "17:55:43",
      "18:11:06",
      "18:25:44",
      "18:40:39",
      "18:55:25",
      "19:10:01",
      "19:24:41",
      "19:39:49",
      "19:55:36",
      "20:11:07",
      "20:26:37",
      "20:41:16",
      "20:56:25",
      "21:11:37",
      "21:26:29",
      "21:40:59",
      "21:55:49",
      "22:10:31"
    ],
    "board": [
      15,
      15,
      8,
      8,
      3,
      2,
      5,
      4,
      2,
      8,
      7,
      14,
      5,
      7,
      5,
      4,
      15,
      14,
      0,
      14,
      12,
      5,
      5,
      8,
      11,
      4,
      4,
      2,
      5,
      15,
      15,
      0,
      10,
      15,
      7,
      14,
      12,
      4,
      11,
      1,
      2,
      2,
      7,
      0,
      4,
      8,
      8,
      15,
      0,
      7,
      1,
      5,
      14,
      13,
      8,
      15,
      1,
      9,
      13,
      8,
      5,
      4,
      5,
      2,
      14
    ],
    "alight": [
      15,
      7,
      15,
      0,
      4,
      1,
      8,
      7,
      8,
      11,
      2,
      7,
      1,
      1,
      14,
      2,
      3,
      11,
      11,
      3,
      10,
      9,
      6,
      9,
      13,
      7,
      8,
      13,
      4,
      10,
      15,
      11,
      4,
      9,
      8,
      14,
      15,
      8,
      5,
      7,
      13,
      7,
      7,
      7,
      4,
      6,
      1,
      4,
      11,
      4,
      2,
      4,
      15,
      8,
      10,
      15,
      9,
      11,
      11,
      0,
      3,
      15,
      8,
      8,
      6
    ]
  },
  "江西养身煨汤(美的林城店)": {
    "time": [
      "06:14:42",
      "06:29:06",
      "06:43:26",
      "06:57:45",
      "07:13:06",
      "07:27:22",
      "07:41:41",
      "07:57:21",
      "08:12:44",
      "08:27:21",
      "08:42:08",
      "08:56:18",
      "09:10:34",
      "09:25:46",
      "09:40:07",
      "09:54:51",
      "10:10:22",
      "10:24:38",
      "10:39:36",
      "10:53:52",
      "11:09:17",
      "11:24:17",
      "11:39:12",
      "11:53:53",
      "12:08:14",
      "12:24:01",
      "12:39:30",
      "12:54:52",
      "13:10:20",
      "13:24:45",
      "13:39:27",
      "13:55:00",
      "14:09:26",
      "14:25:02",
      "14:40:17",
      "14:55:38",
      "15:10:43",
      "15:25:41",
      "15:40:51",
      "15:55:45",
      "16:11:14",
      "16:26:59",
      "16:41:40",
      "16:56:03",
      "17:10:50",
      "17:26:31",
      "17:41:27",
      "17:55:43",
      "18:11:06",
      "18:25:44",
      "18:40:39",
      "18:55:25",
      "19:10:01",
      "19:24:41",
      "19:39:49",
      "19:55:36",
      "20:11:07",
      "20:26:37",
      "20:41:16",
      "20:56:25",
      "21:11:37",
      "21:26:29",
      "21:40:59",
      "21:55:49",
      "22:10:31"
    ],
    "board": [
      3,
      11,
      11,
      1,
      2,
      4,
      10,
      7,
      10,
      7,
      12,
      6,
      15,
      5,
      13,
      10,
      8,
      11,
      11,
      1,
      9,
      10,
      9,
      12,
      9,
      3,
      4,
      4,
      3,
      6,
      12,
      0,
      15,
      3,
      9,
      6,
      12,
      6,
      2,
      12,
      9,
      8,
      1,
      14,
      5,
      3,
      8,
      6,
      13,
      3,
      8,
      5,
      11,
      7,
      11,
      5,
      9,
      6,
      7,
      12,
      11,
      12,
      11,
      5,
      15
    ],
    "alight": [
      9,
      8,
      3,
      13,
      14,
      10,
      13,
      2,
      2,
      4,
      1,
      2,
      15,
      4,
      7,
      14,
      2,
      14,
      14,
      12,
      8,
      2,
      9,
      4,
      5,
      8,
      11,
      5,
      4,
      12,
      14,
      13,
      14,
      0,
      15,
      5,
      5,
      9,
      0,
      7,
      1,
      13,
      6,
      5,
      11,
      10,
      1,
      15,
      6,
      11,
      13,
      1,
      8,
      5,
      3,
      11,
      1,
      0,
      4,
      15,
      7,
      6,
      10,
      15,
      8
    ]
  },
  "中共金阳街道上寨村支部委员会": {
    "time": [
      "06:14:42",
      "06:29:06",
      "06:43:26",
      "06:57:45",
      "07:13:06",
      "07:27:22",
      "07:41:41",
      "07:57:21",
      "08:12:44",
      "08:27:21",
      "08:42:08",
      "08:56:18",
      "09:10:34",
      "09:25:46",
      "09:40:07",
      "09:54:51",
      "10:10:22",
      "10:24:38",
      "10:39:36",
      "10:53:52",
      "11:09:17",
      "11:24:17",
      "11:39:12",
      "11:53:53",
      "12:08:14",
      "12:24:01",
      "12:39:30",
      "12:54:52",
      "13:10:20",
      "13:24:45",
      "13:39:27",
      "13:55:00",
      "14:09:26",
      "14:25:02",
      "14:40:17",
      "14:55:38",
      "15:10:43",
      "15:25:41",
      "15:40:51",
      "15:55:45",
      "16:11:14",
      "16:26:59",
      "16:41:40",
      "16:56:03",
      "17:10:50",
      "17:26:31",
      "17:41:27",
      "17:55:43",
      "18:11:06",
      "18:25:44",
      "18:40:39",
      "18:55:25",
      "19:10:01",
      "19:24:41",
      "19:39:49",
      "19:55:36",
      "20:11:07",
      "20:26:37",
      "20:41:16",
      "20:56:25",
      "21:11:37",
      "21:26:29",
      "21:40:59",
      "21:55:49",
      "22:10:31"
    ],
    "board": [
      4,
      3,
      9,
      4,
      1,
      0,
      5,
      3,
      14,
      2,
      7,
      4,
      5,
      6,
      13,
      6,
      2,
      5,
      9,
      2,
      2,
      1,
      14,
      12,
      14,
      11,
      8,
      0,
      5,
      7,
      5,
      12,
      0,
      14,
      12,
      13,
      6,
      2,
      10,
      14,
      15,
      10,
      12,
      1,
      11,
      12,
      3,
      12,
      12,
      1,
      13,
      13,
      2,
      13,
      11,
      6,
      11,
      7,
      3,
      13,
      3,
      7,
      12,
      4,
      6
    ],
    "alight": [
      4,
      11,
      3,
      6,
      0,
      2,
      11,
      10,
      9,
      9,
      5,
      12,
      12,
      5,
      12,
      2,
      15,
      12,
      1,
      6,
      4,
      4,
      9,
      7,
      4,
      8,
      11,
      6,
      15,
      7,
      4,
      12,
      13,
      4,
      11,
      4,
      14,
      4,
      12,
      5,
      6,
      4,
      3,
      13,
      9,
      12,
      9,
      4,
      1,
      8,
      6,
      0,
      0,
      14,
      5,
      15,
      9,
      13,
      9,
      11,
      10,
      0,
      0,
      15,
      11
    ]
  },
  "贵州炭文化交流中心": {
    "time": [
      "06:14:42",
      "06:29:06",
      "06:43:26",
      "06:57:45",
      "07:13:06",
      "07:27:22",
      "07:41:41",
      "07:57:21",
      "08:12:44",
      "08:27:21",
      "08:42:08",
      "08:56:18",
      "09:10:34",
      "09:25:46",
      "09:40:07",
      "09:54:51",
      "10:10:22",
      "10:24:38",
      "10:39:36",
      "10:53:52",
      "11:09:17",
      "11:24:17",
      "11:39:12",
      "11:53:53",
      "12:08:14",
      "12:24:01",
      "12:39:30",
      "12:54:52",
      "13:10:20",
      "13:24:45",
      "13:39:27",
      "13:55:00",
      "14:09:26",
      "14:25:02",
      "14:40:17",
      "14:55:38",
      "15:10:43",
      "15:25:41",
      "15:40:51",
      "15:55:45",
      "16:11:14",
      "16:26:59",
      "16:41:40",
      "16:56:03",
      "17:10:50",
      "17:26:31",
      "17:41:27",
      "17:55:43",
      "18:11:06",
      "18:25:44",
      "18:40:39",
      "18:55:25",
      "19:10:01",
      "19:24:41",
      "19:39:49",
      "19:55:36",
      "20:11:07",
      "20:26:37",
      "20:41:16",
      "20:56:25",
      "21:11:37",
      "21:26:29",
      "21:40:59",
      "21:55:49",
      "22:10:31"
    ],
    "board": [
      10,
      6,
      4,
      14,
      5,
      15,
      12,
      15,
      1,
      2,
      4,
      0,
      9,
      5,
      13,
      5,
      15,
      11,
      12,
      4,
      2,
      10,
      9,
      5,
      1,
      11,
      8,
      6,
      14,
      7,
      10,
      5,
      1,
      7,
      7,
      0,
      6,
      5,
      10,
      9,
      10,
      12,
      1,
      1,
      1,
      7,
      6,
      9,
      8,
      3,
      9,
      1,
      11,
      13,
      13,
      2,
      14,
      8,
      10,
      10,
      12,
      13,
      14,
      4,
      13
    ],
    "alight": [
      10,
      14,
      2,
      2,
      7,
      10,
      4,
      3,
      1,
      13,
      3,
      3,
      10,
      9,
      14,
      9,
      6,
      12,
      3,
      5,
      15,
      6,
      7,
      7,
      9,
      8,
      9,
      1,
      14,
      2,
      15,
      9,
      9,
      8,
      3,
      6,
      12,
      14,
      4,
      12,
      11,
      4,
      8,
      5,
      10,
      11,
      10,
      13,
      11,
      12,
      4,
      1,
      10,
      0,
      12,
      11,
      14,
      6,
      11,
      3,
      2,
      5,
      4,
      12,
      2
    ]
  },
  "原汤牛肉粉": {
    "time": [
      "06:14:42",
      "06:29:06",
      "06:43:26",
      "06:57:45",
      "07:13:06",
      "07:27:22",
      "07:41:41",
      "07:57:21",
      "08:12:44",
      "08:27:21",
      "08:42:08",
      "08:56:18",
      "09:10:34",
      "09:25:46",
      "09:40:07",
      "09:54:51",
      "10:10:22",
      "10:24:38",
      "10:39:36",
      "10:53:52",
      "11:09:17",
      "11:24:17",
      "11:39:12",
      "11:53:53",
      "12:08:14",
      "12:24:01",
      "12:39:30",
      "12:54:52",
      "13:10:20",
      "13:24:45",
      "13:39:27",
      "13:55:00",
      "14:09:26",
      "14:25:02",
      "14:40:17",
      "14:55:38",
      "15:10:43",
      "15:25:41",
      "15:40:51",
      "15:55:45",
      "16:11:14",
      "16:26:59",
      "16:41:40",
      "16:56:03",
      "17:10:50",
      "17:26:31",
      "17:41:27",
      "17:55:43",
      "18:11:06",
      "18:25:44",
      "18:40:39",
      "18:55:25",
      "19:10:01",
      "19:24:41",
      "19:39:49",
      "19:55:36",
      "20:11:07",
      "20:26:37",
      "20:41:16",
      "20:56:25",
      "21:11:37",
      "21:26:29",
      "21:40:59",
      "21:55:49",
      "22:10:31"
    ],
    "board": [
      2,
      3,
      0,
      9,
      2,
      15,
      14,
      14,
      1,
      0,
      10,
      8,
      10,
      8,
      0,
      0,
      8,
      8,
      2,
      2,
      4,
      9,
      6,
      0,
      12,
      14,
      8,
      0,
      5,
      6,
      5,
      12,
      2,
      6,
      6,
      14,
      14,
      5,
      15,
      6,
      7,
      6,
      15,
      14,
      14,
      2,
      14,
      1,
      6,
      4,
      9,
      11,
      14,
      5,
      10,
      2,
      10,
      13,
      4,
      2,
      8,
      12,
      7,
      10,
      1
    ],
    "alight": [
      0,
      1,
      11,
      4,
      15,
      13,
      12,
      15,
      8,
      5,
      12,
      15,
      7,
      8,
      1,
      2,
      6,
      8,
      9,
      14,
      2,
      5,
      7,
      1,
      2,
      9,
      14,
      5,
      2,
      5,
      11,
      5,
      3,
      6,
      5,
      11,
      9,
      11,
      15,
      13,
      13,
      10,
      3,
      6,
      9,
      13,
      9,
      15,
      0,
      10,
      3,
      5,
      14,
      15,
      6,
      13,
      6,
      6,
      11,
      14,
      4,
      9,
      5,
      7,
      4
    ]
  },
  "贵州军阅国际酒店": {
    "time": [
      "06:14:42",
      "06:29:06",
      "06:43:26",
      "06:57:45",
      "07:13:06",
      "07:27:22",
      "07:41:41",
      "07:57:21",
      "08:12:44",
      "08:27:21",
      "08:42:08",
      "08:56:18",
      "09:10:34",
      "09:25:46",
      "09:40:07",
      "09:54:51",
      "10:10:22",
      "10:24:38",
      "10:39:36",
      "10:53:52",
      "11:09:17",
      "11:24:17",
      "11:39:12",
      "11:53:53",
      "12:08:14",
      "12:24:01",
      "12:39:30",
      "12:54:52",
      "13:10:20",
      "13:24:45",
      "13:39:27",
      "13:55:00",
      "14:09:26",
      "14:25:02",
      "14:40:17",
      "14:55:38",
      "15:10:43",
      "15:25:41",
      "15:40:51",
      "15:55:45",
      "16:11:14",
      "16:26:59",
      "16:41:40",
      "16:56:03",
      "17:10:50",
      "17:26:31",
      "17:41:27",
      "17:55:43",
      "18:11:06",
      "18:25:44",
      "18:40:39",
      "18:55:25",
      "19:10:01",
      "19:24:41",
      "19:39:49",
      "19:55:36",
      "20:11:07",
      "20:26:37",
      "20:41:16",
      "20:56:25",
      "21:11:37",
      "21:26:29",
      "21:40:59",
      "21:55:49",
      "22:10:31"
    ],
    "board": [
      12,
      2,
      2,
      9,
      5,
      11,
      13,
      0,
      1,
      8,
      1,
      8,
      10,
      5,
      0,
      12,
      1,
      10,
      10,
      13,
      10,
      13,
      15,
      10,
      5,
      11,
      13,
      8,
      14,
      7,
      7,
      1,
      4,
      8,
      5,
      12,
      9,
      5,
      7,
      13,
      14,
      2,
      0,
      11,
      12,
      14,
      2,
      11,
      15,
      3,
      2,
      12,
      2,
      9,
      14,
      0,
      6,
      15,
      0,
      1,
      2,
      12,
      5,
      2,
      9
    ],
    "alight": [
      1,
      7,
      11,
      2,
      12,
      11,
      4,
      13,
      13,
      8,
      7,
      11,
      1,
      8,
      2,
      1,
      5,
      3,
      5,
      13,
      1,
      6,
      12,
      3,
      11,
      10,
      10,
      5,
      7,
      5,
      0,
      11,
      8,
      15,
      10,
      3,
      15,
      7,
      11,
      6,
      6,
      2,
      2,
      0,
      15,
      3,
      4,
      12,
      13,
      13,
      10,
      9,
      13,
      4,
      11,
      0,
      5,
      5,
      8,
      5,
      3,
      10,
      3,
      5,
      10
    ]
  },
  "杨永权毛肚火锅(观山东路店)": {
    "time": [
      "06:14:42",
      "06:29:06",
      "06:43:26",
      "06:57:45",
      "07:13:06",
      "07:27:22",
      "07:41:41",
      "07:57:21",
      "08:12:44",
      "08:27:21",
      "08:42:08",
      "08:56:18",
      "09:10:34",
      "09:25:46",
      "09:40:07",
      "09:54:51",
      "10:10:22",
      "10:24:38",
      "10:39:36",
      "10:53:52",
      "11:09:17",
      "11:24:17",
      "11:39:12",
      "11:53:53",
      "12:08:14",
      "12:24:01",
      "12:39:30",
      "12:54:52",
      "13:10:20",
      "13:24:45",
      "13:39:27",
      "13:55:00",
      "14:09:26",
      "14:25:02",
      "14:40:17",
      "14:55:38",
      "15:10:43",
      "15:25:41",
      "15:40:51",
      "15:55:45",
      "16:11:14",
      "16:26:59",
      "16:41:40",
      "16:56:03",
      "17:10:50",
      "17:26:31",
      "17:41:27",
      "17:55:43",
      "18:11:06",
      "18:25:44",
      "18:40:39",
      "18:55:25",
      "19:10:01",
      "19:24:41",
      "19:39:49",
      "19:55:36",
      "20:11:07",
      "20:26:37",
      "20:41:16",
      "20:56:25",
      "21:11:37",
      "21:26:29",
      "21:40:59",
      "21:55:49",
      "22:10:31"
    ],
    "board": [
      10,
      2,
      0,
      12,
      2,
      15,
      11,
      15,
      6,
      12,
      4,
      11,
      14,
      12,
      9,
      13,
      9,
      15,
      3,
      9,
      11,
      12,
      2,
      13,
      5,
      1,
      4,
      12,
      13,
      3,
      9,
      12,
      7,
      0,
      2,
      13,
      5,
      5,
      2,
      0,
      13,
      11,
      8,
      1,
      3,
      11,
      14,
      8,
      13,
      1,
      15,
      14,
      5,
      4,
      11,
      11,
      12,
      10,
      3,
      11,
      3,
      14,
      12,
      7,
      2
    ],
    "alight": [
      2,
      15,
      1,
      4,
      6,
      12,
      3,
      0,
      4,
      9,
      0,
      4,
      14,
      15,
      15,
      7,
      2,
      7,
      15,
      3,
      1,
      15,
      2,
      12,
      5,
      13,
      1,
      4,
      4,
      11,
      11,
      11,
      11,
      6,
      4,
      15,
      9,
      8,
      15,
      10,
      1,
      14,
      7,
      1,
      0,
      6,
      9,
      4,
      7,
      9,
      9,
      6,
      5,
      10,
      2,
      6,
      11,
      11,
      0,
      1,
      10,
      0,
      1,
      10,
      11
    ]
  },
  "刘掌柜大关辣子鸡(皇家井酒直供店)": {
    "time": [
      "06:14:42",
      "06:29:06",
      "06:43:26",
      "06:57:45",
      "07:13:06",
      "07:27:22",
      "07:41:41",
      "07:57:21",
      "08:12:44",
      "08:27:21",
      "08:42:08",
      "08:56:18",
      "09:10:34",
      "09:25:46",
      "09:40:07",
      "09:54:51",
      "10:10:22",
      "10:24:38",
      "10:39:36",
      "10:53:52",
      "11:09:17",
      "11:24:17",
      "11:39:12",
      "11:53:53",
      "12:08:14",
      "12:24:01",
      "12:39:30",
      "12:54:52",
      "13:10:20",
      "13:24:45",
      "13:39:27",
      "13:55:00",
      "14:09:26",
      "14:25:02",
      "14:40:17",
      "14:55:38",
      "15:10:43",
      "15:25:41",
      "15:40:51",
      "15:55:45",
      "16:11:14",
      "16:26:59",
      "16:41:40",
      "16:56:03",
      "17:10:50",
      "17:26:31",
      "17:41:27",
      "17:55:43",
      "18:11:06",
      "18:25:44",
      "18:40:39",
      "18:55:25",
      "19:10:01",
      "19:24:41",
      "19:39:49",
      "19:55:36",
      "20:11:07",
      "20:26:37",
      "20:41:16",
      "20:56:25",
      "21:11:37",
      "21:26:29",
      "21:40:59",
      "21:55:49",
      "22:10:31"
    ],
    "board": [
      6,
      12,
      0,
      5,
      2,
      0,
      6,
      0,
      13,
      13,
      12,
      2,
      3,
      11,
      7,
      14,
      13,
      10,
      14,
      9,
      12,
      7,
      15,
      15,
      15,
      6,
      8,
      7,
      0,
      6,
      13,
      4,
      10,
      1,
      5,
      0,
      12,
      4,
      0,
      4,
      9,
      12,
      0,
      3,
      12,
      10,
      11,
      5,
      14,
      3,
      10,
      3,
      2,
      8,
      7,
      10,
      6,
      7,
      4,
      13,
      4,
      15,
      13,
      10,
      7
    ],
    "alight": [
      0,
      13,
      8,
      1,
      7,
      3,
      13,
      9,
      10,
      11,
      4,
      13,
      12,
      10,
      13,
      13,
      14,
      7,
      6,
      12,
      0,
      3,
      6,
      5,
      6,
      11,
      1,
      5,
      9,
      9,
      10,
      7,
      1,
      15,
      15,
      9,
      4,
      1,
      6,
      10,
      0,
      2,
      7,
      13,
      5,
      2,
      14,
      9,
      15,
      2,
      14,
      2,
      9,
      8,
      10,
      1,
      1,
      12,
      11,
      2,
      7,
      0,
      15,
      5,
      12
    ]
  },
  "美之都整形美容": {
    "time": [
      "06:14:42",
      "06:29:06",
      "06:43:26",
      "06:57:45",
      "07:13:06",
      "07:27:22",
      "07:41:41",
      "07:57:21",
      "08:12:44",
      "08:27:21",
      "08:42:08",
      "08:56:18",
      "09:10:34",
      "09:25:46",
      "09:40:07",
      "09:54:51",
      "10:10:22",
      "10:24:38",
      "10:39:36",
      "10:53:52",
      "11:09:17",
      "11:24:17",
      "11:39:12",
      "11:53:53",
      "12:08:14",
      "12:24:01",
      "12:39:30",
      "12:54:52",
      "13:10:20",
      "13:24:45",
      "13:39:27",
      "13:55:00",
      "14:09:26",
      "14:25:02",
      "14:40:17",
      "14:55:38",
      "15:10:43",
      "15:25:41",
      "15:40:51",
      "15:55:45",
      "16:11:14",
      "16:26:59",
      "16:41:40",
      "16:56:03",
      "17:10:50",
      "17:26:31",
      "17:41:27",
      "17:55:43",
      "18:11:06",
      "18:25:44",
      "18:40:39",
      "18:55:25",
      "19:10:01",
      "19:24:41",
      "19:39:49",
      "19:55:36",
      "20:11:07",
      "20:26:37",
      "20:41:16",
      "20:56:25",
      "21:11:37",
      "21:26:29",
      "21:40:59",
      "21:55:49",
      "22:10:31"
    ],
    "board": [
      3,
      8,
      9,
      2,
      14,
      8,
      8,
      15,
      5,
      10,
      13,
      0,
      0,
      10,
      1,
      8,
      10,
      4,
      3,
      3,
      6,
      6,
      11,
      0,
      0,
      3,
      14,
      11,
      9,
      12,
      4,
      2,
      10,
      6,
      14,
      1,
      2,
      5,
      0,
      7,
      7,
      0,
      11,
      14,
      15,
      14,
      5,
      9,
      3,
      4,
      2,
      5,
      2,
      11,
      6,
      1,
      6,
      13,
      12,
      11,
      11,
      7,
      3,
      15,
      3
    ],
    "alight": [
      11,
      12,
      8,
      8,
      4,
      10,
      12,
      14,
      0,
      14,
      14,
      4,
      1,
      10,
      1,
      0,
      6,
      13,
      12,
      8,
      9,
      1,
      4,
      4,
      3,
      6,
      0,
      8,
      10,
      8,
      10,
      7,
      6,
      6,
      5,
      14,
      2,
      1,
      10,
      9,
      7,
      4,
      10,
      0,
      5,
      9,
      8,
      12,
      8,
      6,
      8,
      13,
      14,
      13,
      6,
      8,
      14,
      6,
      12,
      12,
      13,
      9,
      0,
      14,
      3
    ]
  },
  "张晓洁缸缸麻辣烫(天誉城店)": {
    "time": [
      "06:14:42",
      "06:29:06",
      "06:43:26",
      "06:57:45",
      "07:13:06",
      "07:27:22",
      "07:41:41",
      "07:57:21",
      "08:12:44",
      "08:27:21",
      "08:42:08",
      "08:56:18",
      "09:10:34",
      "09:25:46",
      "09:40:07",
      "09:54:51",
      "10:10:22",
      "10:24:38",
      "10:39:36",
      "10:53:52",
      "11:09:17",
      "11:24:17",
      "11:39:12",
      "11:53:53",
      "12:08:14",
      "12:24:01",
      "12:39:30",
      "12:54:52",
      "13:10:20",
      "13:24:45",
      "13:39:27",
      "13:55:00",
      "14:09:26",
      "14:25:02",
      "14:40:17",
      "14:55:38",
      "15:10:43",
      "15:25:41",
      "15:40:51",
      "15:55:45",
      "16:11:14",
      "16:26:59",
      "16:41:40",
      "16:56:03",
      "17:10:50",
      "17:26:31",
      "17:41:27",
      "17:55:43",
      "18:11:06",
      "18:25:44",
      "18:40:39",
      "18:55:25",
      "19:10:01",
      "19:24:41",
      "19:39:49",
      "19:55:36",
      "20:11:07",
      "20:26:37",
      "20:41:16",
      "20:56:25",
      "21:11:37",
      "21:26:29",
      "21:40:59",
      "21:55:49",
      "22:10:31"
    ],
    "board": [
      15,
      15,
      13,
      1,
      5,
      12,
      4,
      14,
      8,
      10,
      3,
      5,
      2,
      1,
      11,
      6,
      1,
      3,
      6,
      13,
      2,
      6,
      14,
      11,
      13,
      3,
      9,
      7,
      11,
      11,
      3,
      8,
      3,
      7,
      12,
      9,
      12,
      0,
      1,
      14,
      7,
      13,
      10,
      0,
      0,
      10,
      4,
      2,
      12,
      14,
      6,
      9,
      8,
      6,
      15,
      10,
      10,
      5,
      3,
      10,
      12,
      2,
      3,
      12,
      4
    ],
    "alight": [
      12,
      7,
      0,
      9,
      10,
      11,
      7,
      1,
      4,
      14,
      10,
      4,
      4,
      8,
      12,
      12,
      0,
      1,
      9,
      0,
      13,
      10,
      10,
      5,
      7,
      5,
      0,
      3,
      10,
      2,
      0,
      8,
      10,
      10,
      2,
      13,
      3,
      11,
      7,
      15,
      3,
      5,
      3,
      11,
      1,
      1,
      7,
      8,
      13,
      1,
      8,
      4,
      10,
      14,
      12,
      11,
      7,
      11,
      14,
      2,
      10,
      12,
      13,
      3,
      14
    ]
  },
  "安顺屯堡烤小肠(天誉城店)": {
    "time": [
      "06:14:42",
      "06:29:06",
      "06:43:26",
      "06:57:45",
      "07:13:06",
      "07:27:22",
      "07:41:41",
      "07:57:21",
      "08:12:44",
      "08:27:21",
      "08:42:08",
      "08:56:18",
      "09:10:34",
      "09:25:46",
      "09:40:07",
      "09:54:51",
      "10:10:22",
      "10:24:38",
      "10:39:36",
      "10:53:52",
      "11:09:17",
      "11:24:17",
      "11:39:12",
      "11:53:53",
      "12:08:14",
      "12:24:01",
      "12:39:30",
      "12:54:52",
      "13:10:20",
      "13:24:45",
      "13:39:27",
      "13:55:00",
      "14:09:26",
      "14:25:02",
      "14:40:17",
      "14:55:38",
      "15:10:43",
      "15:25:41",
      "15:40:51",
      "15:55:45",
      "16:11:14",
      "16:26:59",
      "16:41:40",
      "16:56:03",
      "17:10:50",
      "17:26:31",
      "17:41:27",
      "17:55:43",
      "18:11:06",
      "18:25:44",
      "18:40:39",
      "18:55:25",
      "19:10:01",
      "19:24:41",
      "19:39:49",
      "19:55:36",
      "20:11:07",
      "20:26:37",
      "20:41:16",
      "20:56:25",
      "21:11:37",
      "21:26:29",
      "21:40:59",
      "21:55:49",
      "22:10:31"
    ],
    "board": [
      11,
      9,
      15,
      5,
      0,
      10,
      8,
      10,
      3,
      9,
      10,
      11,
      14,
      3,
      12,
      5,
      8,
      13,
      6,
      9,
      12,
      0,
      11,
      2,
      13,
      15,
      6,
      0,
      5,
      10,
      4,
      8,
      2,
      3,
      6,
      15,
      7,
      5,
      11,
      15,
      15,
      7,
      6,
      13,
      11,
      5,
      7,
      5,
      15,
      1,
      6,
      4,
      3,
      3,
      2,
      7,
      11,
      4,
      11,
      12,
      8,
      13,
      4,
      11,
      3
    ],
    "alight": [
      15,
      6,
      7,
      5,
      8,
      12,
      15,
      5,
      7,
      10,
      3,
      13,
      11,
      15,
      2,
      12,
      13,
      14,
      11,
      8,
      8,
      3,
      9,
      15,
      8,
      13,
      10,
      3,
      1,
      11,
      2,
      1,
      9,
      0,
      1,
      13,
      13,
      6,
      5,
      6,
      7,
      14,
      4,
      14,
      15,
      4,
      8,
      8,
      7,
      8,
      1,
      10,
      8,
      14,
      1,
      14,
      3,
      9,
      8,
      1,
      8,
      6,
      14,
      8,
      1
    ]
  },
  "疏老城棚户区改造指挥部1.5环土地房屋征拆工作组": {
    "time": [
      "06:14:42",
      "06:29:06",
      "06:43:26",
      "06:57:45",
      "07:13:06",
      "07:27:22",
      "07:41:41",
      "07:57:21",
      "08:12:44",
      "08:27:21",
      "08:42:08",
      "08:56:18",
      "09:10:34",
      "09:25:46",
      "09:40:07",
      "09:54:51",
      "10:10:22",
      "10:24:38",
      "10:39:36",
      "10:53:52",
      "11:09:17",
      "11:24:17",
      "11:39:12",
      "11:53:53",
      "12:08:14",
      "12:24:01",
      "12:39:30",
      "12:54:52",
      "13:10:20",
      "13:24:45",
      "13:39:27",
      "13:55:00",
      "14:09:26",
      "14:25:02",
      "14:40:17",
      "14:55:38",
      "15:10:43",
      "15:25:41",
      "15:40:51",
      "15:55:45",
      "16:11:14",
      "16:26:59",
      "16:41:40",
      "16:56:03",
      "17:10:50",
      "17:26:31",
      "17:41:27",
      "17:55:43",
      "18:11:06",
      "18:25:44",
      "18:40:39",
      "18:55:25",
      "19:10:01",
      "19:24:41",
      "19:39:49",
      "19:55:36",
      "20:11:07",
      "20:26:37",
      "20:41:16",
      "20:56:25",
      "21:11:37",
      "21:26:29",
      "21:40:59",
      "21:55:49",
      "22:10:31"
    ],
    "board": [
      0,
      0,
      5,
      0,
      0,
      0,
      0,
      0,
      0,
      0,
      0,
      0,
      0,
      0,
      0,
      0,
      0,
      0,
      0,
      0,
      0,
      0,
      0,
      0,
      4,
      0,
      0,
      0,
      0,
      0,
      0,
      0,
      0,
      0,
      0,
      0,
      0,
      0,
      0,
      0,
      0,
      0,
      0,
      0,
      0,
      0,
      0,
      0,
      0,
      0,
      0,
      1,
      0,
      0,
      0,
      0,
      0,
      3,
      0,
      0,
      0,
      0,
      0,
      0,
      0
    ],
    "alight": [
      0,
      15,
      3,
      7,
      14,
      14,
      12,
      6,
      5,
      12,
      0,
      4,
      15,
      5,
      11,
      4,
      12,
      12,
      7,
      1,
      13,
      11,
      10,
      5,
      12,
      2,
      6,
      10,
      6,
      10,
      13,
      9,
      8,
      8,
      8,
      6,
      11,
      3,
      15,
      0,
      7,
      4,
      8,
      14,
      7,
      0,
      4,
      15,
      11,
      5,
      5,
      6,
      7,
      8,
      2,
      3,
      5,
      5,
      7,
      13,
      15,
      11,
      11,
      0,
      7
    ]
  },
  "黔顺德牛羊宽座": {
    "time": [
      "06:14:42",
      "06:29:06",
      "06:43:26",
      "06:57:45",
      "07:13:06",
      "07:27:22",
      "07:41:41",
      "07:57:21",
      "08:12:44",
      "08:27:21",
      "08:42:08",
      "08:56:18",
      "09:10:34",
      "09:25:46",
      "09:40:07",
      "09:54:51",
      "10:10:22",
      "10:24:38",
      "10:39:36",
      "10:53:52",
      "11:09:17",
      "11:24:17",
      "11:39:12",
      "11:53:53",
      "12:08:14",
      "12:24:01",
      "12:39:30",
      "12:54:52",
      "13:10:20",
      "13:24:45",
      "13:39:27",
      "13:55:00",
      "14:09:26",
      "14:25:02",
      "14:40:17",
      "14:55:38",
      "15:10:43",
      "15:25:41",
      "15:40:51",
      "15:55:45",
      "16:11:14",
      "16:26:59",
      "16:41:40",
      "16:56:03",
      "17:10:50",
      "17:26:31",
      "17:41:27",
      "17:55:43",
      "18:11:06",
      "18:25:44",
      "18:40:39",
      "18:55:25",
      "19:10:01",
      "19:24:41",
      "19:39:49",
      "19:55:36",
      "20:11:07",
      "20:26:37",
      "20:41:16",
      "20:56:25",
      "21:11:37",
      "21:26:29",
      "21:40:59",
      "21:55:49",
      "22:10:31"
    ],
    "board": [
      3,
      0,
      0,
      0,
      0,
      0,
      0,
      0,
      0,
      0,
      0,
      4,
      0,
      0,
      0,
      0,
      0,
      0,
      0,
      0,
      0,
      0,
      0,
      0,
      0,
      0,
      0,
      0,
      0,
      0,
      0,
      0,
      0,
      2,
      0,
      0,
      0,
      0,
      0,
      3,
      0,
      0,
      0,
      0,
      0,
      0,
      0,
      0,
      3,
      4,
      0,
      0,
      0,
      0,
      0,
      0,
      0,
      0,
      0,
      0,
      0,
      0,
      0,
      0,
      3
    ],
    "alight": [
      10,
      14,
      5,
      1,
      15,
      15,
      6,
      1,
      0,
      3,
      3,
      0,
      12,
      6,
      9,
      15,
      6,
      6,
      0,
      2,
      8,
      11,
      0,
      5,
      13,
      10,
      3,
      4,
      14,
      15,
      3,
      14,
      10,
      1,
      10,
      2,
      5,
      0,
      14,
      6,
      12,
      13,
      12,
      15,
      15,
      4,
      0,
      15,
      0,
      9,
      5,
      11,
      1,
      3,
      8,
      13,
      12,
      10,
      6,
      14,
      2,
      5,
      9,
      14,
      2
    ]
  },
  "遵义一品鲜羊肉粉(万江路店)": {
    "time": [
      "06:14:42",
      "06:29:06",
      "06:43:26",
      "06:57:45",
      "07:13:06",
      "07:27:22",
      "07:41:41",
      "07:57:21",
      "08:12:44",
      "08:27:21",
      "08:42:08",
      "08:56:18",
      "09:10:34",
      "09:25:46",
      "09:40:07",
      "09:54:51",
      "10:10:22",
      "10:24:38",
      "10:39:36",
      "10:53:52",
      "11:09:17",
      "11:24:17",
      "11:39:12",
      "11:53:53",
      "12:08:14",
      "12:24:01",
      "12:39:30",
      "12:54:52",
      "13:10:20",
      "13:24:45",
      "13:39:27",
      "13:55:00",
      "14:09:26",
      "14:25:02",
      "14:40:17",
      "14:55:38",
      "15:10:43",
      "15:25:41",
      "15:40:51",
      "15:55:45",
      "16:11:14",
      "16:26:59",
      "16:41:40",
      "16:56:03",
      "17:10:50",
      "17:26:31",
      "17:41:27",
      "17:55:43",
      "18:11:06",
      "18:25:44",
      "18:40:39",
      "18:55:25",
      "19:10:01",
      "19:24:41",
      "19:39:49",
      "19:55:36",
      "20:11:07",
      "20:26:37",
      "20:41:16",
      "20:56:25",
      "21:11:37",
      "21:26:29",
      "21:40:59",
      "21:55:49",
      "22:10:31"
    ],
    "board": [
      2,
      0,
      0,
      0,
      0,
      0,
      0,
      0,
      0,
      0,
      0,
      0,
      0,
      0,
      2,
      0,
      0,
      0,
      0,
      0,
      0,
      0,
      0,
      0,
      0,
      0,
      0,
      0,
      0,
      0,
      0,
      0,
      0,
      0,
      0,
      0,
      0,
      3,
      0,
      0,
      0,
      0,
      0,
      0,
      0,
      0,
      0,
      0,
      2,
      0,
      3,
      0,
      0,
      0,
      0,
      0,
      0,
      0,
      0,
      3,
      0,
      0,
      0,
      0,
      0
    ],
    "alight": [
      1,
      4,
      7,
      5,
      2,
      7,
      12,
      0,
      0,
      12,
      2,
      4,
      10,
      8,
      0,
      1,
      12,
      6,
      4,
      13,
      5,
      9,
      5,
      5,
      7,
      7,
      6,
      13,
      13,
      15,
      7,
      1,
      12,
      13,
      8,
      5,
      13,
      1,
      2,
      3,
      8,
      5,
      11,
      13,
      5,
      6,
      5,
      13,
      9,
      14,
      12,
      13,
      0,
      6,
      5,
      9,
      0,
      7,
      13,
      2,
      12,
      2,
      13,
      14,
      6
    ]
  },
  "幸福家园": {
    "time": [
      "06:14:42",
      "06:29:06",
      "06:43:26",
      "06:57:45",
      "07:13:06",
      "07:27:22",
      "07:41:41",
      "07:57:21",
      "08:12:44",
      "08:27:21",
      "08:42:08",
      "08:56:18",
      "09:10:34",
      "09:25:46",
      "09:40:07",
      "09:54:51",
      "10:10:22",
      "10:24:38",
      "10:39:36",
      "10:53:52",
      "11:09:17",
      "11:24:17",
      "11:39:12",
      "11:53:53",
      "12:08:14",
      "12:24:01",
      "12:39:30",
      "12:54:52",
      "13:10:20",
      "13:24:45",
      "13:39:27",
      "13:55:00",
      "14:09:26",
      "14:25:02",
      "14:40:17",
      "14:55:38",
      "15:10:43",
      "15:25:41",
      "15:40:51",
      "15:55:45",
      "16:11:14",
      "16:26:59",
      "16:41:40",
      "16:56:03",
      "17:10:50",
      "17:26:31",
      "17:41:27",
      "17:55:43",
      "18:11:06",
      "18:25:44",
      "18:40:39",
      "18:55:25",
      "19:10:01",
      "19:24:41",
      "19:39:49",
      "19:55:36",
      "20:11:07",
      "20:26:37",
      "20:41:16",
      "20:56:25",
      "21:11:37",
      "21:26:29",
      "21:40:59",
      "21:55:49",
      "22:10:31"
    ],
    "board": [
      0,
      0,
      0,
      0,
      0,
      0,
      0,
      0,
      0,
      0,
      0,
      0,
      0,
      0,
      0,
      0,
      0,
      0,
      0,
      0,
      0,
      0,
      0,
      0,
      0,
      0,
      0,
      0,
      0,
      0,
      0,
      0,
      0,
      0,
      0,
      0,
      0,
      0,
      0,
      0,
      0,
      0,
      0,
      0,
      0,
      0,
      0,
      0,
      0,
      0,
      0,
      0,
      0,
      0,
      0,
      0,
      0,
      0,
      0,
      0,
      0,
      0,
      0,
      0,
      0
    ],
    "alight": [
      3,
      4,
      1,
      9,
      8,
      0,
      14,
      13,
      0,
      15,
      8,
      9,
      7,
      9,
      4,
      4,
      12,
      3,
      13,
      14,
      15,
      5,
      1,
      10,
      4,
      7,
      11,
      6,
      10,
      1,
      11,
      9,
      1,
      6,
      12,
      8,
      15,
      10,
      10,
      9,
      2,
      1,
      15,
      2,
      12,
      9,
      12,
      11,
      8,
      13,
      2,
      10,
      7,
      3,
      3,
      5,
      2,
      7,
      5,
      4,
      0,
      8,
      10,
      8,
      14
    ]
  },
  "曦阳山庄": {
    "time": [
      "06:14:42",
      "06:29:06",
      "06:43:26",
      "06:57:45",
      "07:13:06",
      "07:27:22",
      "07:41:41",
      "07:57:21",
      "08:12:44",
      "08:27:21",
      "08:42:08",
      "08:56:18",
      "09:10:34",
      "09:25:46",
      "09:40:07",
      "09:54:51",
      "10:10:22",
      "10:24:38",
      "10:39:36",
      "10:53:52",
      "11:09:17",
      "11:24:17",
      "11:39:12",
      "11:53:53",
      "12:08:14",
      "12:24:01",
      "12:39:30",
      "12:54:52",
      "13:10:20",
      "13:24:45",
      "13:39:27",
      "13:55:00",
      "14:09:26",
      "14:25:02",
      "14:40:17",
      "14:55:38",
      "15:10:43",
      "15:25:41",
      "15:40:51",
      "15:55:45",
      "16:11:14",
      "16:26:59",
      "16:41:40",
      "16:56:03",
      "17:10:50",
      "17:26:31",
      "17:41:27",
      "17:55:43",
      "18:11:06",
      "18:25:44",
      "18:40:39",
      "18:55:25",
      "19:10:01",
      "19:24:41",
      "19:39:49",
      "19:55:36",
      "20:11:07",
      "20:26:37",
      "20:41:16",
      "20:56:25",
      "21:11:37",
      "21:26:29",
      "21:40:59",
      "21:55:49",
      "22:10:31"
    ],
    "board": [
      0,
      0,
      0,
      0,
      0,
      0,
      0,
      0,
      0,
      0,
      0,
      0,
      0,
      0,
      0,
      0,
      0,
      0,
      0,
      0,
      0,
      0,
      0,
      0,
      0,
      0,
      0,
      0,
      0,
      0,
      0,
      0,
      0,
      0,
      0,
      0,
      0,
      0,
      0,
      0,
      0,
      0,
      0,
      0,
      0,
      0,
      0,
      0,
      0,
      0,
      0,
      0,
      0,
      0,
      0,
      0,
      0,
      0,
      0,
      0,
      0,
      0,
      0,
      0,
      0
    ],
    "alight": [
      14,
      7,
      11,
      10,
      14,
      11,
      0,
      8,
      5,
      11,
      2,
      4,
      7,
      9,
      1,
      15,
      14,
      2,
      10,
      6,
      2,
      3,
      0,
      1,
      14,
      15,
      12,
      1,
      0,
      7,
      14,
      3,
      6,
      11,
      14,
      0,
      13,
      4,
      1,
      7,
      4,
      14,
      1,
      12,
      2,
      14,
      8,
      1,
      14,
      0,
      8,
      6,
      7,
      15,
      9,
      15,
      3,
      9,
      2,
      14,
      11,
      10,
      10,
      10,
      6
    ]
  }
}