{
  "贵阳如意旅店": 411,
  "明德路": 1923,
  "曹家岩廉租房": 472,
  "贵阳柯怡旅馆": 448,
  "贵州医泰耳穴疗法研究所": 704,
  "贵阳银行(三桥支行)": 794,
  "头桥社区交通安全管理站": 510,
  "头桥街道": 797,
  "成都铁路局医保定点医院": 455,
  "贵阳中医学院第一附属医院婴幼儿优化发展与康复中心": 426,
  "喜茶(贵阳汇金星力城店)": 448,
  "贵州兴筑职业技术学校": 705,
  "中国邮政储蓄银行(次南门邮政储蓄所)": 427,
  "沃尔玛(贵阳人民广场分店)": 434,
  "贵州龙(海洋店)": 444,
  "EspressoVoyage屋吉咖啡(电力巷28号院店)": 482,
  "冠洲宾馆(客房部)": 1151,
  "青年路": 462,
  "卫城王马儿辣子鸡(南明区分店)": 1849,
  "机场路": 675,
  "中共贵阳市委党校": 444,
  "林园小区": 598,
  "华中师范大学附属中学": 426,
  "贵阳希尔菲酒店": 521,
  "太升国际写字楼A3": 645,
  "饽饽鸡(砂之船奥特莱斯店)": 717,
  "西南环路": 411,
  "贵州多一彩奇石文化馆": 587,
  "彩湖苑": 1973
}