{
  "贵阳东收费站(G75兰海高速出口北向)": 1990,
  "彩湖苑": 604,
  "贵州多一彩奇石文化馆": 428,
  "西南环路": 734,
  "饽饽鸡(砂之船奥特莱斯店)": 662,
  "太升国际写字楼A3": 538,
  "贵阳希尔菲酒店": 443,
  "华中师范大学附属中学": 615,
  "林园小区": 461,
  "中共贵阳市委党校": 692,
  "机场路": 1866,
  "卫城王马儿辣子鸡(南明区分店)": 479,
  "青年路": 1168,
  "冠洲宾馆(客房部)": 499,
  "EspressoVoyage屋吉咖啡(电力巷28号院店)": 461,
  "贵州龙(海洋店)": 451,
  "沃尔玛(贵阳人民广场分店)": 444,
  "中国邮政储蓄银行(次南门邮政储蓄所)": 722,
  "贵州兴筑职业技术学校": 465,
  "喜茶(贵阳汇金星力城店)": 443,
  "贵阳中医学院第一附属医院婴幼儿优化发展与康复中心": 472,
  "成都铁路局医保定点医院": 814,
  "头桥街道": 527,
  "头桥社区交通安全管理站": 811,
  "贵阳银行(三桥支行)": 721,
  "贵州医泰耳穴疗法研究所": 465,
  "贵阳柯怡旅馆": 489,
  "曹家岩廉租房": 1940,
  "明德路": 428
}