{
  "up": {
    "1": "贵阳如意旅店",
    "2": "明德路",
    "3": "曹家岩廉租房",
    "4": "贵阳柯怡旅馆",
    "5": "贵州医泰耳穴疗法研究所",
    "6": "贵阳银行(三桥支行)",
    "7": "头桥社区交通安全管理站",
    "8": "头桥街道",
    "9": "成都铁路局医保定点医院",
    "10": "贵阳中医学院第一附属医院婴幼儿优化发展与康复中心",
    "11": "喜茶(贵阳汇金星力城店)",
    "12": "贵州兴筑职业技术学校",
    "13": "中国邮政储蓄银行(次南门邮政储蓄所)",
    "14": "沃尔玛(贵阳人民广场分店)",
    "15": "贵州龙(海洋店)",
    "16": "EspressoVoyage屋吉咖啡(电力巷28号院店)",
    "17": "冠洲宾馆(客房部)",
    "18": "青年路",
    "19": "卫城王马儿辣子鸡(南明区分店)",
    "20": "机场路",
    "21": "中共贵阳市委党校",
    "22": "林园小区",
    "23": "华中师范大学附属中学",
    "24": "贵阳希尔菲酒店",
    "25": "太升国际写字楼A3",
    "26": "饽饽鸡(砂之船奥特莱斯店)",
    "27": "西南环路",
    "28": "贵州多一彩奇石文化馆",
    "29": "彩湖苑",
    "30": "贵阳东收费站(G75兰海高速出口北向)"
  },
  "down": {
    "31": "贵阳东收费站(G75兰海高速出口北向)",
    "32": "彩湖苑",
    "33": "贵州多一彩奇石文化馆",
    "34": "西南环路",
    "35": "饽饽鸡(砂之船奥特莱斯店)",
    "36": "太升国际写字楼A3",
    "37": "贵阳希尔菲酒店",
    "38": "华中师范大学附属中学",
    "39": "林园小区",
    "40": "中共贵阳市委党校",
    "41": "机场路",
    "42": "卫城王马儿辣子鸡(南明区分店)",
    "43": "青年路",
    "44": "冠洲宾馆(客房部)",
    "45": "EspressoVoyage屋吉咖啡(电力巷28号院店)",
    "46": "贵州龙(海洋店)",
    "47": "沃尔玛(贵阳人民广场分店)",
    "48": "中国邮政储蓄银行(次南门邮政储蓄所)",
    "49": "贵州兴筑职业技术学校",
    "50": "喜茶(贵阳汇金星力城店)",
    "51": "贵阳中医学院第一附属医院婴幼儿优化发展与康复中心",
    "52": "成都铁路局医保定点医院",
    "53": "头桥街道",
    "54": "头桥社区交通安全管理站",
    "55": "贵阳银行(三桥支行)",
    "56": "贵州医泰耳穴疗法研究所",
    "57": "贵阳柯怡旅馆",
    "58": "曹家岩廉租房",
    "59": "明德路",
    "60": "贵阳如意旅店"
  }
}