{
  "up": {
    "贵阳如意旅店": 1,
    "明德路": 2,
    "曹家岩廉租房": 3,
    "贵阳柯怡旅馆": 4,
    "贵州医泰耳穴疗法研究所": 5,
    "贵阳银行(三桥支行)": 6,
    "头桥社区交通安全管理站": 7,
    "头桥街道": 8,
    "成都铁路局医保定点医院": 9,
    "贵阳中医学院第一附属医院婴幼儿优化发展与康复中心": 10,
    "喜茶(贵阳汇金星力城店)": 11,
    "贵州兴筑职业技术学校": 12,
    "中国邮政储蓄银行(次南门邮政储蓄所)": 13,
    "沃尔玛(贵阳人民广场分店)": 14,
    "贵州龙(海洋店)": 15,
    "EspressoVoyage屋吉咖啡(电力巷28号院店)": 16,
    "冠洲宾馆(客房部)": 17,
    "青年路": 18,
    "卫城王马儿辣子鸡(南明区分店)": 19,
    "机场路": 20,
    "中共贵阳市委党校": 21,
    "林园小区": 22,
    "华中师范大学附属中学": 23,
    "贵阳希尔菲酒店": 24,
    "太升国际写字楼A3": 25,
    "饽饽鸡(砂之船奥特莱斯店)": 26,
    "西南环路": 27,
    "贵州多一彩奇石文化馆": 28,
    "彩湖苑": 29,
    "贵阳东收费站(G75兰海高速出口北向)": 30
  },
  "down": {
    "贵阳东收费站(G75兰海高速出口北向)": 31,
    "彩湖苑": 32,
    "贵州多一彩奇石文化馆": 33,
    "西南环路": 34,
    "饽饽鸡(砂之船奥特莱斯店)": 35,
    "太升国际写字楼A3": 36,
    "贵阳希尔菲酒店": 37,
    "华中师范大学附属中学": 38,
    "林园小区": 39,
    "中共贵阳市委党校": 40,
    "机场路": 41,
    "卫城王马儿辣子鸡(南明区分店)": 42,
    "青年路": 43,
    "冠洲宾馆(客房部)": 44,
    "EspressoVoyage屋吉咖啡(电力巷28号院店)": 45,
    "贵州龙(海洋店)": 46,
    "沃尔玛(贵阳人民广场分店)": 47,
    "中国邮政储蓄银行(次南门邮政储蓄所)": 48,
    "贵州兴筑职业技术学校": 49,
    "喜茶(贵阳汇金星力城店)": 50,
    "贵阳中医学院第一附属医院婴幼儿优化发展与康复中心": 51,
    "成都铁路局医保定点医院": 52,
    "头桥街道": 53,
    "头桥社区交通安全管理站": 54,
    "贵阳银行(三桥支行)": 55,
    "贵州医泰耳穴疗法研究所": 56,
    "贵阳柯怡旅馆": 57,
    "曹家岩廉租房": 58,
    "明德路": 59,
    "贵阳如意旅店": 60
  }
}