{
  "白鹭湖地铁站B口": 445,
  "江南小渔村": 679,
  "中国电建集团贵阳勘测设计研究院有限公司工程科研院": 462,
  "观山派出所": 1052,
  "贵阳会展中心希尔顿欢朋酒店": 514,
  "喜安居家居百货店": 530,
  "南江满堂荷谐柴火鸡(阳关店)": 666,
  "同城南路": 841,
  "湘约木桶饭": 490,
  "巴比包点(金融城店)": 1163,
  "海翔警务室": 968,
  "麻辣印象": 2340,
  "千里驹新能源汽车维修服务有限公司": 624,
  "尖坡村": 802,
  "冷水村村委会": 987,
  "G6002贵阳绕城高速": 656,
  "贵阳银行(都拉营社区银行)": 844,
  "综保收费站入口(安顺方向)": 639,
  "保税区出口(G6002贵阳绕城高速东向)": 640,
  "王幺娘老字号洋芋粑": 575,
  "贵阳翔鹏职业培训学校乌当校区": 698,
  "惠诚滋知(官方旗舰店)": 420,
  "贵州鸿福顺达物流有限公司": 676,
  "G6002贵阳绕城高速入口(凯里方向)": 579,
  "G6002贵阳绕城高速入口(安顺方向)": 2044,
  "宋姐草莓园": 1147,
  "三江村": 1386,
  "三江河": 1062,
  "大河边": 417,
  "王宝坡隧道": 684
}