{
  "up": {
    "白鹭湖地铁站B口": 1,
    "江南小渔村": 2,
    "中国电建集团贵阳勘测设计研究院有限公司工程科研院": 3,
    "观山派出所": 4,
    "贵阳会展中心希尔顿欢朋酒店": 5,
    "喜安居家居百货店": 6,
    "南江满堂荷谐柴火鸡(阳关店)": 7,
    "同城南路": 8,
    "湘约木桶饭": 9,
    "巴比包点(金融城店)": 10,
    "海翔警务室": 11,
    "麻辣印象": 12,
    "千里驹新能源汽车维修服务有限公司": 13,
    "尖坡村": 14,
    "冷水村村委会": 15,
    "G6002贵阳绕城高速": 16,
    "贵阳银行(都拉营社区银行)": 17,
    "综保收费站入口(安顺方向)": 18,
    "保税区出口(G6002贵阳绕城高速东向)": 19,
    "王幺娘老字号洋芋粑": 20,
    "贵阳翔鹏职业培训学校乌当校区": 21,
    "惠诚滋知(官方旗舰店)": 22,
    "贵州鸿福顺达物流有限公司": 23,
    "G6002贵阳绕城高速入口(凯里方向)": 24,
    "G6002贵阳绕城高速入口(安顺方向)": 25,
    "宋姐草莓园": 26,
    "三江村": 27,
    "三江河": 28,
    "大河边": 29,
    "王宝坡隧道": 30,
    "毛家对门": 31
  },
  "down": {
    "毛家对门": 32,
    "王宝坡隧道": 33,
    "大河边": 34,
    "三江河": 35,
    "三江村": 36,
    "宋姐草莓园": 37,
    "G6002贵阳绕城高速入口(安顺方向)": 38,
    "G6002贵阳绕城高速入口(凯里方向)": 39,
    "贵州鸿福顺达物流有限公司": 40,
    "惠诚滋知(官方旗舰店)": 41,
    "贵阳翔鹏职业培训学校乌当校区": 42,
    "王幺娘老字号洋芋粑": 43,
    "保税区出口(G6002贵阳绕城高速东向)": 44,
    "综保收费站入口(安顺方向)": 45,
    "贵阳银行(都拉营社区银行)": 46,
    "G6002贵阳绕城高速": 47,
    "冷水村村委会": 48,
    "尖坡村": 49,
    "千里驹新能源汽车维修服务有限公司": 50,
    "麻辣印象": 51,
    "海翔警务室": 52,
    "巴比包点(金融城店)": 53,
    "湘约木桶饭": 54,
    "同城南路": 55,
    "南江满堂荷谐柴火鸡(阳关店)": 56,
    "喜安居家居百货店": 57,
    "贵阳会展中心希尔顿欢朋酒店": 58,
    "观山派出所": 59,
    "中国电建集团贵阳勘测设计研究院有限公司工程科研院": 60,
    "江南小渔村": 61,
    "白鹭湖地铁站B口": 62
  }
}