{
  "毛家对门": 679,
  "王宝坡隧道": 412,
  "大河边": 1057,
  "三江河": 1381,
  "三江村": 1142,
  "宋姐草莓园": 2039,
  "G6002贵阳绕城高速入口(安顺方向)": 574,
  "G6002贵阳绕城高速入口(凯里方向)": 671,
  "贵州鸿福顺达物流有限公司": 415,
  "惠诚滋知(官方旗舰店)": 693,
  "贵阳翔鹏职业培训学校乌当校区": 570,
  "王幺娘老字号洋芋粑": 635,
  "保税区出口(G6002贵阳绕城高速东向)": 634,
  "综保收费站入口(安顺方向)": 839,
  "贵阳银行(都拉营社区银行)": 651,
  "G6002贵阳绕城高速": 982,
  "冷水村村委会": 797,
  "尖坡村": 619,
  "千里驹新能源汽车维修服务有限公司": 2335,
  "麻辣印象": 963,
  "海翔警务室": 1158,
  "巴比包点(金融城店)": 485,
  "湘约木桶饭": 836,
  "同城南路": 661,
  "南江满堂荷谐柴火鸡(阳关店)": 525,
  "喜安居家居百货店": 509,
  "贵阳会展中心希尔顿欢朋酒店": 1047,
  "观山派出所": 457,
  "中国电建集团贵阳勘测设计研究院有限公司工程科研院": 674,
  "江南小渔村": 440
}