{
  "up": {
    "1": "白鹭湖地铁站B口",
    "2": "江南小渔村",
    "3": "中国电建集团贵阳勘测设计研究院有限公司工程科研院",
    "4": "观山派出所",
    "5": "贵阳会展中心希尔顿欢朋酒店",
    "6": "喜安居家居百货店",
    "7": "南江满堂荷谐柴火鸡(阳关店)",
    "8": "同城南路",
    "9": "湘约木桶饭",
    "10": "巴比包点(金融城店)",
    "11": "海翔警务室",
    "12": "麻辣印象",
    "13": "千里驹新能源汽车维修服务有限公司",
    "14": "尖坡村",
    "15": "冷水村村委会",
    "16": "G6002贵阳绕城高速",
    "17": "贵阳银行(都拉营社区银行)",
    "18": "综保收费站入口(安顺方向)",
    "19": "保税区出口(G6002贵阳绕城高速东向)",
    "20": "王幺娘老字号洋芋粑",
    "21": "贵阳翔鹏职业培训学校乌当校区",
    "22": "惠诚滋知(官方旗舰店)",
    "23": "贵州鸿福顺达物流有限公司",
    "24": "G6002贵阳绕城高速入口(凯里方向)",
    "25": "G6002贵阳绕城高速入口(安顺方向)",
    "26": "宋姐草莓园",
    "27": "三江村",
    "28": "三江河",
    "29": "大河边",
    "30": "王宝坡隧道",
    "31": "毛家对门"
  },
  "down": {
    "32": "毛家对门",
    "33": "王宝坡隧道",
    "34": "大河边",
    "35": "三江河",
    "36": "三江村",
    "37": "宋姐草莓园",
    "38": "G6002贵阳绕城高速入口(安顺方向)",
    "39": "G6002贵阳绕城高速入口(凯里方向)",
    "40": "贵州鸿福顺达物流有限公司",
    "41": "惠诚滋知(官方旗舰店)",
    "42": "贵阳翔鹏职业培训学校乌当校区",
    "43": "王幺娘老字号洋芋粑",
    "44": "保税区出口(G6002贵阳绕城高速东向)",
    "45": "综保收费站入口(安顺方向)",
    "46": "贵阳银行(都拉营社区银行)",
    "47": "G6002贵阳绕城高速",
    "48": "冷水村村委会",
    "49": "尖坡村",
    "50": "千里驹新能源汽车维修服务有限公司",
    "51": "麻辣印象",
    "52": "海翔警务室",
    "53": "巴比包点(金融城店)",
    "54": "湘约木桶饭",
    "55": "同城南路",
    "56": "南江满堂荷谐柴火鸡(阳关店)",
    "57": "喜安居家居百货店",
    "58": "贵阳会展中心希尔顿欢朋酒店",
    "59": "观山派出所",
    "60": "中国电建集团贵阳勘测设计研究院有限公司工程科研院",
    "61": "江南小渔村",
    "62": "白鹭湖地铁站B口"
  }
}