{
  "三桥金山黑山羊肉粉": {
    "time": [
      "06:14:36",
      "06:29:48",
      "06:45:33",
      "07:01:15",
      "07:16:44",
      "07:31:30",
      "07:45:49",
      "08:01:14",
      "08:15:25",
      "08:30:42",
      "08:45:23",
      "08:59:57",
      "09:14:47",
      "09:30:37",
      "09:44:58",
      "10:00:01",
      "10:14:13",
      "10:28:34",
      "10:43:33",
      "10:58:18",
      "11:12:55",
      "11:28:04",
      "11:42:40",
      "11:57:30",
      "12:11:41",
      "12:27:08",
      "12:42:34",
      "12:58:00",
      "13:12:29",
      "13:27:54",
      "13:43:30",
      "13:58:48",
      "14:14:06",
      "14:29:50",
      "14:45:39",
      "15:01:26",
      "15:16:46",
      "15:32:35",
      "15:47:50",
      "16:03:00",
      "16:18:16",
      "16:32:56",
      "16:48:14",
      "17:02:40",
      "17:17:13",
      "17:31:50",
      "17:47:19",
      "18:02:33",
      "18:17:05",
      "18:31:49",
      "18:46:36",
      "19:01:36",
      "19:17:25",
      "19:31:46",
      "19:47:10",
      "20:01:33",
      "20:15:59",
      "20:30:33",
      "20:46:12",
      "21:01:21",
      "21:16:01",
      "21:31:32",
      "21:47:09",
      "22:02:52"
    ],
    "board": [
      10,
      0,
      3,
      2,
      15,
      9,
      14,
      5,
      9,
      5,
      14,
      11,
      8,
      4,
      3,
      4,
      15,
      11,
      15,
      7,
      4,
      4,
      2,
      0,
      6,
      9,
      10,
      7,
      4,
      0,
      10,
      3,
      3,
      5,
      8,
      1,
      3,
      0,
      15,
      8,
      15,
      10,
      6,
      8,
      15,
      10,
      3,
      15,
      12,
      9,
      9,
      15,
      12,
      0,
      13,
      12,
      6,
      0,
      12,
      3,
      3,
      14,
      6,
      11
    ],
    "alight": [
      0,
      0,
      0,
      0,
      0,
      0,
      0,
      0,
      0,
      0,
      0,
      0,
      0,
      0,
      0,
      0,
      0,
      0,
      0,
      0,
      0,
      0,
      0,
      0,
      0,
      0,
      0,
      0,
      0,
      0,
      0,
      0,
      0,
      0,
      0,
      0,
      0,
      0,
      0,
      0,
      0,
      0,
      0,
      0,
      0,
      0,
      0,
      0,
      0,
      0,
      0,
      0,
      0,
      0,
      0,
      0,
      0,
      0,
      0,
      0,
      0,
      0,
      0,
      0
    ]
  },
  "中坝隧道": {
    "time": [
      "06:14:36",
      "06:29:48",
      "06:45:33",
      "07:01:15",
      "07:16:44",
      "07:31:30",
      "07:45:49",
      "08:01:14",
      "08:15:25",
      "08:30:42",
      "08:45:23",
      "08:59:57",
      "09:14:47",
      "09:30:37",
      "09:44:58",
      "10:00:01",
      "10:14:13",
      "10:28:34",
      "10:43:33",
      "10:58:18",
      "11:12:55",
      "11:28:04",
      "11:42:40",
      "11:57:30",
      "12:11:41",
      "12:27:08",
      "12:42:34",
      "12:58:00",
      "13:12:29",
      "13:27:54",
      "13:43:30",
      "13:58:48",
      "14:14:06",
      "14:29:50",
      "14:45:39",
      "15:01:26",
      "15:16:46",
      "15:32:35",
      "15:47:50",
      "16:03:00",
      "16:18:16",
      "16:32:56",
      "16:48:14",
      "17:02:40",
      "17:17:13",
      "17:31:50",
      "17:47:19",
      "18:02:33",
      "18:17:05",
      "18:31:49",
      "18:46:36",
      "19:01:36",
      "19:17:25",
      "19:31:46",
      "19:47:10",
      "20:01:33",
      "20:15:59",
      "20:30:33",
      "20:46:12",
      "21:01:21",
      "21:16:01",
      "21:31:32",
      "21:47:09",
      "22:02:52"
    ],
    "board": [
      4,
      3,
      7,
      6,
      3,
      8,
      1,
      3,
      8,
      3,
      12,
      15,
      14,
      0,
      3,
      11,
      1,
      12,
      5,
      7,
      15,
      10,
      5,
      8,
      7,
      6,
      0,
      8,
      14,
      11,
      12,
      5,
      0,
      2,
      9,
      7,
      8,
      12,
      5,
      13,
      13,
      14,
      9,
      3,
      7,
      9,
      11,
      7,
      7,
      9,
      12,
      0,
      11,
      8,
      13,
      0,
      8,
      12,
      7,
      14,
      9,
      10,
      0,
      7
    ],
    "alight": [
      0,
      0,
      0,
      0,
      0,
      0,
      0,
      0,
      0,
      0,
      0,
      0,
      0,
      0,
      0,
      0,
      0,
      0,
      0,
      0,
      0,
      0,
      0,
      0,
      0,
      0,
      0,
      0,
      0,
      0,
      0,
      0,
      0,
      0,
      0,
      0,
      0,
      0,
      0,
      0,
      0,
      0,
      0,
      0,
      0,
      0,
      0,
      0,
      0,
      0,
      0,
      0,
      0,
      0,
      0,
      0,
      0,
      0,
      0,
      0,
      0,
      0,
      0,
      0
    ]
  },
  "贵州佳宇华昌货架厂": {
    "time": [
      "06:14:36",
      "06:29:48",
      "06:45:33",
      "07:01:15",
      "07:16:44",
      "07:31:30",
      "07:45:49",
      "08:01:14",
      "08:15:25",
      "08:30:42",
      "08:45:23",
      "08:59:57",
      "09:14:47",
      "09:30:37",
      "09:44:58",
      "10:00:01",
      "10:14:13",
      "10:28:34",
      "10:43:33",
      "10:58:18",
      "11:12:55",
      "11:28:04",
      "11:42:40",
      "11:57:30",
      "12:11:41",
      "12:27:08",
      "12:42:34",
      "12:58:00",
      "13:12:29",
      "13:27:54",
      "13:43:30",
      "13:58:48",
      "14:14:06",
      "14:29:50",
      "14:45:39",
      "15:01:26",
      "15:16:46",
      "15:32:35",
      "15:47:50",
      "16:03:00",
      "16:18:16",
      "16:32:56",
      "16:48:14",
      "17:02:40",
      "17:17:13",
      "17:31:50",
      "17:47:19",
      "18:02:33",
      "18:17:05",
      "18:31:49",
      "18:46:36",
      "19:01:36",
      "19:17:25",
      "19:31:46",
      "19:47:10",
      "20:01:33",
      "20:15:59",
      "20:30:33",
      "20:46:12",
      "21:01:21",
      "21:16:01",
      "21:31:32",
      "21:47:09",
      "22:02:52"
    ],
    "board": [
      0,
      9,
      4,
      15,
      7,
      5,
      3,
      11,
      6,
      15,
      15,
      0,
      5,
      9,
      13,
      4,
      1,
      1,
      7,
      15,
      2,
      8,
      8,
      2,
      3,
      1,
      3,
      13,
      0,
      14,
      4,
      14,
      14,
      1,
      1,
      6,
      2,
      12,
      2,
      6,
      6,
      12,
      1,
      1,
      4,
      6,
      9,
      15,
      7,
      11,
      12,
      2,
      4,
      15,
      12,
      1,
      6,
      8,
      14,
      5,
      9,
      3,
      15,
      13
    ],
    "alight": [
      0,
      0,
      0,
      0,
      0,
      0,
      3,
      0,
      0,
      0,
      0,
      1,
      0,
      0,
      0,
      0,
      0,
      0,
      2,
      0,
      0,
      0,
      0,
      1,
      0,
      0,
      0,
      0,
      0,
      0,
      0,
      0,
      0,
      0,
      0,
      0,
      0,
      0,
      0,
      0,
      0,
      0,
      0,
      0,
      0,
      0,
      0,
      0,
      0,
      0,
      0,
      1,
      0,
      0,
      0,
      0,
      0,
      0,
      0,
      0,
      0,
      0,
      0,
      0
    ]
  },
  "好家园家居(贵州盛达衡天商贸有限责任公司)": {
    "time": [
      "06:14:36",
      "06:29:48",
      "06:45:33",
      "07:01:15",
      "07:16:44",
      "07:31:30",
      "07:45:49",
      "08:01:14",
      "08:15:25",
      "08:30:42",
      "08:45:23",
      "08:59:57",
      "09:14:47",
      "09:30:37",
      "09:44:58",
      "10:00:01",
      "10:14:13",
      "10:28:34",
      "10:43:33",
      "10:58:18",
      "11:12:55",
      "11:28:04",
      "11:42:40",
      "11:57:30",
      "12:11:41",
      "12:27:08",
      "12:42:34",
      "12:58:00",
      "13:12:29",
      "13:27:54",
      "13:43:30",
      "13:58:48",
      "14:14:06",
      "14:29:50",
      "14:45:39",
      "15:01:26",
      "15:16:46",
      "15:32:35",
      "15:47:50",
      "16:03:00",
      "16:18:16",
      "16:32:56",
      "16:48:14",
      "17:02:40",
      "17:17:13",
      "17:31:50",
      "17:47:19",
      "18:02:33",
      "18:17:05",
      "18:31:49",
      "18:46:36",
      "19:01:36",
      "19:17:25",
      "19:31:46",
      "19:47:10",
      "20:01:33",
      "20:15:59",
      "20:30:33",
      "20:46:12",
      "21:01:21",
      "21:16:01",
      "21:31:32",
      "21:47:09",
      "22:02:52"
    ],
    "board": [
      12,
      4,
      4,
      11,
      4,
      9,
      13,
      12,
      12,
      2,
      3,
      14,
      3,
      0,
      4,
      9,
      4,
      4,
      14,
      2,
      3,
      4,
      11,
      8,
      12,
      5,
      5,
      1,
      15,
      5,
      10,
      4,
      8,
      7,
      2,
      0,
      14,
      14,
      4,
      0,
      15,
      12,
      8,
      9,
      0,
      8,
      6,
      7,
      4,
      13,
      4,
      14,
      7,
      5,
      7,
      12,
      5,
      0,
      2,
      15,
      4,
      4,
      1,
      2
    ],
    "alight": [
      0,
      0,
      0,
      0,
      0,
      0,
      0,
      0,
      1,
      0,
      2,
      0,
      0,
      0,
      0,
      0,
      0,
      0,
      0,
      0,
      0,
      0,
      4,
      0,
      0,
      0,
      0,
      0,
      0,
      0,
      0,
      0,
      0,
      0,
      0,
      0,
      0,
      0,
      0,
      0,
      0,
      4,
      0,
      0,
      0,
      1,
      0,
      0,
      0,
      0,
      0,
      0,
      0,
      0,
      0,
      0,
      0,
      0,
      0,
      0,
      0,
      4,
      0,
      0
    ]
  },
  "正新鸡排(三桥店)": {
    "time": [
      "06:14:36",
      "06:29:48",
      "06:45:33",
      "07:01:15",
      "07:16:44",
      "07:31:30",
      "07:45:49",
      "08:01:14",
      "08:15:25",
      "08:30:42",
      "08:45:23",
      "08:59:57",
      "09:14:47",
      "09:30:37",
      "09:44:58",
      "10:00:01",
      "10:14:13",
      "10:28:34",
      "10:43:33",
      "10:58:18",
      "11:12:55",
      "11:28:04",
      "11:42:40",
      "11:57:30",
      "12:11:41",
      "12:27:08",
      "12:42:34",
      "12:58:00",
      "13:12:29",
      "13:27:54",
      "13:43:30",
      "13:58:48",
      "14:14:06",
      "14:29:50",
      "14:45:39",
      "15:01:26",
      "15:16:46",
      "15:32:35",
      "15:47:50",
      "16:03:00",
      "16:18:16",
      "16:32:56",
      "16:48:14",
      "17:02:40",
      "17:17:13",
      "17:31:50",
      "17:47:19",
      "18:02:33",
      "18:17:05",
      "18:31:49",
      "18:46:36",
      "19:01:36",
      "19:17:25",
      "19:31:46",
      "19:47:10",
      "20:01:33",
      "20:15:59",
      "20:30:33",
      "20:46:12",
      "21:01:21",
      "21:16:01",
      "21:31:32",
      "21:47:09",
      "22:02:52"
    ],
    "board": [
      7,
      0,
      4,
      3,
      10,
      1,
      11,
      0,
      15,
      10,
      7,
      10,
      9,
      0,
      13,
      4,
      8,
      13,
      13,
      1,
      9,
      4,
      6,
      13,
      3,
      2,
      11,
      14,
      15,
      4,
      11,
      13,
      4,
      11,
      6,
      3,
      5,
      15,
      0,
      5,
      5,
      14,
      0,
      3,
      0,
      7,
      7,
      2,
      3,
      0,
      14,
      4,
      6,
      0,
      8,
      6,
      11,
      9,
      8,
      9,
      9,
      10,
      7,
      8
    ],
    "alight": [
      14,
      4,
      3,
      1,
      13,
      5,
      14,
      9,
      10,
      6,
      14,
      4,
      9,
      7,
      9,
      7,
      11,
      14,
      11,
      0,
      6,
      11,
      12,
      14,
      15,
      11,
      11,
      1,
      9,
      1,
      8,
      15,
      15,
      15,
      10,
      7,
      1,
      10,
      5,
      4,
      6,
      8,
      2,
      9,
      0,
      14,
      1,
      1,
      8,
      13,
      11,
      11,
      4,
      0,
      5,
      8,
      10,
      14,
      1,
      2,
      11,
      1,
      4,
      1
    ]
  },
  "三桥北路": {
    "time": [
      "06:14:36",
      "06:29:48",
      "06:45:33",
      "07:01:15",
      "07:16:44",
      "07:31:30",
      "07:45:49",
      "08:01:14",
      "08:15:25",
      "08:30:42",
      "08:45:23",
      "08:59:57",
      "09:14:47",
      "09:30:37",
      "09:44:58",
      "10:00:01",
      "10:14:13",
      "10:28:34",
      "10:43:33",
      "10:58:18",
      "11:12:55",
      "11:28:04",
      "11:42:40",
      "11:57:30",
      "12:11:41",
      "12:27:08",
      "12:42:34",
      "12:58:00",
      "13:12:29",
      "13:27:54",
      "13:43:30",
      "13:58:48",
      "14:14:06",
      "14:29:50",
      "14:45:39",
      "15:01:26",
      "15:16:46",
      "15:32:35",
      "15:47:50",
      "16:03:00",
      "16:18:16",
      "16:32:56",
      "16:48:14",
      "17:02:40",
      "17:17:13",
      "17:31:50",
      "17:47:19",
      "18:02:33",
      "18:17:05",
      "18:31:49",
      "18:46:36",
      "19:01:36",
      "19:17:25",
      "19:31:46",
      "19:47:10",
      "20:01:33",
      "20:15:59",
      "20:30:33",
      "20:46:12",
      "21:01:21",
      "21:16:01",
      "21:31:32",
      "21:47:09",
      "22:02:52"
    ],
    "board": [
      12,
      4,
      9,
      14,
      12,
      2,
      1,
      9,
      0,
      4,
      12,
      7,
      6,
      1,
      1,
      8,
      12,
      13,
      0,
      8,
      15,
      7,
      8,
      8,
      4,
      2,
      7,
      13,
      11,
      14,
      8,
      1,
      5,
      0,
      13,
      11,
      9,
      9,
      12,
      3,
      15,
      2,
      2,
      1,
      13,
      15,
      3,
      6,
      13,
      2,
      1,
      0,
      5,
      3,
      0,
      8,
      10,
      7,
      9,
      8,
      14,
      3,
      0,
      0
    ],
    "alight": [
      15,
      10,
      5,
      1,
      14,
      1,
      9,
      9,
      11,
      2,
      2,
      1,
      11,
      3,
      2,
      8,
      7,
      6,
      4,
      0,
      1,
      9,
      4,
      13,
      0,
      6,
      2,
      7,
      8,
      14,
      4,
      7,
      10,
      14,
      12,
      1,
      13,
      12,
      14,
      3,
      1,
      15,
      4,
      14,
      10,
      3,
      2,
      5,
      0,
      14,
      4,
      7,
      0,
      4,
      14,
      5,
      1,
      12,
      0,
      3,
      3,
      11,
      3,
      4
    ]
  },
  "黔灵公馆": {
    "time": [
      "06:14:36",
      "06:29:48",
      "06:45:33",
      "07:01:15",
      "07:16:44",
      "07:31:30",
      "07:45:49",
      "08:01:14",
      "08:15:25",
      "08:30:42",
      "08:45:23",
      "08:59:57",
      "09:14:47",
      "09:30:37",
      "09:44:58",
      "10:00:01",
      "10:14:13",
      "10:28:34",
      "10:43:33",
      "10:58:18",
      "11:12:55",
      "11:28:04",
      "11:42:40",
      "11:57:30",
      "12:11:41",
      "12:27:08",
      "12:42:34",
      "12:58:00",
      "13:12:29",
      "13:27:54",
      "13:43:30",
      "13:58:48",
      "14:14:06",
      "14:29:50",
      "14:45:39",
      "15:01:26",
      "15:16:46",
      "15:32:35",
      "15:47:50",
      "16:03:00",
      "16:18:16",
      "16:32:56",
      "16:48:14",
      "17:02:40",
      "17:17:13",
      "17:31:50",
      "17:47:19",
      "18:02:33",
      "18:17:05",
      "18:31:49",
      "18:46:36",
      "19:01:36",
      "19:17:25",
      "19:31:46",
      "19:47:10",
      "20:01:33",
      "20:15:59",
      "20:30:33",
      "20:46:12",
      "21:01:21",
      "21:16:01",
      "21:31:32",
      "21:47:09",
      "22:02:52"
    ],
    "board": [
      7,
      11,
      0,
      6,
      6,
      5,
      1,
      0,
      10,
      2,
      4,
      15,
      3,
      10,
      14,
      5,
      11,
      8,
      12,
      1,
      7,
      12,
      8,
      2,
      14,
      11,
      4,
      13,
      5,
      12,
      0,
      1,
      5,
      2,
      8,
      10,
      15,
      13,
      12,
      6,
      14,
      10,
      4,
      15,
      7,
      0,
      9,
      11,
      14,
      7,
      12,
      5,
      1,
      0,
      10,
      8,
      13,
      4,
      3,
      9,
      15,
      9,
      7,
      3
    ],
    "alight": [
      2,
      0,
      5,
      12,
      6,
      8,
      10,
      1,
      14,
      7,
      0,
      9,
      11,
      3,
      10,
      5,
      13,
      8,
      0,
      10,
      15,
      14,
      5,
      7,
      1,
      15,
      7,
      15,
      9,
      0,
      3,
      2,
      2,
      5,
      9,
      6,
      0,
      0,
      7,
      5,
      15,
      12,
      4,
      2,
      9,
      8,
      14,
      11,
      15,
      12,
      12,
      1,
      12,
      12,
      15,
      12,
      2,
      11,
      12,
      14,
      11,
      6,
      1,
      3
    ]
  },
  "海马冲山体公园": {
    "time": [
      "06:14:36",
      "06:29:48",
      "06:45:33",
      "07:01:15",
      "07:16:44",
      "07:31:30",
      "07:45:49",
      "08:01:14",
      "08:15:25",
      "08:30:42",
      "08:45:23",
      "08:59:57",
      "09:14:47",
      "09:30:37",
      "09:44:58",
      "10:00:01",
      "10:14:13",
      "10:28:34",
      "10:43:33",
      "10:58:18",
      "11:12:55",
      "11:28:04",
      "11:42:40",
      "11:57:30",
      "12:11:41",
      "12:27:08",
      "12:42:34",
      "12:58:00",
      "13:12:29",
      "13:27:54",
      "13:43:30",
      "13:58:48",
      "14:14:06",
      "14:29:50",
      "14:45:39",
      "15:01:26",
      "15:16:46",
      "15:32:35",
      "15:47:50",
      "16:03:00",
      "16:18:16",
      "16:32:56",
      "16:48:14",
      "17:02:40",
      "17:17:13",
      "17:31:50",
      "17:47:19",
      "18:02:33",
      "18:17:05",
      "18:31:49",
      "18:46:36",
      "19:01:36",
      "19:17:25",
      "19:31:46",
      "19:47:10",
      "20:01:33",
      "20:15:59",
      "20:30:33",
      "20:46:12",
      "21:01:21",
      "21:16:01",
      "21:31:32",
      "21:47:09",
      "22:02:52"
    ],
    "board": [
      7,
      8,
      13,
      14,
      3,
      1,
      7,
      5,
      10,
      3,
      6,
      6,
      6,
      6,
      11,
      0,
      9,
      14,
      11,
      9,
      13,
      14,
      7,
      10,
      7,
      5,
      15,
      3,
      1,
      9,
      0,
      15,
      1,
      4,
      2,
      1,
      13,
      3,
      12,
      8,
      8,
      12,
      7,
      15,
      4,
      5,
      3,
      10,
      1,
      0,
      15,
      9,
      6,
      14,
      13,
      0,
      9,
      1,
      11,
      0,
      6,
      8,
      5,
      4
    ],
    "alight": [
      9,
      12,
      7,
      4,
      9,
      14,
      12,
      7,
      14,
      13,
      11,
      7,
      4,
      5,
      10,
      15,
      12,
      4,
      4,
      3,
      8,
      13,
      13,
      7,
      12,
      1,
      13,
      2,
      2,
      13,
      11,
      7,
      11,
      12,
      0,
      9,
      7,
      3,
      1,
      6,
      2,
      14,
      11,
      15,
      3,
      6,
      8,
      13,
      6,
      6,
      12,
      6,
      6,
      7,
      10,
      13,
      15,
      0,
      0,
      1,
      13,
      0,
      11,
      13
    ]
  },
  "金色家园(黄金路)": {
    "time": [
      "06:14:36",
      "06:29:48",
      "06:45:33",
      "07:01:15",
      "07:16:44",
      "07:31:30",
      "07:45:49",
      "08:01:14",
      "08:15:25",
      "08:30:42",
      "08:45:23",
      "08:59:57",
      "09:14:47",
      "09:30:37",
      "09:44:58",
      "10:00:01",
      "10:14:13",
      "10:28:34",
      "10:43:33",
      "10:58:18",
      "11:12:55",
      "11:28:04",
      "11:42:40",
      "11:57:30",
      "12:11:41",
      "12:27:08",
      "12:42:34",
      "12:58:00",
      "13:12:29",
      "13:27:54",
      "13:43:30",
      "13:58:48",
      "14:14:06",
      "14:29:50",
      "14:45:39",
      "15:01:26",
      "15:16:46",
      "15:32:35",
      "15:47:50",
      "16:03:00",
      "16:18:16",
      "16:32:56",
      "16:48:14",
      "17:02:40",
      "17:17:13",
      "17:31:50",
      "17:47:19",
      "18:02:33",
      "18:17:05",
      "18:31:49",
      "18:46:36",
      "19:01:36",
      "19:17:25",
      "19:31:46",
      "19:47:10",
      "20:01:33",
      "20:15:59",
      "20:30:33",
      "20:46:12",
      "21:01:21",
      "21:16:01",
      "21:31:32",
      "21:47:09",
      "22:02:52"
    ],
    "board": [
      2,
      11,
      1,
      1,
      1,
      0,
      6,
      15,
      7,
      1,
      13,
      4,
      1,
      12,
      0,
      6,
      11,
      1,
      4,
      2,
      13,
      1,
      13,
      6,
      4,
      10,
      10,
      11,
      5,
      4,
      8,
      11,
      6,
      0,
      5,
      3,
      7,
      12,
      0,
      12,
      10,
      0,
      2,
      7,
      14,
      8,
      14,
      2,
      3,
      4,
      15,
      3,
      11,
      4,
      13,
      2,
      15,
      2,
      9,
      5,
      10,
      7,
      3,
      5
    ],
    "alight": [
      0,
      7,
      9,
      2,
      2,
      6,
      7,
      3,
      11,
      0,
      2,
      5,
      11,
      4,
      12,
      4,
      11,
      11,
      3,
      1,
      6,
      12,
      14,
      13,
      4,
      13,
      14,
      11,
      15,
      13,
      14,
      12,
      10,
      8,
      9,
      12,
      13,
      1,
      2,
      10,
      1,
      10,
      13,
      14,
      0,
      7,
      15,
      12,
      10,
      8,
      0,
      4,
      3,
      3,
      10,
      13,
      15,
      8,
      0,
      8,
      9,
      6,
      12,
      0
    ]
  },
  "成都光头蟹(威清路店)": {
    "time": [
      "06:14:36",
      "06:29:48",
      "06:45:33",
      "07:01:15",
      "07:16:44",
      "07:31:30",
      "07:45:49",
      "08:01:14",
      "08:15:25",
      "08:30:42",
      "08:45:23",
      "08:59:57",
      "09:14:47",
      "09:30:37",
      "09:44:58",
      "10:00:01",
      "10:14:13",
      "10:28:34",
      "10:43:33",
      "10:58:18",
      "11:12:55",
      "11:28:04",
      "11:42:40",
      "11:57:30",
      "12:11:41",
      "12:27:08",
      "12:42:34",
      "12:58:00",
      "13:12:29",
      "13:27:54",
      "13:43:30",
      "13:58:48",
      "14:14:06",
      "14:29:50",
      "14:45:39",
      "15:01:26",
      "15:16:46",
      "15:32:35",
      "15:47:50",
      "16:03:00",
      "16:18:16",
      "16:32:56",
      "16:48:14",
      "17:02:40",
      "17:17:13",
      "17:31:50",
      "17:47:19",
      "18:02:33",
      "18:17:05",
      "18:31:49",
      "18:46:36",
      "19:01:36",
      "19:17:25",
      "19:31:46",
      "19:47:10",
      "20:01:33",
      "20:15:59",
      "20:30:33",
      "20:46:12",
      "21:01:21",
      "21:16:01",
      "21:31:32",
      "21:47:09",
      "22:02:52"
    ],
    "board": [
      5,
      9,
      13,
      12,
      8,
      7,
      3,
      2,
      8,
      11,
      4,
      3,
      15,
      15,
      0,
      10,
      6,
      8,
      11,
      0,
      1,
      8,
      15,
      6,
      2,
      4,
      12,
      12,
      2,
      5,
      11,
      13,
      6,
      8,
      11,
      8,
      9,
      13,
      14,
      3,
      2,
      2,
      7,
      13,
      5,
      15,
      11,
      13,
      6,
      8,
      3,
      2,
      14,
      6,
      3,
      10,
      5,
      4,
      7,
      6,
      5,
      8,
      12,
      0
    ],
    "alight": [
      10,
      6,
      5,
      5,
      6,
      5,
      3,
      6,
      2,
      3,
      5,
      13,
      13,
      9,
      15,
      2,
      6,
      0,
      14,
      15,
      7,
      0,
      9,
      0,
      2,
      14,
      5,
      1,
      2,
      15,
      3,
      12,
      4,
      5,
      15,
      10,
      13,
      3,
      9,
      12,
      4,
      4,
      14,
      7,
      7,
      10,
      12,
      9,
      7,
      1,
      7,
      9,
      13,
      1,
      1,
      15,
      11,
      4,
      3,
      5,
      3,
      3,
      3,
      6
    ]
  },
  "贵州中医药大学第一附属医院(第二门诊部)": {
    "time": [
      "06:14:36",
      "06:29:48",
      "06:45:33",
      "07:01:15",
      "07:16:44",
      "07:31:30",
      "07:45:49",
      "08:01:14",
      "08:15:25",
      "08:30:42",
      "08:45:23",
      "08:59:57",
      "09:14:47",
      "09:30:37",
      "09:44:58",
      "10:00:01",
      "10:14:13",
      "10:28:34",
      "10:43:33",
      "10:58:18",
      "11:12:55",
      "11:28:04",
      "11:42:40",
      "11:57:30",
      "12:11:41",
      "12:27:08",
      "12:42:34",
      "12:58:00",
      "13:12:29",
      "13:27:54",
      "13:43:30",
      "13:58:48",
      "14:14:06",
      "14:29:50",
      "14:45:39",
      "15:01:26",
      "15:16:46",
      "15:32:35",
      "15:47:50",
      "16:03:00",
      "16:18:16",
      "16:32:56",
      "16:48:14",
      "17:02:40",
      "17:17:13",
      "17:31:50",
      "17:47:19",
      "18:02:33",
      "18:17:05",
      "18:31:49",
      "18:46:36",
      "19:01:36",
      "19:17:25",
      "19:31:46",
      "19:47:10",
      "20:01:33",
      "20:15:59",
      "20:30:33",
      "20:46:12",
      "21:01:21",
      "21:16:01",
      "21:31:32",
      "21:47:09",
      "22:02:52"
    ],
    "board": [
      1,
      11,
      4,
      7,
      4,
      6,
      2,
      8,
      15,
      13,
      12,
      4,
      0,
      12,
      3,
      11,
      14,
      2,
      5,
      6,
      1,
      8,
      12,
      11,
      9,
      2,
      5,
      7,
      4,
      9,
      3,
      8,
      2,
      12,
      7,
      7,
      15,
      2,
      12,
      15,
      2,
      15,
      0,
      15,
      7,
      9,
      13,
      5,
      11,
      13,
      0,
      4,
      10,
      15,
      0,
      15,
      5,
      2,
      10,
      6,
      12,
      3,
      1,
      11
    ],
    "alight": [
      8,
      10,
      0,
      9,
      6,
      9,
      12,
      10,
      14,
      1,
      10,
      14,
      5,
      11,
      15,
      2,
      8,
      8,
      15,
      13,
      13,
      11,
      10,
      4,
      6,
      14,
      15,
      10,
      8,
      5,
      9,
      15,
      7,
      7,
      10,
      7,
      4,
      13,
      8,
      12,
      9,
      14,
      15,
      12,
      8,
      0,
      15,
      12,
      12,
      5,
      8,
      15,
      15,
      15,
      13,
      13,
      14,
      8,
      10,
      15,
      6,
      2,
      13,
      7
    ]
  },
  "宜尚酒店(贵阳市西路智谷文创园店)": {
    "time": [
      "06:14:36",
      "06:29:48",
      "06:45:33",
      "07:01:15",
      "07:16:44",
      "07:31:30",
      "07:45:49",
      "08:01:14",
      "08:15:25",
      "08:30:42",
      "08:45:23",
      "08:59:57",
      "09:14:47",
      "09:30:37",
      "09:44:58",
      "10:00:01",
      "10:14:13",
      "10:28:34",
      "10:43:33",
      "10:58:18",
      "11:12:55",
      "11:28:04",
      "11:42:40",
      "11:57:30",
      "12:11:41",
      "12:27:08",
      "12:42:34",
      "12:58:00",
      "13:12:29",
      "13:27:54",
      "13:43:30",
      "13:58:48",
      "14:14:06",
      "14:29:50",
      "14:45:39",
      "15:01:26",
      "15:16:46",
      "15:32:35",
      "15:47:50",
      "16:03:00",
      "16:18:16",
      "16:32:56",
      "16:48:14",
      "17:02:40",
      "17:17:13",
      "17:31:50",
      "17:47:19",
      "18:02:33",
      "18:17:05",
      "18:31:49",
      "18:46:36",
      "19:01:36",
      "19:17:25",
      "19:31:46",
      "19:47:10",
      "20:01:33",
      "20:15:59",
      "20:30:33",
      "20:46:12",
      "21:01:21",
      "21:16:01",
      "21:31:32",
      "21:47:09",
      "22:02:52"
    ],
    "board": [
      12,
      3,
      8,
      2,
      12,
      5,
      9,
      0,
      2,
      5,
      6,
      4,
      3,
      9,
      4,
      10,
      3,
      15,
      0,
      15,
      1,
      1,
      9,
      3,
      4,
      5,
      14,
      11,
      11,
      11,
      10,
      14,
      13,
      5,
      3,
      13,
      15,
      3,
      7,
      7,
      1,
      14,
      6,
      4,
      6,
      6,
      1,
      13,
      11,
      2,
      9,
      15,
      7,
      2,
      10,
      10,
      13,
      8,
      11,
      6,
      2,
      7,
      1,
      1
    ],
    "alight": [
      5,
      11,
      12,
      8,
      2,
      5,
      10,
      5,
      3,
      1,
      2,
      5,
      3,
      4,
      13,
      2,
      6,
      10,
      1,
      14,
      0,
      0,
      12,
      14,
      9,
      0,
      6,
      7,
      12,
      8,
      7,
      2,
      10,
      7,
      10,
      3,
      2,
      1,
      14,
      12,
      12,
      9,
      1,
      9,
      9,
      4,
      4,
      2,
      2,
      14,
      4,
      9,
      1,
      8,
      5,
      6,
      1,
      13,
      6,
      8,
      6,
      4,
      7,
      5
    ]
  },
  "宏资大厦": {
    "time": [
      "06:14:36",
      "06:29:48",
      "06:45:33",
      "07:01:15",
      "07:16:44",
      "07:31:30",
      "07:45:49",
      "08:01:14",
      "08:15:25",
      "08:30:42",
      "08:45:23",
      "08:59:57",
      "09:14:47",
      "09:30:37",
      "09:44:58",
      "10:00:01",
      "10:14:13",
      "10:28:34",
      "10:43:33",
      "10:58:18",
      "11:12:55",
      "11:28:04",
      "11:42:40",
      "11:57:30",
      "12:11:41",
      "12:27:08",
      "12:42:34",
      "12:58:00",
      "13:12:29",
      "13:27:54",
      "13:43:30",
      "13:58:48",
      "14:14:06",
      "14:29:50",
      "14:45:39",
      "15:01:26",
      "15:16:46",
      "15:32:35",
      "15:47:50",
      "16:03:00",
      "16:18:16",
      "16:32:56",
      "16:48:14",
      "17:02:40",
      "17:17:13",
      "17:31:50",
      "17:47:19",
      "18:02:33",
      "18:17:05",
      "18:31:49",
      "18:46:36",
      "19:01:36",
      "19:17:25",
      "19:31:46",
      "19:47:10",
      "20:01:33",
      "20:15:59",
      "20:30:33",
      "20:46:12",
      "21:01:21",
      "21:16:01",
      "21:31:32",
      "21:47:09",
      "22:02:52"
    ],
    "board": [
      7,
      13,
      1,
      13,
      5,
      4,
      12,
      3,
      6,
      4,
      5,
      4,
      2,
      5,
      2,
      11,
      15,
      9,
      15,
      10,
      9,
      7,
      14,
      5,
      14,
      1,
      3,
      0,
      14,
      3,
      9,
      11,
      2,
      11,
      10,
      8,
      8,
      12,
      2,
      11,
      9,
      15,
      13,
      5,
      15,
      11,
      4,
      15,
      1,
      12,
      1,
      13,
      13,
      11,
      13,
      1,
      5,
      6,
      13,
      4,
      13,
      3,
      13,
      13
    ],
    "alight": [
      14,
      3,
      4,
      8,
      5,
      6,
      15,
      7,
      13,
      5,
      3,
      3,
      14,
      4,
      4,
      5,
      11,
      2,
      6,
      14,
      15,
      0,
      13,
      4,
      2,
      4,
      7,
      1,
      11,
      10,
      15,
      0,
      9,
      10,
      13,
      3,
      12,
      1,
      0,
      0,
      5,
      7,
      8,
      3,
      9,
      15,
      6,
      3,
      5,
      2,
      1,
      2,
      11,
      13,
      3,
      1,
      7,
      5,
      9,
      5,
      10,
      9,
      6,
      0
    ]
  },
  "云舒酒店(贵阳甲秀楼中山西路地铁店)": {
    "time": [
      "06:14:36",
      "06:29:48",
      "06:45:33",
      "07:01:15",
      "07:16:44",
      "07:31:30",
      "07:45:49",
      "08:01:14",
      "08:15:25",
      "08:30:42",
      "08:45:23",
      "08:59:57",
      "09:14:47",
      "09:30:37",
      "09:44:58",
      "10:00:01",
      "10:14:13",
      "10:28:34",
      "10:43:33",
      "10:58:18",
      "11:12:55",
      "11:28:04",
      "11:42:40",
      "11:57:30",
      "12:11:41",
      "12:27:08",
      "12:42:34",
      "12:58:00",
      "13:12:29",
      "13:27:54",
      "13:43:30",
      "13:58:48",
      "14:14:06",
      "14:29:50",
      "14:45:39",
      "15:01:26",
      "15:16:46",
      "15:32:35",
      "15:47:50",
      "16:03:00",
      "16:18:16",
      "16:32:56",
      "16:48:14",
      "17:02:40",
      "17:17:13",
      "17:31:50",
      "17:47:19",
      "18:02:33",
      "18:17:05",
      "18:31:49",
      "18:46:36",
      "19:01:36",
      "19:17:25",
      "19:31:46",
      "19:47:10",
      "20:01:33",
      "20:15:59",
      "20:30:33",
      "20:46:12",
      "21:01:21",
      "21:16:01",
      "21:31:32",
      "21:47:09",
      "22:02:52"
    ],
    "board": [
      5,
      11,
      11,
      10,
      3,
      4,
      7,
      3,
      12,
      6,
      5,
      2,
      14,
      11,
      13,
      9,
      8,
      13,
      5,
      0,
      15,
      10,
      7,
      5,
      7,
      0,
      11,
      11,
      11,
      2,
      14,
      1,
      1,
      13,
      11,
      6,
      5,
      13,
      0,
      2,
      14,
      1,
      6,
      6,
      14,
      10,
      13,
      5,
      1,
      14,
      0,
      4,
      7,
      9,
      14,
      1,
      9,
      15,
      14,
      14,
      0,
      8,
      11,
      7
    ],
    "alight": [
      15,
      0,
      12,
      15,
      4,
      10,
      3,
      7,
      6,
      9,
      4,
      10,
      3,
      6,
      2,
      13,
      7,
      8,
      0,
      0,
      0,
      9,
      4,
      4,
      6,
      12,
      6,
      9,
      14,
      0,
      11,
      10,
      15,
      1,
      14,
      7,
      11,
      5,
      8,
      1,
      11,
      6,
      1,
      0,
      4,
      2,
      11,
      13,
      10,
      11,
      8,
      3,
      12,
      2,
      14,
      3,
      10,
      12,
      10,
      9,
      5,
      0,
      14,
      10
    ]
  },
  "南明区劳动保障监察大队五中队": {
    "time": [
      "06:14:36",
      "06:29:48",
      "06:45:33",
      "07:01:15",
      "07:16:44",
      "07:31:30",
      "07:45:49",
      "08:01:14",
      "08:15:25",
      "08:30:42",
      "08:45:23",
      "08:59:57",
      "09:14:47",
      "09:30:37",
      "09:44:58",
      "10:00:01",
      "10:14:13",
      "10:28:34",
      "10:43:33",
      "10:58:18",
      "11:12:55",
      "11:28:04",
      "11:42:40",
      "11:57:30",
      "12:11:41",
      "12:27:08",
      "12:42:34",
      "12:58:00",
      "13:12:29",
      "13:27:54",
      "13:43:30",
      "13:58:48",
      "14:14:06",
      "14:29:50",
      "14:45:39",
      "15:01:26",
      "15:16:46",
      "15:32:35",
      "15:47:50",
      "16:03:00",
      "16:18:16",
      "16:32:56",
      "16:48:14",
      "17:02:40",
      "17:17:13",
      "17:31:50",
      "17:47:19",
      "18:02:33",
      "18:17:05",
      "18:31:49",
      "18:46:36",
      "19:01:36",
      "19:17:25",
      "19:31:46",
      "19:47:10",
      "20:01:33",
      "20:15:59",
      "20:30:33",
      "20:46:12",
      "21:01:21",
      "21:16:01",
      "21:31:32",
      "21:47:09",
      "22:02:52"
    ],
    "board": [
      11,
      6,
      5,
      5,
      5,
      0,
      15,
      6,
      6,
      7,
      9,
      8,
      3,
      13,
      5,
      13,
      14,
      5,
      0,
      9,
      15,
      8,
      4,
      5,
      7,
      4,
      4,
      9,
      8,
      5,
      12,
      13,
      8,
      3,
      12,
      4,
      14,
      7,
      7,
      15,
      3,
      11,
      4,
      4,
      7,
      15,
      0,
      13,
      2,
      3,
      6,
      3,
      4,
      10,
      13,
      10,
      14,
      7,
      15,
      11,
      1,
      10,
      3,
      12
    ],
    "alight": [
      13,
      12,
      14,
      5,
      15,
      1,
      0,
      0,
      5,
      10,
      3,
      13,
      0,
      4,
      11,
      1,
      14,
      7,
      7,
      0,
      8,
      10,
      11,
      14,
      14,
      12,
      14,
      2,
      1,
      2,
      6,
      3,
      7,
      6,
      8,
      10,
      0,
      3,
      5,
      6,
      0,
      1,
      13,
      13,
      6,
      11,
      5,
      13,
      9,
      11,
      10,
      2,
      0,
      6,
      12,
      1,
      8,
      14,
      2,
      14,
      7,
      12,
      7,
      4
    ]
  },
  "EspressoVoyage屋吉咖啡(电力巷28号院店)": {
    "time": [
      "06:14:36",
      "06:29:48",
      "06:45:33",
      "07:01:15",
      "07:16:44",
      "07:31:30",
      "07:45:49",
      "08:01:14",
      "08:15:25",
      "08:30:42",
      "08:45:23",
      "08:59:57",
      "09:14:47",
      "09:30:37",
      "09:44:58",
      "10:00:01",
      "10:14:13",
      "10:28:34",
      "10:43:33",
      "10:58:18",
      "11:12:55",
      "11:28:04",
      "11:42:40",
      "11:57:30",
      "12:11:41",
      "12:27:08",
      "12:42:34",
      "12:58:00",
      "13:12:29",
      "13:27:54",
      "13:43:30",
      "13:58:48",
      "14:14:06",
      "14:29:50",
      "14:45:39",
      "15:01:26",
      "15:16:46",
      "15:32:35",
      "15:47:50",
      "16:03:00",
      "16:18:16",
      "16:32:56",
      "16:48:14",
      "17:02:40",
      "17:17:13",
      "17:31:50",
      "17:47:19",
      "18:02:33",
      "18:17:05",
      "18:31:49",
      "18:46:36",
      "19:01:36",
      "19:17:25",
      "19:31:46",
      "19:47:10",
      "20:01:33",
      "20:15:59",
      "20:30:33",
      "20:46:12",
      "21:01:21",
      "21:16:01",
      "21:31:32",
      "21:47:09",
      "22:02:52"
    ],
    "board": [
      7,
      5,
      1,
      5,
      0,
      6,
      13,
      14,
      0,
      9,
      6,
      11,
      9,
      0,
      5,
      14,
      12,
      10,
      1,
      15,
      9,
      2,
      5,
      15,
      14,
      15,
      2,
      14,
      2,
      13,
      15,
      9,
      10,
      2,
      3,
      11,
      11,
      6,
      5,
      1,
      11,
      2,
      11,
      8,
      7,
      7,
      0,
      10,
      9,
      6,
      2,
      6,
      6,
      5,
      13,
      15,
      10,
      7,
      13,
      2,
      6,
      9,
      15,
      8
    ],
    "alight": [
      0,
      3,
      0,
      15,
      15,
      13,
      7,
      14,
      11,
      2,
      0,
      1,
      2,
      10,
      3,
      10,
      5,
      3,
      5,
      1,
      8,
      10,
      1,
      8,
      0,
      9,
      14,
      3,
      13,
      1,
      4,
      7,
      11,
      14,
      10,
      9,
      8,
      12,
      1,
      13,
      0,
      5,
      3,
      14,
      9,
      11,
      7,
      12,
      12,
      13,
      6,
      5,
      12,
      2,
      12,
      4,
      5,
      0,
      14,
      1,
      11,
      9,
      0,
      9
    ]
  },
  "奈雪的茶(保利·国贸逸天城店)": {
    "time": [
      "06:14:36",
      "06:29:48",
      "06:45:33",
      "07:01:15",
      "07:16:44",
      "07:31:30",
      "07:45:49",
      "08:01:14",
      "08:15:25",
      "08:30:42",
      "08:45:23",
      "08:59:57",
      "09:14:47",
      "09:30:37",
      "09:44:58",
      "10:00:01",
      "10:14:13",
      "10:28:34",
      "10:43:33",
      "10:58:18",
      "11:12:55",
      "11:28:04",
      "11:42:40",
      "11:57:30",
      "12:11:41",
      "12:27:08",
      "12:42:34",
      "12:58:00",
      "13:12:29",
      "13:27:54",
      "13:43:30",
      "13:58:48",
      "14:14:06",
      "14:29:50",
      "14:45:39",
      "15:01:26",
      "15:16:46",
      "15:32:35",
      "15:47:50",
      "16:03:00",
      "16:18:16",
      "16:32:56",
      "16:48:14",
      "17:02:40",
      "17:17:13",
      "17:31:50",
      "17:47:19",
      "18:02:33",
      "18:17:05",
      "18:31:49",
      "18:46:36",
      "19:01:36",
      "19:17:25",
      "19:31:46",
      "19:47:10",
      "20:01:33",
      "20:15:59",
      "20:30:33",
      "20:46:12",
      "21:01:21",
      "21:16:01",
      "21:31:32",
      "21:47:09",
      "22:02:52"
    ],
    "board": [
      10,
      9,
      4,
      6,
      7,
      0,
      2,
      12,
      3,
      3,
      10,
      15,
      12,
      0,
      1,
      2,
      9,
      11,
      8,
      0,
      3,
      14,
      13,
      11,
      13,
      0,
      14,
      6,
      7,
      10,
      0,
      13,
      13,
      10,
      9,
      9,
      5,
      15,
      1,
      1,
      6,
      13,
      3,
      4,
      15,
      8,
      8,
      3,
      2,
      11,
      3,
      14,
      10,
      1,
      2,
      4,
      12,
      11,
      9,
      10,
      4,
      15,
      9,
      4
    ],
    "alight": [
      13,
      15,
      4,
      3,
      1,
      7,
      9,
      4,
      4,
      12,
      11,
      4,
      1,
      13,
      11,
      8,
      15,
      14,
      10,
      5,
      3,
      13,
      2,
      15,
      7,
      15,
      6,
      1,
      2,
      5,
      15,
      2,
      14,
      10,
      3,
      1,
      0,
      10,
      0,
      15,
      0,
      7,
      11,
      10,
      13,
      7,
      10,
      0,
      13,
      12,
      1,
      11,
      6,
      6,
      8,
      6,
      15,
      12,
      13,
      1,
      3,
      15,
      13,
      5
    ]
  },
  "有色地质科技大楼": {
    "time": [
      "06:14:36",
      "06:29:48",
      "06:45:33",
      "07:01:15",
      "07:16:44",
      "07:31:30",
      "07:45:49",
      "08:01:14",
      "08:15:25",
      "08:30:42",
      "08:45:23",
      "08:59:57",
      "09:14:47",
      "09:30:37",
      "09:44:58",
      "10:00:01",
      "10:14:13",
      "10:28:34",
      "10:43:33",
      "10:58:18",
      "11:12:55",
      "11:28:04",
      "11:42:40",
      "11:57:30",
      "12:11:41",
      "12:27:08",
      "12:42:34",
      "12:58:00",
      "13:12:29",
      "13:27:54",
      "13:43:30",
      "13:58:48",
      "14:14:06",
      "14:29:50",
      "14:45:39",
      "15:01:26",
      "15:16:46",
      "15:32:35",
      "15:47:50",
      "16:03:00",
      "16:18:16",
      "16:32:56",
      "16:48:14",
      "17:02:40",
      "17:17:13",
      "17:31:50",
      "17:47:19",
      "18:02:33",
      "18:17:05",
      "18:31:49",
      "18:46:36",
      "19:01:36",
      "19:17:25",
      "19:31:46",
      "19:47:10",
      "20:01:33",
      "20:15:59",
      "20:30:33",
      "20:46:12",
      "21:01:21",
      "21:16:01",
      "21:31:32",
      "21:47:09",
      "22:02:52"
    ],
    "board": [
      2,
      7,
      1,
      7,
      2,
      5,
      5,
      13,
      0,
      14,
      4,
      15,
      1,
      15,
      2,
      11,
      13,
      9,
      9,
      4,
      6,
      11,
      1,
      14,
      15,
      14,
      15,
      15,
      5,
      4,
      3,
      13,
      11,
      3,
      0,
      15,
      12,
      7,
      6,
      7,
      10,
      0,
      5,
      11,
      3,
      14,
      5,
      12,
      15,
      13,
      8,
      1,
      2,
      9,
      13,
      1,
      8,
      11,
      13,
      4,
      1,
      5,
      2,
      6
    ],
    "alight": [
      10,
      10,
      10,
      1,
      13,
      8,
      7,
      13,
      13,
      2,
      11,
      5,
      11,
      15,
      14,
      0,
      1,
      12,
      6,
      5,
      2,
      5,
      0,
      6,
      10,
      0,
      14,
      6,
      11,
      13,
      14,
      12,
      10,
      10,
      0,
      11,
      11,
      5,
      1,
      13,
      4,
      0,
      2,
      12,
      4,
      0,
      15,
      8,
      8,
      13,
      1,
      4,
      2,
      10,
      8,
      15,
      10,
      3,
      4,
      0,
      8,
      11,
      11,
      10
    ]
  },
  "福布儿国际幼儿园": {
    "time": [
      "06:14:36",
      "06:29:48",
      "06:45:33",
      "07:01:15",
      "07:16:44",
      "07:31:30",
      "07:45:49",
      "08:01:14",
      "08:15:25",
      "08:30:42",
      "08:45:23",
      "08:59:57",
      "09:14:47",
      "09:30:37",
      "09:44:58",
      "10:00:01",
      "10:14:13",
      "10:28:34",
      "10:43:33",
      "10:58:18",
      "11:12:55",
      "11:28:04",
      "11:42:40",
      "11:57:30",
      "12:11:41",
      "12:27:08",
      "12:42:34",
      "12:58:00",
      "13:12:29",
      "13:27:54",
      "13:43:30",
      "13:58:48",
      "14:14:06",
      "14:29:50",
      "14:45:39",
      "15:01:26",
      "15:16:46",
      "15:32:35",
      "15:47:50",
      "16:03:00",
      "16:18:16",
      "16:32:56",
      "16:48:14",
      "17:02:40",
      "17:17:13",
      "17:31:50",
      "17:47:19",
      "18:02:33",
      "18:17:05",
      "18:31:49",
      "18:46:36",
      "19:01:36",
      "19:17:25",
      "19:31:46",
      "19:47:10",
      "20:01:33",
      "20:15:59",
      "20:30:33",
      "20:46:12",
      "21:01:21",
      "21:16:01",
      "21:31:32",
      "21:47:09",
      "22:02:52"
    ],
    "board": [
      1,
      15,
      6,
      2,
      11,
      3,
      7,
      3,
      10,
      14,
      2,
      0,
      1,
      11,
      0,
      4,
      1,
      8,
      8,
      5,
      2,
      3,
      4,
      9,
      2,
      8,
      4,
      8,
      12,
      14,
      9,
      12,
      14,
      6,
      11,
      0,
      5,
      14,
      13,
      4,
      14,
      1,
      4,
      0,
      13,
      9,
      3,
      6,
      3,
      15,
      13,
      2,
      14,
      10,
      0,
      10,
      9,
      3,
      6,
      0,
      11,
      14,
      12,
      14
    ],
    "alight": [
      14,
      7,
      6,
      9,
      9,
      9,
      12,
      0,
      3,
      7,
      12,
      12,
      5,
      14,
      11,
      15,
      5,
      15,
      9,
      1,
      14,
      4,
      10,
      8,
      12,
      6,
      8,
      0,
      12,
      4,
      7,
      2,
      0,
      6,
      14,
      5,
      11,
      6,
      13,
      6,
      15,
      6,
      7,
      5,
      15,
      7,
      4,
      0,
      1,
      4,
      5,
      13,
      11,
      11,
      6,
      12,
      8,
      11,
      9,
      1,
      1,
      7,
      13,
      0
    ]
  },
  "贵州武警总队医院生殖键康科": {
    "time": [
      "06:14:36",
      "06:29:48",
      "06:45:33",
      "07:01:15",
      "07:16:44",
      "07:31:30",
      "07:45:49",
      "08:01:14",
      "08:15:25",
      "08:30:42",
      "08:45:23",
      "08:59:57",
      "09:14:47",
      "09:30:37",
      "09:44:58",
      "10:00:01",
      "10:14:13",
      "10:28:34",
      "10:43:33",
      "10:58:18",
      "11:12:55",
      "11:28:04",
      "11:42:40",
      "11:57:30",
      "12:11:41",
      "12:27:08",
      "12:42:34",
      "12:58:00",
      "13:12:29",
      "13:27:54",
      "13:43:30",
      "13:58:48",
      "14:14:06",
      "14:29:50",
      "14:45:39",
      "15:01:26",
      "15:16:46",
      "15:32:35",
      "15:47:50",
      "16:03:00",
      "16:18:16",
      "16:32:56",
      "16:48:14",
      "17:02:40",
      "17:17:13",
      "17:31:50",
      "17:47:19",
      "18:02:33",
      "18:17:05",
      "18:31:49",
      "18:46:36",
      "19:01:36",
      "19:17:25",
      "19:31:46",
      "19:47:10",
      "20:01:33",
      "20:15:59",
      "20:30:33",
      "20:46:12",
      "21:01:21",
      "21:16:01",
      "21:31:32",
      "21:47:09",
      "22:02:52"
    ],
    "board": [
      13,
      12,
      8,
      4,
      5,
      1,
      10,
      8,
      2,
      13,
      14,
      1,
      3,
      5,
      15,
      3,
      7,
      11,
      6,
      13,
      10,
      12,
      3,
      15,
      4,
      12,
      4,
      2,
      14,
      12,
      12,
      2,
      0,
      0,
      7,
      5,
      8,
      14,
      14,
      7,
      11,
      2,
      15,
      4,
      5,
      1,
      5,
      11,
      1,
      10,
      10,
      14,
      2,
      3,
      12,
      1,
      3,
      6,
      2,
      15,
      6,
      1,
      9,
      13
    ],
    "alight": [
      14,
      8,
      10,
      4,
      4,
      15,
      8,
      6,
      8,
      15,
      8,
      9,
      13,
      15,
      1,
      1,
      6,
      10,
      3,
      5,
      6,
      12,
      4,
      15,
      14,
      11,
      13,
      3,
      9,
      9,
      10,
      6,
      9,
      11,
      13,
      7,
      7,
      2,
      10,
      15,
      8,
      14,
      8,
      13,
      8,
      7,
      11,
      3,
      3,
      3,
      5,
      11,
      1,
      3,
      2,
      5,
      12,
      9,
      7,
      14,
      5,
      15,
      4,
      4
    ]
  },
  "经典天成": {
    "time": [
      "06:14:36",
      "06:29:48",
      "06:45:33",
      "07:01:15",
      "07:16:44",
      "07:31:30",
      "07:45:49",
      "08:01:14",
      "08:15:25",
      "08:30:42",
      "08:45:23",
      "08:59:57",
      "09:14:47",
      "09:30:37",
      "09:44:58",
      "10:00:01",
      "10:14:13",
      "10:28:34",
      "10:43:33",
      "10:58:18",
      "11:12:55",
      "11:28:04",
      "11:42:40",
      "11:57:30",
      "12:11:41",
      "12:27:08",
      "12:42:34",
      "12:58:00",
      "13:12:29",
      "13:27:54",
      "13:43:30",
      "13:58:48",
      "14:14:06",
      "14:29:50",
      "14:45:39",
      "15:01:26",
      "15:16:46",
      "15:32:35",
      "15:47:50",
      "16:03:00",
      "16:18:16",
      "16:32:56",
      "16:48:14",
      "17:02:40",
      "17:17:13",
      "17:31:50",
      "17:47:19",
      "18:02:33",
      "18:17:05",
      "18:31:49",
      "18:46:36",
      "19:01:36",
      "19:17:25",
      "19:31:46",
      "19:47:10",
      "20:01:33",
      "20:15:59",
      "20:30:33",
      "20:46:12",
      "21:01:21",
      "21:16:01",
      "21:31:32",
      "21:47:09",
      "22:02:52"
    ],
    "board": [
      12,
      5,
      2,
      0,
      13,
      8,
      3,
      4,
      8,
      0,
      3,
      9,
      8,
      2,
      12,
      14,
      15,
      4,
      12,
      0,
      7,
      0,
      12,
      2,
      5,
      0,
      10,
      10,
      11,
      7,
      1,
      13,
      2,
      6,
      0,
      3,
      4,
      4,
      0,
      15,
      11,
      11,
      11,
      10,
      4,
      7,
      14,
      1,
      10,
      8,
      6,
      9,
      13,
      6,
      3,
      14,
      14,
      4,
      9,
      14,
      9,
      3,
      0,
      1
    ],
    "alight": [
      6,
      7,
      4,
      6,
      12,
      7,
      7,
      0,
      10,
      1,
      11,
      9,
      8,
      9,
      12,
      13,
      10,
      9,
      1,
      2,
      3,
      8,
      0,
      11,
      8,
      7,
      3,
      12,
      11,
      14,
      8,
      2,
      6,
      1,
      13,
      6,
      7,
      10,
      10,
      4,
      1,
      3,
      7,
      8,
      5,
      11,
      6,
      8,
      7,
      7,
      8,
      1,
      12,
      3,
      5,
      4,
      14,
      4,
      8,
      12,
      11,
      9,
      15,
      5
    ]
  },
  "贵州电网贵阳供电局双龙分局": {
    "time": [
      "06:14:36",
      "06:29:48",
      "06:45:33",
      "07:01:15",
      "07:16:44",
      "07:31:30",
      "07:45:49",
      "08:01:14",
      "08:15:25",
      "08:30:42",
      "08:45:23",
      "08:59:57",
      "09:14:47",
      "09:30:37",
      "09:44:58",
      "10:00:01",
      "10:14:13",
      "10:28:34",
      "10:43:33",
      "10:58:18",
      "11:12:55",
      "11:28:04",
      "11:42:40",
      "11:57:30",
      "12:11:41",
      "12:27:08",
      "12:42:34",
      "12:58:00",
      "13:12:29",
      "13:27:54",
      "13:43:30",
      "13:58:48",
      "14:14:06",
      "14:29:50",
      "14:45:39",
      "15:01:26",
      "15:16:46",
      "15:32:35",
      "15:47:50",
      "16:03:00",
      "16:18:16",
      "16:32:56",
      "16:48:14",
      "17:02:40",
      "17:17:13",
      "17:31:50",
      "17:47:19",
      "18:02:33",
      "18:17:05",
      "18:31:49",
      "18:46:36",
      "19:01:36",
      "19:17:25",
      "19:31:46",
      "19:47:10",
      "20:01:33",
      "20:15:59",
      "20:30:33",
      "20:46:12",
      "21:01:21",
      "21:16:01",
      "21:31:32",
      "21:47:09",
      "22:02:52"
    ],
    "board": [
      7,
      8,
      13,
      5,
      7,
      6,
      3,
      13,
      6,
      12,
      5,
      6,
      6,
      1,
      13,
      2,
      11,
      14,
      1,
      13,
      4,
      1,
      9,
      4,
      4,
      4,
      8,
      14,
      8,
      12,
      7,
      8,
      12,
      3,
      4,
      10,
      3,
      5,
      1,
      0,
      10,
      8,
      11,
      0,
      10,
      5,
      5,
      12,
      5,
      7,
      11,
      7,
      3,
      10,
      15,
      6,
      11,
      0,
      1,
      8,
      11,
      12,
      12,
      3
    ],
    "alight": [
      13,
      7,
      7,
      0,
      12,
      6,
      6,
      13,
      0,
      3,
      11,
      2,
      7,
      13,
      9,
      6,
      5,
      14,
      1,
      1,
      12,
      12,
      10,
      13,
      5,
      0,
      12,
      2,
      14,
      3,
      11,
      0,
      10,
      7,
      2,
      1,
      7,
      15,
      9,
      8,
      8,
      1,
      8,
      12,
      1,
      8,
      11,
      15,
      9,
      14,
      5,
      10,
      14,
      0,
      12,
      13,
      6,
      11,
      9,
      0,
      9,
      1,
      2,
      4
    ]
  },
  "贵州省公安厅交通管理局": {
    "time": [
      "06:14:36",
      "06:29:48",
      "06:45:33",
      "07:01:15",
      "07:16:44",
      "07:31:30",
      "07:45:49",
      "08:01:14",
      "08:15:25",
      "08:30:42",
      "08:45:23",
      "08:59:57",
      "09:14:47",
      "09:30:37",
      "09:44:58",
      "10:00:01",
      "10:14:13",
      "10:28:34",
      "10:43:33",
      "10:58:18",
      "11:12:55",
      "11:28:04",
      "11:42:40",
      "11:57:30",
      "12:11:41",
      "12:27:08",
      "12:42:34",
      "12:58:00",
      "13:12:29",
      "13:27:54",
      "13:43:30",
      "13:58:48",
      "14:14:06",
      "14:29:50",
      "14:45:39",
      "15:01:26",
      "15:16:46",
      "15:32:35",
      "15:47:50",
      "16:03:00",
      "16:18:16",
      "16:32:56",
      "16:48:14",
      "17:02:40",
      "17:17:13",
      "17:31:50",
      "17:47:19",
      "18:02:33",
      "18:17:05",
      "18:31:49",
      "18:46:36",
      "19:01:36",
      "19:17:25",
      "19:31:46",
      "19:47:10",
      "20:01:33",
      "20:15:59",
      "20:30:33",
      "20:46:12",
      "21:01:21",
      "21:16:01",
      "21:31:32",
      "21:47:09",
      "22:02:52"
    ],
    "board": [
      7,
      2,
      0,
      3,
      9,
      1,
      8,
      11,
      11,
      0,
      14,
      0,
      7,
      9,
      9,
      1,
      0,
      2,
      2,
      12,
      1,
      7,
      3,
      4,
      10,
      14,
      3,
      13,
      8,
      7,
      9,
      0,
      1,
      3,
      0,
      14,
      2,
      12,
      14,
      0,
      5,
      5,
      1,
      12,
      12,
      13,
      15,
      6,
      15,
      8,
      6,
      5,
      7,
      15,
      1,
      13,
      0,
      1,
      4,
      14,
      11,
      5,
      14,
      10
    ],
    "alight": [
      5,
      3,
      7,
      13,
      12,
      11,
      13,
      7,
      10,
      10,
      1,
      3,
      9,
      9,
      13,
      14,
      3,
      13,
      9,
      9,
      6,
      0,
      6,
      0,
      6,
      0,
      15,
      10,
      5,
      3,
      2,
      0,
      6,
      3,
      8,
      0,
      9,
      13,
      3,
      14,
      4,
      4,
      9,
      13,
      4,
      8,
      6,
      10,
      3,
      6,
      12,
      10,
      3,
      1,
      12,
      1,
      0,
      6,
      4,
      0,
      15,
      9,
      1,
      5
    ]
  },
  "美尔精品酒店(贵阳龙洞堡机场店)": {
    "time": [
      "06:14:36",
      "06:29:48",
      "06:45:33",
      "07:01:15",
      "07:16:44",
      "07:31:30",
      "07:45:49",
      "08:01:14",
      "08:15:25",
      "08:30:42",
      "08:45:23",
      "08:59:57",
      "09:14:47",
      "09:30:37",
      "09:44:58",
      "10:00:01",
      "10:14:13",
      "10:28:34",
      "10:43:33",
      "10:58:18",
      "11:12:55",
      "11:28:04",
      "11:42:40",
      "11:57:30",
      "12:11:41",
      "12:27:08",
      "12:42:34",
      "12:58:00",
      "13:12:29",
      "13:27:54",
      "13:43:30",
      "13:58:48",
      "14:14:06",
      "14:29:50",
      "14:45:39",
      "15:01:26",
      "15:16:46",
      "15:32:35",
      "15:47:50",
      "16:03:00",
      "16:18:16",
      "16:32:56",
      "16:48:14",
      "17:02:40",
      "17:17:13",
      "17:31:50",
      "17:47:19",
      "18:02:33",
      "18:17:05",
      "18:31:49",
      "18:46:36",
      "19:01:36",
      "19:17:25",
      "19:31:46",
      "19:47:10",
      "20:01:33",
      "20:15:59",
      "20:30:33",
      "20:46:12",
      "21:01:21",
      "21:16:01",
      "21:31:32",
      "21:47:09",
      "22:02:52"
    ],
    "board": [
      10,
      14,
      0,
      9,
      0,
      0,
      1,
      15,
      15,
      10,
      4,
      2,
      8,
      15,
      1,
      13,
      9,
      9,
      5,
      1,
      10,
      13,
      3,
      8,
      6,
      7,
      11,
      11,
      10,
      2,
      8,
      15,
      13,
      6,
      1,
      9,
      14,
      0,
      4,
      8,
      6,
      6,
      0,
      11,
      1,
      4,
      3,
      10,
      2,
      13,
      7,
      5,
      9,
      13,
      15,
      8,
      10,
      15,
      8,
      11,
      5,
      8,
      0,
      10
    ],
    "alight": [
      15,
      10,
      7,
      10,
      11,
      3,
      2,
      1,
      9,
      7,
      9,
      14,
      9,
      9,
      1,
      0,
      5,
      13,
      4,
      3,
      10,
      7,
      11,
      13,
      10,
      1,
      10,
      12,
      8,
      0,
      5,
      2,
      1,
      7,
      11,
      1,
      9,
      12,
      11,
      6,
      4,
      5,
      1,
      11,
      5,
      9,
      7,
      5,
      2,
      0,
      5,
      9,
      15,
      12,
      6,
      1,
      9,
      0,
      10,
      13,
      1,
      4,
      0,
      6
    ]
  },
  "机场路": {
    "time": [
      "06:14:36",
      "06:29:48",
      "06:45:33",
      "07:01:15",
      "07:16:44",
      "07:31:30",
      "07:45:49",
      "08:01:14",
      "08:15:25",
      "08:30:42",
      "08:45:23",
      "08:59:57",
      "09:14:47",
      "09:30:37",
      "09:44:58",
      "10:00:01",
      "10:14:13",
      "10:28:34",
      "10:43:33",
      "10:58:18",
      "11:12:55",
      "11:28:04",
      "11:42:40",
      "11:57:30",
      "12:11:41",
      "12:27:08",
      "12:42:34",
      "12:58:00",
      "13:12:29",
      "13:27:54",
      "13:43:30",
      "13:58:48",
      "14:14:06",
      "14:29:50",
      "14:45:39",
      "15:01:26",
      "15:16:46",
      "15:32:35",
      "15:47:50",
      "16:03:00",
      "16:18:16",
      "16:32:56",
      "16:48:14",
      "17:02:40",
      "17:17:13",
      "17:31:50",
      "17:47:19",
      "18:02:33",
      "18:17:05",
      "18:31:49",
      "18:46:36",
      "19:01:36",
      "19:17:25",
      "19:31:46",
      "19:47:10",
      "20:01:33",
      "20:15:59",
      "20:30:33",
      "20:46:12",
      "21:01:21",
      "21:16:01",
      "21:31:32",
      "21:47:09",
      "22:02:52"
    ],
    "board": [
      7,
      2,
      13,
      1,
      9,
      1,
      15,
      7,
      11,
      1,
      6,
      12,
      0,
      11,
      1,
      11,
      4,
      15,
      11,
      5,
      5,
      2,
      8,
      12,
      0,
      1,
      15,
      7,
      10,
      1,
      0,
      9,
      3,
      10,
      2,
      6,
      10,
      9,
      6,
      11,
      14,
      7,
      15,
      3,
      5,
      6,
      15,
      4,
      10,
      4,
      3,
      4,
      5,
      2,
      13,
      14,
      9,
      1,
      15,
      6,
      7,
      5,
      13,
      10
    ],
    "alight": [
      4,
      9,
      12,
      10,
      9,
      8,
      10,
      6,
      6,
      10,
      10,
      0,
      4,
      6,
      10,
      6,
      10,
      8,
      12,
      5,
      6,
      9,
      12,
      10,
      11,
      2,
      0,
      4,
      5,
      5,
      8,
      2,
      14,
      6,
      7,
      3,
      7,
      4,
      7,
      14,
      1,
      0,
      0,
      11,
      11,
      8,
      3,
      7,
      4,
      8,
      7,
      2,
      14,
      9,
      10,
      10,
      7,
      15,
      6,
      5,
      2,
      6,
      5,
      9
    ]
  },
  "CHAGEE霸王茶姬(砂之船奥莱店)": {
    "time": [
      "06:14:36",
      "06:29:48",
      "06:45:33",
      "07:01:15",
      "07:16:44",
      "07:31:30",
      "07:45:49",
      "08:01:14",
      "08:15:25",
      "08:30:42",
      "08:45:23",
      "08:59:57",
      "09:14:47",
      "09:30:37",
      "09:44:58",
      "10:00:01",
      "10:14:13",
      "10:28:34",
      "10:43:33",
      "10:58:18",
      "11:12:55",
      "11:28:04",
      "11:42:40",
      "11:57:30",
      "12:11:41",
      "12:27:08",
      "12:42:34",
      "12:58:00",
      "13:12:29",
      "13:27:54",
      "13:43:30",
      "13:58:48",
      "14:14:06",
      "14:29:50",
      "14:45:39",
      "15:01:26",
      "15:16:46",
      "15:32:35",
      "15:47:50",
      "16:03:00",
      "16:18:16",
      "16:32:56",
      "16:48:14",
      "17:02:40",
      "17:17:13",
      "17:31:50",
      "17:47:19",
      "18:02:33",
      "18:17:05",
      "18:31:49",
      "18:46:36",
      "19:01:36",
      "19:17:25",
      "19:31:46",
      "19:47:10",
      "20:01:33",
      "20:15:59",
      "20:30:33",
      "20:46:12",
      "21:01:21",
      "21:16:01",
      "21:31:32",
      "21:47:09",
      "22:02:52"
    ],
    "board": [
      5,
      5,
      5,
      12,
      2,
      7,
      4,
      3,
      6,
      7,
      7,
      10,
      6,
      7,
      9,
      7,
      2,
      1,
      9,
      14,
      0,
      0,
      11,
      15,
      2,
      13,
      13,
      1,
      13,
      2,
      15,
      7,
      4,
      6,
      9,
      1,
      8,
      5,
      3,
      13,
      12,
      13,
      13,
      12,
      15,
      15,
      8,
      9,
      11,
      0,
      8,
      9,
      9,
      13,
      5,
      1,
      2,
      15,
      1,
      0,
      4,
      6,
      10,
      10
    ],
    "alight": [
      8,
      7,
      9,
      3,
      2,
      7,
      15,
      12,
      12,
      1,
      6,
      15,
      8,
      15,
      13,
      11,
      9,
      14,
      13,
      4,
      1,
      13,
      15,
      3,
      11,
      11,
      2,
      5,
      4,
      15,
      1,
      8,
      14,
      7,
      1,
      1,
      9,
      3,
      2,
      4,
      6,
      6,
      2,
      11,
      7,
      2,
      15,
      6,
      12,
      2,
      13,
      6,
      2,
      6,
      6,
      2,
      10,
      14,
      10,
      3,
      2,
      4,
      14,
      2
    ]
  },
  "云盘(地铁站)": {
    "time": [
      "06:14:36",
      "06:29:48",
      "06:45:33",
      "07:01:15",
      "07:16:44",
      "07:31:30",
      "07:45:49",
      "08:01:14",
      "08:15:25",
      "08:30:42",
      "08:45:23",
      "08:59:57",
      "09:14:47",
      "09:30:37",
      "09:44:58",
      "10:00:01",
      "10:14:13",
      "10:28:34",
      "10:43:33",
      "10:58:18",
      "11:12:55",
      "11:28:04",
      "11:42:40",
      "11:57:30",
      "12:11:41",
      "12:27:08",
      "12:42:34",
      "12:58:00",
      "13:12:29",
      "13:27:54",
      "13:43:30",
      "13:58:48",
      "14:14:06",
      "14:29:50",
      "14:45:39",
      "15:01:26",
      "15:16:46",
      "15:32:35",
      "15:47:50",
      "16:03:00",
      "16:18:16",
      "16:32:56",
      "16:48:14",
      "17:02:40",
      "17:17:13",
      "17:31:50",
      "17:47:19",
      "18:02:33",
      "18:17:05",
      "18:31:49",
      "18:46:36",
      "19:01:36",
      "19:17:25",
      "19:31:46",
      "19:47:10",
      "20:01:33",
      "20:15:59",
      "20:30:33",
      "20:46:12",
      "21:01:21",
      "21:16:01",
      "21:31:32",
      "21:47:09",
      "22:02:52"
    ],
    "board": [
      10,
      4,
      14,
      10,
      4,
      10,
      9,
      5,
      0,
      14,
      3,
      13,
      10,
      7,
      11,
      14,
      0,
      5,
      5,
      1,
      2,
      6,
      14,
      13,
      13,
      12,
      14,
      9,
      13,
      9,
      9,
      4,
      2,
      10,
      5,
      12,
      2,
      1,
      6,
      14,
      13,
      12,
      13,
      11,
      2,
      12,
      8,
      9,
      4,
      4,
      14,
      6,
      13,
      15,
      0,
      11,
      5,
      0,
      5,
      14,
      8,
      4,
      11,
      13
    ],
    "alight": [
      15,
      12,
      8,
      6,
      2,
      13,
      14,
      15,
      12,
      2,
      2,
      2,
      15,
      0,
      1,
      6,
      13,
      11,
      1,
      15,
      13,
      2,
      6,
      14,
      2,
      1,
      1,
      14,
      3,
      10,
      14,
      3,
      15,
      11,
      10,
      0,
      12,
      14,
      11,
      7,
      1,
      9,
      10,
      11,
      14,
      7,
      12,
      11,
      10,
      4,
      10,
      0,
      14,
      11,
      4,
      13,
      0,
      0,
      12,
      8,
      10,
      9,
      12,
      3
    ]
  },
  "西沙海鲜": {
    "time": [
      "06:14:36",
      "06:29:48",
      "06:45:33",
      "07:01:15",
      "07:16:44",
      "07:31:30",
      "07:45:49",
      "08:01:14",
      "08:15:25",
      "08:30:42",
      "08:45:23",
      "08:59:57",
      "09:14:47",
      "09:30:37",
      "09:44:58",
      "10:00:01",
      "10:14:13",
      "10:28:34",
      "10:43:33",
      "10:58:18",
      "11:12:55",
      "11:28:04",
      "11:42:40",
      "11:57:30",
      "12:11:41",
      "12:27:08",
      "12:42:34",
      "12:58:00",
      "13:12:29",
      "13:27:54",
      "13:43:30",
      "13:58:48",
      "14:14:06",
      "14:29:50",
      "14:45:39",
      "15:01:26",
      "15:16:46",
      "15:32:35",
      "15:47:50",
      "16:03:00",
      "16:18:16",
      "16:32:56",
      "16:48:14",
      "17:02:40",
      "17:17:13",
      "17:31:50",
      "17:47:19",
      "18:02:33",
      "18:17:05",
      "18:31:49",
      "18:46:36",
      "19:01:36",
      "19:17:25",
      "19:31:46",
      "19:47:10",
      "20:01:33",
      "20:15:59",
      "20:30:33",
      "20:46:12",
      "21:01:21",
      "21:16:01",
      "21:31:32",
      "21:47:09",
      "22:02:52"
    ],
    "board": [
      0,
      0,
      0,
      0,
      0,
      0,
      0,
      0,
      0,
      0,
      0,
      0,
      0,
      0,
      0,
      0,
      0,
      0,
      5,
      2,
      0,
      0,
      0,
      0,
      0,
      0,
      0,
      5,
      0,
      1,
      0,
      0,
      0,
      0,
      0,
      0,
      0,
      0,
      0,
      0,
      0,
      0,
      0,
      5,
      0,
      0,
      0,
      0,
      0,
      0,
      0,
      0,
      0,
      0,
      0,
      0,
      0,
      0,
      0,
      0,
      0,
      0,
      0,
      0
    ],
    "alight": [
      12,
      1,
      2,
      10,
      12,
      1,
      11,
      11,
      6,
      8,
      15,
      6,
      7,
      6,
      1,
      2,
      3,
      7,
      11,
      10,
      12,
      15,
      11,
      4,
      3,
      15,
      9,
      4,
      5,
      9,
      6,
      4,
      3,
      12,
      4,
      1,
      3,
      1,
      13,
      2,
      8,
      12,
      5,
      11,
      5,
      5,
      11,
      9,
      1,
      6,
      8,
      6,
      2,
      4,
      2,
      2,
      14,
      13,
      9,
      6,
      6,
      11,
      15,
      13
    ]
  },
  "万润·凌云台": {
    "time": [
      "06:14:36",
      "06:29:48",
      "06:45:33",
      "07:01:15",
      "07:16:44",
      "07:31:30",
      "07:45:49",
      "08:01:14",
      "08:15:25",
      "08:30:42",
      "08:45:23",
      "08:59:57",
      "09:14:47",
      "09:30:37",
      "09:44:58",
      "10:00:01",
      "10:14:13",
      "10:28:34",
      "10:43:33",
      "10:58:18",
      "11:12:55",
      "11:28:04",
      "11:42:40",
      "11:57:30",
      "12:11:41",
      "12:27:08",
      "12:42:34",
      "12:58:00",
      "13:12:29",
      "13:27:54",
      "13:43:30",
      "13:58:48",
      "14:14:06",
      "14:29:50",
      "14:45:39",
      "15:01:26",
      "15:16:46",
      "15:32:35",
      "15:47:50",
      "16:03:00",
      "16:18:16",
      "16:32:56",
      "16:48:14",
      "17:02:40",
      "17:17:13",
      "17:31:50",
      "17:47:19",
      "18:02:33",
      "18:17:05",
      "18:31:49",
      "18:46:36",
      "19:01:36",
      "19:17:25",
      "19:31:46",
      "19:47:10",
      "20:01:33",
      "20:15:59",
      "20:30:33",
      "20:46:12",
      "21:01:21",
      "21:16:01",
      "21:31:32",
      "21:47:09",
      "22:02:52"
    ],
    "board": [
      0,
      0,
      0,
      0,
      0,
      0,
      0,
      0,
      0,
      0,
      0,
      0,
      0,
      0,
      0,
      0,
      0,
      0,
      0,
      0,
      0,
      0,
      0,
      0,
      0,
      0,
      0,
      0,
      0,
      0,
      0,
      0,
      0,
      0,
      0,
      0,
      0,
      0,
      0,
      0,
      0,
      0,
      0,
      0,
      0,
      0,
      0,
      0,
      0,
      0,
      0,
      0,
      0,
      0,
      0,
      0,
      0,
      0,
      0,
      0,
      0,
      0,
      0,
      0
    ],
    "alight": [
      7,
      11,
      10,
      14,
      7,
      8,
      6,
      1,
      2,
      9,
      6,
      15,
      0,
      2,
      6,
      2,
      13,
      15,
      11,
      2,
      7,
      14,
      13,
      6,
      7,
      8,
      8,
      15,
      9,
      14,
      9,
      7,
      9,
      1,
      11,
      10,
      6,
      7,
      15,
      15,
      10,
      13,
      11,
      5,
      8,
      12,
      10,
      1,
      5,
      0,
      4,
      11,
      14,
      6,
      6,
      8,
      10,
      9,
      4,
      11,
      2,
      7,
      14,
      10
    ]
  },
  "甘庄村委会": {
    "time": [
      "06:14:36",
      "06:29:48",
      "06:45:33",
      "07:01:15",
      "07:16:44",
      "07:31:30",
      "07:45:49",
      "08:01:14",
      "08:15:25",
      "08:30:42",
      "08:45:23",
      "08:59:57",
      "09:14:47",
      "09:30:37",
      "09:44:58",
      "10:00:01",
      "10:14:13",
      "10:28:34",
      "10:43:33",
      "10:58:18",
      "11:12:55",
      "11:28:04",
      "11:42:40",
      "11:57:30",
      "12:11:41",
      "12:27:08",
      "12:42:34",
      "12:58:00",
      "13:12:29",
      "13:27:54",
      "13:43:30",
      "13:58:48",
      "14:14:06",
      "14:29:50",
      "14:45:39",
      "15:01:26",
      "15:16:46",
      "15:32:35",
      "15:47:50",
      "16:03:00",
      "16:18:16",
      "16:32:56",
      "16:48:14",
      "17:02:40",
      "17:17:13",
      "17:31:50",
      "17:47:19",
      "18:02:33",
      "18:17:05",
      "18:31:49",
      "18:46:36",
      "19:01:36",
      "19:17:25",
      "19:31:46",
      "19:47:10",
      "20:01:33",
      "20:15:59",
      "20:30:33",
      "20:46:12",
      "21:01:21",
      "21:16:01",
      "21:31:32",
      "21:47:09",
      "22:02:52"
    ],
    "board": [
      0,
      0,
      0,
      0,
      0,
      0,
      0,
      0,
      0,
      0,
      0,
      0,
      0,
      0,
      0,
      0,
      0,
      0,
      0,
      0,
      0,
      0,
      0,
      0,
      0,
      0,
      0,
      0,
      0,
      0,
      0,
      0,
      0,
      0,
      0,
      0,
      0,
      0,
      0,
      0,
      0,
      0,
      0,
      0,
      0,
      0,
      0,
      0,
      0,
      0,
      0,
      0,
      0,
      0,
      0,
      3,
      0,
      0,
      0,
      0,
      0,
      0,
      0,
      0
    ],
    "alight": [
      3,
      3,
      14,
      1,
      13,
      7,
      13,
      13,
      2,
      14,
      12,
      4,
      15,
      10,
      13,
      11,
      5,
      5,
      9,
      3,
      8,
      14,
      6,
      13,
      12,
      10,
      11,
      1,
      3,
      7,
      3,
      11,
      5,
      2,
      5,
      11,
      2,
      12,
      8,
      3,
      13,
      10,
      0,
      15,
      15,
      12,
      3,
      14,
      9,
      3,
      12,
      0,
      9,
      8,
      0,
      14,
      10,
      0,
      14,
      6,
      12,
      4,
      2,
      5
    ]
  },
  "210国道": {
    "time": [
      "06:14:36",
      "06:29:48",
      "06:45:33",
      "07:01:15",
      "07:16:44",
      "07:31:30",
      "07:45:49",
      "08:01:14",
      "08:15:25",
      "08:30:42",
      "08:45:23",
      "08:59:57",
      "09:14:47",
      "09:30:37",
      "09:44:58",
      "10:00:01",
      "10:14:13",
      "10:28:34",
      "10:43:33",
      "10:58:18",
      "11:12:55",
      "11:28:04",
      "11:42:40",
      "11:57:30",
      "12:11:41",
      "12:27:08",
      "12:42:34",
      "12:58:00",
      "13:12:29",
      "13:27:54",
      "13:43:30",
      "13:58:48",
      "14:14:06",
      "14:29:50",
      "14:45:39",
      "15:01:26",
      "15:16:46",
      "15:32:35",
      "15:47:50",
      "16:03:00",
      "16:18:16",
      "16:32:56",
      "16:48:14",
      "17:02:40",
      "17:17:13",
      "17:31:50",
      "17:47:19",
      "18:02:33",
      "18:17:05",
      "18:31:49",
      "18:46:36",
      "19:01:36",
      "19:17:25",
      "19:31:46",
      "19:47:10",
      "20:01:33",
      "20:15:59",
      "20:30:33",
      "20:46:12",
      "21:01:21",
      "21:16:01",
      "21:31:32",
      "21:47:09",
      "22:02:52"
    ],
    "board": [
      0,
      0,
      0,
      0,
      0,
      0,
      0,
      0,
      0,
      0,
      0,
      0,
      0,
      0,
      0,
      0,
      0,
      0,
      0,
      0,
      0,
      0,
      0,
      0,
      0,
      0,
      0,
      0,
      0,
      0,
      0,
      0,
      0,
      0,
      0,
      0,
      0,
      0,
      0,
      0,
      0,
      0,
      0,
      0,
      0,
      0,
      0,
      0,
      0,
      0,
      0,
      0,
      0,
      0,
      0,
      0,
      0,
      0,
      0,
      0,
      0,
      0,
      0,
      0
    ],
    "alight": [
      14,
      13,
      2,
      4,
      5,
      4,
      4,
      13,
      13,
      10,
      10,
      8,
      11,
      7,
      6,
      5,
      7,
      15,
      13,
      1,
      5,
      12,
      5,
      1,
      13,
      3,
      11,
      7,
      10,
      5,
      2,
      0,
      6,
      3,
      1,
      11,
      0,
      4,
      2,
      12,
      11,
      4,
      4,
      1,
      8,
      10,
      11,
      10,
      14,
      6,
      15,
      12,
      4,
      14,
      15,
      5,
      13,
      2,
      4,
      9,
      3,
      4,
      13,
      1
    ]
  },
  "多彩·澜庭(建设中)": {
    "time": [
      "06:14:36",
      "06:29:48",
      "06:45:33",
      "07:01:15",
      "07:16:44",
      "07:31:30",
      "07:45:49",
      "08:01:14",
      "08:15:25",
      "08:30:42",
      "08:45:23",
      "08:59:57",
      "09:14:47",
      "09:30:37",
      "09:44:58",
      "10:00:01",
      "10:14:13",
      "10:28:34",
      "10:43:33",
      "10:58:18",
      "11:12:55",
      "11:28:04",
      "11:42:40",
      "11:57:30",
      "12:11:41",
      "12:27:08",
      "12:42:34",
      "12:58:00",
      "13:12:29",
      "13:27:54",
      "13:43:30",
      "13:58:48",
      "14:14:06",
      "14:29:50",
      "14:45:39",
      "15:01:26",
      "15:16:46",
      "15:32:35",
      "15:47:50",
      "16:03:00",
      "16:18:16",
      "16:32:56",
      "16:48:14",
      "17:02:40",
      "17:17:13",
      "17:31:50",
      "17:47:19",
      "18:02:33",
      "18:17:05",
      "18:31:49",
      "18:46:36",
      "19:01:36",
      "19:17:25",
      "19:31:46",
      "19:47:10",
      "20:01:33",
      "20:15:59",
      "20:30:33",
      "20:46:12",
      "21:01:21",
      "21:16:01",
      "21:31:32",
      "21:47:09",
      "22:02:52"
    ],
    "board": [
      0,
      0,
      0,
      0,
      0,
      0,
      0,
      0,
      0,
      0,
      0,
      0,
      0,
      0,
      0,
      0,
      0,
      0,
      0,
      0,
      0,
      0,
      0,
      0,
      0,
      0,
      0,
      0,
      0,
      0,
      0,
      0,
      0,
      0,
      0,
      0,
      0,
      0,
      0,
      0,
      0,
      0,
      0,
      0,
      0,
      0,
      0,
      0,
      0,
      0,
      0,
      0,
      0,
      0,
      0,
      0,
      0,
      0,
      0,
      0,
      0,
      0,
      0,
      0
    ],
    "alight": [
      8,
      5,
      0,
      6,
      6,
      1,
      14,
      8,
      12,
      2,
      1,
      10,
      11,
      12,
      3,
      13,
      13,
      14,
      11,
      1,
      15,
      13,
      3,
      9,
      9,
      2,
      0,
      0,
      15,
      5,
      0,
      10,
      10,
      15,
      0,
      4,
      10,
      7,
      15,
      3,
      9,
      0,
      1,
      1,
      2,
      2,
      11,
      3,
      1,
      0,
      10,
      10,
      0,
      3,
      3,
      7,
      7,
      2,
      3,
      3,
      12,
      4,
      15,
      7
    ]
  }
}