{
  "贵阳市云岩区圣源学校": 517,
  "唐老鸭留一手烤鱼(圣泉流云花园观云邸店)": 431,
  "下五里女子职业学校": 636,
  "云岩区第二人民医院圣泉分院": 543,
  "兵味道": 1078,
  "百年滋味·安顺丝娃娃(万达广场店)": 447,
  "小咀坡": 522,
  "老重庆": 811,
  "圣马钛艺术成长中心(贵阳世纪城校区)": 759,
  "刘老四烤鸡(福州街店)": 410,
  "贵阳土豆客栈": 600,
  "遵义羊肉粉(中铁逸都国际店)": 1016,
  "130县道": 829,
  "贵阳高仕通商务酒店": 489,
  "装载机配件(沪昆高速店)": 428,
  "佳味小厨": 455,
  "小明家烤肉(碧桂园·观山府店)": 505,
  "甘井时尚酒店(新金阳客车站店)": 448,
  "干井大桥": 428,
  "贵阳安全宾馆": 647,
  "吉利汽车贵阳制造基地": 725,
  "麦格纳座椅(贵阳)有限公司": 1155,
  "邓坡": 468,
  "贵阳绕城公路西南段第十四合同段路面工程中心拌和场": 510,
  "广大城·耀晟一期": 416,
  "蒿芝村七彩双语幼儿园": 412,
  "邢氏兄弟斗车加工厂": 540,
  "清镇市政务中心交通警察大队车管所满分教育学习室": 604,
  "贵黄高速": 2711,
  "清镇收费站入口(安顺方向)": 472,
  "中共清镇市龙滩幼儿园支部委员会": 452
}