{
  "up": {
    "1": "贵阳市云岩区圣源学校",
    "2": "唐老鸭留一手烤鱼(圣泉流云花园观云邸店)",
    "3": "下五里女子职业学校",
    "4": "云岩区第二人民医院圣泉分院",
    "5": "兵味道",
    "6": "百年滋味·安顺丝娃娃(万达广场店)",
    "7": "小咀坡",
    "8": "老重庆",
    "9": "圣马钛艺术成长中心(贵阳世纪城校区)",
    "10": "刘老四烤鸡(福州街店)",
    "11": "贵阳土豆客栈",
    "12": "遵义羊肉粉(中铁逸都国际店)",
    "13": "130县道",
    "14": "贵阳高仕通商务酒店",
    "15": "装载机配件(沪昆高速店)",
    "16": "佳味小厨",
    "17": "小明家烤肉(碧桂园·观山府店)",
    "18": "甘井时尚酒店(新金阳客车站店)",
    "19": "干井大桥",
    "20": "贵阳安全宾馆",
    "21": "吉利汽车贵阳制造基地",
    "22": "麦格纳座椅(贵阳)有限公司",
    "23": "邓坡",
    "24": "贵阳绕城公路西南段第十四合同段路面工程中心拌和场",
    "25": "广大城·耀晟一期",
    "26": "蒿芝村七彩双语幼儿园",
    "27": "邢氏兄弟斗车加工厂",
    "28": "清镇市政务中心交通警察大队车管所满分教育学习室",
    "29": "贵黄高速",
    "30": "清镇收费站入口(安顺方向)",
    "31": "中共清镇市龙滩幼儿园支部委员会",
    "32": "北京仙富癫痫病医学研究院清镇市分院"
  },
  "down": {
    "33": "北京仙富癫痫病医学研究院清镇市分院",
    "34": "中共清镇市龙滩幼儿园支部委员会",
    "35": "清镇收费站入口(安顺方向)",
    "36": "贵黄高速",
    "37": "清镇市政务中心交通警察大队车管所满分教育学习室",
    "38": "邢氏兄弟斗车加工厂",
    "39": "蒿芝村七彩双语幼儿园",
    "40": "广大城·耀晟一期",
    "41": "贵阳绕城公路西南段第十四合同段路面工程中心拌和场",
    "42": "邓坡",
    "43": "麦格纳座椅(贵阳)有限公司",
    "44": "吉利汽车贵阳制造基地",
    "45": "贵阳安全宾馆",
    "46": "干井大桥",
    "47": "甘井时尚酒店(新金阳客车站店)",
    "48": "小明家烤肉(碧桂园·观山府店)",
    "49": "佳味小厨",
    "50": "装载机配件(沪昆高速店)",
    "51": "贵阳高仕通商务酒店",
    "52": "130县道",
    "53": "遵义羊肉粉(中铁逸都国际店)",
    "54": "贵阳土豆客栈",
    "55": "刘老四烤鸡(福州街店)",
    "56": "圣马钛艺术成长中心(贵阳世纪城校区)",
    "57": "老重庆",
    "58": "小咀坡",
    "59": "百年滋味·安顺丝娃娃(万达广场店)",
    "60": "兵味道",
    "61": "云岩区第二人民医院圣泉分院",
    "62": "下五里女子职业学校",
    "63": "唐老鸭留一手烤鱼(圣泉流云花园观云邸店)",
    "64": "贵阳市云岩区圣源学校"
  }
}