{
  "up": {
    "贵阳市云岩区圣源学校": 1,
    "唐老鸭留一手烤鱼(圣泉流云花园观云邸店)": 2,
    "下五里女子职业学校": 3,
    "云岩区第二人民医院圣泉分院": 4,
    "兵味道": 5,
    "百年滋味·安顺丝娃娃(万达广场店)": 6,
    "小咀坡": 7,
    "老重庆": 8,
    "圣马钛艺术成长中心(贵阳世纪城校区)": 9,
    "刘老四烤鸡(福州街店)": 10,
    "贵阳土豆客栈": 11,
    "遵义羊肉粉(中铁逸都国际店)": 12,
    "130县道": 13,
    "贵阳高仕通商务酒店": 14,
    "装载机配件(沪昆高速店)": 15,
    "佳味小厨": 16,
    "小明家烤肉(碧桂园·观山府店)": 17,
    "甘井时尚酒店(新金阳客车站店)": 18,
    "干井大桥": 19,
    "贵阳安全宾馆": 20,
    "吉利汽车贵阳制造基地": 21,
    "麦格纳座椅(贵阳)有限公司": 22,
    "邓坡": 23,
    "贵阳绕城公路西南段第十四合同段路面工程中心拌和场": 24,
    "广大城·耀晟一期": 25,
    "蒿芝村七彩双语幼儿园": 26,
    "邢氏兄弟斗车加工厂": 27,
    "清镇市政务中心交通警察大队车管所满分教育学习室": 28,
    "贵黄高速": 29,
    "清镇收费站入口(安顺方向)": 30,
    "中共清镇市龙滩幼儿园支部委员会": 31,
    "北京仙富癫痫病医学研究院清镇市分院": 32
  },
  "down": {
    "北京仙富癫痫病医学研究院清镇市分院": 33,
    "中共清镇市龙滩幼儿园支部委员会": 34,
    "清镇收费站入口(安顺方向)": 35,
    "贵黄高速": 36,
    "清镇市政务中心交通警察大队车管所满分教育学习室": 37,
    "邢氏兄弟斗车加工厂": 38,
    "蒿芝村七彩双语幼儿园": 39,
    "广大城·耀晟一期": 40,
    "贵阳绕城公路西南段第十四合同段路面工程中心拌和场": 41,
    "邓坡": 42,
    "麦格纳座椅(贵阳)有限公司": 43,
    "吉利汽车贵阳制造基地": 44,
    "贵阳安全宾馆": 45,
    "干井大桥": 46,
    "甘井时尚酒店(新金阳客车站店)": 47,
    "小明家烤肉(碧桂园·观山府店)": 48,
    "佳味小厨": 49,
    "装载机配件(沪昆高速店)": 50,
    "贵阳高仕通商务酒店": 51,
    "130县道": 52,
    "遵义羊肉粉(中铁逸都国际店)": 53,
    "贵阳土豆客栈": 54,
    "刘老四烤鸡(福州街店)": 55,
    "圣马钛艺术成长中心(贵阳世纪城校区)": 56,
    "老重庆": 57,
    "小咀坡": 58,
    "百年滋味·安顺丝娃娃(万达广场店)": 59,
    "兵味道": 60,
    "云岩区第二人民医院圣泉分院": 61,
    "下五里女子职业学校": 62,
    "唐老鸭留一手烤鱼(圣泉流云花园观云邸店)": 63,
    "贵阳市云岩区圣源学校": 64
  }
}