{
  "北京仙富癫痫病医学研究院清镇市分院": 447,
  "中共清镇市龙滩幼儿园支部委员会": 467,
  "清镇收费站入口(安顺方向)": 2706,
  "贵黄高速": 599,
  "清镇市政务中心交通警察大队车管所满分教育学习室": 535,
  "邢氏兄弟斗车加工厂": 407,
  "蒿芝村七彩双语幼儿园": 411,
  "广大城·耀晟一期": 505,
  "贵阳绕城公路西南段第十四合同段路面工程中心拌和场": 463,
  "邓坡": 1150,
  "麦格纳座椅(贵阳)有限公司": 720,
  "吉利汽车贵阳制造基地": 642,
  "贵阳安全宾馆": 423,
  "干井大桥": 443,
  "甘井时尚酒店(新金阳客车站店)": 500,
  "小明家烤肉(碧桂园·观山府店)": 450,
  "佳味小厨": 423,
  "装载机配件(沪昆高速店)": 484,
  "贵阳高仕通商务酒店": 824,
  "130县道": 1011,
  "遵义羊肉粉(中铁逸都国际店)": 595,
  "贵阳土豆客栈": 405,
  "刘老四烤鸡(福州街店)": 754,
  "圣马钛艺术成长中心(贵阳世纪城校区)": 806,
  "老重庆": 517,
  "小咀坡": 442,
  "百年滋味·安顺丝娃娃(万达广场店)": 1073,
  "兵味道": 538,
  "云岩区第二人民医院圣泉分院": 631,
  "下五里女子职业学校": 426,
  "唐老鸭留一手烤鱼(圣泉流云花园观云邸店)": 512
}