{
  "up": {
    "黔城美景": 1,
    "贵阳市云岩区雅典娜幼儿园": 2,
    "中坝路": 3,
    "亨特萃山国际幼儿园": 4,
    "黔春路消防救援站": 5,
    "贵州医科大学附属肿瘤医院": 6,
    "野生猕猴观赏园": 7,
    "助学培训学校": 8,
    "健元堂中医理疗": 9,
    "八一大院": 10,
    "贵州医科大学护理学院": 11,
    "滇老头土菜馆": 12,
    "中医专治": 13,
    "登高路": 14,
    "登高坡": 15,
    "味来食府(未来方舟店)": 16,
    "北京东路": 17,
    "梦想方向": 18,
    "中天甜蜜小镇2组团": 19,
    "水东社区第二卫生服务中心新冠疫苗接种点": 20,
    "栗木山大坡": 21,
    "高枧1号大桥": 22,
    "情人谷路": 23,
    "福祥宴柴火鸡": 24,
    "情人谷涛涛农家乐": 25,
    "阿栗村": 26,
    "后所": 27,
    "乐湾国际关山小区(东北门)": 28,
    "乌当区东风镇头堡村治安巡防队": 29,
    "东风派出所鱼洞峡风景管理处治安办公室": 30,
    "头堡村村委会": 31,
    "渔洞峡安置小区": 32,
    "渔洞峡停车场": 33
  },
  "down": {
    "渔洞峡停车场": 34,
    "渔洞峡安置小区": 35,
    "头堡村村委会": 36,
    "东风派出所鱼洞峡风景管理处治安办公室": 37,
    "乌当区东风镇头堡村治安巡防队": 38,
    "乐湾国际关山小区(东北门)": 39,
    "后所": 40,
    "阿栗村": 41,
    "情人谷涛涛农家乐": 42,
    "福祥宴柴火鸡": 43,
    "情人谷路": 44,
    "高枧1号大桥": 45,
    "栗木山大坡": 46,
    "水东社区第二卫生服务中心新冠疫苗接种点": 47,
    "中天甜蜜小镇2组团": 48,
    "梦想方向": 49,
    "北京东路": 50,
    "味来食府(未来方舟店)": 51,
    "登高坡": 52,
    "登高路": 53,
    "中医专治": 54,
    "滇老头土菜馆": 55,
    "贵州医科大学护理学院": 56,
    "八一大院": 57,
    "健元堂中医理疗": 58,
    "助学培训学校": 59,
    "野生猕猴观赏园": 60,
    "贵州医科大学附属肿瘤医院": 61,
    "黔春路消防救援站": 62,
    "亨特萃山国际幼儿园": 63,
    "中坝路": 64,
    "贵阳市云岩区雅典娜幼儿园": 65,
    "黔城美景": 66
  }
}