{
  "渔洞峡停车场": 1186,
  "渔洞峡安置小区": 451,
  "头堡村村委会": 480,
  "东风派出所鱼洞峡风景管理处治安办公室": 486,
  "乌当区东风镇头堡村治安巡防队": 376,
  "乐湾国际关山小区(东北门)": 1335,
  "后所": 1329,
  "阿栗村": 909,
  "情人谷涛涛农家乐": 414,
  "福祥宴柴火鸡": 407,
  "情人谷路": 388,
  "高枧1号大桥": 522,
  "栗木山大坡": 536,
  "水东社区第二卫生服务中心新冠疫苗接种点": 577,
  "中天甜蜜小镇2组团": 1492,
  "梦想方向": 644,
  "北京东路": 423,
  "味来食府(未来方舟店)": 452,
  "登高坡": 382,
  "登高路": 1370,
  "中医专治": 416,
  "滇老头土菜馆": 914,
  "贵州医科大学护理学院": 508,
  "八一大院": 413,
  "健元堂中医理疗": 462,
  "助学培训学校": 412,
  "野生猕猴观赏园": 470,
  "贵州医科大学附属肿瘤医院": 583,
  "黔春路消防救援站": 774,
  "亨特萃山国际幼儿园": 689,
  "中坝路": 454,
  "贵阳市云岩区雅典娜幼儿园": 618
}