{
  "黔城美景": 659,
  "贵阳市云岩区雅典娜幼儿园": 495,
  "中坝路": 730,
  "亨特萃山国际幼儿园": 815,
  "黔春路消防救援站": 624,
  "贵州医科大学附属肿瘤医院": 511,
  "野生猕猴观赏园": 453,
  "助学培训学校": 503,
  "健元堂中医理疗": 454,
  "八一大院": 549,
  "贵州医科大学护理学院": 955,
  "滇老头土菜馆": 457,
  "中医专治": 1411,
  "登高路": 423,
  "登高坡": 493,
  "味来食府(未来方舟店)": 464,
  "北京东路": 685,
  "梦想方向": 1533,
  "中天甜蜜小镇2组团": 618,
  "水东社区第二卫生服务中心新冠疫苗接种点": 577,
  "栗木山大坡": 563,
  "高枧1号大桥": 429,
  "情人谷路": 448,
  "福祥宴柴火鸡": 455,
  "情人谷涛涛农家乐": 950,
  "阿栗村": 1370,
  "后所": 1376,
  "乐湾国际关山小区(东北门)": 417,
  "乌当区东风镇头堡村治安巡防队": 527,
  "东风派出所鱼洞峡风景管理处治安办公室": 521,
  "头堡村村委会": 492,
  "渔洞峡安置小区": 1227
}