{
  "up": {
    "1": "黔城美景",
    "2": "贵阳市云岩区雅典娜幼儿园",
    "3": "中坝路",
    "4": "亨特萃山国际幼儿园",
    "5": "黔春路消防救援站",
    "6": "贵州医科大学附属肿瘤医院",
    "7": "野生猕猴观赏园",
    "8": "助学培训学校",
    "9": "健元堂中医理疗",
    "10": "八一大院",
    "11": "贵州医科大学护理学院",
    "12": "滇老头土菜馆",
    "13": "中医专治",
    "14": "登高路",
    "15": "登高坡",
    "16": "味来食府(未来方舟店)",
    "17": "北京东路",
    "18": "梦想方向",
    "19": "中天甜蜜小镇2组团",
    "20": "水东社区第二卫生服务中心新冠疫苗接种点",
    "21": "栗木山大坡",
    "22": "高枧1号大桥",
    "23": "情人谷路",
    "24": "福祥宴柴火鸡",
    "25": "情人谷涛涛农家乐",
    "26": "阿栗村",
    "27": "后所",
    "28": "乐湾国际关山小区(东北门)",
    "29": "乌当区东风镇头堡村治安巡防队",
    "30": "东风派出所鱼洞峡风景管理处治安办公室",
    "31": "头堡村村委会",
    "32": "渔洞峡安置小区",
    "33": "渔洞峡停车场"
  },
  "down": {
    "34": "渔洞峡停车场",
    "35": "渔洞峡安置小区",
    "36": "头堡村村委会",
    "37": "东风派出所鱼洞峡风景管理处治安办公室",
    "38": "乌当区东风镇头堡村治安巡防队",
    "39": "乐湾国际关山小区(东北门)",
    "40": "后所",
    "41": "阿栗村",
    "42": "情人谷涛涛农家乐",
    "43": "福祥宴柴火鸡",
    "44": "情人谷路",
    "45": "高枧1号大桥",
    "46": "栗木山大坡",
    "47": "水东社区第二卫生服务中心新冠疫苗接种点",
    "48": "中天甜蜜小镇2组团",
    "49": "梦想方向",
    "50": "北京东路",
    "51": "味来食府(未来方舟店)",
    "52": "登高坡",
    "53": "登高路",
    "54": "中医专治",
    "55": "滇老头土菜馆",
    "56": "贵州医科大学护理学院",
    "57": "八一大院",
    "58": "健元堂中医理疗",
    "59": "助学培训学校",
    "60": "野生猕猴观赏园",
    "61": "贵州医科大学附属肿瘤医院",
    "62": "黔春路消防救援站",
    "63": "亨特萃山国际幼儿园",
    "64": "中坝路",
    "65": "贵阳市云岩区雅典娜幼儿园",
    "66": "黔城美景"
  }
}