{
  "up": {
    "贵阳如意公寓(7号店)": 1,
    "贵阳世纪城龙凯苑北区": 2,
    "早晚课堂(世纪城校区)": 3,
    "沐岸优品酒店": 4,
    "黎苏路": 5,
    "星篮幼儿园": 6,
    "司机就业培训服务站": 7,
    "骐正天骄北苑": 8,
    "贵阳云岩馨悦烟酒店": 9,
    "黔灵山站": 10,
    "弘福寺": 11,
    "天天房开枫园小区": 12,
    "八鸽岩小区": 13,
    "贵阳肠旺面鸭块粉面(总店)": 14,
    "黄啸专业古筝": 15,
    "贵州医科大学-临床前药物研究所": 16,
    "吉祥巷": 17,
    "贵阳市行知学校求知楼": 18,
    "贵州财经大学(鹿冲关校区)": 19,
    "贵阳农商银行(中天社区支行)": 20,
    "cc英语(中天校区)": 21,
    "城市魔方": 22,
    "贵龙驾校": 23,
    "贵阳市乌当区行政中心": 24,
    "懿佰年脑力开发体验店": 25,
    "乌当区幼儿园": 26,
    "洪济路": 27,
    "贵州省地矿局地球物理地球化学勘查院": 28,
    "乌当区青苹果双语幼儿园": 29,
    "幸福里": 30,
    "贵阳市乌当区临时客运站": 31
  },
  "down": {
    "贵阳市乌当区临时客运站": 32,
    "幸福里": 33,
    "乌当区青苹果双语幼儿园": 34,
    "贵州省地矿局地球物理地球化学勘查院": 35,
    "洪济路": 36,
    "乌当区幼儿园": 37,
    "懿佰年脑力开发体验店": 38,
    "贵阳市乌当区行政中心": 39,
    "贵龙驾校": 40,
    "城市魔方": 41,
    "cc英语(中天校区)": 42,
    "贵阳农商银行(中天社区支行)": 43,
    "贵州财经大学(鹿冲关校区)": 44,
    "贵阳市行知学校求知楼": 45,
    "吉祥巷": 46,
    "贵州医科大学-临床前药物研究所": 47,
    "黄啸专业古筝": 48,
    "贵阳肠旺面鸭块粉面(总店)": 49,
    "八鸽岩小区": 50,
    "天天房开枫园小区": 51,
    "弘福寺": 52,
    "黔灵山站": 53,
    "贵阳云岩馨悦烟酒店": 54,
    "骐正天骄北苑": 55,
    "司机就业培训服务站": 56,
    "星篮幼儿园": 57,
    "黎苏路": 58,
    "沐岸优品酒店": 59,
    "早晚课堂(世纪城校区)": 60,
    "贵阳世纪城龙凯苑北区": 61,
    "贵阳如意公寓(7号店)": 62
  }
}