{
  "贵阳如意公寓(7号店)": 485,
  "贵阳世纪城龙凯苑北区": 406,
  "早晚课堂(世纪城校区)": 444,
  "沐岸优品酒店": 558,
  "黎苏路": 657,
  "星篮幼儿园": 800,
  "司机就业培训服务站": 405,
  "骐正天骄北苑": 604,
  "贵阳云岩馨悦烟酒店": 815,
  "黔灵山站": 624,
  "弘福寺": 511,
  "天天房开枫园小区": 453,
  "八鸽岩小区": 503,
  "贵阳肠旺面鸭块粉面(总店)": 454,
  "黄啸专业古筝": 549,
  "贵州医科大学-临床前药物研究所": 478,
  "吉祥巷": 605,
  "贵阳市行知学校求知楼": 861,
  "贵州财经大学(鹿冲关校区)": 727,
  "贵阳农商银行(中天社区支行)": 509,
  "cc英语(中天校区)": 606,
  "城市魔方": 416,
  "贵龙驾校": 582,
  "贵阳市乌当区行政中心": 721,
  "懿佰年脑力开发体验店": 478,
  "乌当区幼儿园": 728,
  "洪济路": 620,
  "贵州省地矿局地球物理地球化学勘查院": 802,
  "乌当区青苹果双语幼儿园": 453,
  "幸福里": 473
}