{
  "up": {
    "1": "贵阳如意公寓(7号店)",
    "2": "贵阳世纪城龙凯苑北区",
    "3": "早晚课堂(世纪城校区)",
    "4": "沐岸优品酒店",
    "5": "黎苏路",
    "6": "星篮幼儿园",
    "7": "司机就业培训服务站",
    "8": "骐正天骄北苑",
    "9": "贵阳云岩馨悦烟酒店",
    "10": "黔灵山站",
    "11": "弘福寺",
    "12": "天天房开枫园小区",
    "13": "八鸽岩小区",
    "14": "贵阳肠旺面鸭块粉面(总店)",
    "15": "黄啸专业古筝",
    "16": "贵州医科大学-临床前药物研究所",
    "17": "吉祥巷",
    "18": "贵阳市行知学校求知楼",
    "19": "贵州财经大学(鹿冲关校区)",
    "20": "贵阳农商银行(中天社区支行)",
    "21": "cc英语(中天校区)",
    "22": "城市魔方",
    "23": "贵龙驾校",
    "24": "贵阳市乌当区行政中心",
    "25": "懿佰年脑力开发体验店",
    "26": "乌当区幼儿园",
    "27": "洪济路",
    "28": "贵州省地矿局地球物理地球化学勘查院",
    "29": "乌当区青苹果双语幼儿园",
    "30": "幸福里",
    "31": "贵阳市乌当区临时客运站"
  },
  "down": {
    "32": "贵阳市乌当区临时客运站",
    "33": "幸福里",
    "34": "乌当区青苹果双语幼儿园",
    "35": "贵州省地矿局地球物理地球化学勘查院",
    "36": "洪济路",
    "37": "乌当区幼儿园",
    "38": "懿佰年脑力开发体验店",
    "39": "贵阳市乌当区行政中心",
    "40": "贵龙驾校",
    "41": "城市魔方",
    "42": "cc英语(中天校区)",
    "43": "贵阳农商银行(中天社区支行)",
    "44": "贵州财经大学(鹿冲关校区)",
    "45": "贵阳市行知学校求知楼",
    "46": "吉祥巷",
    "47": "贵州医科大学-临床前药物研究所",
    "48": "黄啸专业古筝",
    "49": "贵阳肠旺面鸭块粉面(总店)",
    "50": "八鸽岩小区",
    "51": "天天房开枫园小区",
    "52": "弘福寺",
    "53": "黔灵山站",
    "54": "贵阳云岩馨悦烟酒店",
    "55": "骐正天骄北苑",
    "56": "司机就业培训服务站",
    "57": "星篮幼儿园",
    "58": "黎苏路",
    "59": "沐岸优品酒店",
    "60": "早晚课堂(世纪城校区)",
    "61": "贵阳世纪城龙凯苑北区",
    "62": "贵阳如意公寓(7号店)"
  }
}