{
  "贵阳市乌当区临时客运站": 481,
  "幸福里": 461,
  "乌当区青苹果双语幼儿园": 810,
  "贵州省地矿局地球物理地球化学勘查院": 628,
  "洪济路": 736,
  "乌当区幼儿园": 486,
  "懿佰年脑力开发体验店": 729,
  "贵阳市乌当区行政中心": 590,
  "贵龙驾校": 424,
  "城市魔方": 614,
  "cc英语(中天校区)": 517,
  "贵阳农商银行(中天社区支行)": 735,
  "贵州财经大学(鹿冲关校区)": 869,
  "贵阳市行知学校求知楼": 613,
  "吉祥巷": 486,
  "贵州医科大学-临床前药物研究所": 557,
  "黄啸专业古筝": 462,
  "贵阳肠旺面鸭块粉面(总店)": 511,
  "八鸽岩小区": 461,
  "天天房开枫园小区": 519,
  "弘福寺": 632,
  "黔灵山站": 823,
  "贵阳云岩馨悦烟酒店": 612,
  "骐正天骄北苑": 413,
  "司机就业培训服务站": 808,
  "星篮幼儿园": 665,
  "黎苏路": 566,
  "沐岸优品酒店": 452,
  "早晚课堂(世纪城校区)": 414,
  "贵阳世纪城龙凯苑北区": 493
}