{
  "开心农场": 1160,
  "观马洞特大桥": 530,
  "贵州航空工业技师学院(洛湾校区)": 810,
  "贵州远俊洛湾驾校(摩托车科二三考场)": 2105,
  "乌当区教育局招生办": 624,
  "云锦牛羊庄": 1127,
  "贵阳万象温泉马陇别苑": 533,
  "凉水井": 513,
  "江之味片片鱼(幸福里东部新城1期店)": 862,
  "贵阳经纬印刷厂": 680,
  "四川天府银行(乌当支行)": 788,
  "金僖家园": 538,
  "贵阳市乌当区人民法院": 781,
  "贵州省妇幼保健院总院": 642,
  "恒大雅苑": 476,
  "绝味鸭脖(恒大雅苑店)": 666,
  "中国建设银行(中天花园支行)": 569,
  "翠墨雅轩": 787,
  "壹锅鲜羊肉粉": 910,
  "贵阳市行知学校求知楼": 538,
  "宅吉社区半边街居委会小站": 1141,
  "北京路辅路": 852,
  "烧包(虎门巷店)": 743,
  "赵家院子重庆火锅(贵阳店)": 536,
  "皇家罗兰软装": 515,
  "鸿基景苑": 857,
  "中共海马居委会支部委员会": 570,
  "大满园家宴鱼鱼火锅(黔灵山国际社区店)": 854,
  "烟火自助烧烤店": 546
}