{
  "up": {
    "怡馨幼儿园": 1,
    "烟火自助烧烤店": 2,
    "大满园家宴鱼鱼火锅(黔灵山国际社区店)": 3,
    "中共海马居委会支部委员会": 4,
    "鸿基景苑": 5,
    "皇家罗兰软装": 6,
    "赵家院子重庆火锅(贵阳店)": 7,
    "烧包(虎门巷店)": 8,
    "北京路辅路": 9,
    "宅吉社区半边街居委会小站": 10,
    "贵阳市行知学校求知楼": 11,
    "壹锅鲜羊肉粉": 12,
    "翠墨雅轩": 13,
    "中国建设银行(中天花园支行)": 14,
    "绝味鸭脖(恒大雅苑店)": 15,
    "恒大雅苑": 16,
    "贵州省妇幼保健院总院": 17,
    "贵阳市乌当区人民法院": 18,
    "金僖家园": 19,
    "四川天府银行(乌当支行)": 20,
    "贵阳经纬印刷厂": 21,
    "江之味片片鱼(幸福里东部新城1期店)": 22,
    "凉水井": 23,
    "贵阳万象温泉马陇别苑": 24,
    "云锦牛羊庄": 25,
    "乌当区教育局招生办": 26,
    "贵州远俊洛湾驾校(摩托车科二三考场)": 27,
    "贵州航空工业技师学院(洛湾校区)": 28,
    "观马洞特大桥": 29,
    "开心农场": 30
  },
  "down": {
    "开心农场": 31,
    "观马洞特大桥": 32,
    "贵州航空工业技师学院(洛湾校区)": 33,
    "贵州远俊洛湾驾校(摩托车科二三考场)": 34,
    "乌当区教育局招生办": 35,
    "云锦牛羊庄": 36,
    "贵阳万象温泉马陇别苑": 37,
    "凉水井": 38,
    "江之味片片鱼(幸福里东部新城1期店)": 39,
    "贵阳经纬印刷厂": 40,
    "四川天府银行(乌当支行)": 41,
    "金僖家园": 42,
    "贵阳市乌当区人民法院": 43,
    "贵州省妇幼保健院总院": 44,
    "恒大雅苑": 45,
    "绝味鸭脖(恒大雅苑店)": 46,
    "中国建设银行(中天花园支行)": 47,
    "翠墨雅轩": 48,
    "壹锅鲜羊肉粉": 49,
    "贵阳市行知学校求知楼": 50,
    "宅吉社区半边街居委会小站": 51,
    "北京路辅路": 52,
    "烧包(虎门巷店)": 53,
    "赵家院子重庆火锅(贵阳店)": 54,
    "皇家罗兰软装": 55,
    "鸿基景苑": 56,
    "中共海马居委会支部委员会": 57,
    "大满园家宴鱼鱼火锅(黔灵山国际社区店)": 58,
    "烟火自助烧烤店": 59,
    "怡馨幼儿园": 60
  }
}