{
  "up": {
    "1": "怡馨幼儿园",
    "2": "烟火自助烧烤店",
    "3": "大满园家宴鱼鱼火锅(黔灵山国际社区店)",
    "4": "中共海马居委会支部委员会",
    "5": "鸿基景苑",
    "6": "皇家罗兰软装",
    "7": "赵家院子重庆火锅(贵阳店)",
    "8": "烧包(虎门巷店)",
    "9": "北京路辅路",
    "10": "宅吉社区半边街居委会小站",
    "11": "贵阳市行知学校求知楼",
    "12": "壹锅鲜羊肉粉",
    "13": "翠墨雅轩",
    "14": "中国建设银行(中天花园支行)",
    "15": "绝味鸭脖(恒大雅苑店)",
    "16": "恒大雅苑",
    "17": "贵州省妇幼保健院总院",
    "18": "贵阳市乌当区人民法院",
    "19": "金僖家园",
    "20": "四川天府银行(乌当支行)",
    "21": "贵阳经纬印刷厂",
    "22": "江之味片片鱼(幸福里东部新城1期店)",
    "23": "凉水井",
    "24": "贵阳万象温泉马陇别苑",
    "25": "云锦牛羊庄",
    "26": "乌当区教育局招生办",
    "27": "贵州远俊洛湾驾校(摩托车科二三考场)",
    "28": "贵州航空工业技师学院(洛湾校区)",
    "29": "观马洞特大桥",
    "30": "开心农场"
  },
  "down": {
    "31": "开心农场",
    "32": "观马洞特大桥",
    "33": "贵州航空工业技师学院(洛湾校区)",
    "34": "贵州远俊洛湾驾校(摩托车科二三考场)",
    "35": "乌当区教育局招生办",
    "36": "云锦牛羊庄",
    "37": "贵阳万象温泉马陇别苑",
    "38": "凉水井",
    "39": "江之味片片鱼(幸福里东部新城1期店)",
    "40": "贵阳经纬印刷厂",
    "41": "四川天府银行(乌当支行)",
    "42": "金僖家园",
    "43": "贵阳市乌当区人民法院",
    "44": "贵州省妇幼保健院总院",
    "45": "恒大雅苑",
    "46": "绝味鸭脖(恒大雅苑店)",
    "47": "中国建设银行(中天花园支行)",
    "48": "翠墨雅轩",
    "49": "壹锅鲜羊肉粉",
    "50": "贵阳市行知学校求知楼",
    "51": "宅吉社区半边街居委会小站",
    "52": "北京路辅路",
    "53": "烧包(虎门巷店)",
    "54": "赵家院子重庆火锅(贵阳店)",
    "55": "皇家罗兰软装",
    "56": "鸿基景苑",
    "57": "中共海马居委会支部委员会",
    "58": "大满园家宴鱼鱼火锅(黔灵山国际社区店)",
    "59": "烟火自助烧烤店",
    "60": "怡馨幼儿园"
  }
}