{
  "怡馨幼儿园": 486,
  "烟火自助烧烤店": 794,
  "大满园家宴鱼鱼火锅(黔灵山国际社区店)": 510,
  "中共海马居委会支部委员会": 797,
  "鸿基景苑": 455,
  "皇家罗兰软装": 476,
  "赵家院子重庆火锅(贵阳店)": 683,
  "烧包(虎门巷店)": 792,
  "北京路辅路": 1081,
  "宅吉社区半边街居委会小站": 478,
  "贵阳市行知学校求知楼": 850,
  "壹锅鲜羊肉粉": 727,
  "翠墨雅轩": 509,
  "中国建设银行(中天花园支行)": 606,
  "绝味鸭脖(恒大雅苑店)": 416,
  "恒大雅苑": 582,
  "贵州省妇幼保健院总院": 721,
  "贵阳市乌当区人民法院": 478,
  "金僖家园": 728,
  "四川天府银行(乌当支行)": 620,
  "贵阳经纬印刷厂": 802,
  "江之味片片鱼(幸福里东部新城1期店)": 453,
  "凉水井": 473,
  "贵阳万象温泉马陇别苑": 1067,
  "云锦牛羊庄": 564,
  "乌当区教育局招生办": 2045,
  "贵州远俊洛湾驾校(摩托车科二三考场)": 750,
  "贵州航空工业技师学院(洛湾校区)": 470,
  "观马洞特大桥": 1100
}