{
  "中医99养生馆": {
    "time": [
      "06:15:30",
      "06:30:18",
      "06:44:59",
      "07:00:09",
      "07:15:17",
      "07:29:50",
      "07:44:11",
      "07:59:28",
      "08:14:20",
      "08:29:04",
      "08:43:33",
      "08:58:16",
      "09:14:05",
      "09:28:39",
      "09:43:02",
      "09:57:50",
      "10:12:09",
      "10:26:34",
      "10:41:34",
      "10:55:57",
      "11:10:53",
      "11:25:55",
      "11:41:31",
      "11:57:10",
      "12:12:31",
      "12:26:46",
      "12:40:56",
      "12:56:44",
      "13:12:32",
      "13:27:17",
      "13:41:36",
      "13:56:30",
      "14:12:03",
      "14:27:31",
      "14:42:12",
      "14:57:40",
      "15:12:50",
      "15:28:33",
      "15:43:41",
      "15:58:43",
      "16:13:46",
      "16:29:24",
      "16:45:14",
      "17:01:01",
      "17:16:21",
      "17:31:06",
      "17:45:30",
      "17:59:56",
      "18:15:01",
      "18:30:40",
      "18:45:53",
      "19:00:49",
      "19:15:59",
      "19:30:24",
      "19:45:48",
      "20:00:32",
      "20:15:00",
      "20:29:56",
      "20:45:34",
      "21:01:11",
      "21:16:46",
      "21:31:45",
      "21:47:25",
      "22:01:47"
    ],
    "board": [
      6,
      12,
      2,
      11,
      7,
      2,
      14,
      2,
      11,
      10,
      3,
      6,
      6,
      8,
      5,
      3,
      1,
      11,
      11,
      7,
      10,
      10,
      1,
      13,
      10,
      5,
      1,
      11,
      14,
      3,
      12,
      12,
      3,
      15,
      9,
      10,
      11,
      13,
      14,
      12,
      2,
      13,
      11,
      0,
      11,
      12,
      9,
      14,
      10,
      12,
      11,
      6,
      3,
      4,
      11,
      6,
      14,
      8,
      1,
      5,
      2,
      5,
      14,
      11
    ],
    "alight": [
      0,
      0,
      0,
      0,
      0,
      0,
      0,
      0,
      0,
      0,
      0,
      0,
      0,
      0,
      0,
      0,
      0,
      0,
      0,
      0,
      0,
      0,
      0,
      0,
      0,
      0,
      0,
      0,
      0,
      0,
      0,
      0,
      0,
      0,
      0,
      0,
      0,
      0,
      0,
      0,
      0,
      0,
      0,
      0,
      0,
      0,
      0,
      0,
      0,
      0,
      0,
      0,
      0,
      0,
      0,
      0,
      0,
      0,
      0,
      0,
      0,
      0,
      0,
      0
    ]
  },
  "小芳素粉": {
    "time": [
      "06:15:30",
      "06:30:18",
      "06:44:59",
      "07:00:09",
      "07:15:17",
      "07:29:50",
      "07:44:11",
      "07:59:28",
      "08:14:20",
      "08:29:04",
      "08:43:33",
      "08:58:16",
      "09:14:05",
      "09:28:39",
      "09:43:02",
      "09:57:50",
      "10:12:09",
      "10:26:34",
      "10:41:34",
      "10:55:57",
      "11:10:53",
      "11:25:55",
      "11:41:31",
      "11:57:10",
      "12:12:31",
      "12:26:46",
      "12:40:56",
      "12:56:44",
      "13:12:32",
      "13:27:17",
      "13:41:36",
      "13:56:30",
      "14:12:03",
      "14:27:31",
      "14:42:12",
      "14:57:40",
      "15:12:50",
      "15:28:33",
      "15:43:41",
      "15:58:43",
      "16:13:46",
      "16:29:24",
      "16:45:14",
      "17:01:01",
      "17:16:21",
      "17:31:06",
      "17:45:30",
      "17:59:56",
      "18:15:01",
      "18:30:40",
      "18:45:53",
      "19:00:49",
      "19:15:59",
      "19:30:24",
      "19:45:48",
      "20:00:32",
      "20:15:00",
      "20:29:56",
      "20:45:34",
      "21:01:11",
      "21:16:46",
      "21:31:45",
      "21:47:25",
      "22:01:47"
    ],
    "board": [
      3,
      2,
      5,
      1,
      2,
      6,
      5,
      12,
      13,
      4,
      12,
      9,
      1,
      7,
      15,
      12,
      11,
      15,
      3,
      10,
      11,
      13,
      8,
      9,
      9,
      9,
      5,
      5,
      8,
      14,
      12,
      15,
      2,
      7,
      6,
      3,
      2,
      6,
      14,
      12,
      8,
      8,
      4,
      12,
      14,
      0,
      1,
      4,
      5,
      5,
      6,
      9,
      15,
      6,
      1,
      5,
      3,
      12,
      13,
      15,
      1,
      4,
      14,
      12
    ],
    "alight": [
      0,
      0,
      0,
      0,
      0,
      0,
      0,
      0,
      0,
      0,
      0,
      0,
      0,
      0,
      0,
      0,
      0,
      0,
      0,
      0,
      0,
      0,
      0,
      0,
      0,
      0,
      0,
      0,
      0,
      0,
      0,
      0,
      0,
      0,
      0,
      0,
      0,
      0,
      0,
      0,
      0,
      0,
      0,
      0,
      0,
      0,
      0,
      0,
      0,
      0,
      0,
      0,
      0,
      0,
      0,
      0,
      0,
      0,
      0,
      0,
      0,
      0,
      0,
      0
    ]
  },
  "三桥综合批发市场-南区": {
    "time": [
      "06:15:30",
      "06:30:18",
      "06:44:59",
      "07:00:09",
      "07:15:17",
      "07:29:50",
      "07:44:11",
      "07:59:28",
      "08:14:20",
      "08:29:04",
      "08:43:33",
      "08:58:16",
      "09:14:05",
      "09:28:39",
      "09:43:02",
      "09:57:50",
      "10:12:09",
      "10:26:34",
      "10:41:34",
      "10:55:57",
      "11:10:53",
      "11:25:55",
      "11:41:31",
      "11:57:10",
      "12:12:31",
      "12:26:46",
      "12:40:56",
      "12:56:44",
      "13:12:32",
      "13:27:17",
      "13:41:36",
      "13:56:30",
      "14:12:03",
      "14:27:31",
      "14:42:12",
      "14:57:40",
      "15:12:50",
      "15:28:33",
      "15:43:41",
      "15:58:43",
      "16:13:46",
      "16:29:24",
      "16:45:14",
      "17:01:01",
      "17:16:21",
      "17:31:06",
      "17:45:30",
      "17:59:56",
      "18:15:01",
      "18:30:40",
      "18:45:53",
      "19:00:49",
      "19:15:59",
      "19:30:24",
      "19:45:48",
      "20:00:32",
      "20:15:00",
      "20:29:56",
      "20:45:34",
      "21:01:11",
      "21:16:46",
      "21:31:45",
      "21:47:25",
      "22:01:47"
    ],
    "board": [
      5,
      3,
      10,
      7,
      1,
      10,
      0,
      1,
      11,
      0,
      10,
      8,
      12,
      2,
      15,
      0,
      4,
      14,
      13,
      9,
      8,
      5,
      10,
      12,
      14,
      12,
      6,
      11,
      7,
      13,
      7,
      1,
      6,
      11,
      12,
      7,
      12,
      9,
      15,
      4,
      3,
      2,
      8,
      3,
      7,
      8,
      12,
      2,
      8,
      8,
      3,
      9,
      1,
      14,
      6,
      8,
      6,
      14,
      13,
      4,
      13,
      3,
      10,
      14
    ],
    "alight": [
      0,
      0,
      0,
      0,
      0,
      0,
      0,
      0,
      1,
      0,
      0,
      0,
      0,
      0,
      1,
      0,
      0,
      0,
      0,
      0,
      0,
      0,
      0,
      0,
      0,
      0,
      0,
      0,
      0,
      0,
      0,
      0,
      2,
      0,
      0,
      0,
      3,
      0,
      0,
      0,
      0,
      0,
      0,
      0,
      0,
      0,
      0,
      2,
      0,
      0,
      3,
      0,
      0,
      0,
      0,
      0,
      0,
      0,
      1,
      0,
      0,
      0,
      0,
      0
    ]
  },
  "三桥农民新村": {
    "time": [
      "06:15:30",
      "06:30:18",
      "06:44:59",
      "07:00:09",
      "07:15:17",
      "07:29:50",
      "07:44:11",
      "07:59:28",
      "08:14:20",
      "08:29:04",
      "08:43:33",
      "08:58:16",
      "09:14:05",
      "09:28:39",
      "09:43:02",
      "09:57:50",
      "10:12:09",
      "10:26:34",
      "10:41:34",
      "10:55:57",
      "11:10:53",
      "11:25:55",
      "11:41:31",
      "11:57:10",
      "12:12:31",
      "12:26:46",
      "12:40:56",
      "12:56:44",
      "13:12:32",
      "13:27:17",
      "13:41:36",
      "13:56:30",
      "14:12:03",
      "14:27:31",
      "14:42:12",
      "14:57:40",
      "15:12:50",
      "15:28:33",
      "15:43:41",
      "15:58:43",
      "16:13:46",
      "16:29:24",
      "16:45:14",
      "17:01:01",
      "17:16:21",
      "17:31:06",
      "17:45:30",
      "17:59:56",
      "18:15:01",
      "18:30:40",
      "18:45:53",
      "19:00:49",
      "19:15:59",
      "19:30:24",
      "19:45:48",
      "20:00:32",
      "20:15:00",
      "20:29:56",
      "20:45:34",
      "21:01:11",
      "21:16:46",
      "21:31:45",
      "21:47:25",
      "22:01:47"
    ],
    "board": [
      10,
      8,
      8,
      15,
      9,
      7,
      11,
      10,
      15,
      15,
      15,
      4,
      9,
      10,
      15,
      11,
      1,
      3,
      3,
      5,
      9,
      13,
      13,
      11,
      6,
      11,
      14,
      4,
      4,
      9,
      8,
      13,
      10,
      14,
      14,
      11,
      7,
      3,
      0,
      8,
      10,
      2,
      10,
      9,
      10,
      1,
      11,
      6,
      6,
      15,
      5,
      4,
      8,
      1,
      0,
      11,
      4,
      4,
      2,
      14,
      9,
      3,
      11,
      10
    ],
    "alight": [
      0,
      0,
      0,
      0,
      0,
      0,
      0,
      0,
      0,
      0,
      1,
      0,
      0,
      0,
      0,
      0,
      0,
      0,
      0,
      3,
      0,
      0,
      0,
      0,
      0,
      0,
      0,
      0,
      0,
      2,
      0,
      0,
      0,
      0,
      0,
      0,
      0,
      0,
      0,
      0,
      0,
      4,
      0,
      0,
      0,
      0,
      4,
      0,
      4,
      0,
      0,
      0,
      0,
      0,
      0,
      0,
      0,
      0,
      0,
      0,
      0,
      2,
      0,
      0
    ]
  },
  "御生堂": {
    "time": [
      "06:15:30",
      "06:30:18",
      "06:44:59",
      "07:00:09",
      "07:15:17",
      "07:29:50",
      "07:44:11",
      "07:59:28",
      "08:14:20",
      "08:29:04",
      "08:43:33",
      "08:58:16",
      "09:14:05",
      "09:28:39",
      "09:43:02",
      "09:57:50",
      "10:12:09",
      "10:26:34",
      "10:41:34",
      "10:55:57",
      "11:10:53",
      "11:25:55",
      "11:41:31",
      "11:57:10",
      "12:12:31",
      "12:26:46",
      "12:40:56",
      "12:56:44",
      "13:12:32",
      "13:27:17",
      "13:41:36",
      "13:56:30",
      "14:12:03",
      "14:27:31",
      "14:42:12",
      "14:57:40",
      "15:12:50",
      "15:28:33",
      "15:43:41",
      "15:58:43",
      "16:13:46",
      "16:29:24",
      "16:45:14",
      "17:01:01",
      "17:16:21",
      "17:31:06",
      "17:45:30",
      "17:59:56",
      "18:15:01",
      "18:30:40",
      "18:45:53",
      "19:00:49",
      "19:15:59",
      "19:30:24",
      "19:45:48",
      "20:00:32",
      "20:15:00",
      "20:29:56",
      "20:45:34",
      "21:01:11",
      "21:16:46",
      "21:31:45",
      "21:47:25",
      "22:01:47"
    ],
    "board": [
      15,
      0,
      4,
      5,
      3,
      12,
      2,
      5,
      1,
      15,
      14,
      7,
      7,
      4,
      10,
      2,
      14,
      10,
      15,
      13,
      2,
      2,
      14,
      3,
      9,
      0,
      11,
      12,
      13,
      4,
      3,
      14,
      3,
      0,
      0,
      8,
      10,
      9,
      8,
      1,
      7,
      0,
      7,
      10,
      6,
      12,
      12,
      5,
      5,
      6,
      8,
      12,
      7,
      9,
      2,
      10,
      9,
      7,
      14,
      14,
      13,
      8,
      14,
      7
    ],
    "alight": [
      4,
      0,
      5,
      11,
      12,
      10,
      10,
      4,
      10,
      15,
      1,
      15,
      11,
      11,
      0,
      14,
      8,
      1,
      15,
      14,
      0,
      13,
      5,
      13,
      15,
      3,
      15,
      15,
      10,
      8,
      1,
      9,
      5,
      9,
      1,
      14,
      12,
      6,
      1,
      10,
      11,
      13,
      13,
      12,
      0,
      15,
      7,
      5,
      0,
      2,
      1,
      9,
      6,
      9,
      1,
      7,
      3,
      8,
      13,
      9,
      2,
      4,
      4,
      12
    ]
  },
  "避风塘茶饮(白云大道店)": {
    "time": [
      "06:15:30",
      "06:30:18",
      "06:44:59",
      "07:00:09",
      "07:15:17",
      "07:29:50",
      "07:44:11",
      "07:59:28",
      "08:14:20",
      "08:29:04",
      "08:43:33",
      "08:58:16",
      "09:14:05",
      "09:28:39",
      "09:43:02",
      "09:57:50",
      "10:12:09",
      "10:26:34",
      "10:41:34",
      "10:55:57",
      "11:10:53",
      "11:25:55",
      "11:41:31",
      "11:57:10",
      "12:12:31",
      "12:26:46",
      "12:40:56",
      "12:56:44",
      "13:12:32",
      "13:27:17",
      "13:41:36",
      "13:56:30",
      "14:12:03",
      "14:27:31",
      "14:42:12",
      "14:57:40",
      "15:12:50",
      "15:28:33",
      "15:43:41",
      "15:58:43",
      "16:13:46",
      "16:29:24",
      "16:45:14",
      "17:01:01",
      "17:16:21",
      "17:31:06",
      "17:45:30",
      "17:59:56",
      "18:15:01",
      "18:30:40",
      "18:45:53",
      "19:00:49",
      "19:15:59",
      "19:30:24",
      "19:45:48",
      "20:00:32",
      "20:15:00",
      "20:29:56",
      "20:45:34",
      "21:01:11",
      "21:16:46",
      "21:31:45",
      "21:47:25",
      "22:01:47"
    ],
    "board": [
      15,
      9,
      7,
      2,
      3,
      8,
      9,
      13,
      11,
      3,
      7,
      7,
      9,
      8,
      3,
      6,
      10,
      13,
      6,
      8,
      2,
      0,
      2,
      6,
      5,
      1,
      11,
      4,
      10,
      15,
      3,
      14,
      11,
      3,
      0,
      12,
      8,
      5,
      3,
      4,
      5,
      3,
      6,
      15,
      14,
      10,
      10,
      13,
      5,
      3,
      12,
      9,
      9,
      8,
      1,
      3,
      14,
      15,
      12,
      8,
      5,
      0,
      9,
      11
    ],
    "alight": [
      14,
      5,
      4,
      11,
      5,
      7,
      12,
      6,
      6,
      5,
      5,
      14,
      3,
      6,
      14,
      1,
      6,
      4,
      5,
      6,
      6,
      9,
      3,
      15,
      2,
      10,
      9,
      3,
      11,
      10,
      6,
      2,
      7,
      3,
      13,
      7,
      0,
      4,
      14,
      9,
      3,
      6,
      11,
      3,
      15,
      14,
      11,
      4,
      4,
      15,
      11,
      11,
      4,
      6,
      10,
      11,
      6,
      0,
      6,
      13,
      8,
      6,
      1,
      1
    ]
  },
  "诚忠堂": {
    "time": [
      "06:15:30",
      "06:30:18",
      "06:44:59",
      "07:00:09",
      "07:15:17",
      "07:29:50",
      "07:44:11",
      "07:59:28",
      "08:14:20",
      "08:29:04",
      "08:43:33",
      "08:58:16",
      "09:14:05",
      "09:28:39",
      "09:43:02",
      "09:57:50",
      "10:12:09",
      "10:26:34",
      "10:41:34",
      "10:55:57",
      "11:10:53",
      "11:25:55",
      "11:41:31",
      "11:57:10",
      "12:12:31",
      "12:26:46",
      "12:40:56",
      "12:56:44",
      "13:12:32",
      "13:27:17",
      "13:41:36",
      "13:56:30",
      "14:12:03",
      "14:27:31",
      "14:42:12",
      "14:57:40",
      "15:12:50",
      "15:28:33",
      "15:43:41",
      "15:58:43",
      "16:13:46",
      "16:29:24",
      "16:45:14",
      "17:01:01",
      "17:16:21",
      "17:31:06",
      "17:45:30",
      "17:59:56",
      "18:15:01",
      "18:30:40",
      "18:45:53",
      "19:00:49",
      "19:15:59",
      "19:30:24",
      "19:45:48",
      "20:00:32",
      "20:15:00",
      "20:29:56",
      "20:45:34",
      "21:01:11",
      "21:16:46",
      "21:31:45",
      "21:47:25",
      "22:01:47"
    ],
    "board": [
      4,
      7,
      2,
      2,
      15,
      2,
      6,
      13,
      3,
      10,
      12,
      10,
      2,
      9,
      8,
      7,
      1,
      13,
      0,
      6,
      12,
      4,
      9,
      14,
      12,
      13,
      4,
      13,
      3,
      15,
      11,
      9,
      0,
      6,
      4,
      5,
      15,
      8,
      3,
      6,
      8,
      14,
      8,
      12,
      11,
      8,
      8,
      5,
      0,
      9,
      5,
      13,
      2,
      6,
      11,
      4,
      10,
      6,
      15,
      7,
      9,
      4,
      5,
      0
    ],
    "alight": [
      4,
      1,
      10,
      5,
      6,
      10,
      12,
      3,
      10,
      10,
      2,
      13,
      10,
      7,
      3,
      7,
      13,
      6,
      1,
      2,
      0,
      1,
      12,
      10,
      8,
      12,
      15,
      15,
      0,
      9,
      10,
      3,
      0,
      12,
      13,
      7,
      8,
      11,
      5,
      11,
      9,
      14,
      3,
      2,
      6,
      3,
      10,
      8,
      8,
      4,
      4,
      12,
      10,
      9,
      15,
      12,
      7,
      2,
      3,
      4,
      14,
      9,
      9,
      2
    ]
  },
  "中国石油兴筑加油站": {
    "time": [
      "06:15:30",
      "06:30:18",
      "06:44:59",
      "07:00:09",
      "07:15:17",
      "07:29:50",
      "07:44:11",
      "07:59:28",
      "08:14:20",
      "08:29:04",
      "08:43:33",
      "08:58:16",
      "09:14:05",
      "09:28:39",
      "09:43:02",
      "09:57:50",
      "10:12:09",
      "10:26:34",
      "10:41:34",
      "10:55:57",
      "11:10:53",
      "11:25:55",
      "11:41:31",
      "11:57:10",
      "12:12:31",
      "12:26:46",
      "12:40:56",
      "12:56:44",
      "13:12:32",
      "13:27:17",
      "13:41:36",
      "13:56:30",
      "14:12:03",
      "14:27:31",
      "14:42:12",
      "14:57:40",
      "15:12:50",
      "15:28:33",
      "15:43:41",
      "15:58:43",
      "16:13:46",
      "16:29:24",
      "16:45:14",
      "17:01:01",
      "17:16:21",
      "17:31:06",
      "17:45:30",
      "17:59:56",
      "18:15:01",
      "18:30:40",
      "18:45:53",
      "19:00:49",
      "19:15:59",
      "19:30:24",
      "19:45:48",
      "20:00:32",
      "20:15:00",
      "20:29:56",
      "20:45:34",
      "21:01:11",
      "21:16:46",
      "21:31:45",
      "21:47:25",
      "22:01:47"
    ],
    "board": [
      11,
      5,
      3,
      2,
      10,
      6,
      15,
      1,
      11,
      12,
      11,
      11,
      13,
      10,
      13,
      3,
      6,
      10,
      10,
      9,
      2,
      7,
      12,
      7,
      12,
      6,
      3,
      6,
      15,
      1,
      15,
      8,
      15,
      3,
      10,
      6,
      13,
      4,
      3,
      4,
      8,
      9,
      12,
      1,
      15,
      2,
      10,
      13,
      11,
      2,
      14,
      0,
      15,
      7,
      3,
      9,
      2,
      2,
      15,
      2,
      1,
      12,
      7,
      10
    ],
    "alight": [
      6,
      11,
      12,
      8,
      5,
      13,
      14,
      15,
      6,
      8,
      4,
      12,
      1,
      14,
      9,
      10,
      6,
      5,
      0,
      10,
      11,
      15,
      15,
      12,
      4,
      7,
      9,
      12,
      14,
      10,
      7,
      15,
      14,
      4,
      3,
      11,
      7,
      6,
      7,
      0,
      6,
      10,
      4,
      0,
      13,
      0,
      15,
      13,
      15,
      14,
      0,
      13,
      2,
      15,
      4,
      0,
      11,
      8,
      15,
      9,
      5,
      14,
      6,
      15
    ]
  },
  "白鹭湖地铁站C口": {
    "time": [
      "06:15:30",
      "06:30:18",
      "06:44:59",
      "07:00:09",
      "07:15:17",
      "07:29:50",
      "07:44:11",
      "07:59:28",
      "08:14:20",
      "08:29:04",
      "08:43:33",
      "08:58:16",
      "09:14:05",
      "09:28:39",
      "09:43:02",
      "09:57:50",
      "10:12:09",
      "10:26:34",
      "10:41:34",
      "10:55:57",
      "11:10:53",
      "11:25:55",
      "11:41:31",
      "11:57:10",
      "12:12:31",
      "12:26:46",
      "12:40:56",
      "12:56:44",
      "13:12:32",
      "13:27:17",
      "13:41:36",
      "13:56:30",
      "14:12:03",
      "14:27:31",
      "14:42:12",
      "14:57:40",
      "15:12:50",
      "15:28:33",
      "15:43:41",
      "15:58:43",
      "16:13:46",
      "16:29:24",
      "16:45:14",
      "17:01:01",
      "17:16:21",
      "17:31:06",
      "17:45:30",
      "17:59:56",
      "18:15:01",
      "18:30:40",
      "18:45:53",
      "19:00:49",
      "19:15:59",
      "19:30:24",
      "19:45:48",
      "20:00:32",
      "20:15:00",
      "20:29:56",
      "20:45:34",
      "21:01:11",
      "21:16:46",
      "21:31:45",
      "21:47:25",
      "22:01:47"
    ],
    "board": [
      12,
      6,
      9,
      4,
      14,
      9,
      8,
      0,
      11,
      2,
      5,
      3,
      15,
      1,
      6,
      0,
      3,
      5,
      7,
      4,
      10,
      13,
      12,
      7,
      5,
      11,
      11,
      0,
      0,
      6,
      9,
      13,
      14,
      0,
      5,
      15,
      9,
      9,
      6,
      11,
      7,
      12,
      5,
      3,
      8,
      8,
      6,
      2,
      5,
      3,
      14,
      1,
      1,
      13,
      11,
      10,
      10,
      2,
      8,
      4,
      2,
      15,
      10,
      5
    ],
    "alight": [
      1,
      3,
      14,
      12,
      15,
      1,
      2,
      8,
      0,
      7,
      13,
      14,
      8,
      8,
      10,
      14,
      6,
      3,
      0,
      3,
      2,
      8,
      6,
      14,
      3,
      8,
      5,
      4,
      14,
      2,
      3,
      9,
      7,
      4,
      15,
      2,
      4,
      3,
      2,
      6,
      2,
      13,
      15,
      6,
      0,
      1,
      3,
      8,
      5,
      2,
      14,
      12,
      7,
      12,
      14,
      11,
      0,
      3,
      1,
      10,
      12,
      14,
      4,
      12
    ]
  },
  "铜锣坊(麒龙商务港店)": {
    "time": [
      "06:15:30",
      "06:30:18",
      "06:44:59",
      "07:00:09",
      "07:15:17",
      "07:29:50",
      "07:44:11",
      "07:59:28",
      "08:14:20",
      "08:29:04",
      "08:43:33",
      "08:58:16",
      "09:14:05",
      "09:28:39",
      "09:43:02",
      "09:57:50",
      "10:12:09",
      "10:26:34",
      "10:41:34",
      "10:55:57",
      "11:10:53",
      "11:25:55",
      "11:41:31",
      "11:57:10",
      "12:12:31",
      "12:26:46",
      "12:40:56",
      "12:56:44",
      "13:12:32",
      "13:27:17",
      "13:41:36",
      "13:56:30",
      "14:12:03",
      "14:27:31",
      "14:42:12",
      "14:57:40",
      "15:12:50",
      "15:28:33",
      "15:43:41",
      "15:58:43",
      "16:13:46",
      "16:29:24",
      "16:45:14",
      "17:01:01",
      "17:16:21",
      "17:31:06",
      "17:45:30",
      "17:59:56",
      "18:15:01",
      "18:30:40",
      "18:45:53",
      "19:00:49",
      "19:15:59",
      "19:30:24",
      "19:45:48",
      "20:00:32",
      "20:15:00",
      "20:29:56",
      "20:45:34",
      "21:01:11",
      "21:16:46",
      "21:31:45",
      "21:47:25",
      "22:01:47"
    ],
    "board": [
      8,
      13,
      15,
      2,
      0,
      9,
      4,
      5,
      7,
      7,
      1,
      10,
      2,
      6,
      15,
      3,
      8,
      6,
      8,
      8,
      8,
      14,
      13,
      8,
      15,
      3,
      3,
      10,
      12,
      5,
      8,
      2,
      2,
      15,
      13,
      10,
      15,
      12,
      2,
      8,
      9,
      7,
      6,
      5,
      11,
      7,
      10,
      13,
      3,
      10,
      15,
      11,
      7,
      3,
      2,
      5,
      12,
      3,
      9,
      6,
      14,
      4,
      4,
      14
    ],
    "alight": [
      15,
      2,
      14,
      1,
      7,
      5,
      6,
      7,
      2,
      11,
      11,
      15,
      6,
      15,
      1,
      8,
      0,
      7,
      11,
      0,
      0,
      2,
      0,
      6,
      5,
      15,
      7,
      3,
      4,
      8,
      13,
      14,
      4,
      11,
      12,
      5,
      13,
      15,
      7,
      11,
      9,
      8,
      6,
      0,
      6,
      6,
      1,
      12,
      8,
      12,
      7,
      7,
      5,
      0,
      11,
      11,
      8,
      1,
      6,
      11,
      14,
      2,
      13,
      7
    ]
  },
  "观山湖第三幼儿园": {
    "time": [
      "06:15:30",
      "06:30:18",
      "06:44:59",
      "07:00:09",
      "07:15:17",
      "07:29:50",
      "07:44:11",
      "07:59:28",
      "08:14:20",
      "08:29:04",
      "08:43:33",
      "08:58:16",
      "09:14:05",
      "09:28:39",
      "09:43:02",
      "09:57:50",
      "10:12:09",
      "10:26:34",
      "10:41:34",
      "10:55:57",
      "11:10:53",
      "11:25:55",
      "11:41:31",
      "11:57:10",
      "12:12:31",
      "12:26:46",
      "12:40:56",
      "12:56:44",
      "13:12:32",
      "13:27:17",
      "13:41:36",
      "13:56:30",
      "14:12:03",
      "14:27:31",
      "14:42:12",
      "14:57:40",
      "15:12:50",
      "15:28:33",
      "15:43:41",
      "15:58:43",
      "16:13:46",
      "16:29:24",
      "16:45:14",
      "17:01:01",
      "17:16:21",
      "17:31:06",
      "17:45:30",
      "17:59:56",
      "18:15:01",
      "18:30:40",
      "18:45:53",
      "19:00:49",
      "19:15:59",
      "19:30:24",
      "19:45:48",
      "20:00:32",
      "20:15:00",
      "20:29:56",
      "20:45:34",
      "21:01:11",
      "21:16:46",
      "21:31:45",
      "21:47:25",
      "22:01:47"
    ],
    "board": [
      15,
      4,
      3,
      9,
      4,
      10,
      10,
      10,
      13,
      12,
      0,
      10,
      4,
      8,
      9,
      2,
      14,
      3,
      11,
      0,
      0,
      12,
      10,
      10,
      13,
      10,
      6,
      14,
      15,
      7,
      0,
      2,
      7,
      9,
      1,
      10,
      2,
      5,
      9,
      6,
      0,
      3,
      11,
      5,
      4,
      13,
      0,
      11,
      9,
      10,
      0,
      12,
      3,
      2,
      2,
      7,
      5,
      13,
      2,
      15,
      12,
      1,
      9,
      10
    ],
    "alight": [
      11,
      3,
      11,
      0,
      12,
      1,
      1,
      14,
      10,
      12,
      1,
      12,
      10,
      2,
      7,
      10,
      9,
      2,
      6,
      1,
      6,
      7,
      10,
      10,
      8,
      11,
      2,
      8,
      15,
      12,
      2,
      9,
      9,
      2,
      15,
      5,
      1,
      13,
      15,
      2,
      4,
      7,
      8,
      10,
      5,
      3,
      11,
      4,
      10,
      9,
      13,
      9,
      7,
      13,
      10,
      15,
      4,
      0,
      5,
      15,
      5,
      7,
      12,
      13
    ]
  },
  "贵阳市观山湖区新星学校": {
    "time": [
      "06:15:30",
      "06:30:18",
      "06:44:59",
      "07:00:09",
      "07:15:17",
      "07:29:50",
      "07:44:11",
      "07:59:28",
      "08:14:20",
      "08:29:04",
      "08:43:33",
      "08:58:16",
      "09:14:05",
      "09:28:39",
      "09:43:02",
      "09:57:50",
      "10:12:09",
      "10:26:34",
      "10:41:34",
      "10:55:57",
      "11:10:53",
      "11:25:55",
      "11:41:31",
      "11:57:10",
      "12:12:31",
      "12:26:46",
      "12:40:56",
      "12:56:44",
      "13:12:32",
      "13:27:17",
      "13:41:36",
      "13:56:30",
      "14:12:03",
      "14:27:31",
      "14:42:12",
      "14:57:40",
      "15:12:50",
      "15:28:33",
      "15:43:41",
      "15:58:43",
      "16:13:46",
      "16:29:24",
      "16:45:14",
      "17:01:01",
      "17:16:21",
      "17:31:06",
      "17:45:30",
      "17:59:56",
      "18:15:01",
      "18:30:40",
      "18:45:53",
      "19:00:49",
      "19:15:59",
      "19:30:24",
      "19:45:48",
      "20:00:32",
      "20:15:00",
      "20:29:56",
      "20:45:34",
      "21:01:11",
      "21:16:46",
      "21:31:45",
      "21:47:25",
      "22:01:47"
    ],
    "board": [
      4,
      8,
      12,
      3,
      10,
      8,
      10,
      11,
      10,
      3,
      13,
      8,
      15,
      5,
      0,
      1,
      11,
      6,
      5,
      6,
      15,
      2,
      0,
      13,
      11,
      8,
      14,
      8,
      12,
      11,
      0,
      0,
      5,
      10,
      13,
      15,
      5,
      12,
      14,
      9,
      10,
      15,
      15,
      1,
      15,
      2,
      8,
      13,
      0,
      2,
      7,
      9,
      10,
      10,
      3,
      0,
      0,
      2,
      2,
      2,
      10,
      10,
      9,
      13
    ],
    "alight": [
      0,
      10,
      13,
      4,
      6,
      1,
      12,
      4,
      7,
      14,
      3,
      4,
      9,
      8,
      7,
      8,
      6,
      5,
      7,
      7,
      9,
      12,
      10,
      6,
      4,
      13,
      5,
      1,
      2,
      3,
      9,
      6,
      2,
      10,
      10,
      13,
      2,
      13,
      14,
      12,
      2,
      10,
      1,
      7,
      2,
      11,
      14,
      10,
      0,
      15,
      3,
      10,
      10,
      3,
      14,
      15,
      13,
      2,
      15,
      6,
      15,
      5,
      12,
      1
    ]
  },
  "泉上发现(金融店)": {
    "time": [
      "06:15:30",
      "06:30:18",
      "06:44:59",
      "07:00:09",
      "07:15:17",
      "07:29:50",
      "07:44:11",
      "07:59:28",
      "08:14:20",
      "08:29:04",
      "08:43:33",
      "08:58:16",
      "09:14:05",
      "09:28:39",
      "09:43:02",
      "09:57:50",
      "10:12:09",
      "10:26:34",
      "10:41:34",
      "10:55:57",
      "11:10:53",
      "11:25:55",
      "11:41:31",
      "11:57:10",
      "12:12:31",
      "12:26:46",
      "12:40:56",
      "12:56:44",
      "13:12:32",
      "13:27:17",
      "13:41:36",
      "13:56:30",
      "14:12:03",
      "14:27:31",
      "14:42:12",
      "14:57:40",
      "15:12:50",
      "15:28:33",
      "15:43:41",
      "15:58:43",
      "16:13:46",
      "16:29:24",
      "16:45:14",
      "17:01:01",
      "17:16:21",
      "17:31:06",
      "17:45:30",
      "17:59:56",
      "18:15:01",
      "18:30:40",
      "18:45:53",
      "19:00:49",
      "19:15:59",
      "19:30:24",
      "19:45:48",
      "20:00:32",
      "20:15:00",
      "20:29:56",
      "20:45:34",
      "21:01:11",
      "21:16:46",
      "21:31:45",
      "21:47:25",
      "22:01:47"
    ],
    "board": [
      7,
      2,
      8,
      9,
      3,
      1,
      14,
      5,
      2,
      11,
      0,
      10,
      14,
      9,
      4,
      13,
      0,
      3,
      3,
      15,
      11,
      15,
      4,
      14,
      15,
      15,
      11,
      3,
      3,
      9,
      3,
      9,
      8,
      3,
      1,
      0,
      10,
      0,
      1,
      12,
      15,
      5,
      9,
      2,
      9,
      14,
      1,
      2,
      9,
      10,
      9,
      3,
      11,
      14,
      10,
      5,
      9,
      14,
      13,
      9,
      11,
      10,
      3,
      1
    ],
    "alight": [
      4,
      2,
      3,
      15,
      3,
      2,
      13,
      15,
      9,
      7,
      3,
      10,
      2,
      4,
      11,
      1,
      4,
      5,
      4,
      4,
      4,
      0,
      4,
      0,
      3,
      15,
      12,
      10,
      15,
      10,
      6,
      15,
      2,
      3,
      8,
      7,
      3,
      7,
      7,
      9,
      3,
      5,
      4,
      2,
      11,
      4,
      0,
      15,
      6,
      12,
      5,
      1,
      5,
      12,
      13,
      10,
      2,
      13,
      7,
      8,
      13,
      12,
      7,
      12
    ]
  },
  "贵阳辰希·翰酒店": {
    "time": [
      "06:15:30",
      "06:30:18",
      "06:44:59",
      "07:00:09",
      "07:15:17",
      "07:29:50",
      "07:44:11",
      "07:59:28",
      "08:14:20",
      "08:29:04",
      "08:43:33",
      "08:58:16",
      "09:14:05",
      "09:28:39",
      "09:43:02",
      "09:57:50",
      "10:12:09",
      "10:26:34",
      "10:41:34",
      "10:55:57",
      "11:10:53",
      "11:25:55",
      "11:41:31",
      "11:57:10",
      "12:12:31",
      "12:26:46",
      "12:40:56",
      "12:56:44",
      "13:12:32",
      "13:27:17",
      "13:41:36",
      "13:56:30",
      "14:12:03",
      "14:27:31",
      "14:42:12",
      "14:57:40",
      "15:12:50",
      "15:28:33",
      "15:43:41",
      "15:58:43",
      "16:13:46",
      "16:29:24",
      "16:45:14",
      "17:01:01",
      "17:16:21",
      "17:31:06",
      "17:45:30",
      "17:59:56",
      "18:15:01",
      "18:30:40",
      "18:45:53",
      "19:00:49",
      "19:15:59",
      "19:30:24",
      "19:45:48",
      "20:00:32",
      "20:15:00",
      "20:29:56",
      "20:45:34",
      "21:01:11",
      "21:16:46",
      "21:31:45",
      "21:47:25",
      "22:01:47"
    ],
    "board": [
      10,
      2,
      8,
      9,
      14,
      10,
      15,
      15,
      3,
      10,
      8,
      4,
      8,
      9,
      15,
      14,
      1,
      2,
      14,
      15,
      6,
      9,
      5,
      14,
      2,
      3,
      7,
      5,
      9,
      2,
      5,
      0,
      1,
      10,
      0,
      2,
      11,
      9,
      0,
      13,
      15,
      10,
      2,
      5,
      5,
      7,
      12,
      4,
      3,
      13,
      7,
      13,
      10,
      8,
      10,
      9,
      5,
      12,
      9,
      3,
      8,
      3,
      2,
      5
    ],
    "alight": [
      14,
      6,
      2,
      6,
      9,
      0,
      7,
      12,
      15,
      8,
      11,
      1,
      6,
      11,
      1,
      2,
      3,
      13,
      10,
      3,
      15,
      14,
      14,
      15,
      4,
      0,
      4,
      9,
      2,
      15,
      9,
      10,
      4,
      14,
      10,
      3,
      2,
      0,
      0,
      11,
      6,
      2,
      1,
      9,
      3,
      6,
      5,
      3,
      13,
      15,
      10,
      9,
      2,
      8,
      11,
      13,
      7,
      7,
      12,
      4,
      4,
      9,
      15,
      13
    ]
  },
  "老字号福来川菜馆(知秋轩店)": {
    "time": [
      "06:15:30",
      "06:30:18",
      "06:44:59",
      "07:00:09",
      "07:15:17",
      "07:29:50",
      "07:44:11",
      "07:59:28",
      "08:14:20",
      "08:29:04",
      "08:43:33",
      "08:58:16",
      "09:14:05",
      "09:28:39",
      "09:43:02",
      "09:57:50",
      "10:12:09",
      "10:26:34",
      "10:41:34",
      "10:55:57",
      "11:10:53",
      "11:25:55",
      "11:41:31",
      "11:57:10",
      "12:12:31",
      "12:26:46",
      "12:40:56",
      "12:56:44",
      "13:12:32",
      "13:27:17",
      "13:41:36",
      "13:56:30",
      "14:12:03",
      "14:27:31",
      "14:42:12",
      "14:57:40",
      "15:12:50",
      "15:28:33",
      "15:43:41",
      "15:58:43",
      "16:13:46",
      "16:29:24",
      "16:45:14",
      "17:01:01",
      "17:16:21",
      "17:31:06",
      "17:45:30",
      "17:59:56",
      "18:15:01",
      "18:30:40",
      "18:45:53",
      "19:00:49",
      "19:15:59",
      "19:30:24",
      "19:45:48",
      "20:00:32",
      "20:15:00",
      "20:29:56",
      "20:45:34",
      "21:01:11",
      "21:16:46",
      "21:31:45",
      "21:47:25",
      "22:01:47"
    ],
    "board": [
      8,
      1,
      14,
      12,
      8,
      12,
      2,
      1,
      6,
      10,
      14,
      7,
      2,
      0,
      1,
      5,
      5,
      14,
      13,
      2,
      10,
      14,
      6,
      3,
      14,
      12,
      8,
      12,
      0,
      9,
      15,
      11,
      13,
      8,
      7,
      12,
      9,
      13,
      2,
      9,
      5,
      4,
      5,
      2,
      11,
      5,
      8,
      15,
      15,
      10,
      1,
      8,
      8,
      12,
      2,
      12,
      7,
      14,
      12,
      12,
      10,
      14,
      3,
      7
    ],
    "alight": [
      0,
      2,
      6,
      9,
      3,
      2,
      10,
      12,
      11,
      13,
      6,
      7,
      10,
      0,
      6,
      12,
      9,
      15,
      10,
      7,
      1,
      15,
      6,
      6,
      15,
      12,
      1,
      8,
      9,
      9,
      15,
      12,
      8,
      2,
      13,
      11,
      2,
      0,
      15,
      14,
      15,
      15,
      10,
      2,
      12,
      7,
      9,
      11,
      7,
      5,
      6,
      8,
      8,
      0,
      1,
      2,
      1,
      4,
      9,
      2,
      7,
      9,
      3,
      1
    ]
  },
  "贵阳白云银安防雷装置检测站": {
    "time": [
      "06:15:30",
      "06:30:18",
      "06:44:59",
      "07:00:09",
      "07:15:17",
      "07:29:50",
      "07:44:11",
      "07:59:28",
      "08:14:20",
      "08:29:04",
      "08:43:33",
      "08:58:16",
      "09:14:05",
      "09:28:39",
      "09:43:02",
      "09:57:50",
      "10:12:09",
      "10:26:34",
      "10:41:34",
      "10:55:57",
      "11:10:53",
      "11:25:55",
      "11:41:31",
      "11:57:10",
      "12:12:31",
      "12:26:46",
      "12:40:56",
      "12:56:44",
      "13:12:32",
      "13:27:17",
      "13:41:36",
      "13:56:30",
      "14:12:03",
      "14:27:31",
      "14:42:12",
      "14:57:40",
      "15:12:50",
      "15:28:33",
      "15:43:41",
      "15:58:43",
      "16:13:46",
      "16:29:24",
      "16:45:14",
      "17:01:01",
      "17:16:21",
      "17:31:06",
      "17:45:30",
      "17:59:56",
      "18:15:01",
      "18:30:40",
      "18:45:53",
      "19:00:49",
      "19:15:59",
      "19:30:24",
      "19:45:48",
      "20:00:32",
      "20:15:00",
      "20:29:56",
      "20:45:34",
      "21:01:11",
      "21:16:46",
      "21:31:45",
      "21:47:25",
      "22:01:47"
    ],
    "board": [
      13,
      5,
      12,
      9,
      12,
      6,
      6,
      14,
      13,
      13,
      3,
      5,
      11,
      14,
      1,
      9,
      9,
      6,
      10,
      7,
      12,
      6,
      15,
      6,
      2,
      8,
      4,
      13,
      8,
      0,
      10,
      11,
      8,
      11,
      7,
      8,
      15,
      14,
      1,
      11,
      7,
      14,
      5,
      6,
      0,
      15,
      6,
      15,
      14,
      9,
      8,
      8,
      11,
      6,
      9,
      12,
      7,
      11,
      13,
      15,
      15,
      1,
      14,
      13
    ],
    "alight": [
      14,
      4,
      13,
      4,
      8,
      0,
      5,
      1,
      12,
      10,
      14,
      4,
      12,
      13,
      9,
      2,
      8,
      5,
      2,
      13,
      15,
      4,
      15,
      0,
      6,
      13,
      10,
      3,
      4,
      0,
      6,
      15,
      10,
      6,
      13,
      2,
      11,
      1,
      5,
      8,
      2,
      13,
      13,
      11,
      1,
      8,
      9,
      13,
      8,
      0,
      1,
      2,
      13,
      4,
      3,
      13,
      0,
      9,
      8,
      14,
      4,
      3,
      7,
      8
    ]
  },
  "中国石化白云铝兴加油站": {
    "time": [
      "06:15:30",
      "06:30:18",
      "06:44:59",
      "07:00:09",
      "07:15:17",
      "07:29:50",
      "07:44:11",
      "07:59:28",
      "08:14:20",
      "08:29:04",
      "08:43:33",
      "08:58:16",
      "09:14:05",
      "09:28:39",
      "09:43:02",
      "09:57:50",
      "10:12:09",
      "10:26:34",
      "10:41:34",
      "10:55:57",
      "11:10:53",
      "11:25:55",
      "11:41:31",
      "11:57:10",
      "12:12:31",
      "12:26:46",
      "12:40:56",
      "12:56:44",
      "13:12:32",
      "13:27:17",
      "13:41:36",
      "13:56:30",
      "14:12:03",
      "14:27:31",
      "14:42:12",
      "14:57:40",
      "15:12:50",
      "15:28:33",
      "15:43:41",
      "15:58:43",
      "16:13:46",
      "16:29:24",
      "16:45:14",
      "17:01:01",
      "17:16:21",
      "17:31:06",
      "17:45:30",
      "17:59:56",
      "18:15:01",
      "18:30:40",
      "18:45:53",
      "19:00:49",
      "19:15:59",
      "19:30:24",
      "19:45:48",
      "20:00:32",
      "20:15:00",
      "20:29:56",
      "20:45:34",
      "21:01:11",
      "21:16:46",
      "21:31:45",
      "21:47:25",
      "22:01:47"
    ],
    "board": [
      0,
      0,
      0,
      2,
      9,
      2,
      8,
      0,
      6,
      9,
      4,
      1,
      6,
      6,
      7,
      11,
      15,
      8,
      0,
      0,
      11,
      7,
      1,
      12,
      8,
      1,
      1,
      4,
      13,
      8,
      11,
      7,
      6,
      8,
      0,
      4,
      15,
      12,
      8,
      9,
      13,
      10,
      8,
      9,
      6,
      13,
      4,
      8,
      13,
      2,
      14,
      9,
      15,
      12,
      11,
      2,
      10,
      5,
      3,
      6,
      13,
      8,
      11,
      0
    ],
    "alight": [
      8,
      11,
      15,
      12,
      12,
      10,
      0,
      10,
      7,
      8,
      4,
      2,
      15,
      6,
      14,
      10,
      6,
      12,
      11,
      1,
      10,
      1,
      6,
      11,
      12,
      14,
      15,
      15,
      4,
      11,
      6,
      9,
      1,
      0,
      3,
      5,
      7,
      15,
      1,
      15,
      12,
      2,
      9,
      11,
      8,
      1,
      13,
      1,
      2,
      11,
      11,
      9,
      6,
      6,
      0,
      12,
      8,
      3,
      8,
      13,
      7,
      10,
      13,
      6
    ]
  },
  "贵州融鹰塑业科技有限公司(云环东路)": {
    "time": [
      "06:15:30",
      "06:30:18",
      "06:44:59",
      "07:00:09",
      "07:15:17",
      "07:29:50",
      "07:44:11",
      "07:59:28",
      "08:14:20",
      "08:29:04",
      "08:43:33",
      "08:58:16",
      "09:14:05",
      "09:28:39",
      "09:43:02",
      "09:57:50",
      "10:12:09",
      "10:26:34",
      "10:41:34",
      "10:55:57",
      "11:10:53",
      "11:25:55",
      "11:41:31",
      "11:57:10",
      "12:12:31",
      "12:26:46",
      "12:40:56",
      "12:56:44",
      "13:12:32",
      "13:27:17",
      "13:41:36",
      "13:56:30",
      "14:12:03",
      "14:27:31",
      "14:42:12",
      "14:57:40",
      "15:12:50",
      "15:28:33",
      "15:43:41",
      "15:58:43",
      "16:13:46",
      "16:29:24",
      "16:45:14",
      "17:01:01",
      "17:16:21",
      "17:31:06",
      "17:45:30",
      "17:59:56",
      "18:15:01",
      "18:30:40",
      "18:45:53",
      "19:00:49",
      "19:15:59",
      "19:30:24",
      "19:45:48",
      "20:00:32",
      "20:15:00",
      "20:29:56",
      "20:45:34",
      "21:01:11",
      "21:16:46",
      "21:31:45",
      "21:47:25",
      "22:01:47"
    ],
    "board": [
      12,
      4,
      0,
      11,
      10,
      8,
      12,
      1,
      4,
      13,
      9,
      15,
      9,
      3,
      14,
      14,
      6,
      5,
      12,
      15,
      10,
      8,
      8,
      1,
      15,
      12,
      12,
      15,
      5,
      3,
      15,
      5,
      13,
      8,
      6,
      7,
      11,
      9,
      0,
      2,
      7,
      4,
      1,
      3,
      3,
      13,
      5,
      1,
      12,
      0,
      2,
      8,
      12,
      8,
      10,
      11,
      4,
      13,
      15,
      10,
      4,
      6,
      10,
      10
    ],
    "alight": [
      7,
      0,
      11,
      13,
      4,
      0,
      3,
      15,
      6,
      14,
      1,
      5,
      1,
      0,
      7,
      0,
      4,
      5,
      1,
      1,
      1,
      12,
      14,
      5,
      11,
      3,
      6,
      8,
      6,
      15,
      10,
      6,
      14,
      8,
      7,
      7,
      14,
      13,
      14,
      11,
      15,
      4,
      10,
      0,
      7,
      6,
      2,
      3,
      6,
      10,
      7,
      14,
      4,
      2,
      9,
      11,
      3,
      10,
      8,
      10,
      12,
      15,
      8,
      5
    ]
  },
  "千里驹新能源汽车维修服务有限公司": {
    "time": [
      "06:15:30",
      "06:30:18",
      "06:44:59",
      "07:00:09",
      "07:15:17",
      "07:29:50",
      "07:44:11",
      "07:59:28",
      "08:14:20",
      "08:29:04",
      "08:43:33",
      "08:58:16",
      "09:14:05",
      "09:28:39",
      "09:43:02",
      "09:57:50",
      "10:12:09",
      "10:26:34",
      "10:41:34",
      "10:55:57",
      "11:10:53",
      "11:25:55",
      "11:41:31",
      "11:57:10",
      "12:12:31",
      "12:26:46",
      "12:40:56",
      "12:56:44",
      "13:12:32",
      "13:27:17",
      "13:41:36",
      "13:56:30",
      "14:12:03",
      "14:27:31",
      "14:42:12",
      "14:57:40",
      "15:12:50",
      "15:28:33",
      "15:43:41",
      "15:58:43",
      "16:13:46",
      "16:29:24",
      "16:45:14",
      "17:01:01",
      "17:16:21",
      "17:31:06",
      "17:45:30",
      "17:59:56",
      "18:15:01",
      "18:30:40",
      "18:45:53",
      "19:00:49",
      "19:15:59",
      "19:30:24",
      "19:45:48",
      "20:00:32",
      "20:15:00",
      "20:29:56",
      "20:45:34",
      "21:01:11",
      "21:16:46",
      "21:31:45",
      "21:47:25",
      "22:01:47"
    ],
    "board": [
      10,
      7,
      1,
      12,
      0,
      10,
      3,
      10,
      3,
      14,
      15,
      14,
      10,
      10,
      14,
      0,
      0,
      14,
      6,
      3,
      9,
      3,
      11,
      8,
      9,
      12,
      10,
      12,
      4,
      13,
      1,
      3,
      12,
      5,
      11,
      9,
      7,
      6,
      10,
      5,
      12,
      14,
      1,
      9,
      1,
      11,
      6,
      2,
      5,
      0,
      13,
      5,
      9,
      8,
      11,
      7,
      4,
      8,
      1,
      11,
      5,
      7,
      0,
      3
    ],
    "alight": [
      10,
      15,
      8,
      11,
      11,
      13,
      7,
      13,
      8,
      0,
      2,
      12,
      13,
      15,
      5,
      7,
      14,
      3,
      4,
      11,
      10,
      15,
      4,
      6,
      11,
      8,
      10,
      3,
      11,
      2,
      7,
      1,
      9,
      2,
      2,
      3,
      12,
      0,
      1,
      4,
      4,
      9,
      1,
      0,
      8,
      13,
      15,
      10,
      4,
      12,
      12,
      14,
      12,
      13,
      10,
      3,
      6,
      8,
      1,
      12,
      5,
      3,
      4,
      12
    ]
  },
  "冷水村综合楼": {
    "time": [
      "06:15:30",
      "06:30:18",
      "06:44:59",
      "07:00:09",
      "07:15:17",
      "07:29:50",
      "07:44:11",
      "07:59:28",
      "08:14:20",
      "08:29:04",
      "08:43:33",
      "08:58:16",
      "09:14:05",
      "09:28:39",
      "09:43:02",
      "09:57:50",
      "10:12:09",
      "10:26:34",
      "10:41:34",
      "10:55:57",
      "11:10:53",
      "11:25:55",
      "11:41:31",
      "11:57:10",
      "12:12:31",
      "12:26:46",
      "12:40:56",
      "12:56:44",
      "13:12:32",
      "13:27:17",
      "13:41:36",
      "13:56:30",
      "14:12:03",
      "14:27:31",
      "14:42:12",
      "14:57:40",
      "15:12:50",
      "15:28:33",
      "15:43:41",
      "15:58:43",
      "16:13:46",
      "16:29:24",
      "16:45:14",
      "17:01:01",
      "17:16:21",
      "17:31:06",
      "17:45:30",
      "17:59:56",
      "18:15:01",
      "18:30:40",
      "18:45:53",
      "19:00:49",
      "19:15:59",
      "19:30:24",
      "19:45:48",
      "20:00:32",
      "20:15:00",
      "20:29:56",
      "20:45:34",
      "21:01:11",
      "21:16:46",
      "21:31:45",
      "21:47:25",
      "22:01:47"
    ],
    "board": [
      8,
      11,
      2,
      9,
      9,
      3,
      9,
      10,
      13,
      1,
      7,
      8,
      10,
      1,
      14,
      9,
      0,
      11,
      1,
      3,
      9,
      15,
      3,
      3,
      4,
      2,
      9,
      0,
      8,
      6,
      14,
      7,
      7,
      10,
      4,
      11,
      11,
      14,
      2,
      6,
      10,
      3,
      14,
      13,
      3,
      6,
      11,
      8,
      10,
      3,
      4,
      15,
      10,
      12,
      3,
      10,
      10,
      5,
      3,
      2,
      9,
      7,
      5,
      14
    ],
    "alight": [
      9,
      1,
      5,
      8,
      13,
      3,
      10,
      10,
      13,
      12,
      3,
      10,
      14,
      14,
      0,
      13,
      9,
      12,
      10,
      3,
      4,
      13,
      4,
      1,
      13,
      4,
      4,
      6,
      2,
      8,
      8,
      1,
      5,
      0,
      8,
      11,
      2,
      8,
      2,
      14,
      0,
      14,
      15,
      8,
      11,
      9,
      3,
      9,
      10,
      0,
      4,
      7,
      5,
      3,
      12,
      6,
      12,
      3,
      11,
      6,
      13,
      2,
      13,
      14
    ]
  },
  "冷水村村委会": {
    "time": [
      "06:15:30",
      "06:30:18",
      "06:44:59",
      "07:00:09",
      "07:15:17",
      "07:29:50",
      "07:44:11",
      "07:59:28",
      "08:14:20",
      "08:29:04",
      "08:43:33",
      "08:58:16",
      "09:14:05",
      "09:28:39",
      "09:43:02",
      "09:57:50",
      "10:12:09",
      "10:26:34",
      "10:41:34",
      "10:55:57",
      "11:10:53",
      "11:25:55",
      "11:41:31",
      "11:57:10",
      "12:12:31",
      "12:26:46",
      "12:40:56",
      "12:56:44",
      "13:12:32",
      "13:27:17",
      "13:41:36",
      "13:56:30",
      "14:12:03",
      "14:27:31",
      "14:42:12",
      "14:57:40",
      "15:12:50",
      "15:28:33",
      "15:43:41",
      "15:58:43",
      "16:13:46",
      "16:29:24",
      "16:45:14",
      "17:01:01",
      "17:16:21",
      "17:31:06",
      "17:45:30",
      "17:59:56",
      "18:15:01",
      "18:30:40",
      "18:45:53",
      "19:00:49",
      "19:15:59",
      "19:30:24",
      "19:45:48",
      "20:00:32",
      "20:15:00",
      "20:29:56",
      "20:45:34",
      "21:01:11",
      "21:16:46",
      "21:31:45",
      "21:47:25",
      "22:01:47"
    ],
    "board": [
      13,
      9,
      14,
      14,
      9,
      11,
      15,
      10,
      5,
      12,
      11,
      6,
      5,
      4,
      2,
      12,
      11,
      15,
      11,
      12,
      2,
      8,
      14,
      9,
      15,
      7,
      13,
      3,
      5,
      1,
      2,
      0,
      15,
      7,
      1,
      12,
      11,
      2,
      14,
      11,
      9,
      14,
      14,
      14,
      14,
      3,
      4,
      9,
      8,
      3,
      15,
      2,
      9,
      7,
      5,
      15,
      5,
      13,
      15,
      7,
      5,
      0,
      12,
      1
    ],
    "alight": [
      5,
      0,
      2,
      15,
      1,
      8,
      6,
      10,
      11,
      15,
      11,
      13,
      3,
      9,
      4,
      2,
      15,
      13,
      9,
      8,
      0,
      7,
      8,
      10,
      5,
      11,
      13,
      1,
      4,
      6,
      11,
      2,
      5,
      14,
      1,
      0,
      7,
      12,
      3,
      1,
      2,
      4,
      15,
      9,
      8,
      3,
      4,
      7,
      2,
      4,
      0,
      13,
      15,
      12,
      7,
      10,
      13,
      13,
      8,
      8,
      10,
      9,
      11,
      14
    ]
  },
  "都拉乡政府": {
    "time": [
      "06:15:30",
      "06:30:18",
      "06:44:59",
      "07:00:09",
      "07:15:17",
      "07:29:50",
      "07:44:11",
      "07:59:28",
      "08:14:20",
      "08:29:04",
      "08:43:33",
      "08:58:16",
      "09:14:05",
      "09:28:39",
      "09:43:02",
      "09:57:50",
      "10:12:09",
      "10:26:34",
      "10:41:34",
      "10:55:57",
      "11:10:53",
      "11:25:55",
      "11:41:31",
      "11:57:10",
      "12:12:31",
      "12:26:46",
      "12:40:56",
      "12:56:44",
      "13:12:32",
      "13:27:17",
      "13:41:36",
      "13:56:30",
      "14:12:03",
      "14:27:31",
      "14:42:12",
      "14:57:40",
      "15:12:50",
      "15:28:33",
      "15:43:41",
      "15:58:43",
      "16:13:46",
      "16:29:24",
      "16:45:14",
      "17:01:01",
      "17:16:21",
      "17:31:06",
      "17:45:30",
      "17:59:56",
      "18:15:01",
      "18:30:40",
      "18:45:53",
      "19:00:49",
      "19:15:59",
      "19:30:24",
      "19:45:48",
      "20:00:32",
      "20:15:00",
      "20:29:56",
      "20:45:34",
      "21:01:11",
      "21:16:46",
      "21:31:45",
      "21:47:25",
      "22:01:47"
    ],
    "board": [
      10,
      12,
      3,
      4,
      9,
      15,
      13,
      0,
      2,
      14,
      4,
      5,
      0,
      14,
      3,
      5,
      12,
      14,
      0,
      15,
      3,
      4,
      1,
      12,
      13,
      6,
      6,
      0,
      13,
      0,
      13,
      14,
      3,
      0,
      11,
      12,
      2,
      12,
      11,
      3,
      7,
      11,
      13,
      11,
      4,
      1,
      12,
      12,
      2,
      0,
      4,
      5,
      1,
      3,
      3,
      6,
      4,
      11,
      13,
      10,
      8,
      11,
      7,
      4
    ],
    "alight": [
      2,
      13,
      2,
      11,
      3,
      9,
      4,
      7,
      7,
      10,
      9,
      1,
      10,
      1,
      10,
      15,
      1,
      10,
      6,
      14,
      10,
      14,
      7,
      7,
      11,
      9,
      9,
      4,
      5,
      13,
      5,
      3,
      7,
      8,
      3,
      13,
      7,
      1,
      10,
      7,
      5,
      5,
      0,
      9,
      12,
      14,
      0,
      13,
      5,
      6,
      8,
      14,
      14,
      2,
      2,
      11,
      4,
      5,
      13,
      4,
      10,
      6,
      9,
      0
    ]
  },
  "阳春家居实体店": {
    "time": [
      "06:15:30",
      "06:30:18",
      "06:44:59",
      "07:00:09",
      "07:15:17",
      "07:29:50",
      "07:44:11",
      "07:59:28",
      "08:14:20",
      "08:29:04",
      "08:43:33",
      "08:58:16",
      "09:14:05",
      "09:28:39",
      "09:43:02",
      "09:57:50",
      "10:12:09",
      "10:26:34",
      "10:41:34",
      "10:55:57",
      "11:10:53",
      "11:25:55",
      "11:41:31",
      "11:57:10",
      "12:12:31",
      "12:26:46",
      "12:40:56",
      "12:56:44",
      "13:12:32",
      "13:27:17",
      "13:41:36",
      "13:56:30",
      "14:12:03",
      "14:27:31",
      "14:42:12",
      "14:57:40",
      "15:12:50",
      "15:28:33",
      "15:43:41",
      "15:58:43",
      "16:13:46",
      "16:29:24",
      "16:45:14",
      "17:01:01",
      "17:16:21",
      "17:31:06",
      "17:45:30",
      "17:59:56",
      "18:15:01",
      "18:30:40",
      "18:45:53",
      "19:00:49",
      "19:15:59",
      "19:30:24",
      "19:45:48",
      "20:00:32",
      "20:15:00",
      "20:29:56",
      "20:45:34",
      "21:01:11",
      "21:16:46",
      "21:31:45",
      "21:47:25",
      "22:01:47"
    ],
    "board": [
      1,
      2,
      2,
      10,
      13,
      11,
      4,
      7,
      15,
      9,
      3,
      13,
      11,
      15,
      6,
      4,
      14,
      2,
      7,
      7,
      13,
      15,
      0,
      9,
      1,
      10,
      8,
      3,
      11,
      4,
      6,
      7,
      2,
      5,
      7,
      15,
      3,
      4,
      2,
      6,
      10,
      3,
      13,
      14,
      12,
      13,
      11,
      13,
      0,
      11,
      1,
      11,
      9,
      7,
      5,
      2,
      6,
      9,
      15,
      8,
      11,
      8,
      6,
      5
    ],
    "alight": [
      4,
      1,
      15,
      6,
      1,
      14,
      5,
      12,
      4,
      14,
      10,
      7,
      12,
      2,
      12,
      0,
      10,
      12,
      4,
      8,
      8,
      10,
      6,
      9,
      10,
      14,
      15,
      2,
      1,
      5,
      3,
      3,
      9,
      3,
      9,
      11,
      3,
      14,
      12,
      1,
      14,
      13,
      6,
      11,
      13,
      0,
      10,
      10,
      1,
      5,
      4,
      13,
      15,
      11,
      9,
      4,
      12,
      14,
      10,
      9,
      3,
      11,
      4,
      5
    ]
  },
  "贵州宏恩理容商贸有限公司": {
    "time": [
      "06:15:30",
      "06:30:18",
      "06:44:59",
      "07:00:09",
      "07:15:17",
      "07:29:50",
      "07:44:11",
      "07:59:28",
      "08:14:20",
      "08:29:04",
      "08:43:33",
      "08:58:16",
      "09:14:05",
      "09:28:39",
      "09:43:02",
      "09:57:50",
      "10:12:09",
      "10:26:34",
      "10:41:34",
      "10:55:57",
      "11:10:53",
      "11:25:55",
      "11:41:31",
      "11:57:10",
      "12:12:31",
      "12:26:46",
      "12:40:56",
      "12:56:44",
      "13:12:32",
      "13:27:17",
      "13:41:36",
      "13:56:30",
      "14:12:03",
      "14:27:31",
      "14:42:12",
      "14:57:40",
      "15:12:50",
      "15:28:33",
      "15:43:41",
      "15:58:43",
      "16:13:46",
      "16:29:24",
      "16:45:14",
      "17:01:01",
      "17:16:21",
      "17:31:06",
      "17:45:30",
      "17:59:56",
      "18:15:01",
      "18:30:40",
      "18:45:53",
      "19:00:49",
      "19:15:59",
      "19:30:24",
      "19:45:48",
      "20:00:32",
      "20:15:00",
      "20:29:56",
      "20:45:34",
      "21:01:11",
      "21:16:46",
      "21:31:45",
      "21:47:25",
      "22:01:47"
    ],
    "board": [
      3,
      15,
      8,
      1,
      6,
      0,
      8,
      10,
      1,
      6,
      3,
      6,
      8,
      4,
      0,
      5,
      12,
      2,
      15,
      0,
      15,
      7,
      1,
      8,
      8,
      12,
      4,
      5,
      5,
      3,
      3,
      8,
      0,
      2,
      6,
      9,
      5,
      7,
      9,
      11,
      12,
      3,
      2,
      6,
      14,
      2,
      5,
      2,
      14,
      0,
      7,
      7,
      11,
      14,
      11,
      12,
      13,
      8,
      3,
      6,
      11,
      4,
      0,
      10
    ],
    "alight": [
      4,
      1,
      6,
      14,
      3,
      3,
      0,
      15,
      5,
      1,
      7,
      14,
      15,
      8,
      0,
      8,
      2,
      1,
      2,
      0,
      12,
      13,
      7,
      11,
      3,
      2,
      14,
      5,
      6,
      13,
      6,
      2,
      7,
      10,
      6,
      2,
      4,
      6,
      0,
      0,
      12,
      12,
      10,
      0,
      9,
      1,
      4,
      13,
      4,
      3,
      1,
      9,
      1,
      8,
      1,
      10,
      0,
      3,
      0,
      3,
      3,
      8,
      6,
      1
    ]
  },
  "文体路": {
    "time": [
      "06:15:30",
      "06:30:18",
      "06:44:59",
      "07:00:09",
      "07:15:17",
      "07:29:50",
      "07:44:11",
      "07:59:28",
      "08:14:20",
      "08:29:04",
      "08:43:33",
      "08:58:16",
      "09:14:05",
      "09:28:39",
      "09:43:02",
      "09:57:50",
      "10:12:09",
      "10:26:34",
      "10:41:34",
      "10:55:57",
      "11:10:53",
      "11:25:55",
      "11:41:31",
      "11:57:10",
      "12:12:31",
      "12:26:46",
      "12:40:56",
      "12:56:44",
      "13:12:32",
      "13:27:17",
      "13:41:36",
      "13:56:30",
      "14:12:03",
      "14:27:31",
      "14:42:12",
      "14:57:40",
      "15:12:50",
      "15:28:33",
      "15:43:41",
      "15:58:43",
      "16:13:46",
      "16:29:24",
      "16:45:14",
      "17:01:01",
      "17:16:21",
      "17:31:06",
      "17:45:30",
      "17:59:56",
      "18:15:01",
      "18:30:40",
      "18:45:53",
      "19:00:49",
      "19:15:59",
      "19:30:24",
      "19:45:48",
      "20:00:32",
      "20:15:00",
      "20:29:56",
      "20:45:34",
      "21:01:11",
      "21:16:46",
      "21:31:45",
      "21:47:25",
      "22:01:47"
    ],
    "board": [
      5,
      13,
      8,
      8,
      15,
      1,
      5,
      14,
      8,
      7,
      10,
      12,
      0,
      14,
      12,
      1,
      15,
      14,
      0,
      3,
      10,
      12,
      3,
      13,
      0,
      9,
      7,
      3,
      7,
      6,
      1,
      15,
      3,
      12,
      10,
      13,
      15,
      8,
      0,
      12,
      12,
      0,
      15,
      0,
      8,
      3,
      0,
      3,
      0,
      7,
      12,
      9,
      15,
      12,
      6,
      15,
      11,
      1,
      10,
      2,
      9,
      1,
      5,
      15
    ],
    "alight": [
      10,
      13,
      1,
      14,
      5,
      4,
      7,
      10,
      2,
      10,
      4,
      14,
      10,
      9,
      2,
      12,
      9,
      2,
      7,
      9,
      3,
      2,
      3,
      10,
      0,
      1,
      3,
      3,
      10,
      6,
      15,
      12,
      12,
      7,
      2,
      4,
      3,
      5,
      10,
      12,
      0,
      10,
      13,
      11,
      0,
      0,
      5,
      6,
      12,
      3,
      14,
      13,
      13,
      12,
      6,
      10,
      13,
      15,
      10,
      9,
      6,
      8,
      0,
      5
    ]
  },
  "万顿子美术教育": {
    "time": [
      "06:15:30",
      "06:30:18",
      "06:44:59",
      "07:00:09",
      "07:15:17",
      "07:29:50",
      "07:44:11",
      "07:59:28",
      "08:14:20",
      "08:29:04",
      "08:43:33",
      "08:58:16",
      "09:14:05",
      "09:28:39",
      "09:43:02",
      "09:57:50",
      "10:12:09",
      "10:26:34",
      "10:41:34",
      "10:55:57",
      "11:10:53",
      "11:25:55",
      "11:41:31",
      "11:57:10",
      "12:12:31",
      "12:26:46",
      "12:40:56",
      "12:56:44",
      "13:12:32",
      "13:27:17",
      "13:41:36",
      "13:56:30",
      "14:12:03",
      "14:27:31",
      "14:42:12",
      "14:57:40",
      "15:12:50",
      "15:28:33",
      "15:43:41",
      "15:58:43",
      "16:13:46",
      "16:29:24",
      "16:45:14",
      "17:01:01",
      "17:16:21",
      "17:31:06",
      "17:45:30",
      "17:59:56",
      "18:15:01",
      "18:30:40",
      "18:45:53",
      "19:00:49",
      "19:15:59",
      "19:30:24",
      "19:45:48",
      "20:00:32",
      "20:15:00",
      "20:29:56",
      "20:45:34",
      "21:01:11",
      "21:16:46",
      "21:31:45",
      "21:47:25",
      "22:01:47"
    ],
    "board": [
      0,
      15,
      2,
      2,
      1,
      7,
      7,
      14,
      13,
      5,
      5,
      11,
      3,
      5,
      12,
      15,
      3,
      2,
      2,
      11,
      14,
      15,
      11,
      15,
      14,
      2,
      1,
      9,
      13,
      1,
      3,
      0,
      0,
      3,
      13,
      0,
      9,
      14,
      15,
      0,
      12,
      6,
      11,
      7,
      15,
      8,
      8,
      7,
      7,
      6,
      4,
      6,
      4,
      10,
      7,
      11,
      0,
      12,
      10,
      15,
      12,
      14,
      9,
      5
    ],
    "alight": [
      3,
      13,
      4,
      4,
      3,
      14,
      3,
      15,
      12,
      5,
      15,
      6,
      3,
      8,
      14,
      11,
      7,
      13,
      7,
      3,
      8,
      4,
      0,
      3,
      12,
      2,
      15,
      15,
      1,
      1,
      6,
      7,
      5,
      6,
      1,
      9,
      0,
      11,
      0,
      4,
      6,
      7,
      9,
      6,
      1,
      2,
      9,
      7,
      7,
      12,
      13,
      11,
      14,
      9,
      10,
      7,
      6,
      5,
      15,
      6,
      0,
      7,
      2,
      5
    ]
  },
  "贵阳翔鹏职业培训学校乌当校区": {
    "time": [
      "06:15:30",
      "06:30:18",
      "06:44:59",
      "07:00:09",
      "07:15:17",
      "07:29:50",
      "07:44:11",
      "07:59:28",
      "08:14:20",
      "08:29:04",
      "08:43:33",
      "08:58:16",
      "09:14:05",
      "09:28:39",
      "09:43:02",
      "09:57:50",
      "10:12:09",
      "10:26:34",
      "10:41:34",
      "10:55:57",
      "11:10:53",
      "11:25:55",
      "11:41:31",
      "11:57:10",
      "12:12:31",
      "12:26:46",
      "12:40:56",
      "12:56:44",
      "13:12:32",
      "13:27:17",
      "13:41:36",
      "13:56:30",
      "14:12:03",
      "14:27:31",
      "14:42:12",
      "14:57:40",
      "15:12:50",
      "15:28:33",
      "15:43:41",
      "15:58:43",
      "16:13:46",
      "16:29:24",
      "16:45:14",
      "17:01:01",
      "17:16:21",
      "17:31:06",
      "17:45:30",
      "17:59:56",
      "18:15:01",
      "18:30:40",
      "18:45:53",
      "19:00:49",
      "19:15:59",
      "19:30:24",
      "19:45:48",
      "20:00:32",
      "20:15:00",
      "20:29:56",
      "20:45:34",
      "21:01:11",
      "21:16:46",
      "21:31:45",
      "21:47:25",
      "22:01:47"
    ],
    "board": [
      3,
      5,
      11,
      3,
      13,
      2,
      5,
      0,
      11,
      14,
      11,
      14,
      8,
      8,
      8,
      4,
      9,
      3,
      4,
      2,
      1,
      7,
      2,
      3,
      0,
      11,
      11,
      5,
      9,
      0,
      7,
      15,
      13,
      1,
      14,
      14,
      10,
      15,
      15,
      5,
      13,
      7,
      7,
      7,
      13,
      3,
      12,
      8,
      3,
      7,
      11,
      9,
      4,
      4,
      1,
      4,
      13,
      6,
      7,
      6,
      9,
      7,
      14,
      5
    ],
    "alight": [
      1,
      15,
      8,
      0,
      8,
      4,
      9,
      1,
      12,
      9,
      8,
      15,
      7,
      14,
      4,
      10,
      9,
      5,
      13,
      14,
      12,
      3,
      15,
      0,
      1,
      0,
      9,
      13,
      11,
      10,
      11,
      10,
      11,
      14,
      4,
      12,
      6,
      15,
      5,
      9,
      4,
      5,
      15,
      8,
      13,
      1,
      0,
      10,
      12,
      8,
      8,
      4,
      0,
      1,
      0,
      9,
      15,
      12,
      0,
      2,
      4,
      6,
      12,
      11
    ]
  },
  "贵州鸿福顺达物流有限公司": {
    "time": [
      "06:15:30",
      "06:30:18",
      "06:44:59",
      "07:00:09",
      "07:15:17",
      "07:29:50",
      "07:44:11",
      "07:59:28",
      "08:14:20",
      "08:29:04",
      "08:43:33",
      "08:58:16",
      "09:14:05",
      "09:28:39",
      "09:43:02",
      "09:57:50",
      "10:12:09",
      "10:26:34",
      "10:41:34",
      "10:55:57",
      "11:10:53",
      "11:25:55",
      "11:41:31",
      "11:57:10",
      "12:12:31",
      "12:26:46",
      "12:40:56",
      "12:56:44",
      "13:12:32",
      "13:27:17",
      "13:41:36",
      "13:56:30",
      "14:12:03",
      "14:27:31",
      "14:42:12",
      "14:57:40",
      "15:12:50",
      "15:28:33",
      "15:43:41",
      "15:58:43",
      "16:13:46",
      "16:29:24",
      "16:45:14",
      "17:01:01",
      "17:16:21",
      "17:31:06",
      "17:45:30",
      "17:59:56",
      "18:15:01",
      "18:30:40",
      "18:45:53",
      "19:00:49",
      "19:15:59",
      "19:30:24",
      "19:45:48",
      "20:00:32",
      "20:15:00",
      "20:29:56",
      "20:45:34",
      "21:01:11",
      "21:16:46",
      "21:31:45",
      "21:47:25",
      "22:01:47"
    ],
    "board": [
      14,
      9,
      3,
      11,
      10,
      4,
      12,
      15,
      14,
      15,
      8,
      8,
      4,
      1,
      14,
      14,
      9,
      15,
      9,
      1,
      10,
      15,
      8,
      5,
      10,
      10,
      7,
      12,
      7,
      4,
      7,
      11,
      12,
      12,
      5,
      9,
      15,
      0,
      2,
      9,
      12,
      6,
      2,
      14,
      0,
      14,
      13,
      2,
      12,
      9,
      7,
      11,
      13,
      7,
      14,
      3,
      7,
      10,
      12,
      5,
      11,
      1,
      10,
      9
    ],
    "alight": [
      6,
      1,
      3,
      15,
      5,
      4,
      10,
      3,
      9,
      4,
      6,
      14,
      7,
      8,
      1,
      11,
      10,
      14,
      15,
      14,
      14,
      1,
      5,
      15,
      7,
      15,
      13,
      11,
      1,
      6,
      1,
      15,
      8,
      10,
      13,
      8,
      8,
      3,
      9,
      0,
      11,
      0,
      9,
      10,
      3,
      7,
      6,
      2,
      14,
      2,
      5,
      5,
      10,
      13,
      15,
      9,
      11,
      14,
      8,
      0,
      6,
      1,
      2,
      0
    ]
  },
  "乌当收费站(G6002贵阳绕城高速入口)": {
    "time": [
      "06:15:30",
      "06:30:18",
      "06:44:59",
      "07:00:09",
      "07:15:17",
      "07:29:50",
      "07:44:11",
      "07:59:28",
      "08:14:20",
      "08:29:04",
      "08:43:33",
      "08:58:16",
      "09:14:05",
      "09:28:39",
      "09:43:02",
      "09:57:50",
      "10:12:09",
      "10:26:34",
      "10:41:34",
      "10:55:57",
      "11:10:53",
      "11:25:55",
      "11:41:31",
      "11:57:10",
      "12:12:31",
      "12:26:46",
      "12:40:56",
      "12:56:44",
      "13:12:32",
      "13:27:17",
      "13:41:36",
      "13:56:30",
      "14:12:03",
      "14:27:31",
      "14:42:12",
      "14:57:40",
      "15:12:50",
      "15:28:33",
      "15:43:41",
      "15:58:43",
      "16:13:46",
      "16:29:24",
      "16:45:14",
      "17:01:01",
      "17:16:21",
      "17:31:06",
      "17:45:30",
      "17:59:56",
      "18:15:01",
      "18:30:40",
      "18:45:53",
      "19:00:49",
      "19:15:59",
      "19:30:24",
      "19:45:48",
      "20:00:32",
      "20:15:00",
      "20:29:56",
      "20:45:34",
      "21:01:11",
      "21:16:46",
      "21:31:45",
      "21:47:25",
      "22:01:47"
    ],
    "board": [
      5,
      14,
      9,
      15,
      11,
      7,
      2,
      12,
      12,
      4,
      1,
      6,
      6,
      4,
      10,
      8,
      14,
      1,
      9,
      11,
      10,
      0,
      0,
      4,
      14,
      1,
      2,
      5,
      0,
      12,
      7,
      5,
      9,
      2,
      10,
      3,
      6,
      10,
      10,
      11,
      4,
      4,
      1,
      7,
      12,
      3,
      15,
      10,
      0,
      8,
      0,
      2,
      2,
      9,
      8,
      6,
      2,
      1,
      6,
      4,
      6,
      0,
      4,
      11
    ],
    "alight": [
      14,
      4,
      2,
      7,
      0,
      2,
      6,
      2,
      7,
      9,
      5,
      7,
      12,
      1,
      13,
      5,
      9,
      13,
      15,
      2,
      13,
      11,
      0,
      1,
      13,
      14,
      1,
      8,
      0,
      2,
      8,
      13,
      11,
      10,
      7,
      15,
      5,
      10,
      8,
      2,
      3,
      6,
      9,
      2,
      14,
      7,
      2,
      6,
      11,
      12,
      3,
      0,
      14,
      1,
      8,
      14,
      2,
      0,
      10,
      1,
      2,
      4,
      10,
      9
    ]
  },
  "G6002贵阳绕城高速入口(凯里方向)": {
    "time": [
      "06:15:30",
      "06:30:18",
      "06:44:59",
      "07:00:09",
      "07:15:17",
      "07:29:50",
      "07:44:11",
      "07:59:28",
      "08:14:20",
      "08:29:04",
      "08:43:33",
      "08:58:16",
      "09:14:05",
      "09:28:39",
      "09:43:02",
      "09:57:50",
      "10:12:09",
      "10:26:34",
      "10:41:34",
      "10:55:57",
      "11:10:53",
      "11:25:55",
      "11:41:31",
      "11:57:10",
      "12:12:31",
      "12:26:46",
      "12:40:56",
      "12:56:44",
      "13:12:32",
      "13:27:17",
      "13:41:36",
      "13:56:30",
      "14:12:03",
      "14:27:31",
      "14:42:12",
      "14:57:40",
      "15:12:50",
      "15:28:33",
      "15:43:41",
      "15:58:43",
      "16:13:46",
      "16:29:24",
      "16:45:14",
      "17:01:01",
      "17:16:21",
      "17:31:06",
      "17:45:30",
      "17:59:56",
      "18:15:01",
      "18:30:40",
      "18:45:53",
      "19:00:49",
      "19:15:59",
      "19:30:24",
      "19:45:48",
      "20:00:32",
      "20:15:00",
      "20:29:56",
      "20:45:34",
      "21:01:11",
      "21:16:46",
      "21:31:45",
      "21:47:25",
      "22:01:47"
    ],
    "board": [
      0,
      0,
      2,
      2,
      0,
      0,
      0,
      0,
      0,
      0,
      0,
      0,
      0,
      0,
      0,
      0,
      0,
      0,
      0,
      0,
      0,
      0,
      0,
      0,
      0,
      0,
      0,
      0,
      0,
      0,
      0,
      0,
      0,
      0,
      0,
      0,
      0,
      0,
      0,
      0,
      0,
      0,
      0,
      0,
      1,
      0,
      0,
      0,
      0,
      0,
      0,
      0,
      0,
      0,
      0,
      0,
      0,
      0,
      0,
      5,
      0,
      0,
      0,
      0
    ],
    "alight": [
      4,
      15,
      12,
      12,
      14,
      13,
      3,
      12,
      0,
      12,
      9,
      9,
      14,
      10,
      8,
      13,
      7,
      5,
      3,
      1,
      3,
      11,
      13,
      7,
      9,
      14,
      3,
      7,
      12,
      10,
      11,
      3,
      14,
      4,
      8,
      2,
      10,
      14,
      3,
      12,
      14,
      13,
      4,
      2,
      14,
      11,
      15,
      9,
      6,
      11,
      11,
      5,
      6,
      15,
      13,
      2,
      12,
      6,
      12,
      11,
      4,
      9,
      4,
      4
    ]
  },
  "北京东路": {
    "time": [
      "06:15:30",
      "06:30:18",
      "06:44:59",
      "07:00:09",
      "07:15:17",
      "07:29:50",
      "07:44:11",
      "07:59:28",
      "08:14:20",
      "08:29:04",
      "08:43:33",
      "08:58:16",
      "09:14:05",
      "09:28:39",
      "09:43:02",
      "09:57:50",
      "10:12:09",
      "10:26:34",
      "10:41:34",
      "10:55:57",
      "11:10:53",
      "11:25:55",
      "11:41:31",
      "11:57:10",
      "12:12:31",
      "12:26:46",
      "12:40:56",
      "12:56:44",
      "13:12:32",
      "13:27:17",
      "13:41:36",
      "13:56:30",
      "14:12:03",
      "14:27:31",
      "14:42:12",
      "14:57:40",
      "15:12:50",
      "15:28:33",
      "15:43:41",
      "15:58:43",
      "16:13:46",
      "16:29:24",
      "16:45:14",
      "17:01:01",
      "17:16:21",
      "17:31:06",
      "17:45:30",
      "17:59:56",
      "18:15:01",
      "18:30:40",
      "18:45:53",
      "19:00:49",
      "19:15:59",
      "19:30:24",
      "19:45:48",
      "20:00:32",
      "20:15:00",
      "20:29:56",
      "20:45:34",
      "21:01:11",
      "21:16:46",
      "21:31:45",
      "21:47:25",
      "22:01:47"
    ],
    "board": [
      0,
      0,
      0,
      0,
      0,
      0,
      0,
      0,
      0,
      0,
      3,
      0,
      1,
      0,
      1,
      0,
      0,
      0,
      0,
      0,
      0,
      0,
      0,
      0,
      0,
      0,
      0,
      0,
      0,
      0,
      0,
      0,
      0,
      0,
      0,
      0,
      0,
      0,
      0,
      0,
      0,
      0,
      0,
      0,
      0,
      0,
      0,
      0,
      0,
      0,
      0,
      0,
      0,
      0,
      0,
      0,
      0,
      0,
      0,
      0,
      0,
      0,
      0,
      3
    ],
    "alight": [
      5,
      1,
      14,
      5,
      2,
      15,
      0,
      13,
      13,
      12,
      10,
      5,
      0,
      2,
      12,
      11,
      2,
      11,
      6,
      10,
      13,
      3,
      13,
      7,
      14,
      5,
      10,
      4,
      5,
      6,
      9,
      15,
      1,
      5,
      9,
      2,
      10,
      5,
      0,
      3,
      12,
      13,
      7,
      13,
      14,
      12,
      11,
      6,
      5,
      8,
      0,
      11,
      14,
      15,
      2,
      9,
      1,
      13,
      14,
      8,
      11,
      11,
      9,
      7
    ]
  },
  "三江村委会社会治理综合服务中心": {
    "time": [
      "06:15:30",
      "06:30:18",
      "06:44:59",
      "07:00:09",
      "07:15:17",
      "07:29:50",
      "07:44:11",
      "07:59:28",
      "08:14:20",
      "08:29:04",
      "08:43:33",
      "08:58:16",
      "09:14:05",
      "09:28:39",
      "09:43:02",
      "09:57:50",
      "10:12:09",
      "10:26:34",
      "10:41:34",
      "10:55:57",
      "11:10:53",
      "11:25:55",
      "11:41:31",
      "11:57:10",
      "12:12:31",
      "12:26:46",
      "12:40:56",
      "12:56:44",
      "13:12:32",
      "13:27:17",
      "13:41:36",
      "13:56:30",
      "14:12:03",
      "14:27:31",
      "14:42:12",
      "14:57:40",
      "15:12:50",
      "15:28:33",
      "15:43:41",
      "15:58:43",
      "16:13:46",
      "16:29:24",
      "16:45:14",
      "17:01:01",
      "17:16:21",
      "17:31:06",
      "17:45:30",
      "17:59:56",
      "18:15:01",
      "18:30:40",
      "18:45:53",
      "19:00:49",
      "19:15:59",
      "19:30:24",
      "19:45:48",
      "20:00:32",
      "20:15:00",
      "20:29:56",
      "20:45:34",
      "21:01:11",
      "21:16:46",
      "21:31:45",
      "21:47:25",
      "22:01:47"
    ],
    "board": [
      0,
      0,
      0,
      0,
      0,
      0,
      0,
      0,
      0,
      3,
      0,
      0,
      0,
      0,
      0,
      0,
      0,
      0,
      0,
      0,
      0,
      0,
      0,
      0,
      0,
      0,
      0,
      0,
      0,
      0,
      0,
      0,
      0,
      0,
      0,
      0,
      0,
      0,
      0,
      0,
      0,
      0,
      0,
      0,
      2,
      0,
      0,
      0,
      0,
      0,
      0,
      0,
      0,
      0,
      0,
      0,
      0,
      0,
      0,
      0,
      1,
      3,
      0,
      0
    ],
    "alight": [
      3,
      6,
      13,
      1,
      9,
      1,
      6,
      0,
      1,
      13,
      10,
      11,
      5,
      2,
      15,
      2,
      6,
      7,
      3,
      14,
      10,
      0,
      4,
      6,
      4,
      1,
      2,
      11,
      5,
      13,
      1,
      4,
      1,
      10,
      5,
      8,
      8,
      0,
      10,
      1,
      6,
      1,
      4,
      0,
      2,
      1,
      12,
      6,
      15,
      9,
      12,
      2,
      2,
      8,
      6,
      1,
      12,
      8,
      3,
      13,
      13,
      0,
      9,
      14
    ]
  },
  "将军滩隧道": {
    "time": [
      "06:15:30",
      "06:30:18",
      "06:44:59",
      "07:00:09",
      "07:15:17",
      "07:29:50",
      "07:44:11",
      "07:59:28",
      "08:14:20",
      "08:29:04",
      "08:43:33",
      "08:58:16",
      "09:14:05",
      "09:28:39",
      "09:43:02",
      "09:57:50",
      "10:12:09",
      "10:26:34",
      "10:41:34",
      "10:55:57",
      "11:10:53",
      "11:25:55",
      "11:41:31",
      "11:57:10",
      "12:12:31",
      "12:26:46",
      "12:40:56",
      "12:56:44",
      "13:12:32",
      "13:27:17",
      "13:41:36",
      "13:56:30",
      "14:12:03",
      "14:27:31",
      "14:42:12",
      "14:57:40",
      "15:12:50",
      "15:28:33",
      "15:43:41",
      "15:58:43",
      "16:13:46",
      "16:29:24",
      "16:45:14",
      "17:01:01",
      "17:16:21",
      "17:31:06",
      "17:45:30",
      "17:59:56",
      "18:15:01",
      "18:30:40",
      "18:45:53",
      "19:00:49",
      "19:15:59",
      "19:30:24",
      "19:45:48",
      "20:00:32",
      "20:15:00",
      "20:29:56",
      "20:45:34",
      "21:01:11",
      "21:16:46",
      "21:31:45",
      "21:47:25",
      "22:01:47"
    ],
    "board": [
      0,
      0,
      0,
      0,
      0,
      0,
      0,
      0,
      0,
      0,
      0,
      0,
      0,
      0,
      0,
      0,
      0,
      0,
      0,
      0,
      0,
      0,
      0,
      0,
      0,
      0,
      0,
      0,
      0,
      0,
      0,
      0,
      0,
      0,
      0,
      0,
      0,
      0,
      0,
      0,
      0,
      0,
      0,
      0,
      0,
      0,
      0,
      0,
      0,
      0,
      0,
      0,
      0,
      0,
      0,
      0,
      0,
      0,
      0,
      0,
      0,
      0,
      0,
      0
    ],
    "alight": [
      12,
      0,
      2,
      15,
      8,
      15,
      3,
      11,
      3,
      9,
      12,
      14,
      15,
      11,
      8,
      11,
      15,
      0,
      0,
      8,
      4,
      14,
      3,
      11,
      0,
      3,
      11,
      9,
      14,
      15,
      14,
      2,
      8,
      6,
      10,
      6,
      0,
      3,
      1,
      2,
      13,
      10,
      4,
      11,
      14,
      14,
      14,
      11,
      10,
      4,
      7,
      8,
      0,
      8,
      12,
      6,
      7,
      6,
      3,
      9,
      7,
      12,
      11,
      3
    ]
  },
  "福缘水乡山庄": {
    "time": [
      "06:15:30",
      "06:30:18",
      "06:44:59",
      "07:00:09",
      "07:15:17",
      "07:29:50",
      "07:44:11",
      "07:59:28",
      "08:14:20",
      "08:29:04",
      "08:43:33",
      "08:58:16",
      "09:14:05",
      "09:28:39",
      "09:43:02",
      "09:57:50",
      "10:12:09",
      "10:26:34",
      "10:41:34",
      "10:55:57",
      "11:10:53",
      "11:25:55",
      "11:41:31",
      "11:57:10",
      "12:12:31",
      "12:26:46",
      "12:40:56",
      "12:56:44",
      "13:12:32",
      "13:27:17",
      "13:41:36",
      "13:56:30",
      "14:12:03",
      "14:27:31",
      "14:42:12",
      "14:57:40",
      "15:12:50",
      "15:28:33",
      "15:43:41",
      "15:58:43",
      "16:13:46",
      "16:29:24",
      "16:45:14",
      "17:01:01",
      "17:16:21",
      "17:31:06",
      "17:45:30",
      "17:59:56",
      "18:15:01",
      "18:30:40",
      "18:45:53",
      "19:00:49",
      "19:15:59",
      "19:30:24",
      "19:45:48",
      "20:00:32",
      "20:15:00",
      "20:29:56",
      "20:45:34",
      "21:01:11",
      "21:16:46",
      "21:31:45",
      "21:47:25",
      "22:01:47"
    ],
    "board": [
      0,
      0,
      0,
      0,
      0,
      0,
      0,
      0,
      0,
      0,
      0,
      0,
      0,
      0,
      0,
      0,
      0,
      0,
      0,
      0,
      0,
      0,
      0,
      0,
      0,
      0,
      0,
      0,
      0,
      0,
      0,
      0,
      0,
      0,
      0,
      0,
      0,
      0,
      0,
      0,
      0,
      0,
      0,
      0,
      0,
      0,
      0,
      0,
      0,
      0,
      0,
      0,
      0,
      0,
      0,
      0,
      0,
      0,
      0,
      0,
      0,
      0,
      0,
      0
    ],
    "alight": [
      4,
      7,
      14,
      9,
      13,
      11,
      15,
      10,
      8,
      8,
      3,
      3,
      3,
      15,
      10,
      9,
      12,
      1,
      3,
      5,
      8,
      13,
      4,
      14,
      0,
      15,
      0,
      2,
      15,
      1,
      6,
      13,
      5,
      11,
      13,
      4,
      13,
      1,
      10,
      12,
      7,
      6,
      11,
      13,
      2,
      9,
      8,
      1,
      7,
      1,
      3,
      6,
      14,
      12,
      0,
      10,
      3,
      4,
      11,
      14,
      2,
      7,
      3,
      11
    ]
  }
}