{
  "105县道": {
    "time": [
      "06:14:36",
      "06:29:10",
      "06:43:41",
      "06:57:57",
      "07:12:38",
      "07:27:58",
      "07:42:30",
      "07:56:48",
      "08:11:10",
      "08:26:23",
      "08:41:15",
      "08:56:04",
      "09:11:54",
      "09:26:38",
      "09:41:56",
      "09:56:43",
      "10:12:31",
      "10:27:12",
      "10:41:38",
      "10:56:45",
      "11:12:09",
      "11:26:50",
      "11:41:51",
      "11:56:32",
      "12:10:50",
      "12:26:13",
      "12:41:49",
      "12:56:24",
      "13:11:53",
      "13:26:18",
      "13:41:51",
      "13:56:09",
      "14:10:21",
      "14:24:40",
      "14:40:17",
      "14:54:30",
      "15:08:47",
      "15:23:54",
      "15:39:28",
      "15:54:28",
      "16:10:17",
      "16:25:52",
      "16:41:16",
      "16:55:50",
      "17:11:17",
      "17:26:05",
      "17:40:20",
      "17:54:49",
      "18:10:15",
      "18:25:37",
      "18:40:40",
      "18:54:58",
      "19:10:01",
      "19:25:01",
      "19:40:36",
      "19:54:59",
      "20:10:29",
      "20:26:18",
      "20:40:37",
      "20:55:02",
      "21:10:17",
      "21:25:49",
      "21:40:06",
      "21:55:26",
      "22:11:16"
    ],
    "board": [
      15,
      13,
      12,
      13,
      14,
      8,
      5,
      12,
      11,
      7,
      8,
      14,
      8,
      13,
      14,
      14,
      5,
      1,
      8,
      6,
      2,
      1,
      10,
      15,
      4,
      11,
      7,
      6,
      5,
      11,
      13,
      3,
      11,
      15,
      9,
      0,
      15,
      7,
      12,
      5,
      8,
      10,
      11,
      5,
      15,
      11,
      4,
      1,
      6,
      12,
      9,
      10,
      3,
      6,
      9,
      6,
      14,
      0,
      4,
      7,
      2,
      13,
      8,
      6,
      12
    ],
    "alight": [
      0,
      0,
      0,
      0,
      0,
      0,
      0,
      0,
      0,
      0,
      0,
      0,
      0,
      0,
      0,
      0,
      0,
      0,
      0,
      0,
      0,
      0,
      0,
      0,
      0,
      0,
      0,
      0,
      0,
      0,
      0,
      0,
      0,
      0,
      0,
      0,
      0,
      0,
      0,
      0,
      0,
      0,
      0,
      0,
      0,
      0,
      0,
      0,
      0,
      0,
      0,
      0,
      0,
      0,
      0,
      0,
      0,
      0,
      0,
      0,
      0,
      0,
      0,
      0,
      0
    ]
  },
  "贵州天辰三江建材有限公司(西北门)": {
    "time": [
      "06:14:36",
      "06:29:10",
      "06:43:41",
      "06:57:57",
      "07:12:38",
      "07:27:58",
      "07:42:30",
      "07:56:48",
      "08:11:10",
      "08:26:23",
      "08:41:15",
      "08:56:04",
      "09:11:54",
      "09:26:38",
      "09:41:56",
      "09:56:43",
      "10:12:31",
      "10:27:12",
      "10:41:38",
      "10:56:45",
      "11:12:09",
      "11:26:50",
      "11:41:51",
      "11:56:32",
      "12:10:50",
      "12:26:13",
      "12:41:49",
      "12:56:24",
      "13:11:53",
      "13:26:18",
      "13:41:51",
      "13:56:09",
      "14:10:21",
      "14:24:40",
      "14:40:17",
      "14:54:30",
      "15:08:47",
      "15:23:54",
      "15:39:28",
      "15:54:28",
      "16:10:17",
      "16:25:52",
      "16:41:16",
      "16:55:50",
      "17:11:17",
      "17:26:05",
      "17:40:20",
      "17:54:49",
      "18:10:15",
      "18:25:37",
      "18:40:40",
      "18:54:58",
      "19:10:01",
      "19:25:01",
      "19:40:36",
      "19:54:59",
      "20:10:29",
      "20:26:18",
      "20:40:37",
      "20:55:02",
      "21:10:17",
      "21:25:49",
      "21:40:06",
      "21:55:26",
      "22:11:16"
    ],
    "board": [
      4,
      6,
      15,
      2,
      7,
      8,
      9,
      14,
      14,
      5,
      6,
      2,
      7,
      1,
      12,
      9,
      2,
      3,
      5,
      1,
      0,
      11,
      12,
      6,
      12,
      7,
      5,
      15,
      14,
      12,
      4,
      14,
      1,
      9,
      12,
      6,
      2,
      3,
      7,
      3,
      5,
      1,
      13,
      3,
      12,
      1,
      13,
      3,
      13,
      3,
      1,
      4,
      3,
      8,
      5,
      12,
      13,
      11,
      14,
      13,
      11,
      14,
      14,
      2,
      15
    ],
    "alight": [
      0,
      0,
      0,
      0,
      0,
      0,
      0,
      0,
      0,
      0,
      0,
      0,
      0,
      0,
      0,
      0,
      0,
      0,
      0,
      0,
      0,
      0,
      0,
      0,
      0,
      0,
      0,
      0,
      0,
      0,
      0,
      0,
      0,
      0,
      0,
      0,
      0,
      0,
      0,
      0,
      0,
      0,
      0,
      0,
      0,
      0,
      0,
      0,
      0,
      0,
      0,
      0,
      0,
      0,
      0,
      0,
      0,
      0,
      0,
      0,
      0,
      0,
      0,
      0,
      0
    ]
  },
  "146县道": {
    "time": [
      "06:14:36",
      "06:29:10",
      "06:43:41",
      "06:57:57",
      "07:12:38",
      "07:27:58",
      "07:42:30",
      "07:56:48",
      "08:11:10",
      "08:26:23",
      "08:41:15",
      "08:56:04",
      "09:11:54",
      "09:26:38",
      "09:41:56",
      "09:56:43",
      "10:12:31",
      "10:27:12",
      "10:41:38",
      "10:56:45",
      "11:12:09",
      "11:26:50",
      "11:41:51",
      "11:56:32",
      "12:10:50",
      "12:26:13",
      "12:41:49",
      "12:56:24",
      "13:11:53",
      "13:26:18",
      "13:41:51",
      "13:56:09",
      "14:10:21",
      "14:24:40",
      "14:40:17",
      "14:54:30",
      "15:08:47",
      "15:23:54",
      "15:39:28",
      "15:54:28",
      "16:10:17",
      "16:25:52",
      "16:41:16",
      "16:55:50",
      "17:11:17",
      "17:26:05",
      "17:40:20",
      "17:54:49",
      "18:10:15",
      "18:25:37",
      "18:40:40",
      "18:54:58",
      "19:10:01",
      "19:25:01",
      "19:40:36",
      "19:54:59",
      "20:10:29",
      "20:26:18",
      "20:40:37",
      "20:55:02",
      "21:10:17",
      "21:25:49",
      "21:40:06",
      "21:55:26",
      "22:11:16"
    ],
    "board": [
      2,
      15,
      12,
      2,
      4,
      9,
      14,
      3,
      13,
      1,
      3,
      11,
      8,
      10,
      6,
      9,
      0,
      11,
      14,
      11,
      0,
      1,
      2,
      12,
      14,
      11,
      4,
      8,
      4,
      13,
      14,
      12,
      7,
      15,
      10,
      15,
      12,
      12,
      11,
      10,
      15,
      13,
      8,
      7,
      10,
      13,
      9,
      3,
      12,
      4,
      5,
      6,
      10,
      13,
      11,
      11,
      9,
      15,
      6,
      1,
      3,
      1,
      8,
      10,
      11
    ],
    "alight": [
      0,
      0,
      0,
      0,
      0,
      0,
      0,
      0,
      0,
      0,
      0,
      0,
      0,
      0,
      0,
      0,
      0,
      0,
      0,
      0,
      0,
      0,
      0,
      0,
      0,
      0,
      0,
      0,
      0,
      0,
      0,
      0,
      0,
      0,
      0,
      0,
      0,
      0,
      0,
      0,
      0,
      0,
      0,
      0,
      0,
      0,
      0,
      1,
      0,
      0,
      0,
      0,
      0,
      0,
      1,
      0,
      0,
      0,
      0,
      0,
      0,
      0,
      0,
      0,
      0
    ]
  },
  "国药控股贵州医药有限公司": {
    "time": [
      "06:14:36",
      "06:29:10",
      "06:43:41",
      "06:57:57",
      "07:12:38",
      "07:27:58",
      "07:42:30",
      "07:56:48",
      "08:11:10",
      "08:26:23",
      "08:41:15",
      "08:56:04",
      "09:11:54",
      "09:26:38",
      "09:41:56",
      "09:56:43",
      "10:12:31",
      "10:27:12",
      "10:41:38",
      "10:56:45",
      "11:12:09",
      "11:26:50",
      "11:41:51",
      "11:56:32",
      "12:10:50",
      "12:26:13",
      "12:41:49",
      "12:56:24",
      "13:11:53",
      "13:26:18",
      "13:41:51",
      "13:56:09",
      "14:10:21",
      "14:24:40",
      "14:40:17",
      "14:54:30",
      "15:08:47",
      "15:23:54",
      "15:39:28",
      "15:54:28",
      "16:10:17",
      "16:25:52",
      "16:41:16",
      "16:55:50",
      "17:11:17",
      "17:26:05",
      "17:40:20",
      "17:54:49",
      "18:10:15",
      "18:25:37",
      "18:40:40",
      "18:54:58",
      "19:10:01",
      "19:25:01",
      "19:40:36",
      "19:54:59",
      "20:10:29",
      "20:26:18",
      "20:40:37",
      "20:55:02",
      "21:10:17",
      "21:25:49",
      "21:40:06",
      "21:55:26",
      "22:11:16"
    ],
    "board": [
      8,
      14,
      1,
      9,
      0,
      7,
      4,
      4,
      0,
      12,
      8,
      6,
      8,
      3,
      12,
      6,
      12,
      13,
      15,
      4,
      4,
      3,
      2,
      10,
      3,
      10,
      2,
      8,
      2,
      3,
      7,
      12,
      4,
      14,
      2,
      4,
      15,
      10,
      13,
      5,
      10,
      8,
      10,
      8,
      14,
      1,
      9,
      12,
      5,
      4,
      2,
      14,
      15,
      0,
      11,
      6,
      13,
      2,
      2,
      1,
      6,
      8,
      14,
      3,
      2
    ],
    "alight": [
      2,
      3,
      0,
      4,
      0,
      0,
      0,
      0,
      0,
      0,
      3,
      0,
      0,
      0,
      0,
      2,
      0,
      0,
      0,
      1,
      0,
      0,
      0,
      0,
      0,
      0,
      0,
      0,
      0,
      0,
      0,
      0,
      0,
      1,
      0,
      2,
      0,
      0,
      0,
      0,
      0,
      0,
      0,
      0,
      0,
      0,
      0,
      0,
      0,
      0,
      0,
      0,
      0,
      4,
      0,
      0,
      0,
      0,
      1,
      0,
      0,
      0,
      0,
      0,
      0
    ]
  },
  "马厂岩": {
    "time": [
      "06:14:36",
      "06:29:10",
      "06:43:41",
      "06:57:57",
      "07:12:38",
      "07:27:58",
      "07:42:30",
      "07:56:48",
      "08:11:10",
      "08:26:23",
      "08:41:15",
      "08:56:04",
      "09:11:54",
      "09:26:38",
      "09:41:56",
      "09:56:43",
      "10:12:31",
      "10:27:12",
      "10:41:38",
      "10:56:45",
      "11:12:09",
      "11:26:50",
      "11:41:51",
      "11:56:32",
      "12:10:50",
      "12:26:13",
      "12:41:49",
      "12:56:24",
      "13:11:53",
      "13:26:18",
      "13:41:51",
      "13:56:09",
      "14:10:21",
      "14:24:40",
      "14:40:17",
      "14:54:30",
      "15:08:47",
      "15:23:54",
      "15:39:28",
      "15:54:28",
      "16:10:17",
      "16:25:52",
      "16:41:16",
      "16:55:50",
      "17:11:17",
      "17:26:05",
      "17:40:20",
      "17:54:49",
      "18:10:15",
      "18:25:37",
      "18:40:40",
      "18:54:58",
      "19:10:01",
      "19:25:01",
      "19:40:36",
      "19:54:59",
      "20:10:29",
      "20:26:18",
      "20:40:37",
      "20:55:02",
      "21:10:17",
      "21:25:49",
      "21:40:06",
      "21:55:26",
      "22:11:16"
    ],
    "board": [
      0,
      4,
      12,
      11,
      3,
      15,
      1,
      9,
      12,
      9,
      6,
      5,
      3,
      13,
      4,
      11,
      4,
      0,
      4,
      14,
      8,
      3,
      14,
      4,
      12,
      14,
      2,
      7,
      9,
      8,
      13,
      5,
      9,
      4,
      15,
      8,
      9,
      13,
      13,
      2,
      15,
      8,
      10,
      6,
      10,
      13,
      9,
      15,
      3,
      12,
      13,
      0,
      0,
      5,
      13,
      10,
      15,
      7,
      8,
      9,
      14,
      7,
      6,
      3,
      6
    ],
    "alight": [
      13,
      11,
      15,
      13,
      12,
      8,
      5,
      4,
      0,
      10,
      0,
      3,
      5,
      14,
      7,
      15,
      8,
      13,
      0,
      1,
      14,
      8,
      7,
      14,
      4,
      10,
      11,
      11,
      15,
      4,
      0,
      3,
      5,
      10,
      4,
      0,
      0,
      2,
      3,
      11,
      10,
      14,
      15,
      3,
      9,
      8,
      2,
      3,
      12,
      12,
      3,
      5,
      8,
      12,
      7,
      9,
      11,
      7,
      2,
      2,
      6,
      11,
      3,
      9,
      4
    ]
  },
  "乌当铉宏汽车修理厂": {
    "time": [
      "06:14:36",
      "06:29:10",
      "06:43:41",
      "06:57:57",
      "07:12:38",
      "07:27:58",
      "07:42:30",
      "07:56:48",
      "08:11:10",
      "08:26:23",
      "08:41:15",
      "08:56:04",
      "09:11:54",
      "09:26:38",
      "09:41:56",
      "09:56:43",
      "10:12:31",
      "10:27:12",
      "10:41:38",
      "10:56:45",
      "11:12:09",
      "11:26:50",
      "11:41:51",
      "11:56:32",
      "12:10:50",
      "12:26:13",
      "12:41:49",
      "12:56:24",
      "13:11:53",
      "13:26:18",
      "13:41:51",
      "13:56:09",
      "14:10:21",
      "14:24:40",
      "14:40:17",
      "14:54:30",
      "15:08:47",
      "15:23:54",
      "15:39:28",
      "15:54:28",
      "16:10:17",
      "16:25:52",
      "16:41:16",
      "16:55:50",
      "17:11:17",
      "17:26:05",
      "17:40:20",
      "17:54:49",
      "18:10:15",
      "18:25:37",
      "18:40:40",
      "18:54:58",
      "19:10:01",
      "19:25:01",
      "19:40:36",
      "19:54:59",
      "20:10:29",
      "20:26:18",
      "20:40:37",
      "20:55:02",
      "21:10:17",
      "21:25:49",
      "21:40:06",
      "21:55:26",
      "22:11:16"
    ],
    "board": [
      10,
      7,
      10,
      3,
      15,
      4,
      3,
      13,
      14,
      14,
      6,
      5,
      7,
      8,
      7,
      13,
      15,
      3,
      6,
      6,
      7,
      13,
      5,
      12,
      1,
      10,
      1,
      15,
      1,
      5,
      7,
      15,
      14,
      14,
      15,
      7,
      7,
      13,
      8,
      1,
      8,
      15,
      0,
      15,
      12,
      3,
      0,
      14,
      9,
      15,
      1,
      9,
      2,
      6,
      6,
      8,
      7,
      12,
      13,
      9,
      13,
      13,
      9,
      1,
      3
    ],
    "alight": [
      2,
      13,
      14,
      8,
      11,
      12,
      11,
      13,
      13,
      12,
      5,
      5,
      5,
      9,
      9,
      7,
      14,
      5,
      7,
      8,
      0,
      12,
      14,
      12,
      2,
      7,
      13,
      11,
      13,
      0,
      15,
      14,
      9,
      15,
      6,
      12,
      9,
      14,
      5,
      0,
      8,
      6,
      10,
      0,
      11,
      5,
      11,
      0,
      15,
      5,
      11,
      13,
      4,
      6,
      10,
      1,
      1,
      2,
      14,
      11,
      3,
      13,
      13,
      9,
      8
    ]
  },
  "贵州广顺通驾驶培训有限公司": {
    "time": [
      "06:14:36",
      "06:29:10",
      "06:43:41",
      "06:57:57",
      "07:12:38",
      "07:27:58",
      "07:42:30",
      "07:56:48",
      "08:11:10",
      "08:26:23",
      "08:41:15",
      "08:56:04",
      "09:11:54",
      "09:26:38",
      "09:41:56",
      "09:56:43",
      "10:12:31",
      "10:27:12",
      "10:41:38",
      "10:56:45",
      "11:12:09",
      "11:26:50",
      "11:41:51",
      "11:56:32",
      "12:10:50",
      "12:26:13",
      "12:41:49",
      "12:56:24",
      "13:11:53",
      "13:26:18",
      "13:41:51",
      "13:56:09",
      "14:10:21",
      "14:24:40",
      "14:40:17",
      "14:54:30",
      "15:08:47",
      "15:23:54",
      "15:39:28",
      "15:54:28",
      "16:10:17",
      "16:25:52",
      "16:41:16",
      "16:55:50",
      "17:11:17",
      "17:26:05",
      "17:40:20",
      "17:54:49",
      "18:10:15",
      "18:25:37",
      "18:40:40",
      "18:54:58",
      "19:10:01",
      "19:25:01",
      "19:40:36",
      "19:54:59",
      "20:10:29",
      "20:26:18",
      "20:40:37",
      "20:55:02",
      "21:10:17",
      "21:25:49",
      "21:40:06",
      "21:55:26",
      "22:11:16"
    ],
    "board": [
      7,
      0,
      0,
      2,
      7,
      14,
      2,
      7,
      10,
      10,
      2,
      13,
      2,
      4,
      0,
      15,
      8,
      11,
      13,
      3,
      3,
      10,
      7,
      3,
      7,
      7,
      7,
      13,
      8,
      2,
      15,
      5,
      6,
      5,
      14,
      3,
      8,
      6,
      15,
      15,
      7,
      1,
      4,
      6,
      7,
      8,
      2,
      1,
      4,
      7,
      7,
      4,
      8,
      8,
      10,
      2,
      4,
      14,
      6,
      12,
      11,
      10,
      0,
      0,
      6
    ],
    "alight": [
      0,
      8,
      11,
      3,
      3,
      4,
      15,
      5,
      4,
      15,
      10,
      6,
      14,
      0,
      8,
      3,
      12,
      9,
      1,
      10,
      1,
      11,
      2,
      13,
      13,
      7,
      11,
      0,
      1,
      0,
      2,
      7,
      11,
      6,
      8,
      4,
      1,
      13,
      3,
      1,
      11,
      14,
      1,
      10,
      13,
      12,
      4,
      8,
      6,
      8,
      6,
      4,
      11,
      5,
      4,
      4,
      10,
      8,
      7,
      3,
      2,
      15,
      7,
      0,
      7
    ]
  },
  "凯诚科目二考场": {
    "time": [
      "06:14:36",
      "06:29:10",
      "06:43:41",
      "06:57:57",
      "07:12:38",
      "07:27:58",
      "07:42:30",
      "07:56:48",
      "08:11:10",
      "08:26:23",
      "08:41:15",
      "08:56:04",
      "09:11:54",
      "09:26:38",
      "09:41:56",
      "09:56:43",
      "10:12:31",
      "10:27:12",
      "10:41:38",
      "10:56:45",
      "11:12:09",
      "11:26:50",
      "11:41:51",
      "11:56:32",
      "12:10:50",
      "12:26:13",
      "12:41:49",
      "12:56:24",
      "13:11:53",
      "13:26:18",
      "13:41:51",
      "13:56:09",
      "14:10:21",
      "14:24:40",
      "14:40:17",
      "14:54:30",
      "15:08:47",
      "15:23:54",
      "15:39:28",
      "15:54:28",
      "16:10:17",
      "16:25:52",
      "16:41:16",
      "16:55:50",
      "17:11:17",
      "17:26:05",
      "17:40:20",
      "17:54:49",
      "18:10:15",
      "18:25:37",
      "18:40:40",
      "18:54:58",
      "19:10:01",
      "19:25:01",
      "19:40:36",
      "19:54:59",
      "20:10:29",
      "20:26:18",
      "20:40:37",
      "20:55:02",
      "21:10:17",
      "21:25:49",
      "21:40:06",
      "21:55:26",
      "22:11:16"
    ],
    "board": [
      7,
      7,
      4,
      6,
      8,
      14,
      9,
      3,
      12,
      7,
      7,
      4,
      11,
      1,
      13,
      11,
      14,
      10,
      11,
      7,
      9,
      7,
      10,
      7,
      8,
      5,
      11,
      13,
      13,
      9,
      15,
      2,
      7,
      8,
      11,
      7,
      11,
      14,
      2,
      1,
      11,
      5,
      8,
      13,
      10,
      6,
      5,
      9,
      13,
      14,
      14,
      11,
      14,
      2,
      7,
      5,
      10,
      4,
      13,
      14,
      4,
      13,
      1,
      8,
      11
    ],
    "alight": [
      3,
      7,
      12,
      12,
      9,
      0,
      1,
      11,
      12,
      5,
      12,
      0,
      5,
      10,
      7,
      8,
      6,
      15,
      1,
      13,
      1,
      11,
      15,
      4,
      9,
      6,
      12,
      3,
      4,
      12,
      0,
      8,
      7,
      0,
      10,
      6,
      6,
      1,
      10,
      13,
      14,
      14,
      1,
      2,
      10,
      9,
      7,
      4,
      12,
      8,
      9,
      2,
      8,
      15,
      2,
      9,
      14,
      2,
      11,
      15,
      3,
      6,
      11,
      9,
      0
    ]
  },
  "欢牛府": {
    "time": [
      "06:14:36",
      "06:29:10",
      "06:43:41",
      "06:57:57",
      "07:12:38",
      "07:27:58",
      "07:42:30",
      "07:56:48",
      "08:11:10",
      "08:26:23",
      "08:41:15",
      "08:56:04",
      "09:11:54",
      "09:26:38",
      "09:41:56",
      "09:56:43",
      "10:12:31",
      "10:27:12",
      "10:41:38",
      "10:56:45",
      "11:12:09",
      "11:26:50",
      "11:41:51",
      "11:56:32",
      "12:10:50",
      "12:26:13",
      "12:41:49",
      "12:56:24",
      "13:11:53",
      "13:26:18",
      "13:41:51",
      "13:56:09",
      "14:10:21",
      "14:24:40",
      "14:40:17",
      "14:54:30",
      "15:08:47",
      "15:23:54",
      "15:39:28",
      "15:54:28",
      "16:10:17",
      "16:25:52",
      "16:41:16",
      "16:55:50",
      "17:11:17",
      "17:26:05",
      "17:40:20",
      "17:54:49",
      "18:10:15",
      "18:25:37",
      "18:40:40",
      "18:54:58",
      "19:10:01",
      "19:25:01",
      "19:40:36",
      "19:54:59",
      "20:10:29",
      "20:26:18",
      "20:40:37",
      "20:55:02",
      "21:10:17",
      "21:25:49",
      "21:40:06",
      "21:55:26",
      "22:11:16"
    ],
    "board": [
      13,
      12,
      12,
      7,
      8,
      0,
      2,
      14,
      15,
      12,
      7,
      11,
      7,
      10,
      1,
      13,
      3,
      15,
      8,
      12,
      2,
      3,
      12,
      9,
      10,
      0,
      6,
      11,
      8,
      1,
      7,
      3,
      15,
      12,
      0,
      7,
      7,
      1,
      1,
      11,
      13,
      9,
      13,
      15,
      7,
      2,
      6,
      14,
      11,
      5,
      13,
      2,
      13,
      9,
      11,
      6,
      5,
      13,
      11,
      14,
      2,
      10,
      0,
      13,
      4
    ],
    "alight": [
      9,
      11,
      9,
      10,
      6,
      14,
      1,
      9,
      9,
      11,
      6,
      9,
      8,
      7,
      1,
      9,
      6,
      6,
      11,
      11,
      4,
      12,
      1,
      10,
      1,
      10,
      12,
      8,
      4,
      5,
      15,
      15,
      2,
      2,
      14,
      15,
      6,
      5,
      7,
      11,
      15,
      5,
      1,
      5,
      8,
      11,
      9,
      3,
      12,
      11,
      1,
      7,
      15,
      5,
      6,
      1,
      6,
      14,
      10,
      4,
      7,
      0,
      2,
      11,
      8
    ]
  },
  "简家牛肉粉": {
    "time": [
      "06:14:36",
      "06:29:10",
      "06:43:41",
      "06:57:57",
      "07:12:38",
      "07:27:58",
      "07:42:30",
      "07:56:48",
      "08:11:10",
      "08:26:23",
      "08:41:15",
      "08:56:04",
      "09:11:54",
      "09:26:38",
      "09:41:56",
      "09:56:43",
      "10:12:31",
      "10:27:12",
      "10:41:38",
      "10:56:45",
      "11:12:09",
      "11:26:50",
      "11:41:51",
      "11:56:32",
      "12:10:50",
      "12:26:13",
      "12:41:49",
      "12:56:24",
      "13:11:53",
      "13:26:18",
      "13:41:51",
      "13:56:09",
      "14:10:21",
      "14:24:40",
      "14:40:17",
      "14:54:30",
      "15:08:47",
      "15:23:54",
      "15:39:28",
      "15:54:28",
      "16:10:17",
      "16:25:52",
      "16:41:16",
      "16:55:50",
      "17:11:17",
      "17:26:05",
      "17:40:20",
      "17:54:49",
      "18:10:15",
      "18:25:37",
      "18:40:40",
      "18:54:58",
      "19:10:01",
      "19:25:01",
      "19:40:36",
      "19:54:59",
      "20:10:29",
      "20:26:18",
      "20:40:37",
      "20:55:02",
      "21:10:17",
      "21:25:49",
      "21:40:06",
      "21:55:26",
      "22:11:16"
    ],
    "board": [
      12,
      15,
      15,
      4,
      15,
      11,
      5,
      7,
      12,
      13,
      2,
      15,
      13,
      11,
      4,
      1,
      10,
      7,
      1,
      8,
      0,
      3,
      5,
      8,
      8,
      10,
      8,
      3,
      4,
      13,
      1,
      8,
      10,
      12,
      12,
      2,
      4,
      6,
      9,
      13,
      14,
      2,
      6,
      0,
      13,
      4,
      14,
      12,
      10,
      5,
      1,
      11,
      15,
      0,
      8,
      13,
      5,
      10,
      0,
      4,
      1,
      6,
      3,
      8,
      5
    ],
    "alight": [
      6,
      14,
      8,
      6,
      15,
      2,
      4,
      5,
      3,
      8,
      2,
      0,
      1,
      8,
      0,
      0,
      8,
      6,
      4,
      3,
      6,
      0,
      14,
      15,
      5,
      13,
      1,
      15,
      9,
      10,
      2,
      5,
      14,
      4,
      5,
      3,
      11,
      10,
      15,
      11,
      9,
      3,
      9,
      12,
      13,
      6,
      7,
      4,
      7,
      13,
      14,
      12,
      8,
      5,
      1,
      7,
      2,
      13,
      8,
      13,
      15,
      0,
      5,
      10,
      13
    ]
  },
  "邦元名匠家居定制中心": {
    "time": [
      "06:14:36",
      "06:29:10",
      "06:43:41",
      "06:57:57",
      "07:12:38",
      "07:27:58",
      "07:42:30",
      "07:56:48",
      "08:11:10",
      "08:26:23",
      "08:41:15",
      "08:56:04",
      "09:11:54",
      "09:26:38",
      "09:41:56",
      "09:56:43",
      "10:12:31",
      "10:27:12",
      "10:41:38",
      "10:56:45",
      "11:12:09",
      "11:26:50",
      "11:41:51",
      "11:56:32",
      "12:10:50",
      "12:26:13",
      "12:41:49",
      "12:56:24",
      "13:11:53",
      "13:26:18",
      "13:41:51",
      "13:56:09",
      "14:10:21",
      "14:24:40",
      "14:40:17",
      "14:54:30",
      "15:08:47",
      "15:23:54",
      "15:39:28",
      "15:54:28",
      "16:10:17",
      "16:25:52",
      "16:41:16",
      "16:55:50",
      "17:11:17",
      "17:26:05",
      "17:40:20",
      "17:54:49",
      "18:10:15",
      "18:25:37",
      "18:40:40",
      "18:54:58",
      "19:10:01",
      "19:25:01",
      "19:40:36",
      "19:54:59",
      "20:10:29",
      "20:26:18",
      "20:40:37",
      "20:55:02",
      "21:10:17",
      "21:25:49",
      "21:40:06",
      "21:55:26",
      "22:11:16"
    ],
    "board": [
      13,
      12,
      2,
      3,
      4,
      7,
      9,
      7,
      11,
      11,
      7,
      6,
      15,
      11,
      4,
      5,
      0,
      10,
      7,
      2,
      2,
      0,
      15,
      14,
      6,
      8,
      0,
      9,
      6,
      10,
      10,
      2,
      4,
      11,
      7,
      6,
      3,
      15,
      13,
      9,
      8,
      5,
      3,
      10,
      6,
      15,
      3,
      7,
      7,
      12,
      5,
      9,
      1,
      7,
      6,
      6,
      7,
      12,
      15,
      8,
      9,
      13,
      8,
      6,
      8
    ],
    "alight": [
      7,
      11,
      6,
      9,
      9,
      9,
      14,
      14,
      15,
      11,
      15,
      12,
      4,
      11,
      14,
      5,
      1,
      11,
      9,
      11,
      15,
      10,
      13,
      0,
      6,
      12,
      12,
      2,
      8,
      7,
      13,
      8,
      2,
      13,
      13,
      7,
      15,
      7,
      6,
      14,
      5,
      14,
      3,
      12,
      12,
      7,
      10,
      12,
      0,
      9,
      11,
      13,
      4,
      3,
      14,
      4,
      7,
      7,
      12,
      4,
      4,
      6,
      0,
      7,
      15
    ]
  },
  "多宝莉宠物美容会所(保利公园店)": {
    "time": [
      "06:14:36",
      "06:29:10",
      "06:43:41",
      "06:57:57",
      "07:12:38",
      "07:27:58",
      "07:42:30",
      "07:56:48",
      "08:11:10",
      "08:26:23",
      "08:41:15",
      "08:56:04",
      "09:11:54",
      "09:26:38",
      "09:41:56",
      "09:56:43",
      "10:12:31",
      "10:27:12",
      "10:41:38",
      "10:56:45",
      "11:12:09",
      "11:26:50",
      "11:41:51",
      "11:56:32",
      "12:10:50",
      "12:26:13",
      "12:41:49",
      "12:56:24",
      "13:11:53",
      "13:26:18",
      "13:41:51",
      "13:56:09",
      "14:10:21",
      "14:24:40",
      "14:40:17",
      "14:54:30",
      "15:08:47",
      "15:23:54",
      "15:39:28",
      "15:54:28",
      "16:10:17",
      "16:25:52",
      "16:41:16",
      "16:55:50",
      "17:11:17",
      "17:26:05",
      "17:40:20",
      "17:54:49",
      "18:10:15",
      "18:25:37",
      "18:40:40",
      "18:54:58",
      "19:10:01",
      "19:25:01",
      "19:40:36",
      "19:54:59",
      "20:10:29",
      "20:26:18",
      "20:40:37",
      "20:55:02",
      "21:10:17",
      "21:25:49",
      "21:40:06",
      "21:55:26",
      "22:11:16"
    ],
    "board": [
      14,
      5,
      0,
      12,
      7,
      5,
      13,
      0,
      14,
      6,
      5,
      8,
      1,
      0,
      5,
      7,
      9,
      10,
      7,
      6,
      3,
      1,
      2,
      2,
      8,
      15,
      3,
      4,
      5,
      1,
      6,
      12,
      4,
      9,
      2,
      15,
      8,
      2,
      1,
      10,
      4,
      4,
      9,
      1,
      13,
      6,
      14,
      3,
      15,
      13,
      9,
      6,
      13,
      2,
      0,
      10,
      5,
      10,
      14,
      4,
      4,
      4,
      6,
      10,
      8
    ],
    "alight": [
      15,
      4,
      12,
      6,
      9,
      13,
      14,
      11,
      7,
      9,
      13,
      9,
      1,
      7,
      1,
      3,
      5,
      10,
      8,
      6,
      15,
      11,
      13,
      11,
      0,
      6,
      0,
      5,
      6,
      8,
      5,
      9,
      8,
      4,
      4,
      0,
      8,
      1,
      8,
      4,
      13,
      7,
      0,
      1,
      7,
      9,
      14,
      6,
      14,
      6,
      8,
      11,
      11,
      5,
      11,
      12,
      6,
      2,
      7,
      15,
      11,
      2,
      10,
      0,
      15
    ]
  },
  "奶漫清心(恒大雅苑店)": {
    "time": [
      "06:14:36",
      "06:29:10",
      "06:43:41",
      "06:57:57",
      "07:12:38",
      "07:27:58",
      "07:42:30",
      "07:56:48",
      "08:11:10",
      "08:26:23",
      "08:41:15",
      "08:56:04",
      "09:11:54",
      "09:26:38",
      "09:41:56",
      "09:56:43",
      "10:12:31",
      "10:27:12",
      "10:41:38",
      "10:56:45",
      "11:12:09",
      "11:26:50",
      "11:41:51",
      "11:56:32",
      "12:10:50",
      "12:26:13",
      "12:41:49",
      "12:56:24",
      "13:11:53",
      "13:26:18",
      "13:41:51",
      "13:56:09",
      "14:10:21",
      "14:24:40",
      "14:40:17",
      "14:54:30",
      "15:08:47",
      "15:23:54",
      "15:39:28",
      "15:54:28",
      "16:10:17",
      "16:25:52",
      "16:41:16",
      "16:55:50",
      "17:11:17",
      "17:26:05",
      "17:40:20",
      "17:54:49",
      "18:10:15",
      "18:25:37",
      "18:40:40",
      "18:54:58",
      "19:10:01",
      "19:25:01",
      "19:40:36",
      "19:54:59",
      "20:10:29",
      "20:26:18",
      "20:40:37",
      "20:55:02",
      "21:10:17",
      "21:25:49",
      "21:40:06",
      "21:55:26",
      "22:11:16"
    ],
    "board": [
      3,
      0,
      4,
      12,
      10,
      15,
      15,
      3,
      7,
      8,
      2,
      11,
      7,
      12,
      10,
      4,
      13,
      14,
      3,
      7,
      0,
      13,
      6,
      12,
      14,
      2,
      5,
      1,
      10,
      10,
      7,
      8,
      10,
      5,
      2,
      15,
      11,
      8,
      6,
      15,
      10,
      3,
      9,
      1,
      5,
      3,
      2,
      4,
      2,
      7,
      3,
      8,
      10,
      3,
      15,
      6,
      3,
      2,
      7,
      7,
      1,
      12,
      2,
      13,
      13
    ],
    "alight": [
      5,
      12,
      14,
      7,
      9,
      0,
      9,
      9,
      0,
      1,
      13,
      13,
      7,
      3,
      14,
      4,
      8,
      1,
      5,
      15,
      9,
      10,
      7,
      6,
      7,
      0,
      9,
      11,
      0,
      13,
      13,
      12,
      10,
      15,
      8,
      8,
      14,
      5,
      1,
      14,
      3,
      1,
      4,
      4,
      14,
      5,
      4,
      2,
      8,
      9,
      7,
      9,
      13,
      3,
      0,
      15,
      11,
      6,
      14,
      4,
      11,
      15,
      13,
      9,
      0
    ]
  },
  "丁莽子地摊火锅": {
    "time": [
      "06:14:36",
      "06:29:10",
      "06:43:41",
      "06:57:57",
      "07:12:38",
      "07:27:58",
      "07:42:30",
      "07:56:48",
      "08:11:10",
      "08:26:23",
      "08:41:15",
      "08:56:04",
      "09:11:54",
      "09:26:38",
      "09:41:56",
      "09:56:43",
      "10:12:31",
      "10:27:12",
      "10:41:38",
      "10:56:45",
      "11:12:09",
      "11:26:50",
      "11:41:51",
      "11:56:32",
      "12:10:50",
      "12:26:13",
      "12:41:49",
      "12:56:24",
      "13:11:53",
      "13:26:18",
      "13:41:51",
      "13:56:09",
      "14:10:21",
      "14:24:40",
      "14:40:17",
      "14:54:30",
      "15:08:47",
      "15:23:54",
      "15:39:28",
      "15:54:28",
      "16:10:17",
      "16:25:52",
      "16:41:16",
      "16:55:50",
      "17:11:17",
      "17:26:05",
      "17:40:20",
      "17:54:49",
      "18:10:15",
      "18:25:37",
      "18:40:40",
      "18:54:58",
      "19:10:01",
      "19:25:01",
      "19:40:36",
      "19:54:59",
      "20:10:29",
      "20:26:18",
      "20:40:37",
      "20:55:02",
      "21:10:17",
      "21:25:49",
      "21:40:06",
      "21:55:26",
      "22:11:16"
    ],
    "board": [
      4,
      15,
      3,
      2,
      15,
      14,
      13,
      14,
      15,
      0,
      5,
      6,
      4,
      12,
      1,
      4,
      11,
      0,
      8,
      2,
      13,
      0,
      3,
      15,
      9,
      12,
      6,
      13,
      10,
      5,
      10,
      9,
      15,
      1,
      11,
      15,
      13,
      6,
      1,
      7,
      5,
      13,
      5,
      5,
      9,
      4,
      1,
      9,
      3,
      12,
      3,
      0,
      0,
      3,
      12,
      5,
      11,
      6,
      2,
      2,
      1,
      14,
      13,
      10,
      3
    ],
    "alight": [
      15,
      13,
      4,
      4,
      11,
      12,
      6,
      11,
      0,
      14,
      4,
      2,
      12,
      1,
      13,
      2,
      7,
      8,
      9,
      1,
      3,
      0,
      4,
      3,
      13,
      12,
      3,
      15,
      11,
      3,
      13,
      10,
      0,
      14,
      14,
      12,
      15,
      8,
      12,
      12,
      9,
      12,
      0,
      14,
      0,
      13,
      3,
      1,
      9,
      13,
      7,
      1,
      1,
      13,
      0,
      11,
      15,
      14,
      4,
      1,
      13,
      15,
      5,
      15,
      6
    ]
  },
  "吉布鲁牛排海鲜自助(云岩万达广场店)": {
    "time": [
      "06:14:36",
      "06:29:10",
      "06:43:41",
      "06:57:57",
      "07:12:38",
      "07:27:58",
      "07:42:30",
      "07:56:48",
      "08:11:10",
      "08:26:23",
      "08:41:15",
      "08:56:04",
      "09:11:54",
      "09:26:38",
      "09:41:56",
      "09:56:43",
      "10:12:31",
      "10:27:12",
      "10:41:38",
      "10:56:45",
      "11:12:09",
      "11:26:50",
      "11:41:51",
      "11:56:32",
      "12:10:50",
      "12:26:13",
      "12:41:49",
      "12:56:24",
      "13:11:53",
      "13:26:18",
      "13:41:51",
      "13:56:09",
      "14:10:21",
      "14:24:40",
      "14:40:17",
      "14:54:30",
      "15:08:47",
      "15:23:54",
      "15:39:28",
      "15:54:28",
      "16:10:17",
      "16:25:52",
      "16:41:16",
      "16:55:50",
      "17:11:17",
      "17:26:05",
      "17:40:20",
      "17:54:49",
      "18:10:15",
      "18:25:37",
      "18:40:40",
      "18:54:58",
      "19:10:01",
      "19:25:01",
      "19:40:36",
      "19:54:59",
      "20:10:29",
      "20:26:18",
      "20:40:37",
      "20:55:02",
      "21:10:17",
      "21:25:49",
      "21:40:06",
      "21:55:26",
      "22:11:16"
    ],
    "board": [
      12,
      2,
      5,
      3,
      9,
      0,
      15,
      6,
      1,
      3,
      4,
      7,
      12,
      12,
      12,
      15,
      4,
      3,
      5,
      7,
      8,
      5,
      0,
      9,
      12,
      4,
      4,
      6,
      6,
      6,
      6,
      0,
      0,
      5,
      15,
      8,
      9,
      14,
      14,
      0,
      6,
      7,
      11,
      2,
      10,
      14,
      14,
      8,
      1,
      1,
      8,
      13,
      2,
      3,
      0,
      8,
      4,
      9,
      7,
      4,
      9,
      13,
      10,
      7,
      9
    ],
    "alight": [
      14,
      2,
      14,
      4,
      14,
      2,
      5,
      12,
      2,
      4,
      8,
      0,
      8,
      5,
      8,
      5,
      5,
      0,
      4,
      10,
      9,
      11,
      12,
      9,
      2,
      15,
      0,
      2,
      15,
      3,
      11,
      8,
      10,
      1,
      14,
      14,
      14,
      14,
      7,
      12,
      3,
      5,
      2,
      4,
      3,
      3,
      1,
      12,
      4,
      13,
      11,
      0,
      6,
      6,
      3,
      1,
      6,
      14,
      3,
      15,
      5,
      7,
      6,
      1,
      8
    ]
  },
  "cc英语(中天校区)": {
    "time": [
      "06:14:36",
      "06:29:10",
      "06:43:41",
      "06:57:57",
      "07:12:38",
      "07:27:58",
      "07:42:30",
      "07:56:48",
      "08:11:10",
      "08:26:23",
      "08:41:15",
      "08:56:04",
      "09:11:54",
      "09:26:38",
      "09:41:56",
      "09:56:43",
      "10:12:31",
      "10:27:12",
      "10:41:38",
      "10:56:45",
      "11:12:09",
      "11:26:50",
      "11:41:51",
      "11:56:32",
      "12:10:50",
      "12:26:13",
      "12:41:49",
      "12:56:24",
      "13:11:53",
      "13:26:18",
      "13:41:51",
      "13:56:09",
      "14:10:21",
      "14:24:40",
      "14:40:17",
      "14:54:30",
      "15:08:47",
      "15:23:54",
      "15:39:28",
      "15:54:28",
      "16:10:17",
      "16:25:52",
      "16:41:16",
      "16:55:50",
      "17:11:17",
      "17:26:05",
      "17:40:20",
      "17:54:49",
      "18:10:15",
      "18:25:37",
      "18:40:40",
      "18:54:58",
      "19:10:01",
      "19:25:01",
      "19:40:36",
      "19:54:59",
      "20:10:29",
      "20:26:18",
      "20:40:37",
      "20:55:02",
      "21:10:17",
      "21:25:49",
      "21:40:06",
      "21:55:26",
      "22:11:16"
    ],
    "board": [
      15,
      10,
      14,
      11,
      10,
      11,
      7,
      6,
      8,
      3,
      10,
      2,
      10,
      8,
      15,
      0,
      7,
      11,
      7,
      10,
      12,
      11,
      14,
      12,
      4,
      8,
      10,
      12,
      13,
      8,
      4,
      7,
      1,
      7,
      0,
      9,
      2,
      15,
      9,
      4,
      8,
      2,
      1,
      5,
      13,
      11,
      0,
      10,
      13,
      11,
      15,
      3,
      15,
      14,
      6,
      11,
      13,
      5,
      8,
      2,
      1,
      0,
      3,
      5,
      11
    ],
    "alight": [
      7,
      1,
      9,
      10,
      13,
      8,
      1,
      8,
      9,
      10,
      10,
      13,
      9,
      1,
      1,
      2,
      13,
      15,
      9,
      11,
      3,
      8,
      10,
      15,
      13,
      8,
      1,
      12,
      13,
      12,
      4,
      5,
      11,
      9,
      7,
      4,
      5,
      5,
      10,
      8,
      3,
      1,
      2,
      12,
      9,
      1,
      14,
      5,
      13,
      1,
      11,
      14,
      3,
      10,
      2,
      7,
      2,
      12,
      9,
      9,
      1,
      10,
      4,
      13,
      2
    ]
  },
  "中天花园-茶花园": {
    "time": [
      "06:14:36",
      "06:29:10",
      "06:43:41",
      "06:57:57",
      "07:12:38",
      "07:27:58",
      "07:42:30",
      "07:56:48",
      "08:11:10",
      "08:26:23",
      "08:41:15",
      "08:56:04",
      "09:11:54",
      "09:26:38",
      "09:41:56",
      "09:56:43",
      "10:12:31",
      "10:27:12",
      "10:41:38",
      "10:56:45",
      "11:12:09",
      "11:26:50",
      "11:41:51",
      "11:56:32",
      "12:10:50",
      "12:26:13",
      "12:41:49",
      "12:56:24",
      "13:11:53",
      "13:26:18",
      "13:41:51",
      "13:56:09",
      "14:10:21",
      "14:24:40",
      "14:40:17",
      "14:54:30",
      "15:08:47",
      "15:23:54",
      "15:39:28",
      "15:54:28",
      "16:10:17",
      "16:25:52",
      "16:41:16",
      "16:55:50",
      "17:11:17",
      "17:26:05",
      "17:40:20",
      "17:54:49",
      "18:10:15",
      "18:25:37",
      "18:40:40",
      "18:54:58",
      "19:10:01",
      "19:25:01",
      "19:40:36",
      "19:54:59",
      "20:10:29",
      "20:26:18",
      "20:40:37",
      "20:55:02",
      "21:10:17",
      "21:25:49",
      "21:40:06",
      "21:55:26",
      "22:11:16"
    ],
    "board": [
      14,
      13,
      7,
      2,
      1,
      1,
      14,
      2,
      9,
      5,
      6,
      6,
      6,
      2,
      12,
      2,
      13,
      5,
      7,
      3,
      4,
      11,
      14,
      12,
      12,
      9,
      3,
      9,
      5,
      11,
      2,
      14,
      10,
      12,
      6,
      8,
      14,
      5,
      0,
      9,
      3,
      4,
      0,
      11,
      3,
      3,
      5,
      6,
      10,
      12,
      7,
      7,
      7,
      10,
      11,
      11,
      1,
      3,
      10,
      10,
      4,
      8,
      12,
      3,
      1
    ],
    "alight": [
      10,
      9,
      15,
      3,
      3,
      7,
      13,
      10,
      14,
      6,
      7,
      5,
      6,
      11,
      7,
      9,
      9,
      10,
      15,
      6,
      4,
      11,
      4,
      15,
      14,
      9,
      9,
      3,
      11,
      0,
      14,
      7,
      5,
      12,
      6,
      0,
      1,
      9,
      7,
      12,
      5,
      10,
      4,
      15,
      1,
      1,
      2,
      4,
      5,
      4,
      14,
      6,
      4,
      2,
      14,
      1,
      4,
      10,
      8,
      5,
      3,
      4,
      14,
      9,
      3
    ]
  },
  "大嘴巴休闲小吃": {
    "time": [
      "06:14:36",
      "06:29:10",
      "06:43:41",
      "06:57:57",
      "07:12:38",
      "07:27:58",
      "07:42:30",
      "07:56:48",
      "08:11:10",
      "08:26:23",
      "08:41:15",
      "08:56:04",
      "09:11:54",
      "09:26:38",
      "09:41:56",
      "09:56:43",
      "10:12:31",
      "10:27:12",
      "10:41:38",
      "10:56:45",
      "11:12:09",
      "11:26:50",
      "11:41:51",
      "11:56:32",
      "12:10:50",
      "12:26:13",
      "12:41:49",
      "12:56:24",
      "13:11:53",
      "13:26:18",
      "13:41:51",
      "13:56:09",
      "14:10:21",
      "14:24:40",
      "14:40:17",
      "14:54:30",
      "15:08:47",
      "15:23:54",
      "15:39:28",
      "15:54:28",
      "16:10:17",
      "16:25:52",
      "16:41:16",
      "16:55:50",
      "17:11:17",
      "17:26:05",
      "17:40:20",
      "17:54:49",
      "18:10:15",
      "18:25:37",
      "18:40:40",
      "18:54:58",
      "19:10:01",
      "19:25:01",
      "19:40:36",
      "19:54:59",
      "20:10:29",
      "20:26:18",
      "20:40:37",
      "20:55:02",
      "21:10:17",
      "21:25:49",
      "21:40:06",
      "21:55:26",
      "22:11:16"
    ],
    "board": [
      5,
      0,
      0,
      15,
      0,
      14,
      2,
      8,
      9,
      3,
      1,
      2,
      1,
      1,
      6,
      7,
      11,
      8,
      6,
      9,
      2,
      3,
      14,
      5,
      11,
      2,
      13,
      13,
      9,
      11,
      10,
      7,
      13,
      7,
      9,
      15,
      9,
      10,
      5,
      1,
      2,
      8,
      11,
      0,
      0,
      11,
      14,
      12,
      10,
      2,
      15,
      2,
      14,
      5,
      8,
      6,
      14,
      7,
      9,
      11,
      9,
      8,
      14,
      6,
      5
    ],
    "alight": [
      2,
      1,
      14,
      7,
      9,
      14,
      5,
      14,
      7,
      0,
      6,
      5,
      12,
      0,
      4,
      3,
      10,
      3,
      8,
      14,
      6,
      4,
      3,
      6,
      0,
      4,
      14,
      4,
      10,
      12,
      2,
      1,
      2,
      6,
      3,
      0,
      9,
      12,
      10,
      9,
      8,
      3,
      12,
      6,
      11,
      7,
      9,
      4,
      8,
      2,
      15,
      14,
      2,
      4,
      6,
      8,
      5,
      4,
      6,
      1,
      14,
      10,
      1,
      14,
      1
    ]
  },
  "贵阳泊阳公寓": {
    "time": [
      "06:14:36",
      "06:29:10",
      "06:43:41",
      "06:57:57",
      "07:12:38",
      "07:27:58",
      "07:42:30",
      "07:56:48",
      "08:11:10",
      "08:26:23",
      "08:41:15",
      "08:56:04",
      "09:11:54",
      "09:26:38",
      "09:41:56",
      "09:56:43",
      "10:12:31",
      "10:27:12",
      "10:41:38",
      "10:56:45",
      "11:12:09",
      "11:26:50",
      "11:41:51",
      "11:56:32",
      "12:10:50",
      "12:26:13",
      "12:41:49",
      "12:56:24",
      "13:11:53",
      "13:26:18",
      "13:41:51",
      "13:56:09",
      "14:10:21",
      "14:24:40",
      "14:40:17",
      "14:54:30",
      "15:08:47",
      "15:23:54",
      "15:39:28",
      "15:54:28",
      "16:10:17",
      "16:25:52",
      "16:41:16",
      "16:55:50",
      "17:11:17",
      "17:26:05",
      "17:40:20",
      "17:54:49",
      "18:10:15",
      "18:25:37",
      "18:40:40",
      "18:54:58",
      "19:10:01",
      "19:25:01",
      "19:40:36",
      "19:54:59",
      "20:10:29",
      "20:26:18",
      "20:40:37",
      "20:55:02",
      "21:10:17",
      "21:25:49",
      "21:40:06",
      "21:55:26",
      "22:11:16"
    ],
    "board": [
      4,
      15,
      8,
      5,
      7,
      1,
      3,
      14,
      2,
      7,
      6,
      10,
      10,
      10,
      14,
      6,
      8,
      12,
      7,
      15,
      9,
      2,
      0,
      5,
      7,
      8,
      6,
      5,
      9,
      1,
      4,
      13,
      4,
      6,
      3,
      14,
      9,
      10,
      5,
      9,
      14,
      3,
      6,
      10,
      2,
      14,
      3,
      7,
      1,
      10,
      7,
      10,
      14,
      15,
      3,
      13,
      1,
      8,
      9,
      1,
      10,
      0,
      2,
      0,
      12
    ],
    "alight": [
      5,
      5,
      14,
      14,
      14,
      13,
      6,
      0,
      9,
      6,
      13,
      3,
      11,
      2,
      13,
      5,
      11,
      4,
      13,
      1,
      10,
      2,
      5,
      6,
      6,
      3,
      12,
      7,
      9,
      12,
      2,
      13,
      10,
      5,
      10,
      1,
      6,
      10,
      9,
      15,
      6,
      10,
      8,
      5,
      2,
      8,
      13,
      1,
      0,
      12,
      8,
      5,
      1,
      4,
      13,
      8,
      10,
      4,
      13,
      6,
      9,
      3,
      11,
      7,
      11
    ]
  },
  "梦想典城2期": {
    "time": [
      "06:14:36",
      "06:29:10",
      "06:43:41",
      "06:57:57",
      "07:12:38",
      "07:27:58",
      "07:42:30",
      "07:56:48",
      "08:11:10",
      "08:26:23",
      "08:41:15",
      "08:56:04",
      "09:11:54",
      "09:26:38",
      "09:41:56",
      "09:56:43",
      "10:12:31",
      "10:27:12",
      "10:41:38",
      "10:56:45",
      "11:12:09",
      "11:26:50",
      "11:41:51",
      "11:56:32",
      "12:10:50",
      "12:26:13",
      "12:41:49",
      "12:56:24",
      "13:11:53",
      "13:26:18",
      "13:41:51",
      "13:56:09",
      "14:10:21",
      "14:24:40",
      "14:40:17",
      "14:54:30",
      "15:08:47",
      "15:23:54",
      "15:39:28",
      "15:54:28",
      "16:10:17",
      "16:25:52",
      "16:41:16",
      "16:55:50",
      "17:11:17",
      "17:26:05",
      "17:40:20",
      "17:54:49",
      "18:10:15",
      "18:25:37",
      "18:40:40",
      "18:54:58",
      "19:10:01",
      "19:25:01",
      "19:40:36",
      "19:54:59",
      "20:10:29",
      "20:26:18",
      "20:40:37",
      "20:55:02",
      "21:10:17",
      "21:25:49",
      "21:40:06",
      "21:55:26",
      "22:11:16"
    ],
    "board": [
      4,
      6,
      8,
      11,
      13,
      11,
      0,
      11,
      7,
      8,
      9,
      12,
      2,
      7,
      0,
      2,
      4,
      12,
      12,
      9,
      6,
      1,
      9,
      11,
      9,
      5,
      5,
      0,
      3,
      10,
      3,
      13,
      12,
      4,
      12,
      11,
      12,
      3,
      12,
      2,
      4,
      11,
      7,
      3,
      13,
      1,
      0,
      7,
      2,
      1,
      0,
      13,
      2,
      5,
      3,
      13,
      14,
      10,
      12,
      2,
      12,
      10,
      13,
      4,
      2
    ],
    "alight": [
      13,
      0,
      2,
      5,
      3,
      6,
      1,
      7,
      9,
      15,
      1,
      2,
      8,
      4,
      12,
      1,
      5,
      15,
      3,
      11,
      5,
      8,
      8,
      9,
      14,
      15,
      15,
      4,
      9,
      5,
      1,
      4,
      14,
      1,
      6,
      12,
      15,
      6,
      9,
      9,
      1,
      6,
      13,
      11,
      2,
      3,
      6,
      11,
      6,
      7,
      5,
      8,
      8,
      13,
      0,
      0,
      9,
      1,
      4,
      10,
      14,
      2,
      8,
      3,
      11
    ]
  },
  "贵州医科大学(北校区)": {
    "time": [
      "06:14:36",
      "06:29:10",
      "06:43:41",
      "06:57:57",
      "07:12:38",
      "07:27:58",
      "07:42:30",
      "07:56:48",
      "08:11:10",
      "08:26:23",
      "08:41:15",
      "08:56:04",
      "09:11:54",
      "09:26:38",
      "09:41:56",
      "09:56:43",
      "10:12:31",
      "10:27:12",
      "10:41:38",
      "10:56:45",
      "11:12:09",
      "11:26:50",
      "11:41:51",
      "11:56:32",
      "12:10:50",
      "12:26:13",
      "12:41:49",
      "12:56:24",
      "13:11:53",
      "13:26:18",
      "13:41:51",
      "13:56:09",
      "14:10:21",
      "14:24:40",
      "14:40:17",
      "14:54:30",
      "15:08:47",
      "15:23:54",
      "15:39:28",
      "15:54:28",
      "16:10:17",
      "16:25:52",
      "16:41:16",
      "16:55:50",
      "17:11:17",
      "17:26:05",
      "17:40:20",
      "17:54:49",
      "18:10:15",
      "18:25:37",
      "18:40:40",
      "18:54:58",
      "19:10:01",
      "19:25:01",
      "19:40:36",
      "19:54:59",
      "20:10:29",
      "20:26:18",
      "20:40:37",
      "20:55:02",
      "21:10:17",
      "21:25:49",
      "21:40:06",
      "21:55:26",
      "22:11:16"
    ],
    "board": [
      6,
      0,
      14,
      12,
      12,
      4,
      8,
      6,
      13,
      9,
      9,
      10,
      12,
      14,
      14,
      11,
      1,
      4,
      8,
      5,
      7,
      7,
      10,
      8,
      11,
      15,
      1,
      7,
      2,
      4,
      3,
      6,
      11,
      5,
      5,
      14,
      10,
      14,
      4,
      8,
      2,
      5,
      4,
      4,
      6,
      15,
      3,
      1,
      10,
      11,
      9,
      1,
      4,
      15,
      2,
      6,
      11,
      10,
      3,
      8,
      9,
      1,
      12,
      14,
      5
    ],
    "alight": [
      8,
      1,
      11,
      7,
      2,
      7,
      10,
      8,
      6,
      9,
      9,
      13,
      2,
      5,
      15,
      5,
      10,
      13,
      11,
      14,
      14,
      12,
      12,
      0,
      13,
      13,
      14,
      5,
      6,
      9,
      4,
      10,
      10,
      12,
      14,
      9,
      13,
      15,
      7,
      11,
      10,
      13,
      7,
      5,
      4,
      6,
      9,
      4,
      5,
      15,
      3,
      5,
      7,
      6,
      9,
      5,
      10,
      12,
      12,
      6,
      7,
      4,
      5,
      5,
      4
    ]
  },
  "杨记遵义豆花面(市北路店)": {
    "time": [
      "06:14:36",
      "06:29:10",
      "06:43:41",
      "06:57:57",
      "07:12:38",
      "07:27:58",
      "07:42:30",
      "07:56:48",
      "08:11:10",
      "08:26:23",
      "08:41:15",
      "08:56:04",
      "09:11:54",
      "09:26:38",
      "09:41:56",
      "09:56:43",
      "10:12:31",
      "10:27:12",
      "10:41:38",
      "10:56:45",
      "11:12:09",
      "11:26:50",
      "11:41:51",
      "11:56:32",
      "12:10:50",
      "12:26:13",
      "12:41:49",
      "12:56:24",
      "13:11:53",
      "13:26:18",
      "13:41:51",
      "13:56:09",
      "14:10:21",
      "14:24:40",
      "14:40:17",
      "14:54:30",
      "15:08:47",
      "15:23:54",
      "15:39:28",
      "15:54:28",
      "16:10:17",
      "16:25:52",
      "16:41:16",
      "16:55:50",
      "17:11:17",
      "17:26:05",
      "17:40:20",
      "17:54:49",
      "18:10:15",
      "18:25:37",
      "18:40:40",
      "18:54:58",
      "19:10:01",
      "19:25:01",
      "19:40:36",
      "19:54:59",
      "20:10:29",
      "20:26:18",
      "20:40:37",
      "20:55:02",
      "21:10:17",
      "21:25:49",
      "21:40:06",
      "21:55:26",
      "22:11:16"
    ],
    "board": [
      4,
      0,
      15,
      11,
      0,
      9,
      15,
      2,
      10,
      2,
      8,
      2,
      2,
      3,
      10,
      10,
      6,
      7,
      11,
      1,
      13,
      13,
      8,
      13,
      8,
      15,
      14,
      11,
      3,
      1,
      10,
      4,
      13,
      12,
      9,
      14,
      3,
      5,
      1,
      11,
      0,
      7,
      8,
      5,
      12,
      6,
      1,
      11,
      1,
      6,
      7,
      15,
      7,
      5,
      8,
      4,
      15,
      6,
      3,
      8,
      5,
      15,
      14,
      14,
      5
    ],
    "alight": [
      2,
      0,
      4,
      6,
      0,
      15,
      7,
      6,
      0,
      3,
      10,
      5,
      14,
      11,
      12,
      8,
      4,
      2,
      0,
      8,
      7,
      15,
      6,
      15,
      3,
      14,
      12,
      6,
      1,
      2,
      7,
      9,
      4,
      1,
      13,
      3,
      7,
      4,
      3,
      9,
      13,
      15,
      4,
      6,
      8,
      9,
      1,
      13,
      8,
      3,
      1,
      10,
      0,
      15,
      9,
      2,
      0,
      9,
      0,
      1,
      8,
      11,
      5,
      11,
      3
    ]
  },
  "麻辣馄饨店(安云路店)": {
    "time": [
      "06:14:36",
      "06:29:10",
      "06:43:41",
      "06:57:57",
      "07:12:38",
      "07:27:58",
      "07:42:30",
      "07:56:48",
      "08:11:10",
      "08:26:23",
      "08:41:15",
      "08:56:04",
      "09:11:54",
      "09:26:38",
      "09:41:56",
      "09:56:43",
      "10:12:31",
      "10:27:12",
      "10:41:38",
      "10:56:45",
      "11:12:09",
      "11:26:50",
      "11:41:51",
      "11:56:32",
      "12:10:50",
      "12:26:13",
      "12:41:49",
      "12:56:24",
      "13:11:53",
      "13:26:18",
      "13:41:51",
      "13:56:09",
      "14:10:21",
      "14:24:40",
      "14:40:17",
      "14:54:30",
      "15:08:47",
      "15:23:54",
      "15:39:28",
      "15:54:28",
      "16:10:17",
      "16:25:52",
      "16:41:16",
      "16:55:50",
      "17:11:17",
      "17:26:05",
      "17:40:20",
      "17:54:49",
      "18:10:15",
      "18:25:37",
      "18:40:40",
      "18:54:58",
      "19:10:01",
      "19:25:01",
      "19:40:36",
      "19:54:59",
      "20:10:29",
      "20:26:18",
      "20:40:37",
      "20:55:02",
      "21:10:17",
      "21:25:49",
      "21:40:06",
      "21:55:26",
      "22:11:16"
    ],
    "board": [
      6,
      12,
      3,
      7,
      3,
      3,
      3,
      1,
      7,
      9,
      1,
      5,
      2,
      11,
      10,
      4,
      10,
      7,
      12,
      8,
      13,
      15,
      4,
      2,
      6,
      7,
      14,
      5,
      3,
      8,
      13,
      5,
      15,
      4,
      7,
      14,
      2,
      6,
      14,
      7,
      2,
      8,
      15,
      5,
      10,
      15,
      0,
      13,
      5,
      13,
      7,
      0,
      9,
      5,
      3,
      7,
      9,
      9,
      3,
      5,
      11,
      12,
      2,
      1,
      7
    ],
    "alight": [
      0,
      14,
      2,
      0,
      5,
      11,
      14,
      2,
      14,
      9,
      11,
      3,
      0,
      6,
      1,
      8,
      11,
      9,
      5,
      3,
      8,
      12,
      2,
      8,
      0,
      3,
      3,
      13,
      4,
      2,
      3,
      6,
      1,
      8,
      1,
      12,
      11,
      1,
      10,
      8,
      12,
      14,
      9,
      3,
      10,
      1,
      7,
      4,
      1,
      12,
      10,
      0,
      6,
      7,
      4,
      12,
      10,
      8,
      5,
      5,
      3,
      3,
      1,
      0,
      10
    ]
  },
  "北京师范大学作文培训基地": {
    "time": [
      "06:14:36",
      "06:29:10",
      "06:43:41",
      "06:57:57",
      "07:12:38",
      "07:27:58",
      "07:42:30",
      "07:56:48",
      "08:11:10",
      "08:26:23",
      "08:41:15",
      "08:56:04",
      "09:11:54",
      "09:26:38",
      "09:41:56",
      "09:56:43",
      "10:12:31",
      "10:27:12",
      "10:41:38",
      "10:56:45",
      "11:12:09",
      "11:26:50",
      "11:41:51",
      "11:56:32",
      "12:10:50",
      "12:26:13",
      "12:41:49",
      "12:56:24",
      "13:11:53",
      "13:26:18",
      "13:41:51",
      "13:56:09",
      "14:10:21",
      "14:24:40",
      "14:40:17",
      "14:54:30",
      "15:08:47",
      "15:23:54",
      "15:39:28",
      "15:54:28",
      "16:10:17",
      "16:25:52",
      "16:41:16",
      "16:55:50",
      "17:11:17",
      "17:26:05",
      "17:40:20",
      "17:54:49",
      "18:10:15",
      "18:25:37",
      "18:40:40",
      "18:54:58",
      "19:10:01",
      "19:25:01",
      "19:40:36",
      "19:54:59",
      "20:10:29",
      "20:26:18",
      "20:40:37",
      "20:55:02",
      "21:10:17",
      "21:25:49",
      "21:40:06",
      "21:55:26",
      "22:11:16"
    ],
    "board": [
      13,
      7,
      13,
      1,
      13,
      6,
      3,
      5,
      5,
      7,
      10,
      10,
      5,
      11,
      8,
      12,
      5,
      3,
      0,
      5,
      3,
      9,
      5,
      15,
      0,
      8,
      10,
      13,
      1,
      6,
      9,
      2,
      2,
      11,
      2,
      2,
      11,
      7,
      0,
      1,
      8,
      4,
      12,
      1,
      4,
      7,
      5,
      0,
      12,
      8,
      2,
      2,
      10,
      12,
      1,
      8,
      6,
      3,
      12,
      13,
      9,
      14,
      6,
      7,
      15
    ],
    "alight": [
      6,
      13,
      11,
      1,
      11,
      5,
      4,
      14,
      10,
      5,
      14,
      14,
      0,
      13,
      9,
      0,
      14,
      4,
      13,
      0,
      11,
      2,
      14,
      6,
      4,
      10,
      10,
      5,
      13,
      7,
      12,
      14,
      13,
      11,
      15,
      2,
      11,
      11,
      12,
      9,
      6,
      1,
      7,
      7,
      8,
      6,
      1,
      13,
      11,
      5,
      13,
      1,
      11,
      13,
      4,
      0,
      8,
      8,
      0,
      9,
      14,
      5,
      1,
      7,
      2
    ]
  },
  "三岭湾": {
    "time": [
      "06:14:36",
      "06:29:10",
      "06:43:41",
      "06:57:57",
      "07:12:38",
      "07:27:58",
      "07:42:30",
      "07:56:48",
      "08:11:10",
      "08:26:23",
      "08:41:15",
      "08:56:04",
      "09:11:54",
      "09:26:38",
      "09:41:56",
      "09:56:43",
      "10:12:31",
      "10:27:12",
      "10:41:38",
      "10:56:45",
      "11:12:09",
      "11:26:50",
      "11:41:51",
      "11:56:32",
      "12:10:50",
      "12:26:13",
      "12:41:49",
      "12:56:24",
      "13:11:53",
      "13:26:18",
      "13:41:51",
      "13:56:09",
      "14:10:21",
      "14:24:40",
      "14:40:17",
      "14:54:30",
      "15:08:47",
      "15:23:54",
      "15:39:28",
      "15:54:28",
      "16:10:17",
      "16:25:52",
      "16:41:16",
      "16:55:50",
      "17:11:17",
      "17:26:05",
      "17:40:20",
      "17:54:49",
      "18:10:15",
      "18:25:37",
      "18:40:40",
      "18:54:58",
      "19:10:01",
      "19:25:01",
      "19:40:36",
      "19:54:59",
      "20:10:29",
      "20:26:18",
      "20:40:37",
      "20:55:02",
      "21:10:17",
      "21:25:49",
      "21:40:06",
      "21:55:26",
      "22:11:16"
    ],
    "board": [
      4,
      15,
      6,
      0,
      12,
      13,
      7,
      11,
      7,
      3,
      12,
      14,
      13,
      4,
      15,
      4,
      14,
      9,
      3,
      2,
      2,
      14,
      1,
      10,
      0,
      14,
      1,
      9,
      4,
      11,
      0,
      15,
      5,
      12,
      4,
      1,
      2,
      1,
      4,
      4,
      12,
      2,
      15,
      9,
      4,
      13,
      4,
      7,
      7,
      8,
      1,
      14,
      14,
      11,
      15,
      14,
      9,
      11,
      9,
      14,
      5,
      12,
      5,
      10,
      5
    ],
    "alight": [
      11,
      8,
      5,
      8,
      4,
      3,
      1,
      11,
      1,
      11,
      12,
      9,
      8,
      4,
      7,
      4,
      7,
      15,
      6,
      9,
      14,
      13,
      6,
      10,
      9,
      14,
      15,
      10,
      10,
      1,
      4,
      7,
      11,
      3,
      1,
      10,
      2,
      15,
      7,
      8,
      1,
      5,
      7,
      4,
      2,
      8,
      1,
      3,
      8,
      13,
      11,
      12,
      2,
      3,
      7,
      7,
      15,
      10,
      10,
      9,
      4,
      11,
      11,
      7,
      10
    ]
  },
  "头桥派出所双峰路55号治安室": {
    "time": [
      "06:14:36",
      "06:29:10",
      "06:43:41",
      "06:57:57",
      "07:12:38",
      "07:27:58",
      "07:42:30",
      "07:56:48",
      "08:11:10",
      "08:26:23",
      "08:41:15",
      "08:56:04",
      "09:11:54",
      "09:26:38",
      "09:41:56",
      "09:56:43",
      "10:12:31",
      "10:27:12",
      "10:41:38",
      "10:56:45",
      "11:12:09",
      "11:26:50",
      "11:41:51",
      "11:56:32",
      "12:10:50",
      "12:26:13",
      "12:41:49",
      "12:56:24",
      "13:11:53",
      "13:26:18",
      "13:41:51",
      "13:56:09",
      "14:10:21",
      "14:24:40",
      "14:40:17",
      "14:54:30",
      "15:08:47",
      "15:23:54",
      "15:39:28",
      "15:54:28",
      "16:10:17",
      "16:25:52",
      "16:41:16",
      "16:55:50",
      "17:11:17",
      "17:26:05",
      "17:40:20",
      "17:54:49",
      "18:10:15",
      "18:25:37",
      "18:40:40",
      "18:54:58",
      "19:10:01",
      "19:25:01",
      "19:40:36",
      "19:54:59",
      "20:10:29",
      "20:26:18",
      "20:40:37",
      "20:55:02",
      "21:10:17",
      "21:25:49",
      "21:40:06",
      "21:55:26",
      "22:11:16"
    ],
    "board": [
      0,
      2,
      0,
      0,
      0,
      0,
      0,
      0,
      0,
      0,
      0,
      0,
      0,
      0,
      0,
      0,
      0,
      0,
      0,
      0,
      0,
      5,
      0,
      0,
      0,
      0,
      0,
      0,
      0,
      0,
      0,
      1,
      0,
      0,
      0,
      0,
      0,
      3,
      1,
      0,
      0,
      0,
      0,
      0,
      2,
      0,
      0,
      0,
      0,
      0,
      0,
      0,
      0,
      0,
      0,
      0,
      0,
      0,
      0,
      0,
      5,
      0,
      5,
      0,
      0
    ],
    "alight": [
      11,
      14,
      11,
      11,
      0,
      14,
      6,
      11,
      15,
      6,
      15,
      4,
      9,
      13,
      9,
      4,
      13,
      8,
      13,
      2,
      6,
      0,
      9,
      5,
      15,
      11,
      9,
      8,
      11,
      2,
      4,
      8,
      10,
      1,
      4,
      2,
      14,
      3,
      14,
      4,
      7,
      3,
      8,
      12,
      7,
      8,
      6,
      12,
      15,
      12,
      13,
      5,
      14,
      6,
      1,
      11,
      13,
      9,
      5,
      6,
      9,
      3,
      12,
      10,
      3
    ]
  },
  "黔春路": {
    "time": [
      "06:14:36",
      "06:29:10",
      "06:43:41",
      "06:57:57",
      "07:12:38",
      "07:27:58",
      "07:42:30",
      "07:56:48",
      "08:11:10",
      "08:26:23",
      "08:41:15",
      "08:56:04",
      "09:11:54",
      "09:26:38",
      "09:41:56",
      "09:56:43",
      "10:12:31",
      "10:27:12",
      "10:41:38",
      "10:56:45",
      "11:12:09",
      "11:26:50",
      "11:41:51",
      "11:56:32",
      "12:10:50",
      "12:26:13",
      "12:41:49",
      "12:56:24",
      "13:11:53",
      "13:26:18",
      "13:41:51",
      "13:56:09",
      "14:10:21",
      "14:24:40",
      "14:40:17",
      "14:54:30",
      "15:08:47",
      "15:23:54",
      "15:39:28",
      "15:54:28",
      "16:10:17",
      "16:25:52",
      "16:41:16",
      "16:55:50",
      "17:11:17",
      "17:26:05",
      "17:40:20",
      "17:54:49",
      "18:10:15",
      "18:25:37",
      "18:40:40",
      "18:54:58",
      "19:10:01",
      "19:25:01",
      "19:40:36",
      "19:54:59",
      "20:10:29",
      "20:26:18",
      "20:40:37",
      "20:55:02",
      "21:10:17",
      "21:25:49",
      "21:40:06",
      "21:55:26",
      "22:11:16"
    ],
    "board": [
      0,
      0,
      0,
      0,
      0,
      0,
      0,
      0,
      0,
      0,
      0,
      0,
      0,
      0,
      4,
      0,
      0,
      0,
      0,
      0,
      0,
      0,
      0,
      0,
      0,
      0,
      0,
      0,
      0,
      0,
      0,
      0,
      0,
      0,
      0,
      0,
      0,
      0,
      0,
      0,
      0,
      0,
      0,
      0,
      0,
      0,
      0,
      0,
      0,
      0,
      0,
      0,
      0,
      0,
      0,
      0,
      0,
      0,
      0,
      0,
      0,
      0,
      0,
      0,
      0
    ],
    "alight": [
      10,
      13,
      6,
      10,
      11,
      8,
      15,
      11,
      2,
      4,
      7,
      8,
      11,
      2,
      9,
      14,
      10,
      1,
      2,
      9,
      11,
      13,
      1,
      4,
      15,
      11,
      4,
      4,
      5,
      6,
      13,
      6,
      6,
      10,
      1,
      5,
      1,
      7,
      7,
      11,
      12,
      12,
      8,
      5,
      10,
      8,
      15,
      11,
      9,
      13,
      4,
      7,
      2,
      11,
      9,
      15,
      15,
      15,
      0,
      5,
      6,
      7,
      3,
      12,
      14
    ]
  },
  "鲁家大院": {
    "time": [
      "06:14:36",
      "06:29:10",
      "06:43:41",
      "06:57:57",
      "07:12:38",
      "07:27:58",
      "07:42:30",
      "07:56:48",
      "08:11:10",
      "08:26:23",
      "08:41:15",
      "08:56:04",
      "09:11:54",
      "09:26:38",
      "09:41:56",
      "09:56:43",
      "10:12:31",
      "10:27:12",
      "10:41:38",
      "10:56:45",
      "11:12:09",
      "11:26:50",
      "11:41:51",
      "11:56:32",
      "12:10:50",
      "12:26:13",
      "12:41:49",
      "12:56:24",
      "13:11:53",
      "13:26:18",
      "13:41:51",
      "13:56:09",
      "14:10:21",
      "14:24:40",
      "14:40:17",
      "14:54:30",
      "15:08:47",
      "15:23:54",
      "15:39:28",
      "15:54:28",
      "16:10:17",
      "16:25:52",
      "16:41:16",
      "16:55:50",
      "17:11:17",
      "17:26:05",
      "17:40:20",
      "17:54:49",
      "18:10:15",
      "18:25:37",
      "18:40:40",
      "18:54:58",
      "19:10:01",
      "19:25:01",
      "19:40:36",
      "19:54:59",
      "20:10:29",
      "20:26:18",
      "20:40:37",
      "20:55:02",
      "21:10:17",
      "21:25:49",
      "21:40:06",
      "21:55:26",
      "22:11:16"
    ],
    "board": [
      3,
      0,
      0,
      0,
      0,
      0,
      0,
      0,
      0,
      0,
      0,
      0,
      0,
      2,
      0,
      0,
      0,
      0,
      0,
      3,
      0,
      2,
      0,
      0,
      3,
      0,
      0,
      0,
      0,
      2,
      0,
      0,
      0,
      0,
      0,
      0,
      0,
      0,
      0,
      3,
      0,
      0,
      0,
      3,
      0,
      0,
      0,
      0,
      0,
      0,
      0,
      0,
      0,
      0,
      1,
      0,
      0,
      0,
      0,
      0,
      2,
      0,
      0,
      0,
      0
    ],
    "alight": [
      11,
      4,
      11,
      14,
      7,
      3,
      2,
      14,
      3,
      1,
      4,
      6,
      15,
      0,
      9,
      4,
      10,
      7,
      1,
      10,
      5,
      12,
      9,
      9,
      15,
      2,
      1,
      8,
      6,
      3,
      13,
      15,
      4,
      14,
      10,
      9,
      0,
      3,
      4,
      15,
      13,
      7,
      10,
      7,
      15,
      4,
      13,
      8,
      8,
      12,
      5,
      14,
      4,
      1,
      10,
      13,
      15,
      4,
      1,
      12,
      1,
      3,
      15,
      14,
      8
    ]
  },
  "七冲二号隧道": {
    "time": [
      "06:14:36",
      "06:29:10",
      "06:43:41",
      "06:57:57",
      "07:12:38",
      "07:27:58",
      "07:42:30",
      "07:56:48",
      "08:11:10",
      "08:26:23",
      "08:41:15",
      "08:56:04",
      "09:11:54",
      "09:26:38",
      "09:41:56",
      "09:56:43",
      "10:12:31",
      "10:27:12",
      "10:41:38",
      "10:56:45",
      "11:12:09",
      "11:26:50",
      "11:41:51",
      "11:56:32",
      "12:10:50",
      "12:26:13",
      "12:41:49",
      "12:56:24",
      "13:11:53",
      "13:26:18",
      "13:41:51",
      "13:56:09",
      "14:10:21",
      "14:24:40",
      "14:40:17",
      "14:54:30",
      "15:08:47",
      "15:23:54",
      "15:39:28",
      "15:54:28",
      "16:10:17",
      "16:25:52",
      "16:41:16",
      "16:55:50",
      "17:11:17",
      "17:26:05",
      "17:40:20",
      "17:54:49",
      "18:10:15",
      "18:25:37",
      "18:40:40",
      "18:54:58",
      "19:10:01",
      "19:25:01",
      "19:40:36",
      "19:54:59",
      "20:10:29",
      "20:26:18",
      "20:40:37",
      "20:55:02",
      "21:10:17",
      "21:25:49",
      "21:40:06",
      "21:55:26",
      "22:11:16"
    ],
    "board": [
      0,
      0,
      0,
      0,
      0,
      0,
      0,
      0,
      0,
      0,
      0,
      0,
      0,
      0,
      0,
      0,
      0,
      0,
      0,
      0,
      0,
      0,
      0,
      0,
      0,
      0,
      0,
      0,
      0,
      0,
      0,
      0,
      0,
      0,
      0,
      0,
      0,
      0,
      0,
      0,
      0,
      0,
      0,
      0,
      0,
      0,
      0,
      0,
      0,
      0,
      0,
      0,
      0,
      0,
      0,
      0,
      0,
      0,
      0,
      0,
      0,
      0,
      0,
      0,
      0
    ],
    "alight": [
      8,
      10,
      13,
      4,
      3,
      12,
      6,
      0,
      15,
      2,
      7,
      10,
      5,
      5,
      12,
      1,
      2,
      4,
      10,
      5,
      1,
      9,
      10,
      9,
      3,
      12,
      3,
      12,
      13,
      0,
      15,
      0,
      13,
      14,
      14,
      11,
      9,
      12,
      9,
      0,
      11,
      9,
      5,
      15,
      13,
      15,
      9,
      1,
      14,
      4,
      11,
      8,
      5,
      13,
      1,
      3,
      11,
      9,
      5,
      0,
      13,
      2,
      5,
      7,
      7
    ]
  },
  "火车北站隧道": {
    "time": [
      "06:14:36",
      "06:29:10",
      "06:43:41",
      "06:57:57",
      "07:12:38",
      "07:27:58",
      "07:42:30",
      "07:56:48",
      "08:11:10",
      "08:26:23",
      "08:41:15",
      "08:56:04",
      "09:11:54",
      "09:26:38",
      "09:41:56",
      "09:56:43",
      "10:12:31",
      "10:27:12",
      "10:41:38",
      "10:56:45",
      "11:12:09",
      "11:26:50",
      "11:41:51",
      "11:56:32",
      "12:10:50",
      "12:26:13",
      "12:41:49",
      "12:56:24",
      "13:11:53",
      "13:26:18",
      "13:41:51",
      "13:56:09",
      "14:10:21",
      "14:24:40",
      "14:40:17",
      "14:54:30",
      "15:08:47",
      "15:23:54",
      "15:39:28",
      "15:54:28",
      "16:10:17",
      "16:25:52",
      "16:41:16",
      "16:55:50",
      "17:11:17",
      "17:26:05",
      "17:40:20",
      "17:54:49",
      "18:10:15",
      "18:25:37",
      "18:40:40",
      "18:54:58",
      "19:10:01",
      "19:25:01",
      "19:40:36",
      "19:54:59",
      "20:10:29",
      "20:26:18",
      "20:40:37",
      "20:55:02",
      "21:10:17",
      "21:25:49",
      "21:40:06",
      "21:55:26",
      "22:11:16"
    ],
    "board": [
      0,
      0,
      0,
      0,
      0,
      0,
      0,
      0,
      0,
      0,
      0,
      0,
      0,
      0,
      0,
      0,
      0,
      0,
      0,
      0,
      0,
      0,
      0,
      0,
      0,
      0,
      0,
      0,
      0,
      0,
      0,
      0,
      0,
      0,
      0,
      0,
      0,
      0,
      0,
      0,
      0,
      0,
      0,
      0,
      0,
      0,
      0,
      0,
      0,
      0,
      0,
      0,
      0,
      0,
      0,
      0,
      0,
      0,
      0,
      0,
      0,
      0,
      0,
      0,
      0
    ],
    "alight": [
      0,
      7,
      4,
      4,
      4,
      14,
      1,
      6,
      9,
      2,
      5,
      9,
      9,
      5,
      2,
      8,
      0,
      7,
      13,
      7,
      6,
      14,
      6,
      8,
      13,
      13,
      0,
      5,
      6,
      14,
      0,
      9,
      12,
      0,
      10,
      10,
      15,
      4,
      15,
      7,
      15,
      11,
      2,
      10,
      3,
      9,
      15,
      2,
      1,
      1,
      9,
      1,
      13,
      8,
      5,
      14,
      2,
      14,
      10,
      4,
      6,
      14,
      15,
      6,
      0
    ]
  }
}