{
  "up": {
    "1": "贵阳南佗医院",
    "2": "北京西路",
    "3": "贵阳寻息阁酒店(贵阳北京西路世纪城店)",
    "4": "知金教育(贵阳中心)",
    "5": "马王派出所",
    "6": "白云幼儿园(北京西路)",
    "7": "贵阳市云岩区圣源学校",
    "8": "黔春立交",
    "9": "中环路西段入口(花果园方向)",
    "10": "地藏王菩萨",
    "11": "天天房开枫园小区",
    "12": "奥鹏教育(贵阳学习中心)",
    "13": "麻辣馄饨店(安云路店)",
    "14": "贵阳市第六中学",
    "15": "贵州医科大学-第1教学楼",
    "16": "永安寺街",
    "17": "利百姓牙科",
    "18": "竹城美食馆",
    "19": "知行路",
    "20": "方便烫菜(中天花园店)",
    "21": "多彩贵州艺术学校(云岩万达广场店)",
    "22": "奶漫清心(恒大雅苑店)",
    "23": "航天路",
    "24": "山上人家",
    "25": "中共观溪路街道工作委员会",
    "26": "贵州乌当农商银行(北衙支行)",
    "27": "贵州地矿测绘院(二分院)",
    "28": "汤泉HOUSE",
    "29": "新添大道北段",
    "30": "资生健康管理中心贵阳旗舰店",
    "31": "云锦庄",
    "32": "马百路"
  },
  "down": {
    "33": "马百路",
    "34": "云锦庄",
    "35": "资生健康管理中心贵阳旗舰店",
    "36": "新添大道北段",
    "37": "汤泉HOUSE",
    "38": "贵州地矿测绘院(二分院)",
    "39": "贵州乌当农商银行(北衙支行)",
    "40": "中共观溪路街道工作委员会",
    "41": "山上人家",
    "42": "航天路",
    "43": "奶漫清心(恒大雅苑店)",
    "44": "多彩贵州艺术学校(云岩万达广场店)",
    "45": "方便烫菜(中天花园店)",
    "46": "知行路",
    "47": "竹城美食馆",
    "48": "利百姓牙科",
    "49": "永安寺街",
    "50": "贵州医科大学-第1教学楼",
    "51": "贵阳市第六中学",
    "52": "麻辣馄饨店(安云路店)",
    "53": "奥鹏教育(贵阳学习中心)",
    "54": "天天房开枫园小区",
    "55": "地藏王菩萨",
    "56": "中环路西段入口(花果园方向)",
    "57": "黔春立交",
    "58": "贵阳市云岩区圣源学校",
    "59": "白云幼儿园(北京西路)",
    "60": "马王派出所",
    "61": "知金教育(贵阳中心)",
    "62": "贵阳寻息阁酒店(贵阳北京西路世纪城店)",
    "63": "北京西路",
    "64": "贵阳南佗医院"
  }
}