{
  "马百路": 569,
  "云锦庄": 1072,
  "资生健康管理中心贵阳旗舰店": 478,
  "新添大道北段": 458,
  "汤泉HOUSE": 807,
  "贵州地矿测绘院(二分院)": 625,
  "贵州乌当农商银行(北衙支行)": 733,
  "中共观溪路街道工作委员会": 483,
  "山上人家": 726,
  "航天路": 587,
  "奶漫清心(恒大雅苑店)": 421,
  "多彩贵州艺术学校(云岩万达广场店)": 611,
  "方便烫菜(中天花园店)": 514,
  "知行路": 732,
  "竹城美食馆": 866,
  "利百姓牙科": 610,
  "永安寺街": 483,
  "贵州医科大学-第1教学楼": 554,
  "贵阳市第六中学": 459,
  "麻辣馄饨店(安云路店)": 508,
  "奥鹏教育(贵阳学习中心)": 458,
  "天天房开枫园小区": 516,
  "地藏王菩萨": 629,
  "中环路西段入口(花果园方向)": 820,
  "黔春立交": 609,
  "贵阳市云岩区圣源学校": 410,
  "白云幼儿园(北京西路)": 805,
  "马王派出所": 662,
  "知金教育(贵阳中心)": 563,
  "贵阳寻息阁酒店(贵阳北京西路世纪城店)": 452,
  "北京西路": 800
}