{
  "up": {
    "贵阳南佗医院": 1,
    "北京西路": 2,
    "贵阳寻息阁酒店(贵阳北京西路世纪城店)": 3,
    "知金教育(贵阳中心)": 4,
    "马王派出所": 5,
    "白云幼儿园(北京西路)": 6,
    "贵阳市云岩区圣源学校": 7,
    "黔春立交": 8,
    "中环路西段入口(花果园方向)": 9,
    "地藏王菩萨": 10,
    "天天房开枫园小区": 11,
    "奥鹏教育(贵阳学习中心)": 12,
    "麻辣馄饨店(安云路店)": 13,
    "贵阳市第六中学": 14,
    "贵州医科大学-第1教学楼": 15,
    "永安寺街": 16,
    "利百姓牙科": 17,
    "竹城美食馆": 18,
    "知行路": 19,
    "方便烫菜(中天花园店)": 20,
    "多彩贵州艺术学校(云岩万达广场店)": 21,
    "奶漫清心(恒大雅苑店)": 22,
    "航天路": 23,
    "山上人家": 24,
    "中共观溪路街道工作委员会": 25,
    "贵州乌当农商银行(北衙支行)": 26,
    "贵州地矿测绘院(二分院)": 27,
    "汤泉HOUSE": 28,
    "新添大道北段": 29,
    "资生健康管理中心贵阳旗舰店": 30,
    "云锦庄": 31,
    "马百路": 32
  },
  "down": {
    "马百路": 33,
    "云锦庄": 34,
    "资生健康管理中心贵阳旗舰店": 35,
    "新添大道北段": 36,
    "汤泉HOUSE": 37,
    "贵州地矿测绘院(二分院)": 38,
    "贵州乌当农商银行(北衙支行)": 39,
    "中共观溪路街道工作委员会": 40,
    "山上人家": 41,
    "航天路": 42,
    "奶漫清心(恒大雅苑店)": 43,
    "多彩贵州艺术学校(云岩万达广场店)": 44,
    "方便烫菜(中天花园店)": 45,
    "知行路": 46,
    "竹城美食馆": 47,
    "利百姓牙科": 48,
    "永安寺街": 49,
    "贵州医科大学-第1教学楼": 50,
    "贵阳市第六中学": 51,
    "麻辣馄饨店(安云路店)": 52,
    "奥鹏教育(贵阳学习中心)": 53,
    "天天房开枫园小区": 54,
    "地藏王菩萨": 55,
    "中环路西段入口(花果园方向)": 56,
    "黔春立交": 57,
    "贵阳市云岩区圣源学校": 58,
    "白云幼儿园(北京西路)": 59,
    "马王派出所": 60,
    "知金教育(贵阳中心)": 61,
    "贵阳寻息阁酒店(贵阳北京西路世纪城店)": 62,
    "北京西路": 63,
    "贵阳南佗医院": 64
  }
}