{
  "贵阳南佗医院": 795,
  "北京西路": 447,
  "贵阳寻息阁酒店(贵阳北京西路世纪城店)": 558,
  "知金教育(贵阳中心)": 657,
  "马王派出所": 800,
  "白云幼儿园(北京西路)": 405,
  "贵阳市云岩区圣源学校": 604,
  "黔春立交": 815,
  "中环路西段入口(花果园方向)": 624,
  "地藏王菩萨": 511,
  "天天房开枫园小区": 453,
  "奥鹏教育(贵阳学习中心)": 503,
  "麻辣馄饨店(安云路店)": 454,
  "贵阳市第六中学": 549,
  "贵州医科大学-第1教学楼": 478,
  "永安寺街": 605,
  "利百姓牙科": 861,
  "竹城美食馆": 727,
  "知行路": 509,
  "方便烫菜(中天花园店)": 606,
  "多彩贵州艺术学校(云岩万达广场店)": 416,
  "奶漫清心(恒大雅苑店)": 582,
  "航天路": 721,
  "山上人家": 478,
  "中共观溪路街道工作委员会": 728,
  "贵州乌当农商银行(北衙支行)": 620,
  "贵州地矿测绘院(二分院)": 802,
  "汤泉HOUSE": 453,
  "新添大道北段": 473,
  "资生健康管理中心贵阳旗舰店": 1067,
  "云锦庄": 564
}