{
  "神鸡妙蒜(银河世纪店)": 456,
  "060县道": 627,
  "中寨塘": 680,
  "那家厨房": 2301,
  "上枧村(公交站)": 780,
  "方盛": 650,
  "贵州吉宏泰汽车零部件有限公司": 624,
  "三眼井": 730,
  "贵阳杭叉叉车销售有限公司": 1091,
  "114县道": 449,
  "书亦烧仙草(商贸城广场店)": 415,
  "中电建路桥集团有限公司贵阳交通枢纽项目": 493,
  "3号广场警务室": 480,
  "贵州职业技术学院": 788,
  "留一手特色烤鱼": 1012,
  "卓雅舞蹈": 491,
  "迪卡侬(金阳路店)": 749,
  "野鸭": 361,
  "老伍烧烤": 418,
  "贵阳世纪城购物中心智选假日酒店": 440,
  "高坡哨": 961,
  "旅社": 459,
  "贵阳市林木小学": 431,
  "圆梦美术教育儿童拓展基地": 502,
  "贵州省第三人民医院新冠疫苗接种点": 750,
  "贵阳市林泉小学": 481,
  "新街": 722,
  "苹果园路": 656,
  "贵阳三鑫招待所": 468
}