{
  "up": {
    "1": "贵佳粽子",
    "2": "贵阳三鑫招待所",
    "3": "苹果园路",
    "4": "新街",
    "5": "贵阳市林泉小学",
    "6": "贵州省第三人民医院新冠疫苗接种点",
    "7": "圆梦美术教育儿童拓展基地",
    "8": "贵阳市林木小学",
    "9": "旅社",
    "10": "高坡哨",
    "11": "贵阳世纪城购物中心智选假日酒店",
    "12": "老伍烧烤",
    "13": "野鸭",
    "14": "迪卡侬(金阳路店)",
    "15": "卓雅舞蹈",
    "16": "留一手特色烤鱼",
    "17": "贵州职业技术学院",
    "18": "3号广场警务室",
    "19": "中电建路桥集团有限公司贵阳交通枢纽项目",
    "20": "书亦烧仙草(商贸城广场店)",
    "21": "114县道",
    "22": "贵阳杭叉叉车销售有限公司",
    "23": "三眼井",
    "24": "贵州吉宏泰汽车零部件有限公司",
    "25": "方盛",
    "26": "上枧村(公交站)",
    "27": "那家厨房",
    "28": "中寨塘",
    "29": "060县道",
    "30": "神鸡妙蒜(银河世纪店)"
  },
  "down": {
    "31": "神鸡妙蒜(银河世纪店)",
    "32": "060县道",
    "33": "中寨塘",
    "34": "那家厨房",
    "35": "上枧村(公交站)",
    "36": "方盛",
    "37": "贵州吉宏泰汽车零部件有限公司",
    "38": "三眼井",
    "39": "贵阳杭叉叉车销售有限公司",
    "40": "114县道",
    "41": "书亦烧仙草(商贸城广场店)",
    "42": "中电建路桥集团有限公司贵阳交通枢纽项目",
    "43": "3号广场警务室",
    "44": "贵州职业技术学院",
    "45": "留一手特色烤鱼",
    "46": "卓雅舞蹈",
    "47": "迪卡侬(金阳路店)",
    "48": "野鸭",
    "49": "老伍烧烤",
    "50": "贵阳世纪城购物中心智选假日酒店",
    "51": "高坡哨",
    "52": "旅社",
    "53": "贵阳市林木小学",
    "54": "圆梦美术教育儿童拓展基地",
    "55": "贵州省第三人民医院新冠疫苗接种点",
    "56": "贵阳市林泉小学",
    "57": "新街",
    "58": "苹果园路",
    "59": "贵阳三鑫招待所",
    "60": "贵佳粽子"
  }
}