{
  "up": {
    "贵佳粽子": 1,
    "贵阳三鑫招待所": 2,
    "苹果园路": 3,
    "新街": 4,
    "贵阳市林泉小学": 5,
    "贵州省第三人民医院新冠疫苗接种点": 6,
    "圆梦美术教育儿童拓展基地": 7,
    "贵阳市林木小学": 8,
    "旅社": 9,
    "高坡哨": 10,
    "贵阳世纪城购物中心智选假日酒店": 11,
    "老伍烧烤": 12,
    "野鸭": 13,
    "迪卡侬(金阳路店)": 14,
    "卓雅舞蹈": 15,
    "留一手特色烤鱼": 16,
    "贵州职业技术学院": 17,
    "3号广场警务室": 18,
    "中电建路桥集团有限公司贵阳交通枢纽项目": 19,
    "书亦烧仙草(商贸城广场店)": 20,
    "114县道": 21,
    "贵阳杭叉叉车销售有限公司": 22,
    "三眼井": 23,
    "贵州吉宏泰汽车零部件有限公司": 24,
    "方盛": 25,
    "上枧村(公交站)": 26,
    "那家厨房": 27,
    "中寨塘": 28,
    "060县道": 29,
    "神鸡妙蒜(银河世纪店)": 30
  },
  "down": {
    "神鸡妙蒜(银河世纪店)": 31,
    "060县道": 32,
    "中寨塘": 33,
    "那家厨房": 34,
    "上枧村(公交站)": 35,
    "方盛": 36,
    "贵州吉宏泰汽车零部件有限公司": 37,
    "三眼井": 38,
    "贵阳杭叉叉车销售有限公司": 39,
    "114县道": 40,
    "书亦烧仙草(商贸城广场店)": 41,
    "中电建路桥集团有限公司贵阳交通枢纽项目": 42,
    "3号广场警务室": 43,
    "贵州职业技术学院": 44,
    "留一手特色烤鱼": 45,
    "卓雅舞蹈": 46,
    "迪卡侬(金阳路店)": 47,
    "野鸭": 48,
    "老伍烧烤": 49,
    "贵阳世纪城购物中心智选假日酒店": 50,
    "高坡哨": 51,
    "旅社": 52,
    "贵阳市林木小学": 53,
    "圆梦美术教育儿童拓展基地": 54,
    "贵州省第三人民医院新冠疫苗接种点": 55,
    "贵阳市林泉小学": 56,
    "新街": 57,
    "苹果园路": 58,
    "贵阳三鑫招待所": 59,
    "贵佳粽子": 60
  }
}