{
  "贵佳粽子": 509,
  "贵阳三鑫招待所": 697,
  "苹果园路": 763,
  "新街": 522,
  "贵阳市林泉小学": 791,
  "贵州省第三人民医院新冠疫苗接种点": 543,
  "圆梦美术教育儿童拓展基地": 472,
  "贵阳市林木小学": 500,
  "旅社": 1002,
  "高坡哨": 481,
  "贵阳世纪城购物中心智选假日酒店": 459,
  "老伍烧烤": 402,
  "野鸭": 790,
  "迪卡侬(金阳路店)": 532,
  "卓雅舞蹈": 1053,
  "留一手特色烤鱼": 829,
  "贵州职业技术学院": 521,
  "3号广场警务室": 534,
  "中电建路桥集团有限公司贵阳交通枢纽项目": 456,
  "书亦烧仙草(商贸城广场店)": 490,
  "114县道": 1132,
  "贵阳杭叉叉车销售有限公司": 771,
  "三眼井": 665,
  "贵州吉宏泰汽车零部件有限公司": 691,
  "方盛": 821,
  "上枧村(公交站)": 2342,
  "那家厨房": 721,
  "中寨塘": 668,
  "060县道": 497
}