{
  "贵阳春曌文化传媒有限公司": {
    "time": [
      "06:14:59",
      "06:30:14",
      "06:45:40",
      "07:00:25",
      "07:15:17",
      "07:30:51",
      "07:46:21",
      "08:01:28",
      "08:16:01",
      "08:31:45",
      "08:46:24",
      "09:02:11",
      "09:17:43",
      "09:32:40",
      "09:47:32",
      "10:01:56",
      "10:16:07",
      "10:31:46",
      "10:46:21",
      "11:01:16",
      "11:16:37",
      "11:32:13",
      "11:47:31",
      "12:03:08",
      "12:18:28",
      "12:34:02",
      "12:48:57",
      "13:03:29",
      "13:17:55",
      "13:32:39",
      "13:48:26",
      "14:02:51",
      "14:18:31",
      "14:33:15",
      "14:48:21",
      "15:03:08",
      "15:17:58",
      "15:33:35",
      "15:48:06",
      "16:03:35",
      "16:17:47",
      "16:32:01",
      "16:47:34",
      "17:01:55",
      "17:17:20",
      "17:33:10",
      "17:48:30",
      "18:03:38",
      "18:19:23",
      "18:34:05",
      "18:48:34",
      "19:03:42",
      "19:17:52",
      "19:32:48",
      "19:47:44",
      "20:02:33",
      "20:16:46",
      "20:31:08",
      "20:46:24",
      "21:00:50",
      "21:15:19",
      "21:30:41",
      "21:46:26",
      "22:01:25"
    ],
    "board": [
      3,
      13,
      0,
      13,
      7,
      2,
      7,
      10,
      12,
      12,
      13,
      3,
      13,
      7,
      0,
      5,
      8,
      1,
      12,
      11,
      6,
      5,
      5,
      13,
      8,
      1,
      11,
      15,
      11,
      3,
      3,
      14,
      8,
      6,
      13,
      12,
      6,
      13,
      6,
      12,
      6,
      15,
      3,
      14,
      12,
      7,
      8,
      5,
      13,
      10,
      12,
      15,
      5,
      9,
      5,
      14,
      7,
      10,
      8,
      14,
      9,
      7,
      11,
      15
    ],
    "alight": [
      0,
      0,
      0,
      0,
      0,
      0,
      0,
      0,
      0,
      0,
      0,
      0,
      0,
      0,
      0,
      0,
      0,
      0,
      0,
      0,
      0,
      0,
      0,
      0,
      0,
      0,
      0,
      0,
      0,
      0,
      0,
      0,
      0,
      0,
      0,
      0,
      0,
      0,
      0,
      0,
      0,
      0,
      0,
      0,
      0,
      0,
      0,
      0,
      0,
      0,
      0,
      0,
      0,
      0,
      0,
      0,
      0,
      0,
      0,
      0,
      0,
      0,
      0,
      0
    ]
  },
  "贵阳三叶建材有限公司": {
    "time": [
      "06:14:59",
      "06:30:14",
      "06:45:40",
      "07:00:25",
      "07:15:17",
      "07:30:51",
      "07:46:21",
      "08:01:28",
      "08:16:01",
      "08:31:45",
      "08:46:24",
      "09:02:11",
      "09:17:43",
      "09:32:40",
      "09:47:32",
      "10:01:56",
      "10:16:07",
      "10:31:46",
      "10:46:21",
      "11:01:16",
      "11:16:37",
      "11:32:13",
      "11:47:31",
      "12:03:08",
      "12:18:28",
      "12:34:02",
      "12:48:57",
      "13:03:29",
      "13:17:55",
      "13:32:39",
      "13:48:26",
      "14:02:51",
      "14:18:31",
      "14:33:15",
      "14:48:21",
      "15:03:08",
      "15:17:58",
      "15:33:35",
      "15:48:06",
      "16:03:35",
      "16:17:47",
      "16:32:01",
      "16:47:34",
      "17:01:55",
      "17:17:20",
      "17:33:10",
      "17:48:30",
      "18:03:38",
      "18:19:23",
      "18:34:05",
      "18:48:34",
      "19:03:42",
      "19:17:52",
      "19:32:48",
      "19:47:44",
      "20:02:33",
      "20:16:46",
      "20:31:08",
      "20:46:24",
      "21:00:50",
      "21:15:19",
      "21:30:41",
      "21:46:26",
      "22:01:25"
    ],
    "board": [
      0,
      4,
      15,
      6,
      5,
      11,
      4,
      14,
      14,
      13,
      2,
      11,
      14,
      5,
      4,
      12,
      10,
      14,
      5,
      4,
      9,
      2,
      14,
      10,
      5,
      8,
      6,
      13,
      10,
      9,
      7,
      7,
      1,
      14,
      6,
      6,
      6,
      3,
      9,
      11,
      14,
      2,
      3,
      13,
      4,
      6,
      5,
      2,
      7,
      3,
      13,
      12,
      10,
      12,
      3,
      0,
      1,
      15,
      11,
      7,
      14,
      13,
      5,
      4
    ],
    "alight": [
      0,
      0,
      0,
      0,
      0,
      0,
      0,
      0,
      0,
      0,
      0,
      0,
      0,
      0,
      0,
      0,
      0,
      0,
      0,
      0,
      0,
      0,
      0,
      0,
      0,
      0,
      0,
      0,
      0,
      0,
      0,
      0,
      0,
      0,
      0,
      0,
      0,
      0,
      0,
      0,
      0,
      0,
      0,
      0,
      0,
      0,
      0,
      0,
      0,
      0,
      0,
      0,
      0,
      0,
      0,
      0,
      0,
      0,
      0,
      0,
      0,
      0,
      0,
      0
    ]
  },
  "市医保定点医院": {
    "time": [
      "06:14:59",
      "06:30:14",
      "06:45:40",
      "07:00:25",
      "07:15:17",
      "07:30:51",
      "07:46:21",
      "08:01:28",
      "08:16:01",
      "08:31:45",
      "08:46:24",
      "09:02:11",
      "09:17:43",
      "09:32:40",
      "09:47:32",
      "10:01:56",
      "10:16:07",
      "10:31:46",
      "10:46:21",
      "11:01:16",
      "11:16:37",
      "11:32:13",
      "11:47:31",
      "12:03:08",
      "12:18:28",
      "12:34:02",
      "12:48:57",
      "13:03:29",
      "13:17:55",
      "13:32:39",
      "13:48:26",
      "14:02:51",
      "14:18:31",
      "14:33:15",
      "14:48:21",
      "15:03:08",
      "15:17:58",
      "15:33:35",
      "15:48:06",
      "16:03:35",
      "16:17:47",
      "16:32:01",
      "16:47:34",
      "17:01:55",
      "17:17:20",
      "17:33:10",
      "17:48:30",
      "18:03:38",
      "18:19:23",
      "18:34:05",
      "18:48:34",
      "19:03:42",
      "19:17:52",
      "19:32:48",
      "19:47:44",
      "20:02:33",
      "20:16:46",
      "20:31:08",
      "20:46:24",
      "21:00:50",
      "21:15:19",
      "21:30:41",
      "21:46:26",
      "22:01:25"
    ],
    "board": [
      15,
      3,
      8,
      7,
      13,
      14,
      12,
      12,
      2,
      10,
      0,
      13,
      0,
      14,
      13,
      1,
      11,
      9,
      2,
      6,
      8,
      15,
      10,
      7,
      1,
      5,
      15,
      12,
      11,
      12,
      13,
      5,
      2,
      11,
      11,
      12,
      15,
      8,
      13,
      1,
      14,
      14,
      4,
      13,
      11,
      1,
      4,
      3,
      0,
      14,
      2,
      15,
      7,
      15,
      5,
      2,
      11,
      1,
      11,
      10,
      9,
      2,
      1,
      13
    ],
    "alight": [
      0,
      0,
      0,
      0,
      0,
      0,
      1,
      0,
      0,
      0,
      0,
      0,
      0,
      0,
      0,
      0,
      0,
      0,
      0,
      0,
      0,
      0,
      0,
      0,
      0,
      0,
      0,
      0,
      0,
      0,
      0,
      0,
      0,
      0,
      0,
      0,
      0,
      0,
      1,
      0,
      0,
      0,
      1,
      0,
      0,
      0,
      0,
      0,
      0,
      0,
      0,
      0,
      0,
      0,
      0,
      0,
      1,
      0,
      0,
      0,
      0,
      0,
      0,
      0
    ]
  },
  "唐老鸭留一手烤鱼(圣泉流云花园观云邸店)": {
    "time": [
      "06:14:59",
      "06:30:14",
      "06:45:40",
      "07:00:25",
      "07:15:17",
      "07:30:51",
      "07:46:21",
      "08:01:28",
      "08:16:01",
      "08:31:45",
      "08:46:24",
      "09:02:11",
      "09:17:43",
      "09:32:40",
      "09:47:32",
      "10:01:56",
      "10:16:07",
      "10:31:46",
      "10:46:21",
      "11:01:16",
      "11:16:37",
      "11:32:13",
      "11:47:31",
      "12:03:08",
      "12:18:28",
      "12:34:02",
      "12:48:57",
      "13:03:29",
      "13:17:55",
      "13:32:39",
      "13:48:26",
      "14:02:51",
      "14:18:31",
      "14:33:15",
      "14:48:21",
      "15:03:08",
      "15:17:58",
      "15:33:35",
      "15:48:06",
      "16:03:35",
      "16:17:47",
      "16:32:01",
      "16:47:34",
      "17:01:55",
      "17:17:20",
      "17:33:10",
      "17:48:30",
      "18:03:38",
      "18:19:23",
      "18:34:05",
      "18:48:34",
      "19:03:42",
      "19:17:52",
      "19:32:48",
      "19:47:44",
      "20:02:33",
      "20:16:46",
      "20:31:08",
      "20:46:24",
      "21:00:50",
      "21:15:19",
      "21:30:41",
      "21:46:26",
      "22:01:25"
    ],
    "board": [
      11,
      1,
      14,
      13,
      4,
      13,
      14,
      4,
      9,
      6,
      6,
      6,
      15,
      4,
      9,
      10,
      6,
      11,
      1,
      11,
      8,
      4,
      10,
      2,
      3,
      13,
      6,
      1,
      4,
      0,
      6,
      8,
      0,
      7,
      0,
      6,
      10,
      2,
      0,
      7,
      13,
      12,
      11,
      4,
      15,
      2,
      4,
      14,
      2,
      15,
      7,
      5,
      2,
      8,
      0,
      4,
      11,
      15,
      11,
      6,
      7,
      4,
      11,
      5
    ],
    "alight": [
      0,
      0,
      0,
      0,
      0,
      0,
      0,
      0,
      0,
      0,
      0,
      0,
      0,
      0,
      0,
      0,
      0,
      0,
      0,
      0,
      0,
      0,
      0,
      0,
      0,
      0,
      0,
      0,
      0,
      0,
      0,
      0,
      0,
      0,
      0,
      0,
      0,
      0,
      1,
      0,
      0,
      0,
      1,
      0,
      0,
      0,
      0,
      0,
      0,
      0,
      0,
      0,
      0,
      0,
      0,
      0,
      0,
      0,
      0,
      0,
      0,
      0,
      4,
      0
    ]
  },
  "中坝立交": {
    "time": [
      "06:14:59",
      "06:30:14",
      "06:45:40",
      "07:00:25",
      "07:15:17",
      "07:30:51",
      "07:46:21",
      "08:01:28",
      "08:16:01",
      "08:31:45",
      "08:46:24",
      "09:02:11",
      "09:17:43",
      "09:32:40",
      "09:47:32",
      "10:01:56",
      "10:16:07",
      "10:31:46",
      "10:46:21",
      "11:01:16",
      "11:16:37",
      "11:32:13",
      "11:47:31",
      "12:03:08",
      "12:18:28",
      "12:34:02",
      "12:48:57",
      "13:03:29",
      "13:17:55",
      "13:32:39",
      "13:48:26",
      "14:02:51",
      "14:18:31",
      "14:33:15",
      "14:48:21",
      "15:03:08",
      "15:17:58",
      "15:33:35",
      "15:48:06",
      "16:03:35",
      "16:17:47",
      "16:32:01",
      "16:47:34",
      "17:01:55",
      "17:17:20",
      "17:33:10",
      "17:48:30",
      "18:03:38",
      "18:19:23",
      "18:34:05",
      "18:48:34",
      "19:03:42",
      "19:17:52",
      "19:32:48",
      "19:47:44",
      "20:02:33",
      "20:16:46",
      "20:31:08",
      "20:46:24",
      "21:00:50",
      "21:15:19",
      "21:30:41",
      "21:46:26",
      "22:01:25"
    ],
    "board": [
      15,
      8,
      3,
      10,
      13,
      13,
      4,
      1,
      6,
      5,
      14,
      14,
      14,
      1,
      5,
      10,
      11,
      11,
      0,
      3,
      8,
      11,
      0,
      1,
      1,
      4,
      0,
      7,
      7,
      5,
      13,
      0,
      13,
      12,
      9,
      15,
      3,
      13,
      0,
      7,
      6,
      15,
      13,
      6,
      15,
      3,
      2,
      11,
      5,
      15,
      1,
      2,
      15,
      9,
      4,
      11,
      14,
      5,
      9,
      0,
      7,
      13,
      9,
      3
    ],
    "alight": [
      6,
      10,
      2,
      7,
      10,
      15,
      11,
      0,
      7,
      3,
      11,
      2,
      15,
      1,
      3,
      6,
      2,
      13,
      5,
      4,
      3,
      4,
      13,
      14,
      7,
      5,
      12,
      11,
      3,
      6,
      2,
      15,
      15,
      10,
      3,
      4,
      7,
      7,
      13,
      12,
      9,
      6,
      1,
      4,
      8,
      9,
      15,
      9,
      2,
      15,
      13,
      1,
      4,
      0,
      15,
      7,
      11,
      1,
      9,
      6,
      14,
      3,
      1,
      12
    ]
  },
  "贵阳市女子职业学校": {
    "time": [
      "06:14:59",
      "06:30:14",
      "06:45:40",
      "07:00:25",
      "07:15:17",
      "07:30:51",
      "07:46:21",
      "08:01:28",
      "08:16:01",
      "08:31:45",
      "08:46:24",
      "09:02:11",
      "09:17:43",
      "09:32:40",
      "09:47:32",
      "10:01:56",
      "10:16:07",
      "10:31:46",
      "10:46:21",
      "11:01:16",
      "11:16:37",
      "11:32:13",
      "11:47:31",
      "12:03:08",
      "12:18:28",
      "12:34:02",
      "12:48:57",
      "13:03:29",
      "13:17:55",
      "13:32:39",
      "13:48:26",
      "14:02:51",
      "14:18:31",
      "14:33:15",
      "14:48:21",
      "15:03:08",
      "15:17:58",
      "15:33:35",
      "15:48:06",
      "16:03:35",
      "16:17:47",
      "16:32:01",
      "16:47:34",
      "17:01:55",
      "17:17:20",
      "17:33:10",
      "17:48:30",
      "18:03:38",
      "18:19:23",
      "18:34:05",
      "18:48:34",
      "19:03:42",
      "19:17:52",
      "19:32:48",
      "19:47:44",
      "20:02:33",
      "20:16:46",
      "20:31:08",
      "20:46:24",
      "21:00:50",
      "21:15:19",
      "21:30:41",
      "21:46:26",
      "22:01:25"
    ],
    "board": [
      14,
      14,
      7,
      2,
      0,
      5,
      3,
      0,
      1,
      13,
      13,
      13,
      6,
      1,
      10,
      9,
      6,
      4,
      15,
      0,
      11,
      15,
      14,
      1,
      8,
      12,
      3,
      11,
      8,
      7,
      4,
      5,
      13,
      4,
      10,
      12,
      6,
      2,
      3,
      3,
      4,
      1,
      15,
      13,
      8,
      3,
      10,
      6,
      12,
      3,
      4,
      6,
      6,
      0,
      12,
      15,
      0,
      13,
      8,
      11,
      7,
      0,
      3,
      10
    ],
    "alight": [
      15,
      6,
      1,
      2,
      10,
      6,
      3,
      12,
      11,
      0,
      3,
      11,
      5,
      11,
      8,
      0,
      3,
      13,
      7,
      5,
      1,
      14,
      9,
      4,
      13,
      7,
      10,
      4,
      3,
      14,
      0,
      5,
      14,
      0,
      9,
      8,
      3,
      0,
      10,
      6,
      6,
      15,
      6,
      8,
      12,
      15,
      15,
      11,
      1,
      13,
      2,
      15,
      13,
      5,
      2,
      9,
      15,
      5,
      12,
      8,
      13,
      9,
      13,
      11
    ]
  },
  "双峰路55号小区": {
    "time": [
      "06:14:59",
      "06:30:14",
      "06:45:40",
      "07:00:25",
      "07:15:17",
      "07:30:51",
      "07:46:21",
      "08:01:28",
      "08:16:01",
      "08:31:45",
      "08:46:24",
      "09:02:11",
      "09:17:43",
      "09:32:40",
      "09:47:32",
      "10:01:56",
      "10:16:07",
      "10:31:46",
      "10:46:21",
      "11:01:16",
      "11:16:37",
      "11:32:13",
      "11:47:31",
      "12:03:08",
      "12:18:28",
      "12:34:02",
      "12:48:57",
      "13:03:29",
      "13:17:55",
      "13:32:39",
      "13:48:26",
      "14:02:51",
      "14:18:31",
      "14:33:15",
      "14:48:21",
      "15:03:08",
      "15:17:58",
      "15:33:35",
      "15:48:06",
      "16:03:35",
      "16:17:47",
      "16:32:01",
      "16:47:34",
      "17:01:55",
      "17:17:20",
      "17:33:10",
      "17:48:30",
      "18:03:38",
      "18:19:23",
      "18:34:05",
      "18:48:34",
      "19:03:42",
      "19:17:52",
      "19:32:48",
      "19:47:44",
      "20:02:33",
      "20:16:46",
      "20:31:08",
      "20:46:24",
      "21:00:50",
      "21:15:19",
      "21:30:41",
      "21:46:26",
      "22:01:25"
    ],
    "board": [
      6,
      1,
      11,
      7,
      2,
      2,
      4,
      11,
      4,
      7,
      10,
      5,
      14,
      3,
      15,
      0,
      3,
      7,
      9,
      15,
      0,
      7,
      9,
      15,
      4,
      15,
      7,
      0,
      8,
      11,
      14,
      9,
      3,
      14,
      10,
      5,
      5,
      2,
      14,
      2,
      8,
      10,
      1,
      5,
      4,
      6,
      10,
      13,
      2,
      6,
      0,
      8,
      1,
      8,
      10,
      15,
      9,
      11,
      8,
      0,
      5,
      2,
      14,
      7
    ],
    "alight": [
      1,
      1,
      15,
      2,
      15,
      7,
      1,
      14,
      10,
      7,
      12,
      9,
      5,
      10,
      1,
      7,
      4,
      5,
      4,
      4,
      14,
      2,
      1,
      4,
      12,
      6,
      8,
      8,
      2,
      10,
      2,
      7,
      0,
      4,
      15,
      14,
      0,
      1,
      15,
      1,
      14,
      9,
      3,
      0,
      15,
      3,
      6,
      7,
      8,
      14,
      11,
      13,
      3,
      9,
      15,
      14,
      9,
      2,
      0,
      3,
      12,
      14,
      15,
      9
    ]
  },
  "地藏王菩萨": {
    "time": [
      "06:14:59",
      "06:30:14",
      "06:45:40",
      "07:00:25",
      "07:15:17",
      "07:30:51",
      "07:46:21",
      "08:01:28",
      "08:16:01",
      "08:31:45",
      "08:46:24",
      "09:02:11",
      "09:17:43",
      "09:32:40",
      "09:47:32",
      "10:01:56",
      "10:16:07",
      "10:31:46",
      "10:46:21",
      "11:01:16",
      "11:16:37",
      "11:32:13",
      "11:47:31",
      "12:03:08",
      "12:18:28",
      "12:34:02",
      "12:48:57",
      "13:03:29",
      "13:17:55",
      "13:32:39",
      "13:48:26",
      "14:02:51",
      "14:18:31",
      "14:33:15",
      "14:48:21",
      "15:03:08",
      "15:17:58",
      "15:33:35",
      "15:48:06",
      "16:03:35",
      "16:17:47",
      "16:32:01",
      "16:47:34",
      "17:01:55",
      "17:17:20",
      "17:33:10",
      "17:48:30",
      "18:03:38",
      "18:19:23",
      "18:34:05",
      "18:48:34",
      "19:03:42",
      "19:17:52",
      "19:32:48",
      "19:47:44",
      "20:02:33",
      "20:16:46",
      "20:31:08",
      "20:46:24",
      "21:00:50",
      "21:15:19",
      "21:30:41",
      "21:46:26",
      "22:01:25"
    ],
    "board": [
      6,
      10,
      13,
      8,
      12,
      5,
      1,
      9,
      4,
      8,
      0,
      7,
      9,
      6,
      8,
      5,
      9,
      11,
      11,
      9,
      1,
      1,
      8,
      2,
      8,
      12,
      15,
      9,
      7,
      3,
      10,
      12,
      12,
      13,
      12,
      6,
      14,
      7,
      2,
      15,
      8,
      6,
      9,
      4,
      4,
      2,
      12,
      7,
      6,
      10,
      1,
      8,
      12,
      1,
      0,
      7,
      11,
      1,
      0,
      5,
      13,
      12,
      14,
      13
    ],
    "alight": [
      11,
      6,
      11,
      9,
      0,
      10,
      14,
      0,
      9,
      1,
      0,
      7,
      12,
      9,
      5,
      11,
      12,
      5,
      11,
      0,
      10,
      12,
      12,
      2,
      14,
      3,
      10,
      15,
      10,
      4,
      5,
      13,
      7,
      14,
      1,
      12,
      15,
      15,
      7,
      3,
      12,
      0,
      0,
      12,
      7,
      13,
      3,
      5,
      1,
      14,
      3,
      13,
      2,
      4,
      15,
      8,
      10,
      14,
      0,
      6,
      5,
      13,
      14,
      13
    ]
  },
  "贵阳市园林管理局(北新区路)": {
    "time": [
      "06:14:59",
      "06:30:14",
      "06:45:40",
      "07:00:25",
      "07:15:17",
      "07:30:51",
      "07:46:21",
      "08:01:28",
      "08:16:01",
      "08:31:45",
      "08:46:24",
      "09:02:11",
      "09:17:43",
      "09:32:40",
      "09:47:32",
      "10:01:56",
      "10:16:07",
      "10:31:46",
      "10:46:21",
      "11:01:16",
      "11:16:37",
      "11:32:13",
      "11:47:31",
      "12:03:08",
      "12:18:28",
      "12:34:02",
      "12:48:57",
      "13:03:29",
      "13:17:55",
      "13:32:39",
      "13:48:26",
      "14:02:51",
      "14:18:31",
      "14:33:15",
      "14:48:21",
      "15:03:08",
      "15:17:58",
      "15:33:35",
      "15:48:06",
      "16:03:35",
      "16:17:47",
      "16:32:01",
      "16:47:34",
      "17:01:55",
      "17:17:20",
      "17:33:10",
      "17:48:30",
      "18:03:38",
      "18:19:23",
      "18:34:05",
      "18:48:34",
      "19:03:42",
      "19:17:52",
      "19:32:48",
      "19:47:44",
      "20:02:33",
      "20:16:46",
      "20:31:08",
      "20:46:24",
      "21:00:50",
      "21:15:19",
      "21:30:41",
      "21:46:26",
      "22:01:25"
    ],
    "board": [
      3,
      2,
      9,
      14,
      14,
      15,
      10,
      11,
      5,
      3,
      2,
      4,
      10,
      13,
      5,
      5,
      14,
      0,
      0,
      9,
      10,
      9,
      1,
      0,
      15,
      9,
      11,
      12,
      14,
      6,
      3,
      13,
      4,
      8,
      15,
      10,
      6,
      6,
      9,
      14,
      5,
      4,
      3,
      6,
      5,
      5,
      9,
      3,
      6,
      14,
      4,
      3,
      11,
      12,
      11,
      7,
      9,
      15,
      0,
      9,
      13,
      8,
      6,
      1
    ],
    "alight": [
      5,
      11,
      13,
      3,
      15,
      1,
      6,
      9,
      1,
      10,
      8,
      13,
      9,
      0,
      1,
      8,
      5,
      9,
      10,
      2,
      2,
      13,
      9,
      7,
      3,
      13,
      10,
      2,
      6,
      9,
      14,
      8,
      3,
      13,
      9,
      5,
      4,
      6,
      15,
      3,
      4,
      15,
      5,
      3,
      2,
      15,
      11,
      3,
      7,
      0,
      10,
      10,
      1,
      5,
      1,
      14,
      10,
      0,
      10,
      2,
      12,
      1,
      10,
      14
    ]
  },
  "陈氏烤鸡": {
    "time": [
      "06:14:59",
      "06:30:14",
      "06:45:40",
      "07:00:25",
      "07:15:17",
      "07:30:51",
      "07:46:21",
      "08:01:28",
      "08:16:01",
      "08:31:45",
      "08:46:24",
      "09:02:11",
      "09:17:43",
      "09:32:40",
      "09:47:32",
      "10:01:56",
      "10:16:07",
      "10:31:46",
      "10:46:21",
      "11:01:16",
      "11:16:37",
      "11:32:13",
      "11:47:31",
      "12:03:08",
      "12:18:28",
      "12:34:02",
      "12:48:57",
      "13:03:29",
      "13:17:55",
      "13:32:39",
      "13:48:26",
      "14:02:51",
      "14:18:31",
      "14:33:15",
      "14:48:21",
      "15:03:08",
      "15:17:58",
      "15:33:35",
      "15:48:06",
      "16:03:35",
      "16:17:47",
      "16:32:01",
      "16:47:34",
      "17:01:55",
      "17:17:20",
      "17:33:10",
      "17:48:30",
      "18:03:38",
      "18:19:23",
      "18:34:05",
      "18:48:34",
      "19:03:42",
      "19:17:52",
      "19:32:48",
      "19:47:44",
      "20:02:33",
      "20:16:46",
      "20:31:08",
      "20:46:24",
      "21:00:50",
      "21:15:19",
      "21:30:41",
      "21:46:26",
      "22:01:25"
    ],
    "board": [
      12,
      3,
      4,
      2,
      2,
      3,
      10,
      14,
      1,
      14,
      3,
      7,
      1,
      7,
      3,
      12,
      13,
      3,
      2,
      1,
      8,
      13,
      9,
      15,
      13,
      13,
      6,
      10,
      5,
      8,
      9,
      12,
      2,
      13,
      8,
      3,
      11,
      14,
      11,
      4,
      0,
      6,
      2,
      5,
      1,
      5,
      2,
      8,
      11,
      4,
      9,
      13,
      10,
      9,
      3,
      3,
      9,
      7,
      7,
      15,
      4,
      11,
      12,
      13
    ],
    "alight": [
      0,
      10,
      4,
      1,
      11,
      5,
      12,
      13,
      6,
      7,
      9,
      10,
      10,
      14,
      0,
      5,
      12,
      11,
      6,
      4,
      6,
      7,
      0,
      5,
      14,
      14,
      1,
      9,
      15,
      3,
      11,
      8,
      10,
      11,
      10,
      15,
      3,
      4,
      6,
      4,
      7,
      3,
      2,
      4,
      2,
      8,
      9,
      4,
      11,
      8,
      4,
      11,
      14,
      8,
      1,
      3,
      4,
      13,
      12,
      5,
      9,
      1,
      2,
      15
    ]
  },
  "安云路服务站": {
    "time": [
      "06:14:59",
      "06:30:14",
      "06:45:40",
      "07:00:25",
      "07:15:17",
      "07:30:51",
      "07:46:21",
      "08:01:28",
      "08:16:01",
      "08:31:45",
      "08:46:24",
      "09:02:11",
      "09:17:43",
      "09:32:40",
      "09:47:32",
      "10:01:56",
      "10:16:07",
      "10:31:46",
      "10:46:21",
      "11:01:16",
      "11:16:37",
      "11:32:13",
      "11:47:31",
      "12:03:08",
      "12:18:28",
      "12:34:02",
      "12:48:57",
      "13:03:29",
      "13:17:55",
      "13:32:39",
      "13:48:26",
      "14:02:51",
      "14:18:31",
      "14:33:15",
      "14:48:21",
      "15:03:08",
      "15:17:58",
      "15:33:35",
      "15:48:06",
      "16:03:35",
      "16:17:47",
      "16:32:01",
      "16:47:34",
      "17:01:55",
      "17:17:20",
      "17:33:10",
      "17:48:30",
      "18:03:38",
      "18:19:23",
      "18:34:05",
      "18:48:34",
      "19:03:42",
      "19:17:52",
      "19:32:48",
      "19:47:44",
      "20:02:33",
      "20:16:46",
      "20:31:08",
      "20:46:24",
      "21:00:50",
      "21:15:19",
      "21:30:41",
      "21:46:26",
      "22:01:25"
    ],
    "board": [
      5,
      9,
      12,
      9,
      14,
      5,
      15,
      1,
      9,
      9,
      10,
      4,
      3,
      1,
      3,
      6,
      12,
      12,
      12,
      13,
      0,
      8,
      8,
      5,
      13,
      3,
      14,
      4,
      10,
      10,
      12,
      1,
      13,
      12,
      8,
      13,
      5,
      6,
      14,
      8,
      0,
      0,
      5,
      3,
      7,
      4,
      5,
      3,
      13,
      6,
      13,
      3,
      2,
      5,
      4,
      1,
      8,
      8,
      10,
      14,
      13,
      3,
      4,
      4
    ],
    "alight": [
      0,
      8,
      7,
      11,
      11,
      1,
      2,
      4,
      2,
      14,
      0,
      8,
      15,
      6,
      13,
      9,
      5,
      14,
      10,
      13,
      8,
      2,
      9,
      12,
      13,
      8,
      3,
      15,
      0,
      15,
      8,
      6,
      11,
      5,
      8,
      9,
      11,
      12,
      11,
      8,
      0,
      8,
      4,
      12,
      4,
      5,
      15,
      9,
      10,
      0,
      9,
      13,
      3,
      8,
      10,
      2,
      8,
      7,
      8,
      9,
      8,
      12,
      0,
      5
    ]
  },
  "成博高中生午托园": {
    "time": [
      "06:14:59",
      "06:30:14",
      "06:45:40",
      "07:00:25",
      "07:15:17",
      "07:30:51",
      "07:46:21",
      "08:01:28",
      "08:16:01",
      "08:31:45",
      "08:46:24",
      "09:02:11",
      "09:17:43",
      "09:32:40",
      "09:47:32",
      "10:01:56",
      "10:16:07",
      "10:31:46",
      "10:46:21",
      "11:01:16",
      "11:16:37",
      "11:32:13",
      "11:47:31",
      "12:03:08",
      "12:18:28",
      "12:34:02",
      "12:48:57",
      "13:03:29",
      "13:17:55",
      "13:32:39",
      "13:48:26",
      "14:02:51",
      "14:18:31",
      "14:33:15",
      "14:48:21",
      "15:03:08",
      "15:17:58",
      "15:33:35",
      "15:48:06",
      "16:03:35",
      "16:17:47",
      "16:32:01",
      "16:47:34",
      "17:01:55",
      "17:17:20",
      "17:33:10",
      "17:48:30",
      "18:03:38",
      "18:19:23",
      "18:34:05",
      "18:48:34",
      "19:03:42",
      "19:17:52",
      "19:32:48",
      "19:47:44",
      "20:02:33",
      "20:16:46",
      "20:31:08",
      "20:46:24",
      "21:00:50",
      "21:15:19",
      "21:30:41",
      "21:46:26",
      "22:01:25"
    ],
    "board": [
      13,
      2,
      4,
      12,
      2,
      7,
      6,
      0,
      10,
      12,
      9,
      1,
      11,
      8,
      15,
      14,
      7,
      6,
      12,
      4,
      13,
      10,
      8,
      1,
      5,
      12,
      8,
      2,
      1,
      10,
      0,
      4,
      15,
      4,
      3,
      2,
      0,
      10,
      3,
      9,
      12,
      6,
      0,
      14,
      4,
      10,
      0,
      15,
      0,
      4,
      5,
      5,
      6,
      9,
      2,
      0,
      15,
      5,
      9,
      4,
      7,
      5,
      12,
      3
    ],
    "alight": [
      5,
      0,
      11,
      8,
      14,
      11,
      1,
      6,
      3,
      4,
      6,
      9,
      12,
      12,
      15,
      9,
      7,
      9,
      6,
      3,
      13,
      4,
      3,
      5,
      6,
      2,
      10,
      5,
      12,
      7,
      13,
      0,
      4,
      15,
      2,
      11,
      7,
      4,
      10,
      13,
      9,
      8,
      0,
      3,
      8,
      1,
      6,
      12,
      14,
      9,
      12,
      0,
      7,
      4,
      2,
      0,
      2,
      6,
      8,
      11,
      0,
      3,
      12,
      3
    ]
  },
  "贵州医科大学临床技能实验中心3-4教室": {
    "time": [
      "06:14:59",
      "06:30:14",
      "06:45:40",
      "07:00:25",
      "07:15:17",
      "07:30:51",
      "07:46:21",
      "08:01:28",
      "08:16:01",
      "08:31:45",
      "08:46:24",
      "09:02:11",
      "09:17:43",
      "09:32:40",
      "09:47:32",
      "10:01:56",
      "10:16:07",
      "10:31:46",
      "10:46:21",
      "11:01:16",
      "11:16:37",
      "11:32:13",
      "11:47:31",
      "12:03:08",
      "12:18:28",
      "12:34:02",
      "12:48:57",
      "13:03:29",
      "13:17:55",
      "13:32:39",
      "13:48:26",
      "14:02:51",
      "14:18:31",
      "14:33:15",
      "14:48:21",
      "15:03:08",
      "15:17:58",
      "15:33:35",
      "15:48:06",
      "16:03:35",
      "16:17:47",
      "16:32:01",
      "16:47:34",
      "17:01:55",
      "17:17:20",
      "17:33:10",
      "17:48:30",
      "18:03:38",
      "18:19:23",
      "18:34:05",
      "18:48:34",
      "19:03:42",
      "19:17:52",
      "19:32:48",
      "19:47:44",
      "20:02:33",
      "20:16:46",
      "20:31:08",
      "20:46:24",
      "21:00:50",
      "21:15:19",
      "21:30:41",
      "21:46:26",
      "22:01:25"
    ],
    "board": [
      13,
      6,
      5,
      6,
      11,
      11,
      0,
      8,
      9,
      12,
      3,
      7,
      4,
      2,
      5,
      12,
      1,
      15,
      3,
      1,
      0,
      9,
      12,
      0,
      4,
      7,
      0,
      3,
      9,
      6,
      2,
      8,
      9,
      13,
      13,
      3,
      11,
      0,
      10,
      3,
      5,
      14,
      0,
      3,
      4,
      9,
      9,
      4,
      5,
      3,
      1,
      1,
      11,
      3,
      6,
      0,
      14,
      10,
      12,
      4,
      15,
      0,
      4,
      12
    ],
    "alight": [
      0,
      1,
      6,
      6,
      10,
      4,
      4,
      0,
      5,
      1,
      10,
      3,
      1,
      14,
      0,
      4,
      5,
      7,
      9,
      9,
      5,
      7,
      6,
      11,
      5,
      5,
      8,
      6,
      12,
      9,
      6,
      9,
      15,
      2,
      10,
      2,
      3,
      7,
      12,
      11,
      13,
      2,
      13,
      8,
      9,
      5,
      9,
      2,
      14,
      4,
      1,
      14,
      14,
      8,
      1,
      15,
      15,
      7,
      11,
      14,
      9,
      2,
      4,
      8
    ]
  },
  "小智锅锅香(百花山店)": {
    "time": [
      "06:14:59",
      "06:30:14",
      "06:45:40",
      "07:00:25",
      "07:15:17",
      "07:30:51",
      "07:46:21",
      "08:01:28",
      "08:16:01",
      "08:31:45",
      "08:46:24",
      "09:02:11",
      "09:17:43",
      "09:32:40",
      "09:47:32",
      "10:01:56",
      "10:16:07",
      "10:31:46",
      "10:46:21",
      "11:01:16",
      "11:16:37",
      "11:32:13",
      "11:47:31",
      "12:03:08",
      "12:18:28",
      "12:34:02",
      "12:48:57",
      "13:03:29",
      "13:17:55",
      "13:32:39",
      "13:48:26",
      "14:02:51",
      "14:18:31",
      "14:33:15",
      "14:48:21",
      "15:03:08",
      "15:17:58",
      "15:33:35",
      "15:48:06",
      "16:03:35",
      "16:17:47",
      "16:32:01",
      "16:47:34",
      "17:01:55",
      "17:17:20",
      "17:33:10",
      "17:48:30",
      "18:03:38",
      "18:19:23",
      "18:34:05",
      "18:48:34",
      "19:03:42",
      "19:17:52",
      "19:32:48",
      "19:47:44",
      "20:02:33",
      "20:16:46",
      "20:31:08",
      "20:46:24",
      "21:00:50",
      "21:15:19",
      "21:30:41",
      "21:46:26",
      "22:01:25"
    ],
    "board": [
      4,
      7,
      0,
      1,
      8,
      6,
      9,
      0,
      12,
      2,
      3,
      1,
      0,
      5,
      1,
      4,
      13,
      14,
      1,
      8,
      8,
      9,
      6,
      3,
      10,
      15,
      1,
      10,
      11,
      14,
      8,
      9,
      2,
      10,
      14,
      1,
      10,
      8,
      5,
      0,
      15,
      6,
      7,
      8,
      1,
      1,
      7,
      8,
      7,
      2,
      0,
      14,
      12,
      8,
      3,
      4,
      11,
      0,
      2,
      8,
      5,
      5,
      12,
      14
    ],
    "alight": [
      15,
      8,
      15,
      3,
      15,
      0,
      9,
      6,
      2,
      1,
      4,
      13,
      15,
      0,
      12,
      15,
      6,
      0,
      15,
      3,
      7,
      1,
      9,
      9,
      2,
      3,
      5,
      4,
      10,
      1,
      7,
      12,
      8,
      2,
      10,
      7,
      3,
      9,
      14,
      7,
      4,
      9,
      7,
      5,
      3,
      3,
      8,
      7,
      0,
      10,
      10,
      8,
      6,
      10,
      10,
      1,
      7,
      3,
      10,
      12,
      4,
      12,
      1,
      1
    ]
  },
  "利民学校": {
    "time": [
      "06:14:59",
      "06:30:14",
      "06:45:40",
      "07:00:25",
      "07:15:17",
      "07:30:51",
      "07:46:21",
      "08:01:28",
      "08:16:01",
      "08:31:45",
      "08:46:24",
      "09:02:11",
      "09:17:43",
      "09:32:40",
      "09:47:32",
      "10:01:56",
      "10:16:07",
      "10:31:46",
      "10:46:21",
      "11:01:16",
      "11:16:37",
      "11:32:13",
      "11:47:31",
      "12:03:08",
      "12:18:28",
      "12:34:02",
      "12:48:57",
      "13:03:29",
      "13:17:55",
      "13:32:39",
      "13:48:26",
      "14:02:51",
      "14:18:31",
      "14:33:15",
      "14:48:21",
      "15:03:08",
      "15:17:58",
      "15:33:35",
      "15:48:06",
      "16:03:35",
      "16:17:47",
      "16:32:01",
      "16:47:34",
      "17:01:55",
      "17:17:20",
      "17:33:10",
      "17:48:30",
      "18:03:38",
      "18:19:23",
      "18:34:05",
      "18:48:34",
      "19:03:42",
      "19:17:52",
      "19:32:48",
      "19:47:44",
      "20:02:33",
      "20:16:46",
      "20:31:08",
      "20:46:24",
      "21:00:50",
      "21:15:19",
      "21:30:41",
      "21:46:26",
      "22:01:25"
    ],
    "board": [
      0,
      2,
      15,
      13,
      13,
      11,
      2,
      1,
      14,
      4,
      15,
      2,
      3,
      13,
      8,
      11,
      4,
      8,
      9,
      3,
      5,
      8,
      1,
      9,
      13,
      3,
      5,
      3,
      6,
      7,
      8,
      1,
      0,
      15,
      13,
      1,
      13,
      10,
      6,
      15,
      11,
      7,
      13,
      11,
      2,
      13,
      4,
      4,
      10,
      7,
      7,
      0,
      13,
      0,
      13,
      5,
      2,
      7,
      1,
      11,
      12,
      15,
      15,
      6
    ],
    "alight": [
      10,
      3,
      12,
      14,
      14,
      2,
      7,
      15,
      8,
      13,
      5,
      15,
      11,
      10,
      12,
      10,
      10,
      1,
      4,
      11,
      13,
      1,
      1,
      6,
      11,
      6,
      13,
      14,
      3,
      1,
      2,
      7,
      14,
      3,
      13,
      9,
      15,
      12,
      12,
      6,
      11,
      10,
      4,
      3,
      13,
      10,
      3,
      10,
      8,
      15,
      9,
      9,
      13,
      11,
      10,
      7,
      6,
      7,
      0,
      8,
      15,
      1,
      2,
      3
    ]
  },
  "登高路": {
    "time": [
      "06:14:59",
      "06:30:14",
      "06:45:40",
      "07:00:25",
      "07:15:17",
      "07:30:51",
      "07:46:21",
      "08:01:28",
      "08:16:01",
      "08:31:45",
      "08:46:24",
      "09:02:11",
      "09:17:43",
      "09:32:40",
      "09:47:32",
      "10:01:56",
      "10:16:07",
      "10:31:46",
      "10:46:21",
      "11:01:16",
      "11:16:37",
      "11:32:13",
      "11:47:31",
      "12:03:08",
      "12:18:28",
      "12:34:02",
      "12:48:57",
      "13:03:29",
      "13:17:55",
      "13:32:39",
      "13:48:26",
      "14:02:51",
      "14:18:31",
      "14:33:15",
      "14:48:21",
      "15:03:08",
      "15:17:58",
      "15:33:35",
      "15:48:06",
      "16:03:35",
      "16:17:47",
      "16:32:01",
      "16:47:34",
      "17:01:55",
      "17:17:20",
      "17:33:10",
      "17:48:30",
      "18:03:38",
      "18:19:23",
      "18:34:05",
      "18:48:34",
      "19:03:42",
      "19:17:52",
      "19:32:48",
      "19:47:44",
      "20:02:33",
      "20:16:46",
      "20:31:08",
      "20:46:24",
      "21:00:50",
      "21:15:19",
      "21:30:41",
      "21:46:26",
      "22:01:25"
    ],
    "board": [
      0,
      12,
      2,
      0,
      2,
      12,
      3,
      7,
      2,
      0,
      3,
      15,
      3,
      10,
      8,
      14,
      10,
      3,
      7,
      15,
      11,
      7,
      2,
      11,
      3,
      0,
      7,
      7,
      7,
      0,
      0,
      5,
      9,
      11,
      15,
      6,
      10,
      4,
      3,
      2,
      6,
      6,
      8,
      12,
      5,
      7,
      6,
      2,
      11,
      3,
      13,
      6,
      6,
      3,
      5,
      5,
      12,
      15,
      0,
      12,
      9,
      13,
      10,
      9
    ],
    "alight": [
      4,
      2,
      3,
      1,
      5,
      9,
      15,
      8,
      12,
      15,
      6,
      11,
      6,
      4,
      7,
      15,
      12,
      8,
      1,
      12,
      4,
      2,
      4,
      1,
      13,
      15,
      9,
      8,
      5,
      11,
      7,
      2,
      2,
      3,
      4,
      1,
      6,
      5,
      0,
      1,
      13,
      1,
      10,
      3,
      6,
      6,
      4,
      14,
      3,
      11,
      5,
      9,
      1,
      8,
      7,
      0,
      5,
      6,
      4,
      6,
      7,
      15,
      1,
      9
    ]
  },
  "香辣虾蟹(未来方舟F10组团店)": {
    "time": [
      "06:14:59",
      "06:30:14",
      "06:45:40",
      "07:00:25",
      "07:15:17",
      "07:30:51",
      "07:46:21",
      "08:01:28",
      "08:16:01",
      "08:31:45",
      "08:46:24",
      "09:02:11",
      "09:17:43",
      "09:32:40",
      "09:47:32",
      "10:01:56",
      "10:16:07",
      "10:31:46",
      "10:46:21",
      "11:01:16",
      "11:16:37",
      "11:32:13",
      "11:47:31",
      "12:03:08",
      "12:18:28",
      "12:34:02",
      "12:48:57",
      "13:03:29",
      "13:17:55",
      "13:32:39",
      "13:48:26",
      "14:02:51",
      "14:18:31",
      "14:33:15",
      "14:48:21",
      "15:03:08",
      "15:17:58",
      "15:33:35",
      "15:48:06",
      "16:03:35",
      "16:17:47",
      "16:32:01",
      "16:47:34",
      "17:01:55",
      "17:17:20",
      "17:33:10",
      "17:48:30",
      "18:03:38",
      "18:19:23",
      "18:34:05",
      "18:48:34",
      "19:03:42",
      "19:17:52",
      "19:32:48",
      "19:47:44",
      "20:02:33",
      "20:16:46",
      "20:31:08",
      "20:46:24",
      "21:00:50",
      "21:15:19",
      "21:30:41",
      "21:46:26",
      "22:01:25"
    ],
    "board": [
      5,
      15,
      13,
      15,
      2,
      15,
      1,
      12,
      13,
      5,
      5,
      11,
      9,
      9,
      5,
      13,
      7,
      9,
      11,
      8,
      3,
      4,
      5,
      10,
      2,
      15,
      9,
      4,
      6,
      13,
      14,
      10,
      0,
      1,
      1,
      8,
      0,
      0,
      11,
      3,
      12,
      2,
      3,
      6,
      2,
      6,
      12,
      1,
      10,
      15,
      15,
      11,
      9,
      8,
      6,
      1,
      14,
      4,
      15,
      13,
      0,
      3,
      10,
      9
    ],
    "alight": [
      10,
      6,
      1,
      8,
      6,
      1,
      12,
      4,
      12,
      11,
      10,
      8,
      1,
      14,
      1,
      13,
      9,
      14,
      14,
      3,
      0,
      4,
      1,
      11,
      6,
      0,
      10,
      1,
      12,
      13,
      11,
      0,
      13,
      8,
      4,
      7,
      11,
      1,
      13,
      10,
      12,
      9,
      13,
      9,
      4,
      12,
      8,
      12,
      5,
      8,
      1,
      5,
      6,
      15,
      5,
      2,
      4,
      3,
      10,
      15,
      12,
      14,
      12,
      1
    ]
  },
  "中天.未来方舟-博学郡": {
    "time": [
      "06:14:59",
      "06:30:14",
      "06:45:40",
      "07:00:25",
      "07:15:17",
      "07:30:51",
      "07:46:21",
      "08:01:28",
      "08:16:01",
      "08:31:45",
      "08:46:24",
      "09:02:11",
      "09:17:43",
      "09:32:40",
      "09:47:32",
      "10:01:56",
      "10:16:07",
      "10:31:46",
      "10:46:21",
      "11:01:16",
      "11:16:37",
      "11:32:13",
      "11:47:31",
      "12:03:08",
      "12:18:28",
      "12:34:02",
      "12:48:57",
      "13:03:29",
      "13:17:55",
      "13:32:39",
      "13:48:26",
      "14:02:51",
      "14:18:31",
      "14:33:15",
      "14:48:21",
      "15:03:08",
      "15:17:58",
      "15:33:35",
      "15:48:06",
      "16:03:35",
      "16:17:47",
      "16:32:01",
      "16:47:34",
      "17:01:55",
      "17:17:20",
      "17:33:10",
      "17:48:30",
      "18:03:38",
      "18:19:23",
      "18:34:05",
      "18:48:34",
      "19:03:42",
      "19:17:52",
      "19:32:48",
      "19:47:44",
      "20:02:33",
      "20:16:46",
      "20:31:08",
      "20:46:24",
      "21:00:50",
      "21:15:19",
      "21:30:41",
      "21:46:26",
      "22:01:25"
    ],
    "board": [
      10,
      13,
      1,
      12,
      8,
      11,
      2,
      4,
      15,
      4,
      7,
      9,
      14,
      7,
      10,
      7,
      15,
      2,
      15,
      7,
      5,
      13,
      7,
      10,
      5,
      0,
      1,
      9,
      14,
      0,
      2,
      11,
      12,
      11,
      0,
      4,
      10,
      2,
      14,
      11,
      7,
      3,
      4,
      13,
      9,
      2,
      10,
      14,
      0,
      12,
      0,
      2,
      9,
      1,
      5,
      2,
      13,
      6,
      6,
      10,
      11,
      4,
      9,
      1
    ],
    "alight": [
      1,
      7,
      2,
      6,
      9,
      9,
      9,
      3,
      6,
      0,
      6,
      4,
      4,
      3,
      2,
      8,
      9,
      2,
      10,
      9,
      1,
      2,
      7,
      10,
      0,
      7,
      14,
      11,
      7,
      12,
      14,
      2,
      5,
      1,
      5,
      1,
      13,
      1,
      15,
      2,
      3,
      8,
      15,
      1,
      5,
      6,
      9,
      15,
      5,
      3,
      10,
      8,
      9,
      3,
      13,
      0,
      0,
      5,
      2,
      13,
      9,
      6,
      13,
      3
    ]
  },
  "妙学巧记教育": {
    "time": [
      "06:14:59",
      "06:30:14",
      "06:45:40",
      "07:00:25",
      "07:15:17",
      "07:30:51",
      "07:46:21",
      "08:01:28",
      "08:16:01",
      "08:31:45",
      "08:46:24",
      "09:02:11",
      "09:17:43",
      "09:32:40",
      "09:47:32",
      "10:01:56",
      "10:16:07",
      "10:31:46",
      "10:46:21",
      "11:01:16",
      "11:16:37",
      "11:32:13",
      "11:47:31",
      "12:03:08",
      "12:18:28",
      "12:34:02",
      "12:48:57",
      "13:03:29",
      "13:17:55",
      "13:32:39",
      "13:48:26",
      "14:02:51",
      "14:18:31",
      "14:33:15",
      "14:48:21",
      "15:03:08",
      "15:17:58",
      "15:33:35",
      "15:48:06",
      "16:03:35",
      "16:17:47",
      "16:32:01",
      "16:47:34",
      "17:01:55",
      "17:17:20",
      "17:33:10",
      "17:48:30",
      "18:03:38",
      "18:19:23",
      "18:34:05",
      "18:48:34",
      "19:03:42",
      "19:17:52",
      "19:32:48",
      "19:47:44",
      "20:02:33",
      "20:16:46",
      "20:31:08",
      "20:46:24",
      "21:00:50",
      "21:15:19",
      "21:30:41",
      "21:46:26",
      "22:01:25"
    ],
    "board": [
      0,
      8,
      9,
      5,
      0,
      7,
      10,
      11,
      11,
      15,
      11,
      10,
      12,
      15,
      5,
      8,
      5,
      4,
      0,
      9,
      8,
      4,
      8,
      9,
      0,
      8,
      3,
      15,
      10,
      11,
      15,
      9,
      8,
      0,
      9,
      10,
      13,
      7,
      1,
      9,
      6,
      9,
      12,
      14,
      6,
      5,
      9,
      5,
      8,
      9,
      15,
      5,
      5,
      1,
      12,
      12,
      13,
      4,
      0,
      15,
      11,
      3,
      1,
      3
    ],
    "alight": [
      5,
      5,
      2,
      0,
      5,
      10,
      9,
      3,
      6,
      11,
      8,
      14,
      13,
      7,
      15,
      14,
      2,
      3,
      14,
      13,
      6,
      10,
      15,
      12,
      4,
      13,
      14,
      0,
      11,
      15,
      11,
      12,
      6,
      0,
      8,
      8,
      5,
      14,
      12,
      4,
      0,
      14,
      10,
      8,
      13,
      5,
      14,
      3,
      6,
      5,
      5,
      14,
      9,
      5,
      10,
      9,
      7,
      11,
      15,
      9,
      13,
      9,
      8,
      13
    ]
  },
  "沸沸椰子鸡螺蛳精酿酒馆": {
    "time": [
      "06:14:59",
      "06:30:14",
      "06:45:40",
      "07:00:25",
      "07:15:17",
      "07:30:51",
      "07:46:21",
      "08:01:28",
      "08:16:01",
      "08:31:45",
      "08:46:24",
      "09:02:11",
      "09:17:43",
      "09:32:40",
      "09:47:32",
      "10:01:56",
      "10:16:07",
      "10:31:46",
      "10:46:21",
      "11:01:16",
      "11:16:37",
      "11:32:13",
      "11:47:31",
      "12:03:08",
      "12:18:28",
      "12:34:02",
      "12:48:57",
      "13:03:29",
      "13:17:55",
      "13:32:39",
      "13:48:26",
      "14:02:51",
      "14:18:31",
      "14:33:15",
      "14:48:21",
      "15:03:08",
      "15:17:58",
      "15:33:35",
      "15:48:06",
      "16:03:35",
      "16:17:47",
      "16:32:01",
      "16:47:34",
      "17:01:55",
      "17:17:20",
      "17:33:10",
      "17:48:30",
      "18:03:38",
      "18:19:23",
      "18:34:05",
      "18:48:34",
      "19:03:42",
      "19:17:52",
      "19:32:48",
      "19:47:44",
      "20:02:33",
      "20:16:46",
      "20:31:08",
      "20:46:24",
      "21:00:50",
      "21:15:19",
      "21:30:41",
      "21:46:26",
      "22:01:25"
    ],
    "board": [
      1,
      7,
      11,
      13,
      3,
      14,
      0,
      10,
      3,
      6,
      5,
      8,
      4,
      0,
      5,
      0,
      13,
      11,
      6,
      7,
      3,
      5,
      1,
      4,
      6,
      5,
      5,
      9,
      9,
      14,
      2,
      10,
      13,
      9,
      4,
      11,
      4,
      14,
      15,
      2,
      2,
      11,
      10,
      15,
      3,
      7,
      13,
      9,
      10,
      7,
      10,
      1,
      3,
      8,
      9,
      5,
      0,
      11,
      13,
      11,
      1,
      13,
      3,
      1
    ],
    "alight": [
      10,
      3,
      12,
      14,
      5,
      12,
      15,
      7,
      9,
      7,
      8,
      5,
      12,
      1,
      7,
      9,
      5,
      1,
      5,
      10,
      12,
      6,
      3,
      13,
      9,
      15,
      8,
      11,
      4,
      11,
      15,
      7,
      6,
      11,
      10,
      11,
      0,
      11,
      4,
      10,
      10,
      5,
      15,
      10,
      14,
      12,
      6,
      10,
      3,
      11,
      2,
      7,
      4,
      13,
      3,
      1,
      7,
      15,
      4,
      12,
      13,
      15,
      14,
      13
    ]
  },
  "白岩脚": {
    "time": [
      "06:14:59",
      "06:30:14",
      "06:45:40",
      "07:00:25",
      "07:15:17",
      "07:30:51",
      "07:46:21",
      "08:01:28",
      "08:16:01",
      "08:31:45",
      "08:46:24",
      "09:02:11",
      "09:17:43",
      "09:32:40",
      "09:47:32",
      "10:01:56",
      "10:16:07",
      "10:31:46",
      "10:46:21",
      "11:01:16",
      "11:16:37",
      "11:32:13",
      "11:47:31",
      "12:03:08",
      "12:18:28",
      "12:34:02",
      "12:48:57",
      "13:03:29",
      "13:17:55",
      "13:32:39",
      "13:48:26",
      "14:02:51",
      "14:18:31",
      "14:33:15",
      "14:48:21",
      "15:03:08",
      "15:17:58",
      "15:33:35",
      "15:48:06",
      "16:03:35",
      "16:17:47",
      "16:32:01",
      "16:47:34",
      "17:01:55",
      "17:17:20",
      "17:33:10",
      "17:48:30",
      "18:03:38",
      "18:19:23",
      "18:34:05",
      "18:48:34",
      "19:03:42",
      "19:17:52",
      "19:32:48",
      "19:47:44",
      "20:02:33",
      "20:16:46",
      "20:31:08",
      "20:46:24",
      "21:00:50",
      "21:15:19",
      "21:30:41",
      "21:46:26",
      "22:01:25"
    ],
    "board": [
      3,
      14,
      11,
      13,
      3,
      2,
      3,
      10,
      12,
      10,
      2,
      2,
      3,
      7,
      7,
      0,
      0,
      1,
      0,
      0,
      13,
      11,
      8,
      15,
      7,
      13,
      12,
      12,
      9,
      2,
      12,
      0,
      13,
      13,
      2,
      8,
      14,
      9,
      5,
      13,
      13,
      4,
      1,
      15,
      10,
      13,
      13,
      0,
      10,
      9,
      0,
      10,
      15,
      9,
      12,
      1,
      0,
      8,
      10,
      11,
      3,
      6,
      10,
      3
    ],
    "alight": [
      10,
      13,
      3,
      2,
      8,
      0,
      3,
      14,
      5,
      0,
      3,
      6,
      4,
      13,
      10,
      14,
      2,
      8,
      7,
      7,
      7,
      15,
      8,
      4,
      6,
      9,
      10,
      11,
      5,
      7,
      1,
      13,
      11,
      13,
      4,
      0,
      2,
      4,
      3,
      0,
      12,
      0,
      0,
      7,
      5,
      0,
      14,
      1,
      7,
      7,
      3,
      11,
      15,
      3,
      13,
      13,
      0,
      10,
      4,
      9,
      11,
      5,
      15,
      0
    ]
  },
  "云岩区水东社区第二卫生服务中心": {
    "time": [
      "06:14:59",
      "06:30:14",
      "06:45:40",
      "07:00:25",
      "07:15:17",
      "07:30:51",
      "07:46:21",
      "08:01:28",
      "08:16:01",
      "08:31:45",
      "08:46:24",
      "09:02:11",
      "09:17:43",
      "09:32:40",
      "09:47:32",
      "10:01:56",
      "10:16:07",
      "10:31:46",
      "10:46:21",
      "11:01:16",
      "11:16:37",
      "11:32:13",
      "11:47:31",
      "12:03:08",
      "12:18:28",
      "12:34:02",
      "12:48:57",
      "13:03:29",
      "13:17:55",
      "13:32:39",
      "13:48:26",
      "14:02:51",
      "14:18:31",
      "14:33:15",
      "14:48:21",
      "15:03:08",
      "15:17:58",
      "15:33:35",
      "15:48:06",
      "16:03:35",
      "16:17:47",
      "16:32:01",
      "16:47:34",
      "17:01:55",
      "17:17:20",
      "17:33:10",
      "17:48:30",
      "18:03:38",
      "18:19:23",
      "18:34:05",
      "18:48:34",
      "19:03:42",
      "19:17:52",
      "19:32:48",
      "19:47:44",
      "20:02:33",
      "20:16:46",
      "20:31:08",
      "20:46:24",
      "21:00:50",
      "21:15:19",
      "21:30:41",
      "21:46:26",
      "22:01:25"
    ],
    "board": [
      2,
      15,
      1,
      2,
      0,
      14,
      10,
      9,
      0,
      15,
      5,
      14,
      8,
      2,
      8,
      3,
      4,
      4,
      12,
      10,
      8,
      0,
      1,
      14,
      9,
      8,
      10,
      4,
      14,
      2,
      1,
      10,
      7,
      10,
      1,
      11,
      3,
      1,
      4,
      8,
      8,
      14,
      8,
      7,
      6,
      4,
      10,
      13,
      6,
      9,
      0,
      8,
      0,
      4,
      11,
      12,
      2,
      5,
      13,
      8,
      2,
      0,
      3,
      1
    ],
    "alight": [
      8,
      1,
      11,
      10,
      6,
      5,
      5,
      2,
      8,
      14,
      10,
      12,
      11,
      11,
      4,
      0,
      10,
      14,
      0,
      6,
      2,
      8,
      11,
      6,
      14,
      3,
      5,
      14,
      5,
      5,
      5,
      3,
      6,
      4,
      9,
      1,
      7,
      15,
      11,
      15,
      2,
      13,
      6,
      13,
      15,
      6,
      11,
      15,
      7,
      7,
      10,
      11,
      12,
      0,
      12,
      10,
      6,
      0,
      1,
      14,
      3,
      0,
      8,
      12
    ]
  },
  "北龙立交": {
    "time": [
      "06:14:59",
      "06:30:14",
      "06:45:40",
      "07:00:25",
      "07:15:17",
      "07:30:51",
      "07:46:21",
      "08:01:28",
      "08:16:01",
      "08:31:45",
      "08:46:24",
      "09:02:11",
      "09:17:43",
      "09:32:40",
      "09:47:32",
      "10:01:56",
      "10:16:07",
      "10:31:46",
      "10:46:21",
      "11:01:16",
      "11:16:37",
      "11:32:13",
      "11:47:31",
      "12:03:08",
      "12:18:28",
      "12:34:02",
      "12:48:57",
      "13:03:29",
      "13:17:55",
      "13:32:39",
      "13:48:26",
      "14:02:51",
      "14:18:31",
      "14:33:15",
      "14:48:21",
      "15:03:08",
      "15:17:58",
      "15:33:35",
      "15:48:06",
      "16:03:35",
      "16:17:47",
      "16:32:01",
      "16:47:34",
      "17:01:55",
      "17:17:20",
      "17:33:10",
      "17:48:30",
      "18:03:38",
      "18:19:23",
      "18:34:05",
      "18:48:34",
      "19:03:42",
      "19:17:52",
      "19:32:48",
      "19:47:44",
      "20:02:33",
      "20:16:46",
      "20:31:08",
      "20:46:24",
      "21:00:50",
      "21:15:19",
      "21:30:41",
      "21:46:26",
      "22:01:25"
    ],
    "board": [
      13,
      2,
      8,
      5,
      14,
      3,
      0,
      9,
      2,
      0,
      2,
      12,
      8,
      5,
      2,
      6,
      3,
      3,
      5,
      4,
      2,
      11,
      9,
      10,
      6,
      0,
      9,
      0,
      13,
      12,
      4,
      11,
      2,
      1,
      3,
      11,
      1,
      9,
      6,
      1,
      10,
      9,
      5,
      12,
      6,
      13,
      15,
      5,
      5,
      8,
      5,
      7,
      6,
      3,
      11,
      13,
      3,
      9,
      1,
      14,
      1,
      2,
      8,
      13
    ],
    "alight": [
      13,
      11,
      10,
      9,
      8,
      8,
      0,
      0,
      5,
      6,
      2,
      1,
      9,
      4,
      11,
      7,
      10,
      4,
      7,
      5,
      5,
      1,
      2,
      10,
      15,
      4,
      2,
      5,
      7,
      1,
      12,
      6,
      10,
      14,
      12,
      12,
      11,
      2,
      11,
      13,
      11,
      15,
      6,
      1,
      11,
      3,
      3,
      14,
      10,
      1,
      11,
      15,
      12,
      1,
      7,
      14,
      6,
      2,
      15,
      3,
      4,
      14,
      10,
      6
    ]
  },
  "栗木山大坡": {
    "time": [
      "06:14:59",
      "06:30:14",
      "06:45:40",
      "07:00:25",
      "07:15:17",
      "07:30:51",
      "07:46:21",
      "08:01:28",
      "08:16:01",
      "08:31:45",
      "08:46:24",
      "09:02:11",
      "09:17:43",
      "09:32:40",
      "09:47:32",
      "10:01:56",
      "10:16:07",
      "10:31:46",
      "10:46:21",
      "11:01:16",
      "11:16:37",
      "11:32:13",
      "11:47:31",
      "12:03:08",
      "12:18:28",
      "12:34:02",
      "12:48:57",
      "13:03:29",
      "13:17:55",
      "13:32:39",
      "13:48:26",
      "14:02:51",
      "14:18:31",
      "14:33:15",
      "14:48:21",
      "15:03:08",
      "15:17:58",
      "15:33:35",
      "15:48:06",
      "16:03:35",
      "16:17:47",
      "16:32:01",
      "16:47:34",
      "17:01:55",
      "17:17:20",
      "17:33:10",
      "17:48:30",
      "18:03:38",
      "18:19:23",
      "18:34:05",
      "18:48:34",
      "19:03:42",
      "19:17:52",
      "19:32:48",
      "19:47:44",
      "20:02:33",
      "20:16:46",
      "20:31:08",
      "20:46:24",
      "21:00:50",
      "21:15:19",
      "21:30:41",
      "21:46:26",
      "22:01:25"
    ],
    "board": [
      3,
      1,
      11,
      1,
      11,
      3,
      11,
      13,
      1,
      14,
      2,
      10,
      9,
      15,
      8,
      10,
      3,
      13,
      2,
      8,
      13,
      11,
      5,
      12,
      2,
      14,
      14,
      0,
      0,
      3,
      1,
      9,
      0,
      2,
      9,
      2,
      10,
      5,
      7,
      6,
      2,
      5,
      3,
      1,
      15,
      11,
      6,
      13,
      6,
      4,
      3,
      15,
      7,
      15,
      15,
      0,
      9,
      10,
      13,
      15,
      1,
      2,
      9,
      2
    ],
    "alight": [
      7,
      10,
      5,
      3,
      1,
      14,
      7,
      10,
      10,
      9,
      14,
      12,
      4,
      9,
      3,
      8,
      5,
      12,
      8,
      3,
      6,
      1,
      11,
      0,
      8,
      14,
      15,
      4,
      15,
      6,
      10,
      15,
      6,
      4,
      0,
      13,
      6,
      14,
      4,
      14,
      3,
      9,
      1,
      15,
      7,
      4,
      0,
      14,
      12,
      6,
      3,
      5,
      5,
      7,
      13,
      10,
      6,
      9,
      6,
      6,
      0,
      3,
      1,
      6
    ]
  },
  "阿栗杨梅园山庄地面停车场(出入口)": {
    "time": [
      "06:14:59",
      "06:30:14",
      "06:45:40",
      "07:00:25",
      "07:15:17",
      "07:30:51",
      "07:46:21",
      "08:01:28",
      "08:16:01",
      "08:31:45",
      "08:46:24",
      "09:02:11",
      "09:17:43",
      "09:32:40",
      "09:47:32",
      "10:01:56",
      "10:16:07",
      "10:31:46",
      "10:46:21",
      "11:01:16",
      "11:16:37",
      "11:32:13",
      "11:47:31",
      "12:03:08",
      "12:18:28",
      "12:34:02",
      "12:48:57",
      "13:03:29",
      "13:17:55",
      "13:32:39",
      "13:48:26",
      "14:02:51",
      "14:18:31",
      "14:33:15",
      "14:48:21",
      "15:03:08",
      "15:17:58",
      "15:33:35",
      "15:48:06",
      "16:03:35",
      "16:17:47",
      "16:32:01",
      "16:47:34",
      "17:01:55",
      "17:17:20",
      "17:33:10",
      "17:48:30",
      "18:03:38",
      "18:19:23",
      "18:34:05",
      "18:48:34",
      "19:03:42",
      "19:17:52",
      "19:32:48",
      "19:47:44",
      "20:02:33",
      "20:16:46",
      "20:31:08",
      "20:46:24",
      "21:00:50",
      "21:15:19",
      "21:30:41",
      "21:46:26",
      "22:01:25"
    ],
    "board": [
      1,
      2,
      6,
      0,
      1,
      0,
      1,
      13,
      2,
      7,
      9,
      2,
      4,
      0,
      5,
      3,
      12,
      2,
      6,
      8,
      0,
      9,
      11,
      12,
      4,
      15,
      9,
      14,
      2,
      7,
      13,
      1,
      9,
      9,
      1,
      15,
      2,
      5,
      10,
      8,
      14,
      3,
      15,
      12,
      14,
      9,
      2,
      10,
      12,
      1,
      0,
      14,
      13,
      3,
      7,
      3,
      4,
      10,
      15,
      14,
      12,
      15,
      11,
      2
    ],
    "alight": [
      15,
      1,
      1,
      14,
      6,
      9,
      15,
      10,
      8,
      9,
      5,
      12,
      15,
      15,
      1,
      1,
      14,
      13,
      6,
      3,
      7,
      7,
      0,
      1,
      2,
      7,
      14,
      6,
      10,
      11,
      13,
      3,
      10,
      2,
      14,
      9,
      5,
      14,
      8,
      10,
      4,
      11,
      8,
      8,
      13,
      13,
      11,
      14,
      8,
      6,
      3,
      13,
      14,
      4,
      15,
      7,
      15,
      4,
      6,
      13,
      7,
      3,
      9,
      13
    ]
  },
  "高枧1号大桥": {
    "time": [
      "06:14:59",
      "06:30:14",
      "06:45:40",
      "07:00:25",
      "07:15:17",
      "07:30:51",
      "07:46:21",
      "08:01:28",
      "08:16:01",
      "08:31:45",
      "08:46:24",
      "09:02:11",
      "09:17:43",
      "09:32:40",
      "09:47:32",
      "10:01:56",
      "10:16:07",
      "10:31:46",
      "10:46:21",
      "11:01:16",
      "11:16:37",
      "11:32:13",
      "11:47:31",
      "12:03:08",
      "12:18:28",
      "12:34:02",
      "12:48:57",
      "13:03:29",
      "13:17:55",
      "13:32:39",
      "13:48:26",
      "14:02:51",
      "14:18:31",
      "14:33:15",
      "14:48:21",
      "15:03:08",
      "15:17:58",
      "15:33:35",
      "15:48:06",
      "16:03:35",
      "16:17:47",
      "16:32:01",
      "16:47:34",
      "17:01:55",
      "17:17:20",
      "17:33:10",
      "17:48:30",
      "18:03:38",
      "18:19:23",
      "18:34:05",
      "18:48:34",
      "19:03:42",
      "19:17:52",
      "19:32:48",
      "19:47:44",
      "20:02:33",
      "20:16:46",
      "20:31:08",
      "20:46:24",
      "21:00:50",
      "21:15:19",
      "21:30:41",
      "21:46:26",
      "22:01:25"
    ],
    "board": [
      13,
      9,
      7,
      10,
      3,
      7,
      3,
      10,
      6,
      9,
      12,
      3,
      6,
      9,
      1,
      14,
      12,
      7,
      9,
      4,
      3,
      3,
      14,
      9,
      5,
      8,
      3,
      6,
      15,
      5,
      5,
      11,
      13,
      6,
      8,
      15,
      14,
      15,
      11,
      0,
      2,
      10,
      14,
      0,
      13,
      11,
      4,
      1,
      2,
      4,
      12,
      15,
      8,
      11,
      12,
      1,
      1,
      9,
      0,
      1,
      15,
      4,
      2,
      12
    ],
    "alight": [
      0,
      7,
      7,
      9,
      4,
      0,
      11,
      11,
      13,
      9,
      9,
      12,
      4,
      7,
      11,
      8,
      3,
      12,
      4,
      7,
      15,
      0,
      8,
      9,
      5,
      10,
      7,
      8,
      14,
      2,
      13,
      9,
      11,
      8,
      4,
      10,
      11,
      14,
      6,
      13,
      15,
      14,
      0,
      12,
      3,
      1,
      6,
      1,
      6,
      13,
      5,
      9,
      12,
      11,
      12,
      4,
      11,
      13,
      6,
      8,
      11,
      2,
      9,
      10
    ]
  },
  "永乐爱心老年公寓": {
    "time": [
      "06:14:59",
      "06:30:14",
      "06:45:40",
      "07:00:25",
      "07:15:17",
      "07:30:51",
      "07:46:21",
      "08:01:28",
      "08:16:01",
      "08:31:45",
      "08:46:24",
      "09:02:11",
      "09:17:43",
      "09:32:40",
      "09:47:32",
      "10:01:56",
      "10:16:07",
      "10:31:46",
      "10:46:21",
      "11:01:16",
      "11:16:37",
      "11:32:13",
      "11:47:31",
      "12:03:08",
      "12:18:28",
      "12:34:02",
      "12:48:57",
      "13:03:29",
      "13:17:55",
      "13:32:39",
      "13:48:26",
      "14:02:51",
      "14:18:31",
      "14:33:15",
      "14:48:21",
      "15:03:08",
      "15:17:58",
      "15:33:35",
      "15:48:06",
      "16:03:35",
      "16:17:47",
      "16:32:01",
      "16:47:34",
      "17:01:55",
      "17:17:20",
      "17:33:10",
      "17:48:30",
      "18:03:38",
      "18:19:23",
      "18:34:05",
      "18:48:34",
      "19:03:42",
      "19:17:52",
      "19:32:48",
      "19:47:44",
      "20:02:33",
      "20:16:46",
      "20:31:08",
      "20:46:24",
      "21:00:50",
      "21:15:19",
      "21:30:41",
      "21:46:26",
      "22:01:25"
    ],
    "board": [
      12,
      5,
      2,
      8,
      7,
      1,
      0,
      9,
      7,
      1,
      14,
      14,
      0,
      2,
      10,
      14,
      14,
      1,
      3,
      2,
      6,
      12,
      8,
      11,
      2,
      6,
      0,
      9,
      7,
      14,
      1,
      1,
      5,
      7,
      12,
      1,
      11,
      11,
      0,
      2,
      7,
      6,
      15,
      6,
      7,
      10,
      1,
      1,
      11,
      2,
      12,
      1,
      13,
      2,
      13,
      1,
      7,
      7,
      1,
      1,
      11,
      2,
      15,
      11
    ],
    "alight": [
      11,
      9,
      15,
      4,
      14,
      11,
      14,
      14,
      15,
      1,
      13,
      4,
      8,
      14,
      2,
      12,
      1,
      8,
      2,
      2,
      7,
      6,
      11,
      9,
      14,
      12,
      2,
      11,
      7,
      2,
      12,
      10,
      11,
      14,
      1,
      11,
      8,
      1,
      13,
      6,
      8,
      4,
      6,
      9,
      13,
      0,
      5,
      6,
      12,
      10,
      5,
      14,
      13,
      2,
      8,
      6,
      15,
      2,
      10,
      7,
      2,
      7,
      14,
      12
    ]
  },
  "情人谷路": {
    "time": [
      "06:14:59",
      "06:30:14",
      "06:45:40",
      "07:00:25",
      "07:15:17",
      "07:30:51",
      "07:46:21",
      "08:01:28",
      "08:16:01",
      "08:31:45",
      "08:46:24",
      "09:02:11",
      "09:17:43",
      "09:32:40",
      "09:47:32",
      "10:01:56",
      "10:16:07",
      "10:31:46",
      "10:46:21",
      "11:01:16",
      "11:16:37",
      "11:32:13",
      "11:47:31",
      "12:03:08",
      "12:18:28",
      "12:34:02",
      "12:48:57",
      "13:03:29",
      "13:17:55",
      "13:32:39",
      "13:48:26",
      "14:02:51",
      "14:18:31",
      "14:33:15",
      "14:48:21",
      "15:03:08",
      "15:17:58",
      "15:33:35",
      "15:48:06",
      "16:03:35",
      "16:17:47",
      "16:32:01",
      "16:47:34",
      "17:01:55",
      "17:17:20",
      "17:33:10",
      "17:48:30",
      "18:03:38",
      "18:19:23",
      "18:34:05",
      "18:48:34",
      "19:03:42",
      "19:17:52",
      "19:32:48",
      "19:47:44",
      "20:02:33",
      "20:16:46",
      "20:31:08",
      "20:46:24",
      "21:00:50",
      "21:15:19",
      "21:30:41",
      "21:46:26",
      "22:01:25"
    ],
    "board": [
      12,
      14,
      11,
      8,
      15,
      4,
      4,
      2,
      12,
      4,
      1,
      7,
      2,
      2,
      3,
      13,
      3,
      0,
      9,
      14,
      6,
      15,
      14,
      12,
      4,
      2,
      11,
      14,
      4,
      1,
      1,
      14,
      15,
      9,
      6,
      3,
      10,
      1,
      1,
      15,
      3,
      14,
      6,
      5,
      2,
      10,
      4,
      8,
      10,
      1,
      10,
      8,
      3,
      2,
      4,
      3,
      12,
      0,
      1,
      15,
      4,
      11,
      2,
      0
    ],
    "alight": [
      15,
      10,
      14,
      15,
      12,
      3,
      2,
      2,
      7,
      3,
      6,
      5,
      12,
      10,
      0,
      1,
      0,
      5,
      12,
      0,
      6,
      11,
      8,
      3,
      15,
      10,
      7,
      1,
      13,
      4,
      10,
      1,
      0,
      5,
      2,
      13,
      5,
      6,
      13,
      3,
      8,
      9,
      12,
      10,
      12,
      11,
      13,
      15,
      14,
      1,
      4,
      13,
      3,
      9,
      2,
      14,
      9,
      12,
      12,
      14,
      13,
      3,
      13,
      12
    ]
  },
  "贵阳汇砼建材有限公司": {
    "time": [
      "06:14:59",
      "06:30:14",
      "06:45:40",
      "07:00:25",
      "07:15:17",
      "07:30:51",
      "07:46:21",
      "08:01:28",
      "08:16:01",
      "08:31:45",
      "08:46:24",
      "09:02:11",
      "09:17:43",
      "09:32:40",
      "09:47:32",
      "10:01:56",
      "10:16:07",
      "10:31:46",
      "10:46:21",
      "11:01:16",
      "11:16:37",
      "11:32:13",
      "11:47:31",
      "12:03:08",
      "12:18:28",
      "12:34:02",
      "12:48:57",
      "13:03:29",
      "13:17:55",
      "13:32:39",
      "13:48:26",
      "14:02:51",
      "14:18:31",
      "14:33:15",
      "14:48:21",
      "15:03:08",
      "15:17:58",
      "15:33:35",
      "15:48:06",
      "16:03:35",
      "16:17:47",
      "16:32:01",
      "16:47:34",
      "17:01:55",
      "17:17:20",
      "17:33:10",
      "17:48:30",
      "18:03:38",
      "18:19:23",
      "18:34:05",
      "18:48:34",
      "19:03:42",
      "19:17:52",
      "19:32:48",
      "19:47:44",
      "20:02:33",
      "20:16:46",
      "20:31:08",
      "20:46:24",
      "21:00:50",
      "21:15:19",
      "21:30:41",
      "21:46:26",
      "22:01:25"
    ],
    "board": [
      0,
      14,
      13,
      9,
      3,
      2,
      13,
      11,
      8,
      3,
      2,
      15,
      6,
      0,
      11,
      9,
      12,
      2,
      4,
      6,
      14,
      10,
      6,
      10,
      8,
      4,
      14,
      11,
      6,
      2,
      15,
      3,
      15,
      9,
      5,
      9,
      11,
      7,
      12,
      11,
      15,
      13,
      0,
      15,
      1,
      0,
      9,
      2,
      9,
      13,
      11,
      8,
      0,
      13,
      6,
      2,
      3,
      5,
      15,
      3,
      7,
      0,
      4,
      7
    ],
    "alight": [
      1,
      13,
      11,
      2,
      14,
      15,
      11,
      5,
      8,
      10,
      5,
      9,
      10,
      7,
      12,
      9,
      14,
      7,
      5,
      9,
      5,
      8,
      14,
      0,
      4,
      14,
      7,
      5,
      14,
      10,
      4,
      5,
      6,
      9,
      13,
      14,
      7,
      6,
      12,
      4,
      2,
      2,
      0,
      5,
      6,
      5,
      6,
      2,
      1,
      2,
      5,
      11,
      8,
      6,
      1,
      6,
      1,
      14,
      12,
      11,
      14,
      10,
      9,
      3
    ]
  },
  "贵黔国际公寓": {
    "time": [
      "06:14:59",
      "06:30:14",
      "06:45:40",
      "07:00:25",
      "07:15:17",
      "07:30:51",
      "07:46:21",
      "08:01:28",
      "08:16:01",
      "08:31:45",
      "08:46:24",
      "09:02:11",
      "09:17:43",
      "09:32:40",
      "09:47:32",
      "10:01:56",
      "10:16:07",
      "10:31:46",
      "10:46:21",
      "11:01:16",
      "11:16:37",
      "11:32:13",
      "11:47:31",
      "12:03:08",
      "12:18:28",
      "12:34:02",
      "12:48:57",
      "13:03:29",
      "13:17:55",
      "13:32:39",
      "13:48:26",
      "14:02:51",
      "14:18:31",
      "14:33:15",
      "14:48:21",
      "15:03:08",
      "15:17:58",
      "15:33:35",
      "15:48:06",
      "16:03:35",
      "16:17:47",
      "16:32:01",
      "16:47:34",
      "17:01:55",
      "17:17:20",
      "17:33:10",
      "17:48:30",
      "18:03:38",
      "18:19:23",
      "18:34:05",
      "18:48:34",
      "19:03:42",
      "19:17:52",
      "19:32:48",
      "19:47:44",
      "20:02:33",
      "20:16:46",
      "20:31:08",
      "20:46:24",
      "21:00:50",
      "21:15:19",
      "21:30:41",
      "21:46:26",
      "22:01:25"
    ],
    "board": [
      0,
      0,
      0,
      0,
      0,
      0,
      0,
      0,
      0,
      0,
      0,
      0,
      0,
      0,
      0,
      1,
      0,
      0,
      0,
      0,
      0,
      0,
      0,
      0,
      0,
      0,
      2,
      0,
      0,
      0,
      0,
      0,
      0,
      0,
      0,
      0,
      2,
      0,
      0,
      0,
      0,
      0,
      0,
      0,
      0,
      0,
      1,
      0,
      0,
      0,
      0,
      0,
      0,
      0,
      0,
      0,
      0,
      0,
      0,
      0,
      0,
      0,
      0,
      0
    ],
    "alight": [
      12,
      15,
      8,
      7,
      0,
      9,
      0,
      15,
      6,
      3,
      15,
      11,
      5,
      9,
      12,
      8,
      0,
      0,
      10,
      13,
      3,
      15,
      5,
      14,
      4,
      12,
      5,
      0,
      6,
      12,
      8,
      2,
      0,
      14,
      13,
      6,
      14,
      9,
      13,
      9,
      1,
      2,
      13,
      4,
      11,
      3,
      4,
      4,
      2,
      7,
      10,
      1,
      12,
      9,
      8,
      5,
      3,
      0,
      14,
      9,
      6,
      4,
      1,
      12
    ]
  },
  "依山云墅": {
    "time": [
      "06:14:59",
      "06:30:14",
      "06:45:40",
      "07:00:25",
      "07:15:17",
      "07:30:51",
      "07:46:21",
      "08:01:28",
      "08:16:01",
      "08:31:45",
      "08:46:24",
      "09:02:11",
      "09:17:43",
      "09:32:40",
      "09:47:32",
      "10:01:56",
      "10:16:07",
      "10:31:46",
      "10:46:21",
      "11:01:16",
      "11:16:37",
      "11:32:13",
      "11:47:31",
      "12:03:08",
      "12:18:28",
      "12:34:02",
      "12:48:57",
      "13:03:29",
      "13:17:55",
      "13:32:39",
      "13:48:26",
      "14:02:51",
      "14:18:31",
      "14:33:15",
      "14:48:21",
      "15:03:08",
      "15:17:58",
      "15:33:35",
      "15:48:06",
      "16:03:35",
      "16:17:47",
      "16:32:01",
      "16:47:34",
      "17:01:55",
      "17:17:20",
      "17:33:10",
      "17:48:30",
      "18:03:38",
      "18:19:23",
      "18:34:05",
      "18:48:34",
      "19:03:42",
      "19:17:52",
      "19:32:48",
      "19:47:44",
      "20:02:33",
      "20:16:46",
      "20:31:08",
      "20:46:24",
      "21:00:50",
      "21:15:19",
      "21:30:41",
      "21:46:26",
      "22:01:25"
    ],
    "board": [
      0,
      0,
      0,
      0,
      0,
      0,
      0,
      0,
      0,
      0,
      0,
      0,
      0,
      0,
      0,
      0,
      0,
      0,
      0,
      3,
      0,
      2,
      0,
      0,
      0,
      0,
      0,
      0,
      0,
      0,
      0,
      0,
      4,
      0,
      0,
      0,
      0,
      0,
      0,
      0,
      0,
      0,
      0,
      0,
      0,
      0,
      0,
      0,
      0,
      0,
      0,
      4,
      0,
      0,
      0,
      0,
      0,
      0,
      0,
      0,
      0,
      2,
      0,
      0
    ],
    "alight": [
      4,
      14,
      9,
      0,
      7,
      0,
      2,
      14,
      1,
      6,
      8,
      8,
      8,
      5,
      8,
      14,
      10,
      10,
      11,
      11,
      8,
      2,
      1,
      15,
      1,
      4,
      10,
      3,
      9,
      3,
      13,
      2,
      0,
      8,
      13,
      13,
      8,
      10,
      14,
      0,
      11,
      0,
      1,
      10,
      13,
      8,
      15,
      8,
      4,
      9,
      12,
      7,
      8,
      6,
      15,
      15,
      0,
      10,
      2,
      3,
      12,
      8,
      10,
      12
    ]
  },
  "渔洞峡1号桥": {
    "time": [
      "06:14:59",
      "06:30:14",
      "06:45:40",
      "07:00:25",
      "07:15:17",
      "07:30:51",
      "07:46:21",
      "08:01:28",
      "08:16:01",
      "08:31:45",
      "08:46:24",
      "09:02:11",
      "09:17:43",
      "09:32:40",
      "09:47:32",
      "10:01:56",
      "10:16:07",
      "10:31:46",
      "10:46:21",
      "11:01:16",
      "11:16:37",
      "11:32:13",
      "11:47:31",
      "12:03:08",
      "12:18:28",
      "12:34:02",
      "12:48:57",
      "13:03:29",
      "13:17:55",
      "13:32:39",
      "13:48:26",
      "14:02:51",
      "14:18:31",
      "14:33:15",
      "14:48:21",
      "15:03:08",
      "15:17:58",
      "15:33:35",
      "15:48:06",
      "16:03:35",
      "16:17:47",
      "16:32:01",
      "16:47:34",
      "17:01:55",
      "17:17:20",
      "17:33:10",
      "17:48:30",
      "18:03:38",
      "18:19:23",
      "18:34:05",
      "18:48:34",
      "19:03:42",
      "19:17:52",
      "19:32:48",
      "19:47:44",
      "20:02:33",
      "20:16:46",
      "20:31:08",
      "20:46:24",
      "21:00:50",
      "21:15:19",
      "21:30:41",
      "21:46:26",
      "22:01:25"
    ],
    "board": [
      0,
      0,
      0,
      0,
      0,
      0,
      0,
      0,
      0,
      0,
      0,
      0,
      0,
      0,
      0,
      0,
      0,
      0,
      0,
      0,
      0,
      0,
      0,
      0,
      0,
      0,
      0,
      1,
      0,
      0,
      3,
      0,
      0,
      0,
      0,
      0,
      2,
      0,
      0,
      0,
      0,
      0,
      0,
      0,
      2,
      0,
      0,
      0,
      0,
      0,
      3,
      0,
      0,
      0,
      0,
      0,
      0,
      0,
      3,
      0,
      0,
      0,
      0,
      0
    ],
    "alight": [
      15,
      0,
      13,
      13,
      14,
      0,
      8,
      8,
      8,
      14,
      12,
      3,
      9,
      5,
      0,
      5,
      12,
      0,
      11,
      7,
      5,
      11,
      12,
      15,
      12,
      1,
      5,
      6,
      5,
      10,
      1,
      10,
      13,
      12,
      14,
      10,
      6,
      6,
      8,
      15,
      15,
      1,
      11,
      10,
      15,
      11,
      3,
      3,
      12,
      3,
      13,
      2,
      14,
      15,
      11,
      10,
      2,
      14,
      2,
      4,
      4,
      6,
      10,
      14
    ]
  },
  "大正学校": {
    "time": [
      "06:14:59",
      "06:30:14",
      "06:45:40",
      "07:00:25",
      "07:15:17",
      "07:30:51",
      "07:46:21",
      "08:01:28",
      "08:16:01",
      "08:31:45",
      "08:46:24",
      "09:02:11",
      "09:17:43",
      "09:32:40",
      "09:47:32",
      "10:01:56",
      "10:16:07",
      "10:31:46",
      "10:46:21",
      "11:01:16",
      "11:16:37",
      "11:32:13",
      "11:47:31",
      "12:03:08",
      "12:18:28",
      "12:34:02",
      "12:48:57",
      "13:03:29",
      "13:17:55",
      "13:32:39",
      "13:48:26",
      "14:02:51",
      "14:18:31",
      "14:33:15",
      "14:48:21",
      "15:03:08",
      "15:17:58",
      "15:33:35",
      "15:48:06",
      "16:03:35",
      "16:17:47",
      "16:32:01",
      "16:47:34",
      "17:01:55",
      "17:17:20",
      "17:33:10",
      "17:48:30",
      "18:03:38",
      "18:19:23",
      "18:34:05",
      "18:48:34",
      "19:03:42",
      "19:17:52",
      "19:32:48",
      "19:47:44",
      "20:02:33",
      "20:16:46",
      "20:31:08",
      "20:46:24",
      "21:00:50",
      "21:15:19",
      "21:30:41",
      "21:46:26",
      "22:01:25"
    ],
    "board": [
      0,
      0,
      0,
      0,
      0,
      0,
      0,
      0,
      0,
      0,
      0,
      0,
      0,
      0,
      0,
      0,
      0,
      0,
      0,
      0,
      0,
      0,
      0,
      0,
      0,
      0,
      0,
      0,
      0,
      0,
      0,
      0,
      0,
      0,
      0,
      0,
      0,
      0,
      0,
      0,
      0,
      0,
      0,
      0,
      0,
      0,
      0,
      0,
      0,
      0,
      0,
      0,
      0,
      0,
      0,
      0,
      0,
      0,
      0,
      0,
      0,
      0,
      0,
      0
    ],
    "alight": [
      10,
      3,
      7,
      8,
      11,
      12,
      0,
      1,
      0,
      11,
      8,
      13,
      3,
      7,
      11,
      3,
      15,
      5,
      1,
      9,
      0,
      8,
      2,
      0,
      6,
      1,
      11,
      9,
      12,
      3,
      10,
      10,
      10,
      4,
      1,
      6,
      5,
      4,
      5,
      4,
      1,
      2,
      10,
      11,
      10,
      3,
      2,
      6,
      15,
      12,
      1,
      9,
      13,
      14,
      1,
      12,
      9,
      13,
      6,
      11,
      10,
      7,
      2,
      7
    ]
  },
  "贵黔国际医院发热门诊": {
    "time": [
      "06:14:59",
      "06:30:14",
      "06:45:40",
      "07:00:25",
      "07:15:17",
      "07:30:51",
      "07:46:21",
      "08:01:28",
      "08:16:01",
      "08:31:45",
      "08:46:24",
      "09:02:11",
      "09:17:43",
      "09:32:40",
      "09:47:32",
      "10:01:56",
      "10:16:07",
      "10:31:46",
      "10:46:21",
      "11:01:16",
      "11:16:37",
      "11:32:13",
      "11:47:31",
      "12:03:08",
      "12:18:28",
      "12:34:02",
      "12:48:57",
      "13:03:29",
      "13:17:55",
      "13:32:39",
      "13:48:26",
      "14:02:51",
      "14:18:31",
      "14:33:15",
      "14:48:21",
      "15:03:08",
      "15:17:58",
      "15:33:35",
      "15:48:06",
      "16:03:35",
      "16:17:47",
      "16:32:01",
      "16:47:34",
      "17:01:55",
      "17:17:20",
      "17:33:10",
      "17:48:30",
      "18:03:38",
      "18:19:23",
      "18:34:05",
      "18:48:34",
      "19:03:42",
      "19:17:52",
      "19:32:48",
      "19:47:44",
      "20:02:33",
      "20:16:46",
      "20:31:08",
      "20:46:24",
      "21:00:50",
      "21:15:19",
      "21:30:41",
      "21:46:26",
      "22:01:25"
    ],
    "board": [
      0,
      0,
      0,
      0,
      0,
      0,
      0,
      0,
      0,
      0,
      0,
      0,
      0,
      0,
      0,
      0,
      0,
      0,
      0,
      0,
      0,
      0,
      0,
      0,
      0,
      0,
      0,
      0,
      0,
      0,
      0,
      0,
      0,
      0,
      0,
      0,
      0,
      0,
      0,
      0,
      0,
      0,
      0,
      0,
      0,
      0,
      0,
      0,
      0,
      0,
      0,
      0,
      0,
      0,
      0,
      0,
      0,
      0,
      0,
      0,
      0,
      0,
      0,
      0
    ],
    "alight": [
      4,
      11,
      0,
      4,
      15,
      8,
      6,
      10,
      3,
      2,
      5,
      14,
      2,
      9,
      11,
      10,
      13,
      15,
      2,
      10,
      11,
      6,
      7,
      13,
      1,
      2,
      15,
      12,
      15,
      4,
      0,
      14,
      5,
      4,
      4,
      11,
      5,
      15,
      5,
      15,
      15,
      5,
      5,
      0,
      11,
      14,
      6,
      4,
      11,
      12,
      6,
      5,
      7,
      7,
      10,
      4,
      10,
      0,
      2,
      1,
      6,
      9,
      6,
      10
    ]
  }
}