{
  "清新欧式公寓(花果园U区店)": 483,
  "米可1号电竞馆": 608,
  "兰花广场站(快速公交站)": 460,
  "中国工商银行(花果园支行)": 495,
  "贵阳翱翔公寓": 427,
  "回味清水汤": 449,
  "满足里修脚(U区店)": 536,
  "墨思教育": 473,
  "贵阳黔居福酒店": 520,
  "蜀黔香鸭": 606,
  "中医理疗": 896,
  "泼二爷原汤牛肉粉(龙福花园北区店)": 416,
  "邵东餐馆": 1346,
  "贵州省交通科学研究院": 688,
  "通成路": 770,
  "贵州省安全技术培训中心": 478,
  "联简贵州云耀机动车检测中": 575,
  "塞纳左岸咖啡(麒龙商务港店)": 1259,
  "苗家酸汤鱼片砂锅粉(美的·林城时代南区店)": 426,
  "新疆玫瑰烧烤店": 927,
  "树厨地道黔菜(ccPark店)": 841,
  "博灵鑫大酒店(贵阳观山湖区金融城店)": 490,
  "巴比包点(金融城店)": 1163,
  "贵阳双胞胎饲料有限公司": 968,
  "中国石化白云铝兴加油站": 2340,
  "大东风机械": 453,
  "贵州大明建筑机械有限公司": 1984,
  "白沙坡": 570,
  "四方坡村便民服务站": 1005,
  "中国邮政储蓄银行(沙文镇营业所)": 474,
  "康家粉肠火锅": 408
}