{
  "up": {
    "1": "清新欧式公寓(花果园U区店)",
    "2": "米可1号电竞馆",
    "3": "兰花广场站(快速公交站)",
    "4": "中国工商银行(花果园支行)",
    "5": "贵阳翱翔公寓",
    "6": "回味清水汤",
    "7": "满足里修脚(U区店)",
    "8": "墨思教育",
    "9": "贵阳黔居福酒店",
    "10": "蜀黔香鸭",
    "11": "中医理疗",
    "12": "泼二爷原汤牛肉粉(龙福花园北区店)",
    "13": "邵东餐馆",
    "14": "贵州省交通科学研究院",
    "15": "通成路",
    "16": "贵州省安全技术培训中心",
    "17": "联简贵州云耀机动车检测中",
    "18": "塞纳左岸咖啡(麒龙商务港店)",
    "19": "苗家酸汤鱼片砂锅粉(美的·林城时代南区店)",
    "20": "新疆玫瑰烧烤店",
    "21": "树厨地道黔菜(ccPark店)",
    "22": "博灵鑫大酒店(贵阳观山湖区金融城店)",
    "23": "巴比包点(金融城店)",
    "24": "贵阳双胞胎饲料有限公司",
    "25": "中国石化白云铝兴加油站",
    "26": "大东风机械",
    "27": "贵州大明建筑机械有限公司",
    "28": "白沙坡",
    "29": "四方坡村便民服务站",
    "30": "中国邮政储蓄银行(沙文镇营业所)",
    "31": "康家粉肠火锅",
    "32": "G75兰海高速"
  },
  "down": {
    "33": "G75兰海高速",
    "34": "康家粉肠火锅",
    "35": "中国邮政储蓄银行(沙文镇营业所)",
    "36": "四方坡村便民服务站",
    "37": "白沙坡",
    "38": "贵州大明建筑机械有限公司",
    "39": "大东风机械",
    "40": "中国石化白云铝兴加油站",
    "41": "贵阳双胞胎饲料有限公司",
    "42": "巴比包点(金融城店)",
    "43": "博灵鑫大酒店(贵阳观山湖区金融城店)",
    "44": "树厨地道黔菜(ccPark店)",
    "45": "新疆玫瑰烧烤店",
    "46": "苗家酸汤鱼片砂锅粉(美的·林城时代南区店)",
    "47": "塞纳左岸咖啡(麒龙商务港店)",
    "48": "联简贵州云耀机动车检测中",
    "49": "贵州省安全技术培训中心",
    "50": "通成路",
    "51": "贵州省交通科学研究院",
    "52": "邵东餐馆",
    "53": "泼二爷原汤牛肉粉(龙福花园北区店)",
    "54": "中医理疗",
    "55": "蜀黔香鸭",
    "56": "贵阳黔居福酒店",
    "57": "墨思教育",
    "58": "满足里修脚(U区店)",
    "59": "回味清水汤",
    "60": "贵阳翱翔公寓",
    "61": "中国工商银行(花果园支行)",
    "62": "兰花广场站(快速公交站)",
    "63": "米可1号电竞馆",
    "64": "清新欧式公寓(花果园U区店)"
  }
}