{
  "G75兰海高速": 360,
  "康家粉肠火锅": 426,
  "中国邮政储蓄银行(沙文镇营业所)": 957,
  "四方坡村便民服务站": 522,
  "白沙坡": 1936,
  "贵州大明建筑机械有限公司": 405,
  "大东风机械": 2292,
  "中国石化白云铝兴加油站": 920,
  "贵阳双胞胎饲料有限公司": 1115,
  "巴比包点(金融城店)": 442,
  "博灵鑫大酒店(贵阳观山湖区金融城店)": 793,
  "树厨地道黔菜(ccPark店)": 879,
  "新疆玫瑰烧烤店": 378,
  "苗家酸汤鱼片砂锅粉(美的·林城时代南区店)": 1211,
  "塞纳左岸咖啡(麒龙商务港店)": 527,
  "联简贵州云耀机动车检测中": 430,
  "贵州省安全技术培训中心": 722,
  "通成路": 640,
  "贵州省交通科学研究院": 1298,
  "邵东餐馆": 368,
  "泼二爷原汤牛肉粉(龙福花园北区店)": 848,
  "中医理疗": 558,
  "蜀黔香鸭": 472,
  "贵阳黔居福酒店": 425,
  "墨思教育": 488,
  "满足里修脚(U区店)": 401,
  "回味清水汤": 379,
  "贵阳翱翔公寓": 447,
  "中国工商银行(花果园支行)": 412,
  "兰花广场站(快速公交站)": 560,
  "米可1号电竞馆": 435
}