{
  "up": {
    "清新欧式公寓(花果园U区店)": 1,
    "米可1号电竞馆": 2,
    "兰花广场站(快速公交站)": 3,
    "中国工商银行(花果园支行)": 4,
    "贵阳翱翔公寓": 5,
    "回味清水汤": 6,
    "满足里修脚(U区店)": 7,
    "墨思教育": 8,
    "贵阳黔居福酒店": 9,
    "蜀黔香鸭": 10,
    "中医理疗": 11,
    "泼二爷原汤牛肉粉(龙福花园北区店)": 12,
    "邵东餐馆": 13,
    "贵州省交通科学研究院": 14,
    "通成路": 15,
    "贵州省安全技术培训中心": 16,
    "联简贵州云耀机动车检测中": 17,
    "塞纳左岸咖啡(麒龙商务港店)": 18,
    "苗家酸汤鱼片砂锅粉(美的·林城时代南区店)": 19,
    "新疆玫瑰烧烤店": 20,
    "树厨地道黔菜(ccPark店)": 21,
    "博灵鑫大酒店(贵阳观山湖区金融城店)": 22,
    "巴比包点(金融城店)": 23,
    "贵阳双胞胎饲料有限公司": 24,
    "中国石化白云铝兴加油站": 25,
    "大东风机械": 26,
    "贵州大明建筑机械有限公司": 27,
    "白沙坡": 28,
    "四方坡村便民服务站": 29,
    "中国邮政储蓄银行(沙文镇营业所)": 30,
    "康家粉肠火锅": 31,
    "G75兰海高速": 32
  },
  "down": {
    "G75兰海高速": 33,
    "康家粉肠火锅": 34,
    "中国邮政储蓄银行(沙文镇营业所)": 35,
    "四方坡村便民服务站": 36,
    "白沙坡": 37,
    "贵州大明建筑机械有限公司": 38,
    "大东风机械": 39,
    "中国石化白云铝兴加油站": 40,
    "贵阳双胞胎饲料有限公司": 41,
    "巴比包点(金融城店)": 42,
    "博灵鑫大酒店(贵阳观山湖区金融城店)": 43,
    "树厨地道黔菜(ccPark店)": 44,
    "新疆玫瑰烧烤店": 45,
    "苗家酸汤鱼片砂锅粉(美的·林城时代南区店)": 46,
    "塞纳左岸咖啡(麒龙商务港店)": 47,
    "联简贵州云耀机动车检测中": 48,
    "贵州省安全技术培训中心": 49,
    "通成路": 50,
    "贵州省交通科学研究院": 51,
    "邵东餐馆": 52,
    "泼二爷原汤牛肉粉(龙福花园北区店)": 53,
    "中医理疗": 54,
    "蜀黔香鸭": 55,
    "贵阳黔居福酒店": 56,
    "墨思教育": 57,
    "满足里修脚(U区店)": 58,
    "回味清水汤": 59,
    "贵阳翱翔公寓": 60,
    "中国工商银行(花果园支行)": 61,
    "兰花广场站(快速公交站)": 62,
    "米可1号电竞馆": 63,
    "清新欧式公寓(花果园U区店)": 64
  }
}