{
  "up": {
    "中环路西段": 1,
    "骐正天骄北苑": 2,
    "骐正天骄南苑": 3,
    "贵阳刚玉厂": 4,
    "中共三桥路街道工作委员会": 5,
    "三桥综合批发市场南区B座": 6,
    "泼二爷原汤牛肉粉(龙福花园北区店)": 7,
    "三桥南路": 8,
    "星宸教育中心": 9,
    "巧作舟教育": 10,
    "杨家秘制竹签烤肉": 11,
    "豆豆实验室": 12,
    "在水一方秘境": 13,
    "食韵家纯食(金竹路店)": 14,
    "梯田湿地": 15,
    "竹林村社区警务室": 16,
    "贵阳农科院春晖苑": 17,
    "贵州省农科院附属中学": 18,
    "油料研究所": 19,
    "贵阳金竹酒店": 20,
    "遵义虾子众味佳羊肉粉(众味佳歺饮连锁合朋店)": 21,
    "贵州万家灯火电器科技有限公司": 22,
    "贵安大道辅路": 23,
    "康打路": 24,
    "超众电子秤厂家直销": 25,
    "石板镇": 26,
    "隆昌村": 27,
    "其深门窗系统有限公司": 28,
    "天河潭(地铁站)": 29,
    "石龙发展": 30,
    "中交四公局贵安新区新能源汽车产业园二标项目经理部": 31,
    "车田铁路桥": 32,
    "腊妹滩": 33
  },
  "down": {
    "腊妹滩": 34,
    "车田铁路桥": 35,
    "中交四公局贵安新区新能源汽车产业园二标项目经理部": 36,
    "石龙发展": 37,
    "天河潭(地铁站)": 38,
    "其深门窗系统有限公司": 39,
    "隆昌村": 40,
    "石板镇": 41,
    "超众电子秤厂家直销": 42,
    "康打路": 43,
    "贵安大道辅路": 44,
    "贵州万家灯火电器科技有限公司": 45,
    "遵义虾子众味佳羊肉粉(众味佳歺饮连锁合朋店)": 46,
    "贵阳金竹酒店": 47,
    "油料研究所": 48,
    "贵州省农科院附属中学": 49,
    "贵阳农科院春晖苑": 50,
    "竹林村社区警务室": 51,
    "梯田湿地": 52,
    "食韵家纯食(金竹路店)": 53,
    "在水一方秘境": 54,
    "豆豆实验室": 55,
    "杨家秘制竹签烤肉": 56,
    "巧作舟教育": 57,
    "星宸教育中心": 58,
    "三桥南路": 59,
    "泼二爷原汤牛肉粉(龙福花园北区店)": 60,
    "三桥综合批发市场南区B座": 61,
    "中共三桥路街道工作委员会": 62,
    "贵阳刚玉厂": 63,
    "骐正天骄南苑": 64,
    "骐正天骄北苑": 65,
    "中环路西段": 66
  }
}