{
  "up": {
    "1": "中环路西段",
    "2": "骐正天骄北苑",
    "3": "骐正天骄南苑",
    "4": "贵阳刚玉厂",
    "5": "中共三桥路街道工作委员会",
    "6": "三桥综合批发市场南区B座",
    "7": "泼二爷原汤牛肉粉(龙福花园北区店)",
    "8": "三桥南路",
    "9": "星宸教育中心",
    "10": "巧作舟教育",
    "11": "杨家秘制竹签烤肉",
    "12": "豆豆实验室",
    "13": "在水一方秘境",
    "14": "食韵家纯食(金竹路店)",
    "15": "梯田湿地",
    "16": "竹林村社区警务室",
    "17": "贵阳农科院春晖苑",
    "18": "贵州省农科院附属中学",
    "19": "油料研究所",
    "20": "贵阳金竹酒店",
    "21": "遵义虾子众味佳羊肉粉(众味佳歺饮连锁合朋店)",
    "22": "贵州万家灯火电器科技有限公司",
    "23": "贵安大道辅路",
    "24": "康打路",
    "25": "超众电子秤厂家直销",
    "26": "石板镇",
    "27": "隆昌村",
    "28": "其深门窗系统有限公司",
    "29": "天河潭(地铁站)",
    "30": "石龙发展",
    "31": "中交四公局贵安新区新能源汽车产业园二标项目经理部",
    "32": "车田铁路桥",
    "33": "腊妹滩"
  },
  "down": {
    "34": "腊妹滩",
    "35": "车田铁路桥",
    "36": "中交四公局贵安新区新能源汽车产业园二标项目经理部",
    "37": "石龙发展",
    "38": "天河潭(地铁站)",
    "39": "其深门窗系统有限公司",
    "40": "隆昌村",
    "41": "石板镇",
    "42": "超众电子秤厂家直销",
    "43": "康打路",
    "44": "贵安大道辅路",
    "45": "贵州万家灯火电器科技有限公司",
    "46": "遵义虾子众味佳羊肉粉(众味佳歺饮连锁合朋店)",
    "47": "贵阳金竹酒店",
    "48": "油料研究所",
    "49": "贵州省农科院附属中学",
    "50": "贵阳农科院春晖苑",
    "51": "竹林村社区警务室",
    "52": "梯田湿地",
    "53": "食韵家纯食(金竹路店)",
    "54": "在水一方秘境",
    "55": "豆豆实验室",
    "56": "杨家秘制竹签烤肉",
    "57": "巧作舟教育",
    "58": "星宸教育中心",
    "59": "三桥南路",
    "60": "泼二爷原汤牛肉粉(龙福花园北区店)",
    "61": "三桥综合批发市场南区B座",
    "62": "中共三桥路街道工作委员会",
    "63": "贵阳刚玉厂",
    "64": "骐正天骄南苑",
    "65": "骐正天骄北苑",
    "66": "中环路西段"
  }
}