{
  "腊妹滩": 647,
  "车田铁路桥": 556,
  "中交四公局贵安新区新能源汽车产业园二标项目经理部": 1634,
  "石龙发展": 594,
  "天河潭(地铁站)": 637,
  "其深门窗系统有限公司": 637,
  "隆昌村": 875,
  "石板镇": 1293,
  "超众电子秤厂家直销": 453,
  "康打路": 1011,
  "贵安大道辅路": 801,
  "贵州万家灯火电器科技有限公司": 1016,
  "遵义虾子众味佳羊肉粉(众味佳歺饮连锁合朋店)": 2272,
  "贵阳金竹酒店": 1452,
  "油料研究所": 481,
  "贵州省农科院附属中学": 461,
  "贵阳农科院春晖苑": 1523,
  "竹林村社区警务室": 2164,
  "梯田湿地": 816,
  "食韵家纯食(金竹路店)": 598,
  "在水一方秘境": 665,
  "豆豆实验室": 533,
  "杨家秘制竹签烤肉": 553,
  "巧作舟教育": 1546,
  "星宸教育中心": 513,
  "三桥南路": 532,
  "泼二爷原汤牛肉粉(龙福花园北区店)": 459,
  "三桥综合批发市场南区B座": 734,
  "中共三桥路街道工作委员会": 799,
  "贵阳刚玉厂": 605,
  "骐正天骄南苑": 542,
  "骐正天骄北苑": 451
}