{
  "中环路西段": 406,
  "骐正天骄北苑": 497,
  "骐正天骄南苑": 560,
  "贵阳刚玉厂": 754,
  "中共三桥路街道工作委员会": 689,
  "三桥综合批发市场南区B座": 414,
  "泼二爷原汤牛肉粉(龙福花园北区店)": 487,
  "三桥南路": 468,
  "星宸教育中心": 1501,
  "巧作舟教育": 508,
  "杨家秘制竹签烤肉": 488,
  "豆豆实验室": 620,
  "在水一方秘境": 553,
  "食韵家纯食(金竹路店)": 771,
  "梯田湿地": 2119,
  "竹林村社区警务室": 1478,
  "贵阳农科院春晖苑": 416,
  "贵州省农科院附属中学": 436,
  "油料研究所": 1407,
  "贵阳金竹酒店": 2227,
  "遵义虾子众味佳羊肉粉(众味佳歺饮连锁合朋店)": 971,
  "贵州万家灯火电器科技有限公司": 756,
  "贵安大道辅路": 966,
  "康打路": 408,
  "超众电子秤厂家直销": 1248,
  "石板镇": 830,
  "隆昌村": 592,
  "其深门窗系统有限公司": 592,
  "天河潭(地铁站)": 549,
  "石龙发展": 1589,
  "中交四公局贵安新区新能源汽车产业园二标项目经理部": 511,
  "车田铁路桥": 602
}