{
  "up": {
    "1": "广信双语幼儿园",
    "2": "司机就业培训服务站",
    "3": "圣泉社区卫生服务站",
    "4": "温馨阳光幼儿园",
    "5": "雪城冰柠",
    "6": "红星美凯龙全球家居生活广场MACALLINE(云岩店)",
    "7": "兰欧酒店(贵阳北京西路世纪城店)",
    "8": "小肚鸡肠·肥肠鸡(贵阳世纪城龙锦苑店)",
    "9": "招商银行(金阳支行)",
    "10": "沁园(龙嘉店)",
    "11": "世纪城龙晖苑综合楼",
    "12": "彝寨杀猪粉",
    "13": "广州路",
    "14": "啊黎山粗粮粑",
    "15": "交通大数据研发中心",
    "16": "北京西路辅路",
    "17": "博士府",
    "18": "G6002贵阳绕城高速",
    "19": "东旭宾馆(贵阳金阳新客车站店)",
    "20": "摆岗坡隧道",
    "21": "贵阳吉利物流园",
    "22": "何关小学",
    "23": "邓坡路",
    "24": "石关路",
    "25": "上枧村",
    "26": "贵阳市观山湖区远大小学集团校",
    "27": "LeRoy筋骨养护康复调理中心",
    "28": "下铺村",
    "29": "峰洁不锈钢制品有限公司",
    "30": "巢凤大道",
    "31": "清镇铂斯曼酒店",
    "32": "华晨金杯(清镇店)"
  },
  "down": {
    "33": "华晨金杯(清镇店)",
    "34": "清镇铂斯曼酒店",
    "35": "巢凤大道",
    "36": "峰洁不锈钢制品有限公司",
    "37": "下铺村",
    "38": "LeRoy筋骨养护康复调理中心",
    "39": "贵阳市观山湖区远大小学集团校",
    "40": "上枧村",
    "41": "石关路",
    "42": "邓坡路",
    "43": "何关小学",
    "44": "贵阳吉利物流园",
    "45": "摆岗坡隧道",
    "46": "东旭宾馆(贵阳金阳新客车站店)",
    "47": "G6002贵阳绕城高速",
    "48": "博士府",
    "49": "北京西路辅路",
    "50": "交通大数据研发中心",
    "51": "啊黎山粗粮粑",
    "52": "广州路",
    "53": "彝寨杀猪粉",
    "54": "世纪城龙晖苑综合楼",
    "55": "沁园(龙嘉店)",
    "56": "招商银行(金阳支行)",
    "57": "小肚鸡肠·肥肠鸡(贵阳世纪城龙锦苑店)",
    "58": "兰欧酒店(贵阳北京西路世纪城店)",
    "59": "红星美凯龙全球家居生活广场MACALLINE(云岩店)",
    "60": "雪城冰柠",
    "61": "温馨阳光幼儿园",
    "62": "圣泉社区卫生服务站",
    "63": "司机就业培训服务站",
    "64": "广信双语幼儿园"
  }
}