{
  "华晨金杯(清镇店)": 429,
  "清镇铂斯曼酒店": 449,
  "巢凤大道": 2688,
  "峰洁不锈钢制品有限公司": 581,
  "下铺村": 517,
  "LeRoy筋骨养护康复调理中心": 389,
  "贵阳市观山湖区远大小学集团校": 393,
  "上枧村": 487,
  "石关路": 445,
  "邓坡路": 1132,
  "何关小学": 702,
  "贵阳吉利物流园": 624,
  "摆岗坡隧道": 405,
  "东旭宾馆(贵阳金阳新客车站店)": 425,
  "G6002贵阳绕城高速": 482,
  "博士府": 432,
  "北京西路辅路": 405,
  "交通大数据研发中心": 466,
  "啊黎山粗粮粑": 806,
  "广州路": 993,
  "彝寨杀猪粉": 577,
  "世纪城龙晖苑综合楼": 387,
  "沁园(龙嘉店)": 736,
  "招商银行(金阳支行)": 788,
  "小肚鸡肠·肥肠鸡(贵阳世纪城龙锦苑店)": 499,
  "兰欧酒店(贵阳北京西路世纪城店)": 424,
  "红星美凯龙全球家居生活广场MACALLINE(云岩店)": 1055,
  "雪城冰柠": 831,
  "温馨阳光幼儿园": 389,
  "圣泉社区卫生服务站": 382,
  "司机就业培训服务站": 460
}