{
  "广信双语幼儿园": 483,
  "司机就业培训服务站": 405,
  "圣泉社区卫生服务站": 412,
  "温馨阳光幼儿园": 854,
  "雪城冰柠": 1078,
  "红星美凯龙全球家居生活广场MACALLINE(云岩店)": 447,
  "兰欧酒店(贵阳北京西路世纪城店)": 522,
  "小肚鸡肠·肥肠鸡(贵阳世纪城龙锦苑店)": 811,
  "招商银行(金阳支行)": 759,
  "沁园(龙嘉店)": 410,
  "世纪城龙晖苑综合楼": 600,
  "彝寨杀猪粉": 1016,
  "广州路": 829,
  "啊黎山粗粮粑": 489,
  "交通大数据研发中心": 428,
  "北京西路辅路": 455,
  "博士府": 505,
  "G6002贵阳绕城高速": 448,
  "东旭宾馆(贵阳金阳新客车站店)": 428,
  "摆岗坡隧道": 647,
  "贵阳吉利物流园": 725,
  "何关小学": 1155,
  "邓坡路": 468,
  "石关路": 510,
  "上枧村": 416,
  "贵阳市观山湖区远大小学集团校": 412,
  "LeRoy筋骨养护康复调理中心": 540,
  "下铺村": 604,
  "峰洁不锈钢制品有限公司": 2711,
  "巢凤大道": 472,
  "清镇铂斯曼酒店": 452
}