{
  "up": {
    "广信双语幼儿园": 1,
    "司机就业培训服务站": 2,
    "圣泉社区卫生服务站": 3,
    "温馨阳光幼儿园": 4,
    "雪城冰柠": 5,
    "红星美凯龙全球家居生活广场MACALLINE(云岩店)": 6,
    "兰欧酒店(贵阳北京西路世纪城店)": 7,
    "小肚鸡肠·肥肠鸡(贵阳世纪城龙锦苑店)": 8,
    "招商银行(金阳支行)": 9,
    "沁园(龙嘉店)": 10,
    "世纪城龙晖苑综合楼": 11,
    "彝寨杀猪粉": 12,
    "广州路": 13,
    "啊黎山粗粮粑": 14,
    "交通大数据研发中心": 15,
    "北京西路辅路": 16,
    "博士府": 17,
    "G6002贵阳绕城高速": 18,
    "东旭宾馆(贵阳金阳新客车站店)": 19,
    "摆岗坡隧道": 20,
    "贵阳吉利物流园": 21,
    "何关小学": 22,
    "邓坡路": 23,
    "石关路": 24,
    "上枧村": 25,
    "贵阳市观山湖区远大小学集团校": 26,
    "LeRoy筋骨养护康复调理中心": 27,
    "下铺村": 28,
    "峰洁不锈钢制品有限公司": 29,
    "巢凤大道": 30,
    "清镇铂斯曼酒店": 31,
    "华晨金杯(清镇店)": 32
  },
  "down": {
    "华晨金杯(清镇店)": 33,
    "清镇铂斯曼酒店": 34,
    "巢凤大道": 35,
    "峰洁不锈钢制品有限公司": 36,
    "下铺村": 37,
    "LeRoy筋骨养护康复调理中心": 38,
    "贵阳市观山湖区远大小学集团校": 39,
    "上枧村": 40,
    "石关路": 41,
    "邓坡路": 42,
    "何关小学": 43,
    "贵阳吉利物流园": 44,
    "摆岗坡隧道": 45,
    "东旭宾馆(贵阳金阳新客车站店)": 46,
    "G6002贵阳绕城高速": 47,
    "博士府": 48,
    "北京西路辅路": 49,
    "交通大数据研发中心": 50,
    "啊黎山粗粮粑": 51,
    "广州路": 52,
    "彝寨杀猪粉": 53,
    "世纪城龙晖苑综合楼": 54,
    "沁园(龙嘉店)": 55,
    "招商银行(金阳支行)": 56,
    "小肚鸡肠·肥肠鸡(贵阳世纪城龙锦苑店)": 57,
    "兰欧酒店(贵阳北京西路世纪城店)": 58,
    "红星美凯龙全球家居生活广场MACALLINE(云岩店)": 59,
    "雪城冰柠": 60,
    "温馨阳光幼儿园": 61,
    "圣泉社区卫生服务站": 62,
    "司机就业培训服务站": 63,
    "广信双语幼儿园": 64
  }
}