{
  "宋记重庆鸡公煲(白云师范店)": 796,
  "下堰村便民利民服务大厅": 391,
  "贵阳惠通机动车检测有限公司": 450,
  "曹关湿地公园": 1019,
  "白云区第十小学": 498,
  "幸福健康馆": 899,
  "白云区中医医院": 380,
  "轩维宾馆": 1100,
  "醉茗轩": 936,
  "艳山红村一组": 400,
  "海翔(社会化)机动车登记服务站": 384,
  "枫林路": 388,
  "花月缘花坊(金融城店)": 600,
  "修脚匠": 855,
  "小龙坎老火锅(美的林城店)": 439,
  "橙乐口腔": 429,
  "腾云画室": 462,
  "赖家小吃(梦想城店)": 399,
  "杨孝贵汽车修理厂": 687,
  "牧羊庄烤全羊": 518,
  "大关双语幼儿园": 1382,
  "地母洞": 509,
  "中国民生银行(天誉城小微支行)": 378,
  "蛮坡立交": 575,
  "宅吉村综合楼": 397,
  "非碗砂锅羊肉粉": 555,
  "华兴学校": 553,
  "祖传中草药": 1050,
  "贵州医科大学附属口腔医院": 979,
  "贵阳金榜教育(宝山校区)": 377,
  "斑马英语": 606
}