{
  "中公教育(贵州分校)": 637,
  "斑马英语": 408,
  "贵阳金榜教育(宝山校区)": 1010,
  "贵州医科大学附属口腔医院": 1081,
  "祖传中草药": 584,
  "华兴学校": 586,
  "非碗砂锅羊肉粉": 428,
  "宅吉村综合楼": 606,
  "蛮坡立交": 409,
  "中国民生银行(天誉城小微支行)": 540,
  "地母洞": 1413,
  "大关双语幼儿园": 549,
  "牧羊庄烤全羊": 718,
  "杨孝贵汽车修理厂": 430,
  "赖家小吃(梦想城店)": 493,
  "腾云画室": 460,
  "橙乐口腔": 470,
  "小龙坎老火锅(美的林城店)": 886,
  "修脚匠": 631,
  "花月缘花坊(金融城店)": 419,
  "枫林路": 415,
  "海翔(社会化)机动车登记服务站": 431,
  "艳山红村一组": 967,
  "醉茗轩": 1131,
  "轩维宾馆": 411,
  "白云区中医医院": 930,
  "幸福健康馆": 529,
  "白云区第十小学": 1050,
  "曹关湿地公园": 481,
  "贵阳惠通机动车检测有限公司": 422,
  "下堰村便民利民服务大厅": 827
}