{
  "up": {
    "中公教育(贵州分校)": 1,
    "斑马英语": 2,
    "贵阳金榜教育(宝山校区)": 3,
    "贵州医科大学附属口腔医院": 4,
    "祖传中草药": 5,
    "华兴学校": 6,
    "非碗砂锅羊肉粉": 7,
    "宅吉村综合楼": 8,
    "蛮坡立交": 9,
    "中国民生银行(天誉城小微支行)": 10,
    "地母洞": 11,
    "大关双语幼儿园": 12,
    "牧羊庄烤全羊": 13,
    "杨孝贵汽车修理厂": 14,
    "赖家小吃(梦想城店)": 15,
    "腾云画室": 16,
    "橙乐口腔": 17,
    "小龙坎老火锅(美的林城店)": 18,
    "修脚匠": 19,
    "花月缘花坊(金融城店)": 20,
    "枫林路": 21,
    "海翔(社会化)机动车登记服务站": 22,
    "艳山红村一组": 23,
    "醉茗轩": 24,
    "轩维宾馆": 25,
    "白云区中医医院": 26,
    "幸福健康馆": 27,
    "白云区第十小学": 28,
    "曹关湿地公园": 29,
    "贵阳惠通机动车检测有限公司": 30,
    "下堰村便民利民服务大厅": 31,
    "宋记重庆鸡公煲(白云师范店)": 32
  },
  "down": {
    "宋记重庆鸡公煲(白云师范店)": 33,
    "下堰村便民利民服务大厅": 34,
    "贵阳惠通机动车检测有限公司": 35,
    "曹关湿地公园": 36,
    "白云区第十小学": 37,
    "幸福健康馆": 38,
    "白云区中医医院": 39,
    "轩维宾馆": 40,
    "醉茗轩": 41,
    "艳山红村一组": 42,
    "海翔(社会化)机动车登记服务站": 43,
    "枫林路": 44,
    "花月缘花坊(金融城店)": 45,
    "修脚匠": 46,
    "小龙坎老火锅(美的林城店)": 47,
    "橙乐口腔": 48,
    "腾云画室": 49,
    "赖家小吃(梦想城店)": 50,
    "杨孝贵汽车修理厂": 51,
    "牧羊庄烤全羊": 52,
    "大关双语幼儿园": 53,
    "地母洞": 54,
    "中国民生银行(天誉城小微支行)": 55,
    "蛮坡立交": 56,
    "宅吉村综合楼": 57,
    "非碗砂锅羊肉粉": 58,
    "华兴学校": 59,
    "祖传中草药": 60,
    "贵州医科大学附属口腔医院": 61,
    "贵阳金榜教育(宝山校区)": 62,
    "斑马英语": 63,
    "中公教育(贵州分校)": 64
  }
}