{
  "up": {
    "1": "中公教育(贵州分校)",
    "2": "斑马英语",
    "3": "贵阳金榜教育(宝山校区)",
    "4": "贵州医科大学附属口腔医院",
    "5": "祖传中草药",
    "6": "华兴学校",
    "7": "非碗砂锅羊肉粉",
    "8": "宅吉村综合楼",
    "9": "蛮坡立交",
    "10": "中国民生银行(天誉城小微支行)",
    "11": "地母洞",
    "12": "大关双语幼儿园",
    "13": "牧羊庄烤全羊",
    "14": "杨孝贵汽车修理厂",
    "15": "赖家小吃(梦想城店)",
    "16": "腾云画室",
    "17": "橙乐口腔",
    "18": "小龙坎老火锅(美的林城店)",
    "19": "修脚匠",
    "20": "花月缘花坊(金融城店)",
    "21": "枫林路",
    "22": "海翔(社会化)机动车登记服务站",
    "23": "艳山红村一组",
    "24": "醉茗轩",
    "25": "轩维宾馆",
    "26": "白云区中医医院",
    "27": "幸福健康馆",
    "28": "白云区第十小学",
    "29": "曹关湿地公园",
    "30": "贵阳惠通机动车检测有限公司",
    "31": "下堰村便民利民服务大厅",
    "32": "宋记重庆鸡公煲(白云师范店)"
  },
  "down": {
    "33": "宋记重庆鸡公煲(白云师范店)",
    "34": "下堰村便民利民服务大厅",
    "35": "贵阳惠通机动车检测有限公司",
    "36": "曹关湿地公园",
    "37": "白云区第十小学",
    "38": "幸福健康馆",
    "39": "白云区中医医院",
    "40": "轩维宾馆",
    "41": "醉茗轩",
    "42": "艳山红村一组",
    "43": "海翔(社会化)机动车登记服务站",
    "44": "枫林路",
    "45": "花月缘花坊(金融城店)",
    "46": "修脚匠",
    "47": "小龙坎老火锅(美的林城店)",
    "48": "橙乐口腔",
    "49": "腾云画室",
    "50": "赖家小吃(梦想城店)",
    "51": "杨孝贵汽车修理厂",
    "52": "牧羊庄烤全羊",
    "53": "大关双语幼儿园",
    "54": "地母洞",
    "55": "中国民生银行(天誉城小微支行)",
    "56": "蛮坡立交",
    "57": "宅吉村综合楼",
    "58": "非碗砂锅羊肉粉",
    "59": "华兴学校",
    "60": "祖传中草药",
    "61": "贵州医科大学附属口腔医院",
    "62": "贵阳金榜教育(宝山校区)",
    "63": "斑马英语",
    "64": "中公教育(贵州分校)"
  }
}