{
  "up": {
    "哈里撸鸭市井火锅": 1,
    "三桥农民新村": 2,
    "三桥金山黑山羊肉粉": 3,
    "SOHO": 4,
    "贵大佳德驾校": 5,
    "沁园Qbakery(花果园U区)": 6,
    "三月未来教育": 7,
    "布依·画眉山庄": 8,
    "贵阳我的家公寓": 9,
    "凯诚驾校(南明店)": 10,
    "贵阳市南明区建华实验小学": 11,
    "竹林村综合楼": 12,
    "新烂泥沟": 13,
    "松林坡": 14,
    "邦堡寨": 15,
    "锦绣双语幼儿园": 16,
    "潜乡虾皇": 17,
    "鸡心坡": 18,
    "高升塘": 19,
    "贵安大道辅路": 20,
    "月租房": 21,
    "人民大道": 22,
    "顶帝门窗贵阳分厂": 23,
    "百家姓儿童休闲广场": 24,
    "天河潭(地铁站)": 25,
    "维信汽修": 26,
    "贵安大道": 27,
    "贵州海砼商品混凝土有限公司": 28,
    "贵州正源工程质量检测有限公司贵安新区分公司": 29,
    "中共湖潮苗族布依族乡委员会": 30,
    "湖潮小学": 31,
    "欧艺家居旗舰店": 32
  },
  "down": {
    "欧艺家居旗舰店": 33,
    "湖潮小学": 34,
    "中共湖潮苗族布依族乡委员会": 35,
    "贵州正源工程质量检测有限公司贵安新区分公司": 36,
    "贵州海砼商品混凝土有限公司": 37,
    "贵安大道": 38,
    "维信汽修": 39,
    "天河潭(地铁站)": 40,
    "百家姓儿童休闲广场": 41,
    "顶帝门窗贵阳分厂": 42,
    "人民大道": 43,
    "月租房": 44,
    "贵安大道辅路": 45,
    "高升塘": 46,
    "鸡心坡": 47,
    "潜乡虾皇": 48,
    "锦绣双语幼儿园": 49,
    "邦堡寨": 50,
    "松林坡": 51,
    "新烂泥沟": 52,
    "竹林村综合楼": 53,
    "贵阳市南明区建华实验小学": 54,
    "凯诚驾校(南明店)": 55,
    "贵阳我的家公寓": 56,
    "布依·画眉山庄": 57,
    "三月未来教育": 58,
    "沁园Qbakery(花果园U区)": 59,
    "贵大佳德驾校": 60,
    "SOHO": 61,
    "三桥金山黑山羊肉粉": 62,
    "三桥农民新村": 63,
    "哈里撸鸭市井火锅": 64
  }
}