{
  "哈里撸鸭市井火锅": 736,
  "三桥农民新村": 427,
  "三桥金山黑山羊肉粉": 639,
  "SOHO": 521,
  "贵大佳德驾校": 1501,
  "沁园Qbakery(花果园U区)": 508,
  "三月未来教育": 488,
  "布依·画眉山庄": 620,
  "贵阳我的家公寓": 553,
  "凯诚驾校(南明店)": 771,
  "贵阳市南明区建华实验小学": 2119,
  "竹林村综合楼": 1478,
  "新烂泥沟": 416,
  "松林坡": 436,
  "邦堡寨": 1407,
  "锦绣双语幼儿园": 2227,
  "潜乡虾皇": 971,
  "鸡心坡": 756,
  "高升塘": 966,
  "贵安大道辅路": 408,
  "月租房": 1248,
  "人民大道": 830,
  "顶帝门窗贵阳分厂": 592,
  "百家姓儿童休闲广场": 592,
  "天河潭(地铁站)": 549,
  "维信汽修": 1589,
  "贵安大道": 511,
  "贵州海砼商品混凝土有限公司": 602,
  "贵州正源工程质量检测有限公司贵安新区分公司": 1078,
  "中共湖潮苗族布依族乡委员会": 583,
  "湖潮小学": 451
}