{
  "欧艺家居旗舰店": 482,
  "湖潮小学": 614,
  "中共湖潮苗族布依族乡委员会": 1109,
  "贵州正源工程质量检测有限公司贵安新区分公司": 633,
  "贵州海砼商品混凝土有限公司": 542,
  "贵安大道": 1620,
  "维信汽修": 580,
  "天河潭(地铁站)": 623,
  "百家姓儿童休闲广场": 623,
  "顶帝门窗贵阳分厂": 861,
  "人民大道": 1279,
  "月租房": 439,
  "贵安大道辅路": 997,
  "高升塘": 787,
  "鸡心坡": 1002,
  "潜乡虾皇": 2258,
  "锦绣双语幼儿园": 1438,
  "邦堡寨": 467,
  "松林坡": 447,
  "新烂泥沟": 1509,
  "竹林村综合楼": 2150,
  "贵阳市南明区建华实验小学": 802,
  "凯诚驾校(南明店)": 584,
  "贵阳我的家公寓": 651,
  "布依·画眉山庄": 519,
  "三月未来教育": 539,
  "沁园Qbakery(花果园U区)": 1532,
  "贵大佳德驾校": 552,
  "SOHO": 670,
  "三桥金山黑山羊肉粉": 458,
  "三桥农民新村": 767
}