{
  "up": {
    "1": "哈里撸鸭市井火锅",
    "2": "三桥农民新村",
    "3": "三桥金山黑山羊肉粉",
    "4": "SOHO",
    "5": "贵大佳德驾校",
    "6": "沁园Qbakery(花果园U区)",
    "7": "三月未来教育",
    "8": "布依·画眉山庄",
    "9": "贵阳我的家公寓",
    "10": "凯诚驾校(南明店)",
    "11": "贵阳市南明区建华实验小学",
    "12": "竹林村综合楼",
    "13": "新烂泥沟",
    "14": "松林坡",
    "15": "邦堡寨",
    "16": "锦绣双语幼儿园",
    "17": "潜乡虾皇",
    "18": "鸡心坡",
    "19": "高升塘",
    "20": "贵安大道辅路",
    "21": "月租房",
    "22": "人民大道",
    "23": "顶帝门窗贵阳分厂",
    "24": "百家姓儿童休闲广场",
    "25": "天河潭(地铁站)",
    "26": "维信汽修",
    "27": "贵安大道",
    "28": "贵州海砼商品混凝土有限公司",
    "29": "贵州正源工程质量检测有限公司贵安新区分公司",
    "30": "中共湖潮苗族布依族乡委员会",
    "31": "湖潮小学",
    "32": "欧艺家居旗舰店"
  },
  "down": {
    "33": "欧艺家居旗舰店",
    "34": "湖潮小学",
    "35": "中共湖潮苗族布依族乡委员会",
    "36": "贵州正源工程质量检测有限公司贵安新区分公司",
    "37": "贵州海砼商品混凝土有限公司",
    "38": "贵安大道",
    "39": "维信汽修",
    "40": "天河潭(地铁站)",
    "41": "百家姓儿童休闲广场",
    "42": "顶帝门窗贵阳分厂",
    "43": "人民大道",
    "44": "月租房",
    "45": "贵安大道辅路",
    "46": "高升塘",
    "47": "鸡心坡",
    "48": "潜乡虾皇",
    "49": "锦绣双语幼儿园",
    "50": "邦堡寨",
    "51": "松林坡",
    "52": "新烂泥沟",
    "53": "竹林村综合楼",
    "54": "贵阳市南明区建华实验小学",
    "55": "凯诚驾校(南明店)",
    "56": "贵阳我的家公寓",
    "57": "布依·画眉山庄",
    "58": "三月未来教育",
    "59": "沁园Qbakery(花果园U区)",
    "60": "贵大佳德驾校",
    "61": "SOHO",
    "62": "三桥金山黑山羊肉粉",
    "63": "三桥农民新村",
    "64": "哈里撸鸭市井火锅"
  }
}