{
  "智慧幼儿园": 409,
  "寒坡岭": 429,
  "巢凤大道": 2668,
  "庙山": 561,
  "下铺村村委会": 497,
  "全通驾校观山湖区二考场": 369,
  "蒿芝塘": 373,
  "金华镇蒿芝村委会": 467,
  "贵阳市观山湖区远大小学集团校": 425,
  "爱登堡电梯基地(西南)": 1112,
  "吉利汽车贵阳制造基地": 682,
  "摆岗坡隧道": 604,
  "鸿云宾馆(新金阳客车站店)": 385,
  "甘井时尚酒店(新金阳客车站店)": 405,
  "商城西路": 462,
  "iu酒店(贵阳西南商贸城金阳客运站店)": 412,
  "交通银行(西南国际商贸城支行)": 385,
  "宾阳街道社区卫生服务中心": 446,
  "张炜狗肉羊肉火锅店": 786,
  "云潭南路(南)(快速公交站)": 973,
  "金阳街道第二社区卫生服务中心新冠疫苗接种点": 557,
  "贵阳世纪如意公寓": 367,
  "必胜客(金阳店)": 716,
  "梵门古法体征养生馆": 385,
  "德宇艾灸养生馆": 371,
  "大草原烤羊腿(金阳总店)": 781,
  "乐科德智少儿编程": 470,
  "好霸道花溪原汤牛肉粉(滨河左岸店)": 682,
  "贵阳高新开发区标准厂房": 514,
  "贵阳高新开发区标准厂房警务室": 474,
  "观山湖公安局分局金岭派出所驻皓天警务联系点": 673,
  "侗家老贵州黔菜馆": 666
}