{
  "up": {
    "1": "唐姐姐快餐店",
    "2": "侗家老贵州黔菜馆",
    "3": "观山湖公安局分局金岭派出所驻皓天警务联系点",
    "4": "贵阳高新开发区标准厂房警务室",
    "5": "贵阳高新开发区标准厂房",
    "6": "好霸道花溪原汤牛肉粉(滨河左岸店)",
    "7": "乐科德智少儿编程",
    "8": "大草原烤羊腿(金阳总店)",
    "9": "德宇艾灸养生馆",
    "10": "梵门古法体征养生馆",
    "11": "必胜客(金阳店)",
    "12": "贵阳世纪如意公寓",
    "13": "金阳街道第二社区卫生服务中心新冠疫苗接种点",
    "14": "云潭南路(南)(快速公交站)",
    "15": "张炜狗肉羊肉火锅店",
    "16": "宾阳街道社区卫生服务中心",
    "17": "交通银行(西南国际商贸城支行)",
    "18": "iu酒店(贵阳西南商贸城金阳客运站店)",
    "19": "商城西路",
    "20": "甘井时尚酒店(新金阳客车站店)",
    "21": "鸿云宾馆(新金阳客车站店)",
    "22": "摆岗坡隧道",
    "23": "吉利汽车贵阳制造基地",
    "24": "爱登堡电梯基地(西南)",
    "25": "贵阳市观山湖区远大小学集团校",
    "26": "金华镇蒿芝村委会",
    "27": "蒿芝塘",
    "28": "全通驾校观山湖区二考场",
    "29": "下铺村村委会",
    "30": "庙山",
    "31": "巢凤大道",
    "32": "寒坡岭",
    "33": "智慧幼儿园"
  },
  "down": {
    "34": "智慧幼儿园",
    "35": "寒坡岭",
    "36": "巢凤大道",
    "37": "庙山",
    "38": "下铺村村委会",
    "39": "全通驾校观山湖区二考场",
    "40": "蒿芝塘",
    "41": "金华镇蒿芝村委会",
    "42": "贵阳市观山湖区远大小学集团校",
    "43": "爱登堡电梯基地(西南)",
    "44": "吉利汽车贵阳制造基地",
    "45": "摆岗坡隧道",
    "46": "鸿云宾馆(新金阳客车站店)",
    "47": "甘井时尚酒店(新金阳客车站店)",
    "48": "商城西路",
    "49": "iu酒店(贵阳西南商贸城金阳客运站店)",
    "50": "交通银行(西南国际商贸城支行)",
    "51": "宾阳街道社区卫生服务中心",
    "52": "张炜狗肉羊肉火锅店",
    "53": "云潭南路(南)(快速公交站)",
    "54": "金阳街道第二社区卫生服务中心新冠疫苗接种点",
    "55": "贵阳世纪如意公寓",
    "56": "必胜客(金阳店)",
    "57": "梵门古法体征养生馆",
    "58": "德宇艾灸养生馆",
    "59": "大草原烤羊腿(金阳总店)",
    "60": "乐科德智少儿编程",
    "61": "好霸道花溪原汤牛肉粉(滨河左岸店)",
    "62": "贵阳高新开发区标准厂房",
    "63": "贵阳高新开发区标准厂房警务室",
    "64": "观山湖公安局分局金岭派出所驻皓天警务联系点",
    "65": "侗家老贵州黔菜馆",
    "66": "唐姐姐快餐店"
  }
}