{
  "up": {
    "唐姐姐快餐店": 1,
    "侗家老贵州黔菜馆": 2,
    "观山湖公安局分局金岭派出所驻皓天警务联系点": 3,
    "贵阳高新开发区标准厂房警务室": 4,
    "贵阳高新开发区标准厂房": 5,
    "好霸道花溪原汤牛肉粉(滨河左岸店)": 6,
    "乐科德智少儿编程": 7,
    "大草原烤羊腿(金阳总店)": 8,
    "德宇艾灸养生馆": 9,
    "梵门古法体征养生馆": 10,
    "必胜客(金阳店)": 11,
    "贵阳世纪如意公寓": 12,
    "金阳街道第二社区卫生服务中心新冠疫苗接种点": 13,
    "云潭南路(南)(快速公交站)": 14,
    "张炜狗肉羊肉火锅店": 15,
    "宾阳街道社区卫生服务中心": 16,
    "交通银行(西南国际商贸城支行)": 17,
    "iu酒店(贵阳西南商贸城金阳客运站店)": 18,
    "商城西路": 19,
    "甘井时尚酒店(新金阳客车站店)": 20,
    "鸿云宾馆(新金阳客车站店)": 21,
    "摆岗坡隧道": 22,
    "吉利汽车贵阳制造基地": 23,
    "爱登堡电梯基地(西南)": 24,
    "贵阳市观山湖区远大小学集团校": 25,
    "金华镇蒿芝村委会": 26,
    "蒿芝塘": 27,
    "全通驾校观山湖区二考场": 28,
    "下铺村村委会": 29,
    "庙山": 30,
    "巢凤大道": 31,
    "寒坡岭": 32,
    "智慧幼儿园": 33
  },
  "down": {
    "智慧幼儿园": 34,
    "寒坡岭": 35,
    "巢凤大道": 36,
    "庙山": 37,
    "下铺村村委会": 38,
    "全通驾校观山湖区二考场": 39,
    "蒿芝塘": 40,
    "金华镇蒿芝村委会": 41,
    "贵阳市观山湖区远大小学集团校": 42,
    "爱登堡电梯基地(西南)": 43,
    "吉利汽车贵阳制造基地": 44,
    "摆岗坡隧道": 45,
    "鸿云宾馆(新金阳客车站店)": 46,
    "甘井时尚酒店(新金阳客车站店)": 47,
    "商城西路": 48,
    "iu酒店(贵阳西南商贸城金阳客运站店)": 49,
    "交通银行(西南国际商贸城支行)": 50,
    "宾阳街道社区卫生服务中心": 51,
    "张炜狗肉羊肉火锅店": 52,
    "云潭南路(南)(快速公交站)": 53,
    "金阳街道第二社区卫生服务中心新冠疫苗接种点": 54,
    "贵阳世纪如意公寓": 55,
    "必胜客(金阳店)": 56,
    "梵门古法体征养生馆": 57,
    "德宇艾灸养生馆": 58,
    "大草原烤羊腿(金阳总店)": 59,
    "乐科德智少儿编程": 60,
    "好霸道花溪原汤牛肉粉(滨河左岸店)": 61,
    "贵阳高新开发区标准厂房": 62,
    "贵阳高新开发区标准厂房警务室": 63,
    "观山湖公安局分局金岭派出所驻皓天警务联系点": 64,
    "侗家老贵州黔菜馆": 65,
    "唐姐姐快餐店": 66
  }
}