{
  "唐姐姐快餐店": 709,
  "侗家老贵州黔菜馆": 716,
  "观山湖公安局分局金岭派出所驻皓天警务联系点": 517,
  "贵阳高新开发区标准厂房警务室": 557,
  "贵阳高新开发区标准厂房": 725,
  "好霸道花溪原汤牛肉粉(滨河左岸店)": 513,
  "乐科德智少儿编程": 824,
  "大草原烤羊腿(金阳总店)": 414,
  "德宇艾灸养生馆": 428,
  "梵门古法体征养生馆": 759,
  "必胜客(金阳店)": 410,
  "贵阳世纪如意公寓": 600,
  "金阳街道第二社区卫生服务中心新冠疫苗接种点": 1016,
  "云潭南路(南)(快速公交站)": 829,
  "张炜狗肉羊肉火锅店": 489,
  "宾阳街道社区卫生服务中心": 428,
  "交通银行(西南国际商贸城支行)": 455,
  "iu酒店(贵阳西南商贸城金阳客运站店)": 505,
  "商城西路": 448,
  "甘井时尚酒店(新金阳客车站店)": 428,
  "鸿云宾馆(新金阳客车站店)": 647,
  "摆岗坡隧道": 725,
  "吉利汽车贵阳制造基地": 1155,
  "爱登堡电梯基地(西南)": 468,
  "贵阳市观山湖区远大小学集团校": 510,
  "金华镇蒿芝村委会": 416,
  "蒿芝塘": 412,
  "全通驾校观山湖区二考场": 540,
  "下铺村村委会": 604,
  "庙山": 2711,
  "巢凤大道": 472,
  "寒坡岭": 452
}