{
  "up": {
    "1": "老黄牛肉粉(金利大厦店)",
    "2": "维也纳国际酒店贵阳高铁北站店大堂",
    "3": "骆记粉面馆(阳关小区店)",
    "4": "新寨地铁站C口",
    "5": "湘约时光(大唐·东原财富广场-9号栋店)",
    "6": "橙乐口腔",
    "7": "中医康复理疗",
    "8": "林城东路",
    "9": "画庭智选设计师酒店(贵阳金融城店)",
    "10": "刘愉小鱼儿坨坨肉(中天雅实轩店)",
    "11": "艳山红村一组",
    "12": "中国石化白云铝兴加油站",
    "13": "毛庄铺",
    "14": "千里驹新能源汽车维修服务有限公司",
    "15": "尖坡小学乡村学校少年宫",
    "16": "都拉营奔土安置房",
    "17": "阳春家居实体店",
    "18": "恒菘源汽车维修服务中心",
    "19": "横三路",
    "20": "都拉派出所",
    "21": "惠诚滋知(官方旗舰店)",
    "22": "金蓓蕾艺术中心",
    "23": "云保大道",
    "24": "乌当出口(G6002贵阳绕城高速东北向)",
    "25": "火石坡",
    "26": "宋姐草莓园",
    "27": "三江村委会社会治理综合服务中心",
    "28": "福缘水乡山庄",
    "29": "金竹林",
    "30": "平聚农庄",
    "31": "李资村",
    "32": "毛家对门",
    "33": "李资村委会",
    "34": "马林隧道"
  },
  "down": {
    "35": "马林隧道",
    "36": "李资村委会",
    "37": "毛家对门",
    "38": "李资村",
    "39": "平聚农庄",
    "40": "金竹林",
    "41": "福缘水乡山庄",
    "42": "三江村委会社会治理综合服务中心",
    "43": "宋姐草莓园",
    "44": "火石坡",
    "45": "乌当出口(G6002贵阳绕城高速东北向)",
    "46": "云保大道",
    "47": "金蓓蕾艺术中心",
    "48": "惠诚滋知(官方旗舰店)",
    "49": "都拉派出所",
    "50": "横三路",
    "51": "恒菘源汽车维修服务中心",
    "52": "阳春家居实体店",
    "53": "都拉营奔土安置房",
    "54": "尖坡小学乡村学校少年宫",
    "55": "千里驹新能源汽车维修服务有限公司",
    "56": "毛庄铺",
    "57": "中国石化白云铝兴加油站",
    "58": "艳山红村一组",
    "59": "刘愉小鱼儿坨坨肉(中天雅实轩店)",
    "60": "画庭智选设计师酒店(贵阳金融城店)",
    "61": "林城东路",
    "62": "中医康复理疗",
    "63": "橙乐口腔",
    "64": "湘约时光(大唐·东原财富广场-9号栋店)",
    "65": "新寨地铁站C口",
    "66": "骆记粉面馆(阳关小区店)",
    "67": "维也纳国际酒店贵阳高铁北站店大堂",
    "68": "老黄牛肉粉(金利大厦店)"
  }
}