{
  "老黄牛肉粉(金利大厦店)": 673,
  "维也纳国际酒店贵阳高铁北站店大堂": 724,
  "骆记粉面馆(阳关小区店)": 622,
  "新寨地铁站C口": 1060,
  "湘约时光(大唐·东原财富广场-9号栋店)": 514,
  "橙乐口腔": 530,
  "中医康复理疗": 666,
  "林城东路": 841,
  "画庭智选设计师酒店(贵阳金融城店)": 490,
  "刘愉小鱼儿坨坨肉(中天雅实轩店)": 1163,
  "艳山红村一组": 968,
  "中国石化白云铝兴加油站": 2340,
  "毛庄铺": 624,
  "千里驹新能源汽车维修服务有限公司": 802,
  "尖坡小学乡村学校少年宫": 987,
  "都拉营奔土安置房": 656,
  "阳春家居实体店": 844,
  "恒菘源汽车维修服务中心": 639,
  "横三路": 640,
  "都拉派出所": 575,
  "惠诚滋知(官方旗舰店)": 698,
  "金蓓蕾艺术中心": 420,
  "云保大道": 676,
  "乌当出口(G6002贵阳绕城高速东北向)": 579,
  "火石坡": 2044,
  "宋姐草莓园": 1147,
  "三江村委会社会治理综合服务中心": 1386,
  "福缘水乡山庄": 1062,
  "金竹林": 417,
  "平聚农庄": 684,
  "李资村": 464,
  "毛家对门": 1044,
  "李资村委会": 901
}