{
  "up": {
    "老黄牛肉粉(金利大厦店)": 1,
    "维也纳国际酒店贵阳高铁北站店大堂": 2,
    "骆记粉面馆(阳关小区店)": 3,
    "新寨地铁站C口": 4,
    "湘约时光(大唐·东原财富广场-9号栋店)": 5,
    "橙乐口腔": 6,
    "中医康复理疗": 7,
    "林城东路": 8,
    "画庭智选设计师酒店(贵阳金融城店)": 9,
    "刘愉小鱼儿坨坨肉(中天雅实轩店)": 10,
    "艳山红村一组": 11,
    "中国石化白云铝兴加油站": 12,
    "毛庄铺": 13,
    "千里驹新能源汽车维修服务有限公司": 14,
    "尖坡小学乡村学校少年宫": 15,
    "都拉营奔土安置房": 16,
    "阳春家居实体店": 17,
    "恒菘源汽车维修服务中心": 18,
    "横三路": 19,
    "都拉派出所": 20,
    "惠诚滋知(官方旗舰店)": 21,
    "金蓓蕾艺术中心": 22,
    "云保大道": 23,
    "乌当出口(G6002贵阳绕城高速东北向)": 24,
    "火石坡": 25,
    "宋姐草莓园": 26,
    "三江村委会社会治理综合服务中心": 27,
    "福缘水乡山庄": 28,
    "金竹林": 29,
    "平聚农庄": 30,
    "李资村": 31,
    "毛家对门": 32,
    "李资村委会": 33,
    "马林隧道": 34
  },
  "down": {
    "马林隧道": 35,
    "李资村委会": 36,
    "毛家对门": 37,
    "李资村": 38,
    "平聚农庄": 39,
    "金竹林": 40,
    "福缘水乡山庄": 41,
    "三江村委会社会治理综合服务中心": 42,
    "宋姐草莓园": 43,
    "火石坡": 44,
    "乌当出口(G6002贵阳绕城高速东北向)": 45,
    "云保大道": 46,
    "金蓓蕾艺术中心": 47,
    "惠诚滋知(官方旗舰店)": 48,
    "都拉派出所": 49,
    "横三路": 50,
    "恒菘源汽车维修服务中心": 51,
    "阳春家居实体店": 52,
    "都拉营奔土安置房": 53,
    "尖坡小学乡村学校少年宫": 54,
    "千里驹新能源汽车维修服务有限公司": 55,
    "毛庄铺": 56,
    "中国石化白云铝兴加油站": 57,
    "艳山红村一组": 58,
    "刘愉小鱼儿坨坨肉(中天雅实轩店)": 59,
    "画庭智选设计师酒店(贵阳金融城店)": 60,
    "林城东路": 61,
    "中医康复理疗": 62,
    "橙乐口腔": 63,
    "湘约时光(大唐·东原财富广场-9号栋店)": 64,
    "新寨地铁站C口": 65,
    "骆记粉面馆(阳关小区店)": 66,
    "维也纳国际酒店贵阳高铁北站店大堂": 67,
    "老黄牛肉粉(金利大厦店)": 68
  }
}