{
  "马林隧道": 464,
  "李资村委会": 607,
  "毛家对门": 27,
  "李资村": 247,
  "平聚农庄": -20,
  "金竹林": 625,
  "福缘水乡山庄": 949,
  "三江村委会社会治理综合服务中心": 710,
  "宋姐草莓园": 1607,
  "火石坡": 142,
  "乌当出口(G6002贵阳绕城高速东北向)": 239,
  "云保大道": -17,
  "金蓓蕾艺术中心": 261,
  "惠诚滋知(官方旗舰店)": 138,
  "都拉派出所": 203,
  "横三路": 202,
  "恒菘源汽车维修服务中心": 407,
  "阳春家居实体店": 219,
  "都拉营奔土安置房": 550,
  "尖坡小学乡村学校少年宫": 365,
  "千里驹新能源汽车维修服务有限公司": 187,
  "毛庄铺": 1903,
  "中国石化白云铝兴加油站": 531,
  "艳山红村一组": 726,
  "刘愉小鱼儿坨坨肉(中天雅实轩店)": 53,
  "画庭智选设计师酒店(贵阳金融城店)": 404,
  "林城东路": 229,
  "中医康复理疗": 93,
  "橙乐口腔": 77,
  "湘约时光(大唐·东原财富广场-9号栋店)": 623,
  "新寨地铁站C口": 185,
  "骆记粉面馆(阳关小区店)": 287,
  "维也纳国际酒店贵阳高铁北站店大堂": 236
}