{
  "up": {
    "塞纳左岸咖啡(麒龙商务港店)": 1,
    "贵州省页岩气工程技术研究中心": 2,
    "贵阳高新开发区标准厂房警务室": 3,
    "贵州油研": 4,
    "贵阳一泉优雅酒店": 5,
    "贵阳念家公寓": 6,
    "贵阳市云岩区雅关小区": 7,
    "枣山路": 8,
    "助学培训学校": 9,
    "蔡记红汤丝娃娃": 10,
    "世纪汇金广场": 11,
    "贵阳脉通血管医院发热门诊": 12,
    "雅芳口腔": 13,
    "大秦古筝(都司路总店)": 14,
    "经协大厦(箭道街)": 15,
    "蝴蝶·牡丹亭国风雅宿(甲秀楼青云集市店)": 16,
    "电力小区(市南巷)": 17,
    "倒岩寨": 18,
    "中共南明区委员会教育工作委员会": 19,
    "花冠路": 20,
    "龙洞堡大道": 21,
    "龙洞堡大道辅路": 22,
    "贵阳新月出租汽车有限公司": 23,
    "沙冒井": 24,
    "龙洞堡大道口(公交站)": 25,
    "途窝主题公寓(原江琳商务宾馆)": 26,
    "都莱栖酒店(贵阳龙洞堡机场店)": 27,
    "牛动坡": 28,
    "贵龙大道": 29,
    "上海宝冶四工区": 30
  },
  "down": {
    "上海宝冶四工区": 31,
    "贵龙大道": 32,
    "牛动坡": 33,
    "都莱栖酒店(贵阳龙洞堡机场店)": 34,
    "途窝主题公寓(原江琳商务宾馆)": 35,
    "龙洞堡大道口(公交站)": 36,
    "沙冒井": 37,
    "贵阳新月出租汽车有限公司": 38,
    "龙洞堡大道辅路": 39,
    "龙洞堡大道": 40,
    "花冠路": 41,
    "中共南明区委员会教育工作委员会": 42,
    "倒岩寨": 43,
    "电力小区(市南巷)": 44,
    "蝴蝶·牡丹亭国风雅宿(甲秀楼青云集市店)": 45,
    "经协大厦(箭道街)": 46,
    "大秦古筝(都司路总店)": 47,
    "雅芳口腔": 48,
    "贵阳脉通血管医院发热门诊": 49,
    "世纪汇金广场": 50,
    "蔡记红汤丝娃娃": 51,
    "助学培训学校": 52,
    "枣山路": 53,
    "贵阳市云岩区雅关小区": 54,
    "贵阳念家公寓": 55,
    "贵阳一泉优雅酒店": 56,
    "贵州油研": 57,
    "贵阳高新开发区标准厂房警务室": 58,
    "贵州省页岩气工程技术研究中心": 59,
    "塞纳左岸咖啡(麒龙商务港店)": 60
  }
}