{
  "上海宝冶四工区": 501,
  "贵龙大道": 403,
  "牛动坡": 396,
  "都莱栖酒店(贵阳龙洞堡机场店)": 432,
  "途窝主题公寓(原江琳商务宾馆)": 412,
  "龙洞堡大道口(公交站)": 414,
  "沙冒井": 992,
  "贵阳新月出租汽车有限公司": 996,
  "龙洞堡大道辅路": 353,
  "龙洞堡大道": 2053,
  "花冠路": 402,
  "中共南明区委员会教育工作委员会": 368,
  "倒岩寨": 1274,
  "电力小区(市南巷)": 432,
  "蝴蝶·牡丹亭国风雅宿(甲秀楼青云集市店)": 371,
  "经协大厦(箭道街)": 361,
  "大秦古筝(都司路总店)": 354,
  "雅芳口腔": 632,
  "贵阳脉通血管医院发热门诊": 375,
  "世纪汇金广场": 364,
  "蔡记红汤丝娃娃": 642,
  "助学培训学校": 891,
  "枣山路": 1721,
  "贵阳市云岩区雅关小区": 864,
  "贵阳念家公寓": 1297,
  "贵阳一泉优雅酒店": 450,
  "贵州油研": 398,
  "贵阳高新开发区标准厂房警务室": 750,
  "贵州省页岩气工程技术研究中心": 429
}