{
  "up": {
    "1": "塞纳左岸咖啡(麒龙商务港店)",
    "2": "贵州省页岩气工程技术研究中心",
    "3": "贵阳高新开发区标准厂房警务室",
    "4": "贵州油研",
    "5": "贵阳一泉优雅酒店",
    "6": "贵阳念家公寓",
    "7": "贵阳市云岩区雅关小区",
    "8": "枣山路",
    "9": "助学培训学校",
    "10": "蔡记红汤丝娃娃",
    "11": "世纪汇金广场",
    "12": "贵阳脉通血管医院发热门诊",
    "13": "雅芳口腔",
    "14": "大秦古筝(都司路总店)",
    "15": "经协大厦(箭道街)",
    "16": "蝴蝶·牡丹亭国风雅宿(甲秀楼青云集市店)",
    "17": "电力小区(市南巷)",
    "18": "倒岩寨",
    "19": "中共南明区委员会教育工作委员会",
    "20": "花冠路",
    "21": "龙洞堡大道",
    "22": "龙洞堡大道辅路",
    "23": "贵阳新月出租汽车有限公司",
    "24": "沙冒井",
    "25": "龙洞堡大道口(公交站)",
    "26": "途窝主题公寓(原江琳商务宾馆)",
    "27": "都莱栖酒店(贵阳龙洞堡机场店)",
    "28": "牛动坡",
    "29": "贵龙大道",
    "30": "上海宝冶四工区"
  },
  "down": {
    "31": "上海宝冶四工区",
    "32": "贵龙大道",
    "33": "牛动坡",
    "34": "都莱栖酒店(贵阳龙洞堡机场店)",
    "35": "途窝主题公寓(原江琳商务宾馆)",
    "36": "龙洞堡大道口(公交站)",
    "37": "沙冒井",
    "38": "贵阳新月出租汽车有限公司",
    "39": "龙洞堡大道辅路",
    "40": "龙洞堡大道",
    "41": "花冠路",
    "42": "中共南明区委员会教育工作委员会",
    "43": "倒岩寨",
    "44": "电力小区(市南巷)",
    "45": "蝴蝶·牡丹亭国风雅宿(甲秀楼青云集市店)",
    "46": "经协大厦(箭道街)",
    "47": "大秦古筝(都司路总店)",
    "48": "雅芳口腔",
    "49": "贵阳脉通血管医院发热门诊",
    "50": "世纪汇金广场",
    "51": "蔡记红汤丝娃娃",
    "52": "助学培训学校",
    "53": "枣山路",
    "54": "贵阳市云岩区雅关小区",
    "55": "贵阳念家公寓",
    "56": "贵阳一泉优雅酒店",
    "57": "贵州油研",
    "58": "贵阳高新开发区标准厂房警务室",
    "59": "贵州省页岩气工程技术研究中心",
    "60": "塞纳左岸咖啡(麒龙商务港店)"
  }
}