{
  "塞纳左岸咖啡(麒龙商务港店)": 502,
  "贵州省页岩气工程技术研究中心": 823,
  "贵阳高新开发区标准厂房警务室": 471,
  "贵州油研": 523,
  "贵阳一泉优雅酒店": 1370,
  "贵阳念家公寓": 937,
  "贵阳市云岩区雅关小区": 1794,
  "枣山路": 964,
  "助学培训学校": 715,
  "蔡记红汤丝娃娃": 437,
  "世纪汇金广场": 448,
  "贵阳脉通血管医院发热门诊": 705,
  "雅芳口腔": 427,
  "大秦古筝(都司路总店)": 434,
  "经协大厦(箭道街)": 444,
  "蝴蝶·牡丹亭国风雅宿(甲秀楼青云集市店)": 505,
  "电力小区(市南巷)": 1347,
  "倒岩寨": 441,
  "中共南明区委员会教育工作委员会": 475,
  "花冠路": 2126,
  "龙洞堡大道": 426,
  "龙洞堡大道辅路": 1069,
  "贵阳新月出租汽车有限公司": 1065,
  "沙冒井": 487,
  "龙洞堡大道口(公交站)": 485,
  "途窝主题公寓(原江琳商务宾馆)": 505,
  "都莱栖酒店(贵阳龙洞堡机场店)": 469,
  "牛动坡": 476,
  "贵龙大道": 574
}