{
  "中国邮政储蓄银行(水田邮政储蓄)": 544,
  "贵州省康复医院": 4277,
  "小张牛肉粉面馆": 623,
  "三道拐": 2143,
  "129县道": 1701,
  "实惠餐馆": 609,
  "乌当路通顺运货物运输有限公司": 424,
  "通达二手车销售有限公司": 927,
  "凯诚科目一三考场": 919,
  "大瓦房": 503,
  "寻味私房菜烤鱼店": 546,
  "保利拉菲庄园(公交站)": 857,
  "天诚花园": 1906,
  "丽朝美术书法培训中心": 588,
  "城市魔方": 422,
  "多彩贵州艺术学校(云岩万达广场店)": 612,
  "中环路东段": 515,
  "贵州财经大学松风苑酒店": 733,
  "青禾教育": 867,
  "鹿冲关路": 611,
  "荧星少儿舞蹈": 484,
  "贵州医科大学临床技能实验中心3-4教室": 555,
  "市北路15号院": 460,
  "八鸽岩地铁站C口": 509,
  "筋骨养护": 459,
  "贵阳市林业绿化局(北新区路)": 517,
  "头桥派出所治安亭": 630,
  "贵龙园北园": 821,
  "贵阳市女子职业学校": 610,
  "交通职业培训学校": 411,
  "云岩富民村镇银行三桥支行": 844,
  "中国建设银行(白云大道支行)": 508
}