{
  "up": {
    "1": "祖传中医世家",
    "2": "中国建设银行(白云大道支行)",
    "3": "云岩富民村镇银行三桥支行",
    "4": "交通职业培训学校",
    "5": "贵阳市女子职业学校",
    "6": "贵龙园北园",
    "7": "头桥派出所治安亭",
    "8": "贵阳市林业绿化局(北新区路)",
    "9": "筋骨养护",
    "10": "八鸽岩地铁站C口",
    "11": "市北路15号院",
    "12": "贵州医科大学临床技能实验中心3-4教室",
    "13": "荧星少儿舞蹈",
    "14": "鹿冲关路",
    "15": "青禾教育",
    "16": "贵州财经大学松风苑酒店",
    "17": "中环路东段",
    "18": "多彩贵州艺术学校(云岩万达广场店)",
    "19": "城市魔方",
    "20": "丽朝美术书法培训中心",
    "21": "天诚花园",
    "22": "保利拉菲庄园(公交站)",
    "23": "寻味私房菜烤鱼店",
    "24": "大瓦房",
    "25": "凯诚科目一三考场",
    "26": "通达二手车销售有限公司",
    "27": "乌当路通顺运货物运输有限公司",
    "28": "实惠餐馆",
    "29": "129县道",
    "30": "三道拐",
    "31": "小张牛肉粉面馆",
    "32": "贵州省康复医院",
    "33": "中国邮政储蓄银行(水田邮政储蓄)"
  },
  "down": {
    "34": "中国邮政储蓄银行(水田邮政储蓄)",
    "35": "贵州省康复医院",
    "36": "小张牛肉粉面馆",
    "37": "三道拐",
    "38": "129县道",
    "39": "实惠餐馆",
    "40": "乌当路通顺运货物运输有限公司",
    "41": "通达二手车销售有限公司",
    "42": "凯诚科目一三考场",
    "43": "大瓦房",
    "44": "寻味私房菜烤鱼店",
    "45": "保利拉菲庄园(公交站)",
    "46": "天诚花园",
    "47": "丽朝美术书法培训中心",
    "48": "城市魔方",
    "49": "多彩贵州艺术学校(云岩万达广场店)",
    "50": "中环路东段",
    "51": "贵州财经大学松风苑酒店",
    "52": "青禾教育",
    "53": "鹿冲关路",
    "54": "荧星少儿舞蹈",
    "55": "贵州医科大学临床技能实验中心3-4教室",
    "56": "市北路15号院",
    "57": "八鸽岩地铁站C口",
    "58": "筋骨养护",
    "59": "贵阳市林业绿化局(北新区路)",
    "60": "头桥派出所治安亭",
    "61": "贵龙园北园",
    "62": "贵阳市女子职业学校",
    "63": "交通职业培训学校",
    "64": "云岩富民村镇银行三桥支行",
    "65": "中国建设银行(白云大道支行)",
    "66": "祖传中医世家"
  }
}