{
  "up": {
    "祖传中医世家": 1,
    "中国建设银行(白云大道支行)": 2,
    "云岩富民村镇银行三桥支行": 3,
    "交通职业培训学校": 4,
    "贵阳市女子职业学校": 5,
    "贵龙园北园": 6,
    "头桥派出所治安亭": 7,
    "贵阳市林业绿化局(北新区路)": 8,
    "筋骨养护": 9,
    "八鸽岩地铁站C口": 10,
    "市北路15号院": 11,
    "贵州医科大学临床技能实验中心3-4教室": 12,
    "荧星少儿舞蹈": 13,
    "鹿冲关路": 14,
    "青禾教育": 15,
    "贵州财经大学松风苑酒店": 16,
    "中环路东段": 17,
    "多彩贵州艺术学校(云岩万达广场店)": 18,
    "城市魔方": 19,
    "丽朝美术书法培训中心": 20,
    "天诚花园": 21,
    "保利拉菲庄园(公交站)": 22,
    "寻味私房菜烤鱼店": 23,
    "大瓦房": 24,
    "凯诚科目一三考场": 25,
    "通达二手车销售有限公司": 26,
    "乌当路通顺运货物运输有限公司": 27,
    "实惠餐馆": 28,
    "129县道": 29,
    "三道拐": 30,
    "小张牛肉粉面馆": 31,
    "贵州省康复医院": 32,
    "中国邮政储蓄银行(水田邮政储蓄)": 33
  },
  "down": {
    "中国邮政储蓄银行(水田邮政储蓄)": 34,
    "贵州省康复医院": 35,
    "小张牛肉粉面馆": 36,
    "三道拐": 37,
    "129县道": 38,
    "实惠餐馆": 39,
    "乌当路通顺运货物运输有限公司": 40,
    "通达二手车销售有限公司": 41,
    "凯诚科目一三考场": 42,
    "大瓦房": 43,
    "寻味私房菜烤鱼店": 44,
    "保利拉菲庄园(公交站)": 45,
    "天诚花园": 46,
    "丽朝美术书法培训中心": 47,
    "城市魔方": 48,
    "多彩贵州艺术学校(云岩万达广场店)": 49,
    "中环路东段": 50,
    "贵州财经大学松风苑酒店": 51,
    "青禾教育": 52,
    "鹿冲关路": 53,
    "荧星少儿舞蹈": 54,
    "贵州医科大学临床技能实验中心3-4教室": 55,
    "市北路15号院": 56,
    "八鸽岩地铁站C口": 57,
    "筋骨养护": 58,
    "贵阳市林业绿化局(北新区路)": 59,
    "头桥派出所治安亭": 60,
    "贵龙园北园": 61,
    "贵阳市女子职业学校": 62,
    "交通职业培训学校": 63,
    "云岩富民村镇银行三桥支行": 64,
    "中国建设银行(白云大道支行)": 65,
    "祖传中医世家": 66
  }
}