{
  "祖传中医世家": 502,
  "中国建设银行(白云大道支行)": 838,
  "云岩富民村镇银行三桥支行": 405,
  "交通职业培训学校": 604,
  "贵阳市女子职业学校": 815,
  "贵龙园北园": 624,
  "头桥派出所治安亭": 511,
  "贵阳市林业绿化局(北新区路)": 453,
  "筋骨养护": 503,
  "八鸽岩地铁站C口": 454,
  "市北路15号院": 549,
  "贵州医科大学临床技能实验中心3-4教室": 478,
  "荧星少儿舞蹈": 605,
  "鹿冲关路": 861,
  "青禾教育": 727,
  "贵州财经大学松风苑酒店": 509,
  "中环路东段": 606,
  "多彩贵州艺术学校(云岩万达广场店)": 416,
  "城市魔方": 582,
  "丽朝美术书法培训中心": 1900,
  "天诚花园": 851,
  "保利拉菲庄园(公交站)": 540,
  "寻味私房菜烤鱼店": 497,
  "大瓦房": 913,
  "凯诚科目一三考场": 921,
  "通达二手车销售有限公司": 418,
  "乌当路通顺运货物运输有限公司": 603,
  "实惠餐馆": 1695,
  "129县道": 2137,
  "三道拐": 617,
  "小张牛肉粉面馆": 4271,
  "贵州省康复医院": 538
}