{
  "花溪路": 560,
  "产投科技园(公交站)": 1095,
  "产投高科创新孵化中心": 483,
  "康寨村村委会": 1662,
  "牛滚凼": 874,
  "其深门窗系统有限公司": 681,
  "顶帝门窗贵阳分厂": 473,
  "小高寨": 1240,
  "石板二村村委会": 400,
  "中国农业银行(石板分理处)": 958,
  "贵州三合正达汽车销售服务有限公司": 748,
  "鸡心坡": 963,
  "羊龙幼儿园": 2219,
  "金勺路": 1399,
  "金竹派出所贵州省农科院附中执勤点": 428,
  "贵州省生物技术研究所": 408,
  "谢家坡(公交站)": 1470,
  "上坝": 2111,
  "小车河": 763,
  "贵阳阿哈湖国家湿地公园": 545,
  "贵阳林界雅居公寓(甲秀南路分店)": 612,
  "泽味园": 480,
  "蔡关社区卫生服务站新冠疫苗接种点": 500,
  "贵阳市公安局南明分局五里冲派出所": 1493,
  "三桥社区党建文化进百院": 513,
  "特色铜锅洋芋饭": 456,
  "三桥综合批发市场南区B座": 451,
  "金珏宾馆(三桥店)": 411,
  "贵遵路": 467
}