{
  "up": {
    "1": "邵东餐馆",
    "2": "贵遵路",
    "3": "金珏宾馆(三桥店)",
    "4": "三桥综合批发市场南区B座",
    "5": "特色铜锅洋芋饭",
    "6": "三桥社区党建文化进百院",
    "7": "贵阳市公安局南明分局五里冲派出所",
    "8": "蔡关社区卫生服务站新冠疫苗接种点",
    "9": "泽味园",
    "10": "贵阳林界雅居公寓(甲秀南路分店)",
    "11": "贵阳阿哈湖国家湿地公园",
    "12": "小车河",
    "13": "上坝",
    "14": "谢家坡(公交站)",
    "15": "贵州省生物技术研究所",
    "16": "金竹派出所贵州省农科院附中执勤点",
    "17": "金勺路",
    "18": "羊龙幼儿园",
    "19": "鸡心坡",
    "20": "贵州三合正达汽车销售服务有限公司",
    "21": "中国农业银行(石板分理处)",
    "22": "石板二村村委会",
    "23": "小高寨",
    "24": "顶帝门窗贵阳分厂",
    "25": "其深门窗系统有限公司",
    "26": "牛滚凼",
    "27": "康寨村村委会",
    "28": "产投高科创新孵化中心",
    "29": "产投科技园(公交站)",
    "30": "花溪路"
  },
  "down": {
    "31": "花溪路",
    "32": "产投科技园(公交站)",
    "33": "产投高科创新孵化中心",
    "34": "康寨村村委会",
    "35": "牛滚凼",
    "36": "其深门窗系统有限公司",
    "37": "顶帝门窗贵阳分厂",
    "38": "小高寨",
    "39": "石板二村村委会",
    "40": "中国农业银行(石板分理处)",
    "41": "贵州三合正达汽车销售服务有限公司",
    "42": "鸡心坡",
    "43": "羊龙幼儿园",
    "44": "金勺路",
    "45": "金竹派出所贵州省农科院附中执勤点",
    "46": "贵州省生物技术研究所",
    "47": "谢家坡(公交站)",
    "48": "上坝",
    "49": "小车河",
    "50": "贵阳阿哈湖国家湿地公园",
    "51": "贵阳林界雅居公寓(甲秀南路分店)",
    "52": "泽味园",
    "53": "蔡关社区卫生服务站新冠疫苗接种点",
    "54": "贵阳市公安局南明分局五里冲派出所",
    "55": "三桥社区党建文化进百院",
    "56": "特色铜锅洋芋饭",
    "57": "三桥综合批发市场南区B座",
    "58": "金珏宾馆(三桥店)",
    "59": "贵遵路",
    "60": "邵东餐馆"
  }
}