{
  "up": {
    "邵东餐馆": 1,
    "贵遵路": 2,
    "金珏宾馆(三桥店)": 3,
    "三桥综合批发市场南区B座": 4,
    "特色铜锅洋芋饭": 5,
    "三桥社区党建文化进百院": 6,
    "贵阳市公安局南明分局五里冲派出所": 7,
    "蔡关社区卫生服务站新冠疫苗接种点": 8,
    "泽味园": 9,
    "贵阳林界雅居公寓(甲秀南路分店)": 10,
    "贵阳阿哈湖国家湿地公园": 11,
    "小车河": 12,
    "上坝": 13,
    "谢家坡(公交站)": 14,
    "贵州省生物技术研究所": 15,
    "金竹派出所贵州省农科院附中执勤点": 16,
    "金勺路": 17,
    "羊龙幼儿园": 18,
    "鸡心坡": 19,
    "贵州三合正达汽车销售服务有限公司": 20,
    "中国农业银行(石板分理处)": 21,
    "石板二村村委会": 22,
    "小高寨": 23,
    "顶帝门窗贵阳分厂": 24,
    "其深门窗系统有限公司": 25,
    "牛滚凼": 26,
    "康寨村村委会": 27,
    "产投高科创新孵化中心": 28,
    "产投科技园(公交站)": 29,
    "花溪路": 30
  },
  "down": {
    "花溪路": 31,
    "产投科技园(公交站)": 32,
    "产投高科创新孵化中心": 33,
    "康寨村村委会": 34,
    "牛滚凼": 35,
    "其深门窗系统有限公司": 36,
    "顶帝门窗贵阳分厂": 37,
    "小高寨": 38,
    "石板二村村委会": 39,
    "中国农业银行(石板分理处)": 40,
    "贵州三合正达汽车销售服务有限公司": 41,
    "鸡心坡": 42,
    "羊龙幼儿园": 43,
    "金勺路": 44,
    "金竹派出所贵州省农科院附中执勤点": 45,
    "贵州省生物技术研究所": 46,
    "谢家坡(公交站)": 47,
    "上坝": 48,
    "小车河": 49,
    "贵阳阿哈湖国家湿地公园": 50,
    "贵阳林界雅居公寓(甲秀南路分店)": 51,
    "泽味园": 52,
    "蔡关社区卫生服务站新冠疫苗接种点": 53,
    "贵阳市公安局南明分局五里冲派出所": 54,
    "三桥社区党建文化进百院": 55,
    "特色铜锅洋芋饭": 56,
    "三桥综合批发市场南区B座": 57,
    "金珏宾馆(三桥店)": 58,
    "贵遵路": 59,
    "邵东餐馆": 60
  }
}