{
  "邵东餐馆": 475,
  "贵遵路": 419,
  "金珏宾馆(三桥店)": 459,
  "三桥综合批发市场南区B座": 464,
  "特色铜锅洋芋饭": 521,
  "三桥社区党建文化进百院": 1501,
  "贵阳市公安局南明分局五里冲派出所": 508,
  "蔡关社区卫生服务站新冠疫苗接种点": 488,
  "泽味园": 620,
  "贵阳林界雅居公寓(甲秀南路分店)": 553,
  "贵阳阿哈湖国家湿地公园": 771,
  "小车河": 2119,
  "上坝": 1478,
  "谢家坡(公交站)": 416,
  "贵州省生物技术研究所": 436,
  "金竹派出所贵州省农科院附中执勤点": 1407,
  "金勺路": 2227,
  "羊龙幼儿园": 971,
  "鸡心坡": 756,
  "贵州三合正达汽车销售服务有限公司": 966,
  "中国农业银行(石板分理处)": 408,
  "石板二村村委会": 1248,
  "小高寨": 481,
  "顶帝门窗贵阳分厂": 689,
  "其深门窗系统有限公司": 882,
  "牛滚凼": 1670,
  "康寨村村委会": 491,
  "产投高科创新孵化中心": 1103,
  "产投科技园(公交站)": 568
}