{
  "up": {
    "1": "天骄幼儿园",
    "2": "骐正天骄北苑",
    "3": "黔春路",
    "4": "黔灵山公园-玉佛殿",
    "5": "弘福寺-五观堂",
    "6": "黔春立交",
    "7": "贵州虹达鹰专业高端汽车维修中心",
    "8": "圣泉家电商城(圣泉流云花园观云邸店)",
    "9": "贵州交通职业技术学院机电工程系",
    "10": "中国石油服务区加油站",
    "11": "如家酒店(贵阳高铁北站店)",
    "12": "金洋湾酒店(贵阳高铁北站店)",
    "13": "贵州省酒文化研究会",
    "14": "观山湖区阳关村人民调解委员会",
    "15": "油房",
    "16": "惠贤通大酒楼(大关城市花园店)",
    "17": "香榭大道咖啡休闲餐厅(金阳店)",
    "18": "家福菜馆(长岭阳光店)",
    "19": "有幸烘培",
    "20": "贵州博成科技有限公司",
    "21": "贵阳市白云区白云艺术学校党支部",
    "22": "李记朋友圈地摊火锅",
    "23": "贵阳旭众食品机械有限公司(百花大道)",
    "24": "蓝宝石街",
    "25": "塔山公园",
    "26": "白金大道辅路",
    "27": "贵州盛福机动车安全技术检测中心",
    "28": "都市绿洲酒店(贵阳白云绿地新都会店)",
    "29": "贵阳世界大学科技园",
    "30": "赛卡司测控技术研究院"
  },
  "down": {
    "31": "赛卡司测控技术研究院",
    "32": "贵阳世界大学科技园",
    "33": "都市绿洲酒店(贵阳白云绿地新都会店)",
    "34": "贵州盛福机动车安全技术检测中心",
    "35": "白金大道辅路",
    "36": "塔山公园",
    "37": "蓝宝石街",
    "38": "贵阳旭众食品机械有限公司(百花大道)",
    "39": "李记朋友圈地摊火锅",
    "40": "贵阳市白云区白云艺术学校党支部",
    "41": "贵州博成科技有限公司",
    "42": "有幸烘培",
    "43": "家福菜馆(长岭阳光店)",
    "44": "香榭大道咖啡休闲餐厅(金阳店)",
    "45": "惠贤通大酒楼(大关城市花园店)",
    "46": "油房",
    "47": "观山湖区阳关村人民调解委员会",
    "48": "贵州省酒文化研究会",
    "49": "金洋湾酒店(贵阳高铁北站店)",
    "50": "如家酒店(贵阳高铁北站店)",
    "51": "中国石油服务区加油站",
    "52": "贵州交通职业技术学院机电工程系",
    "53": "圣泉家电商城(圣泉流云花园观云邸店)",
    "54": "贵州虹达鹰专业高端汽车维修中心",
    "55": "黔春立交",
    "56": "弘福寺-五观堂",
    "57": "黔灵山公园-玉佛殿",
    "58": "黔春路",
    "59": "骐正天骄北苑",
    "60": "天骄幼儿园"
  }
}