{
  "天骄幼儿园": 458,
  "骐正天骄北苑": 815,
  "黔春路": 624,
  "黔灵山公园-玉佛殿": 816,
  "弘福寺-五观堂": 625,
  "黔春立交": 782,
  "贵州虹达鹰专业高端汽车维修中心": 448,
  "圣泉家电商城(圣泉流云花园观云邸店)": 1108,
  "贵州交通职业技术学院机电工程系": 437,
  "中国石油服务区加油站": 563,
  "如家酒店(贵阳高铁北站店)": 501,
  "金洋湾酒店(贵阳高铁北站店)": 504,
  "贵州省酒文化研究会": 525,
  "观山湖区阳关村人民调解委员会": 758,
  "油房": 504,
  "惠贤通大酒楼(大关城市花园店)": 1183,
  "香榭大道咖啡休闲餐厅(金阳店)": 626,
  "家福菜馆(长岭阳光店)": 419,
  "有幸烘培": 415,
  "贵州博成科技有限公司": 431,
  "贵阳市白云区白云艺术学校党支部": 967,
  "李记朋友圈地摊火锅": 648,
  "贵阳旭众食品机械有限公司(百花大道)": 668,
  "蓝宝石街": 881,
  "塔山公园": 640,
  "白金大道辅路": 459,
  "贵州盛福机动车安全技术检测中心": 504,
  "都市绿洲酒店(贵阳白云绿地新都会店)": 863,
  "贵阳世界大学科技园": 867
}