{
  "up": {
    "天骄幼儿园": 1,
    "骐正天骄北苑": 2,
    "黔春路": 3,
    "黔灵山公园-玉佛殿": 4,
    "弘福寺-五观堂": 5,
    "黔春立交": 6,
    "贵州虹达鹰专业高端汽车维修中心": 7,
    "圣泉家电商城(圣泉流云花园观云邸店)": 8,
    "贵州交通职业技术学院机电工程系": 9,
    "中国石油服务区加油站": 10,
    "如家酒店(贵阳高铁北站店)": 11,
    "金洋湾酒店(贵阳高铁北站店)": 12,
    "贵州省酒文化研究会": 13,
    "观山湖区阳关村人民调解委员会": 14,
    "油房": 15,
    "惠贤通大酒楼(大关城市花园店)": 16,
    "香榭大道咖啡休闲餐厅(金阳店)": 17,
    "家福菜馆(长岭阳光店)": 18,
    "有幸烘培": 19,
    "贵州博成科技有限公司": 20,
    "贵阳市白云区白云艺术学校党支部": 21,
    "李记朋友圈地摊火锅": 22,
    "贵阳旭众食品机械有限公司(百花大道)": 23,
    "蓝宝石街": 24,
    "塔山公园": 25,
    "白金大道辅路": 26,
    "贵州盛福机动车安全技术检测中心": 27,
    "都市绿洲酒店(贵阳白云绿地新都会店)": 28,
    "贵阳世界大学科技园": 29,
    "赛卡司测控技术研究院": 30
  },
  "down": {
    "赛卡司测控技术研究院": 31,
    "贵阳世界大学科技园": 32,
    "都市绿洲酒店(贵阳白云绿地新都会店)": 33,
    "贵州盛福机动车安全技术检测中心": 34,
    "白金大道辅路": 35,
    "塔山公园": 36,
    "蓝宝石街": 37,
    "贵阳旭众食品机械有限公司(百花大道)": 38,
    "李记朋友圈地摊火锅": 39,
    "贵阳市白云区白云艺术学校党支部": 40,
    "贵州博成科技有限公司": 41,
    "有幸烘培": 42,
    "家福菜馆(长岭阳光店)": 43,
    "香榭大道咖啡休闲餐厅(金阳店)": 44,
    "惠贤通大酒楼(大关城市花园店)": 45,
    "油房": 46,
    "观山湖区阳关村人民调解委员会": 47,
    "贵州省酒文化研究会": 48,
    "金洋湾酒店(贵阳高铁北站店)": 49,
    "如家酒店(贵阳高铁北站店)": 50,
    "中国石油服务区加油站": 51,
    "贵州交通职业技术学院机电工程系": 52,
    "圣泉家电商城(圣泉流云花园观云邸店)": 53,
    "贵州虹达鹰专业高端汽车维修中心": 54,
    "黔春立交": 55,
    "弘福寺-五观堂": 56,
    "黔灵山公园-玉佛殿": 57,
    "黔春路": 58,
    "骐正天骄北苑": 59,
    "天骄幼儿园": 60
  }
}