{
  "赛卡司测控技术研究院": 733,
  "贵阳世界大学科技园": 729,
  "都市绿洲酒店(贵阳白云绿地新都会店)": 370,
  "贵州盛福机动车安全技术检测中心": 325,
  "白金大道辅路": 506,
  "塔山公园": 747,
  "蓝宝石街": 534,
  "贵阳旭众食品机械有限公司(百花大道)": 514,
  "李记朋友圈地摊火锅": 833,
  "贵阳市白云区白云艺术学校党支部": 297,
  "贵州博成科技有限公司": 281,
  "有幸烘培": 285,
  "家福菜馆(长岭阳光店)": 492,
  "香榭大道咖啡休闲餐厅(金阳店)": 1049,
  "惠贤通大酒楼(大关城市花园店)": 370,
  "油房": 624,
  "观山湖区阳关村人民调解委员会": 391,
  "贵州省酒文化研究会": 370,
  "金洋湾酒店(贵阳高铁北站店)": 367,
  "如家酒店(贵阳高铁北站店)": 429,
  "中国石油服务区加油站": 303,
  "贵州交通职业技术学院机电工程系": 974,
  "圣泉家电商城(圣泉流云花园观云邸店)": 314,
  "贵州虹达鹰专业高端汽车维修中心": 648,
  "黔春立交": 491,
  "弘福寺-五观堂": 682,
  "黔灵山公园-玉佛殿": 490,
  "黔春路": 681,
  "骐正天骄北苑": 324
}