{
  "up": {
    "下五里女子职业学校": 1,
    "兮舞韵舞蹈": 2,
    "三桥北路": 3,
    "贵阳市林泉小学": 4,
    "贵遵路": 5,
    "苗香苑": 6,
    "荷塘社区": 7,
    "求学路": 8,
    "USBA美国篮球学院": 9,
    "贵州省干细胞与组织工程技术研究中心": 10,
    "四方小菜馆(麒龙商务港店)": 11,
    "阳关农场": 12,
    "禾迎东北饺子馆(美的·林城时代南区店)": 13,
    "书亦烧仙草(贵阳观山湖美的林城店)": 14,
    "修脚匠": 15,
    "家福菜馆(长岭阳光店)": 16,
    "煜兴辣子鸡(月华轩店)": 17,
    "贵阳朵丫婴幼儿启蒙中心": 18,
    "贵阳市白云区白云艺术学校党支部": 19,
    "迎宾社区": 20,
    "白云铁桥(快速公交站)": 21,
    "佳居新苑": 22,
    "胜旺蛋糕房(朝晖星城店)": 23,
    "贵阳市白云区综合行政执法局": 24,
    "娃哈哈贵阳生产基地": 25,
    "贵阳惠通机动车检测有限公司": 26,
    "重庆铁板鸭(Y027店)": 27,
    "陈记香米炒饭(白云师范大学小吃街店)": 28,
    "正宗重庆太安鱼(麦架小吃一条街店)": 29,
    "麦架桥": 30,
    "泊林二幼": 31,
    "螃蟹田垂钓乐园": 32,
    "212国道": 33
  },
  "down": {
    "212国道": 34,
    "螃蟹田垂钓乐园": 35,
    "泊林二幼": 36,
    "麦架桥": 37,
    "正宗重庆太安鱼(麦架小吃一条街店)": 38,
    "陈记香米炒饭(白云师范大学小吃街店)": 39,
    "重庆铁板鸭(Y027店)": 40,
    "贵阳惠通机动车检测有限公司": 41,
    "娃哈哈贵阳生产基地": 42,
    "贵阳市白云区综合行政执法局": 43,
    "胜旺蛋糕房(朝晖星城店)": 44,
    "佳居新苑": 45,
    "白云铁桥(快速公交站)": 46,
    "迎宾社区": 47,
    "贵阳市白云区白云艺术学校党支部": 48,
    "贵阳朵丫婴幼儿启蒙中心": 49,
    "煜兴辣子鸡(月华轩店)": 50,
    "家福菜馆(长岭阳光店)": 51,
    "修脚匠": 52,
    "书亦烧仙草(贵阳观山湖美的林城店)": 53,
    "禾迎东北饺子馆(美的·林城时代南区店)": 54,
    "阳关农场": 55,
    "四方小菜馆(麒龙商务港店)": 56,
    "贵州省干细胞与组织工程技术研究中心": 57,
    "USBA美国篮球学院": 58,
    "求学路": 59,
    "荷塘社区": 60,
    "苗香苑": 61,
    "贵遵路": 62,
    "贵阳市林泉小学": 63,
    "三桥北路": 64,
    "兮舞韵舞蹈": 65,
    "下五里女子职业学校": 66
  }
}