{
  "212国道": 705,
  "螃蟹田垂钓乐园": 1222,
  "泊林二幼": 836,
  "麦架桥": 421,
  "正宗重庆太安鱼(麦架小吃一条街店)": 991,
  "陈记香米炒饭(白云师范大学小吃街店)": 835,
  "重庆铁板鸭(Y027店)": 430,
  "贵阳惠通机动车检测有限公司": 489,
  "娃哈哈贵阳生产基地": 1058,
  "贵阳市白云区综合行政执法局": 537,
  "胜旺蛋糕房(朝晖星城店)": 938,
  "佳居新苑": 419,
  "白云铁桥(快速公交站)": 1139,
  "迎宾社区": 975,
  "贵阳市白云区白云艺术学校党支部": 439,
  "贵阳朵丫婴幼儿启蒙中心": 423,
  "煜兴辣子鸡(月华轩店)": 427,
  "家福菜馆(长岭阳光店)": 639,
  "修脚匠": 894,
  "书亦烧仙草(贵阳观山湖美的林城店)": 414,
  "禾迎东北饺子馆(美的·林城时代南区店)": 1060,
  "阳关农场": 470,
  "四方小菜馆(麒龙商务港店)": 857,
  "贵州省干细胞与组织工程技术研究中心": 598,
  "USBA美国篮球学院": 437,
  "求学路": 665,
  "荷塘社区": 466,
  "苗香苑": 762,
  "贵遵路": 420,
  "贵阳市林泉小学": 697,
  "三桥北路": 762,
  "兮舞韵舞蹈": 568
}