{
  "下五里女子职业学校": 560,
  "兮舞韵舞蹈": 754,
  "三桥北路": 689,
  "贵阳市林泉小学": 412,
  "贵遵路": 754,
  "苗香苑": 458,
  "荷塘社区": 657,
  "求学路": 429,
  "USBA美国篮球学院": 590,
  "贵州省干细胞与组织工程技术研究中心": 849,
  "四方小菜馆(麒龙商务港店)": 462,
  "阳关农场": 1052,
  "禾迎东北饺子馆(美的·林城时代南区店)": 406,
  "书亦烧仙草(贵阳观山湖美的林城店)": 886,
  "修脚匠": 631,
  "家福菜馆(长岭阳光店)": 419,
  "煜兴辣子鸡(月华轩店)": 415,
  "贵阳朵丫婴幼儿启蒙中心": 431,
  "贵阳市白云区白云艺术学校党支部": 967,
  "迎宾社区": 1131,
  "白云铁桥(快速公交站)": 411,
  "佳居新苑": 930,
  "胜旺蛋糕房(朝晖星城店)": 529,
  "贵阳市白云区综合行政执法局": 1050,
  "娃哈哈贵阳生产基地": 481,
  "贵阳惠通机动车检测有限公司": 422,
  "重庆铁板鸭(Y027店)": 827,
  "陈记香米炒饭(白云师范大学小吃街店)": 983,
  "正宗重庆太安鱼(麦架小吃一条街店)": 413,
  "麦架桥": 828,
  "泊林二幼": 1214,
  "螃蟹田垂钓乐园": 697
}