{
  "up": {
    "1": "下五里女子职业学校",
    "2": "兮舞韵舞蹈",
    "3": "三桥北路",
    "4": "贵阳市林泉小学",
    "5": "贵遵路",
    "6": "苗香苑",
    "7": "荷塘社区",
    "8": "求学路",
    "9": "USBA美国篮球学院",
    "10": "贵州省干细胞与组织工程技术研究中心",
    "11": "四方小菜馆(麒龙商务港店)",
    "12": "阳关农场",
    "13": "禾迎东北饺子馆(美的·林城时代南区店)",
    "14": "书亦烧仙草(贵阳观山湖美的林城店)",
    "15": "修脚匠",
    "16": "家福菜馆(长岭阳光店)",
    "17": "煜兴辣子鸡(月华轩店)",
    "18": "贵阳朵丫婴幼儿启蒙中心",
    "19": "贵阳市白云区白云艺术学校党支部",
    "20": "迎宾社区",
    "21": "白云铁桥(快速公交站)",
    "22": "佳居新苑",
    "23": "胜旺蛋糕房(朝晖星城店)",
    "24": "贵阳市白云区综合行政执法局",
    "25": "娃哈哈贵阳生产基地",
    "26": "贵阳惠通机动车检测有限公司",
    "27": "重庆铁板鸭(Y027店)",
    "28": "陈记香米炒饭(白云师范大学小吃街店)",
    "29": "正宗重庆太安鱼(麦架小吃一条街店)",
    "30": "麦架桥",
    "31": "泊林二幼",
    "32": "螃蟹田垂钓乐园",
    "33": "212国道"
  },
  "down": {
    "34": "212国道",
    "35": "螃蟹田垂钓乐园",
    "36": "泊林二幼",
    "37": "麦架桥",
    "38": "正宗重庆太安鱼(麦架小吃一条街店)",
    "39": "陈记香米炒饭(白云师范大学小吃街店)",
    "40": "重庆铁板鸭(Y027店)",
    "41": "贵阳惠通机动车检测有限公司",
    "42": "娃哈哈贵阳生产基地",
    "43": "贵阳市白云区综合行政执法局",
    "44": "胜旺蛋糕房(朝晖星城店)",
    "45": "佳居新苑",
    "46": "白云铁桥(快速公交站)",
    "47": "迎宾社区",
    "48": "贵阳市白云区白云艺术学校党支部",
    "49": "贵阳朵丫婴幼儿启蒙中心",
    "50": "煜兴辣子鸡(月华轩店)",
    "51": "家福菜馆(长岭阳光店)",
    "52": "修脚匠",
    "53": "书亦烧仙草(贵阳观山湖美的林城店)",
    "54": "禾迎东北饺子馆(美的·林城时代南区店)",
    "55": "阳关农场",
    "56": "四方小菜馆(麒龙商务港店)",
    "57": "贵州省干细胞与组织工程技术研究中心",
    "58": "USBA美国篮球学院",
    "59": "求学路",
    "60": "荷塘社区",
    "61": "苗香苑",
    "62": "贵遵路",
    "63": "贵阳市林泉小学",
    "64": "三桥北路",
    "65": "兮舞韵舞蹈",
    "66": "下五里女子职业学校"
  }
}