{
  "尚客逸酒店(贵阳高铁北站店)": 467,
  "黔宿·兰熙精选酒店(贵阳高铁北站店)": 588,
  "贵阳阳光花园酒店": 582,
  "贵州省公安厅交通管理局高速支队": 484,
  "速8酒店(贵阳北站店)": 585,
  "贵遵高速": 445,
  "清华贵州大数据研究生实践教育基地": 436,
  "俊发中心": 725,
  "航天林泉科技园": 513,
  "烤官·衙门烧烤(贵阳世纪城龙耀苑店)": 824,
  "大草原烤羊腿(金阳总店)": 414,
  "叫了只炸鸡官方店": 428,
  "珍珠泉街": 759,
  "愿者上钩纸包鱼(福州街店)": 410,
  "百德福牌海参活性肽体验馆": 600,
  "张晓洁缸缸麻辣烫(中铁逸都店)": 1016,
  "煌上煌(直属贵阳中铁逸都店)": 829,
  "满意烙锅": 489,
  "龙昌坝": 428,
  "装载机配件(沪昆高速店)": 455,
  "碧桂园·观山府": 505,
  "甘井时尚酒店(新金阳客车站店)": 448,
  "干井宾馆(贵阳西南商贸城店)": 428,
  "鸿云宾馆(新金阳客车站店)": 647,
  "黔吉酒店": 725,
  "大东工业": 1155,
  "贵阳绕城公路西南段第十四合同段路面工程中心拌和场": 468,
  "观山湖区第十八幼儿园": 510,
  "黔贵交通职业培训学校": 416,
  "蒿芝小学": 412,
  "佳兆业樾伴山": 540
}