{
  "下铺村党支部": 802,
  "佳兆业樾伴山": 674,
  "蒿芝小学": 678,
  "黔贵交通职业培训学校": 772,
  "观山湖区第十八幼儿园": 730,
  "贵阳绕城公路西南段第十四合同段路面工程中心拌和场": 1417,
  "大东工业": 987,
  "黔吉酒店": 909,
  "鸿云宾馆(新金阳客车站店)": 690,
  "干井宾馆(贵阳西南商贸城店)": 710,
  "甘井时尚酒店(新金阳客车站店)": 767,
  "碧桂园·观山府": 717,
  "装载机配件(沪昆高速店)": 690,
  "龙昌坝": 751,
  "满意烙锅": 1091,
  "煌上煌(直属贵阳中铁逸都店)": 1278,
  "张晓洁缸缸麻辣烫(中铁逸都店)": 862,
  "百德福牌海参活性肽体验馆": 672,
  "愿者上钩纸包鱼(福州街店)": 1021,
  "珍珠泉街": 690,
  "叫了只炸鸡官方店": 676,
  "大草原烤羊腿(金阳总店)": 1086,
  "烤官·衙门烧烤(贵阳世纪城龙耀苑店)": 775,
  "航天林泉科技园": 987,
  "俊发中心": 698,
  "清华贵州大数据研究生实践教育基地": 707,
  "贵遵高速": 847,
  "速8酒店(贵阳北站店)": 746,
  "贵州省公安厅交通管理局高速支队": 844,
  "贵阳阳光花园酒店": 850,
  "黔宿·兰熙精选酒店(贵阳高铁北站店)": 729
}