{
  "up": {
    "1": "尚客逸酒店(贵阳高铁北站店)",
    "2": "黔宿·兰熙精选酒店(贵阳高铁北站店)",
    "3": "贵阳阳光花园酒店",
    "4": "贵州省公安厅交通管理局高速支队",
    "5": "速8酒店(贵阳北站店)",
    "6": "贵遵高速",
    "7": "清华贵州大数据研究生实践教育基地",
    "8": "俊发中心",
    "9": "航天林泉科技园",
    "10": "烤官·衙门烧烤(贵阳世纪城龙耀苑店)",
    "11": "大草原烤羊腿(金阳总店)",
    "12": "叫了只炸鸡官方店",
    "13": "珍珠泉街",
    "14": "愿者上钩纸包鱼(福州街店)",
    "15": "百德福牌海参活性肽体验馆",
    "16": "张晓洁缸缸麻辣烫(中铁逸都店)",
    "17": "煌上煌(直属贵阳中铁逸都店)",
    "18": "满意烙锅",
    "19": "龙昌坝",
    "20": "装载机配件(沪昆高速店)",
    "21": "碧桂园·观山府",
    "22": "甘井时尚酒店(新金阳客车站店)",
    "23": "干井宾馆(贵阳西南商贸城店)",
    "24": "鸿云宾馆(新金阳客车站店)",
    "25": "黔吉酒店",
    "26": "大东工业",
    "27": "贵阳绕城公路西南段第十四合同段路面工程中心拌和场",
    "28": "观山湖区第十八幼儿园",
    "29": "黔贵交通职业培训学校",
    "30": "蒿芝小学",
    "31": "佳兆业樾伴山",
    "32": "下铺村党支部"
  },
  "down": {
    "33": "下铺村党支部",
    "34": "佳兆业樾伴山",
    "35": "蒿芝小学",
    "36": "黔贵交通职业培训学校",
    "37": "观山湖区第十八幼儿园",
    "38": "贵阳绕城公路西南段第十四合同段路面工程中心拌和场",
    "39": "大东工业",
    "40": "黔吉酒店",
    "41": "鸿云宾馆(新金阳客车站店)",
    "42": "干井宾馆(贵阳西南商贸城店)",
    "43": "甘井时尚酒店(新金阳客车站店)",
    "44": "碧桂园·观山府",
    "45": "装载机配件(沪昆高速店)",
    "46": "龙昌坝",
    "47": "满意烙锅",
    "48": "煌上煌(直属贵阳中铁逸都店)",
    "49": "张晓洁缸缸麻辣烫(中铁逸都店)",
    "50": "百德福牌海参活性肽体验馆",
    "51": "愿者上钩纸包鱼(福州街店)",
    "52": "珍珠泉街",
    "53": "叫了只炸鸡官方店",
    "54": "大草原烤羊腿(金阳总店)",
    "55": "烤官·衙门烧烤(贵阳世纪城龙耀苑店)",
    "56": "航天林泉科技园",
    "57": "俊发中心",
    "58": "清华贵州大数据研究生实践教育基地",
    "59": "贵遵高速",
    "60": "速8酒店(贵阳北站店)",
    "61": "贵州省公安厅交通管理局高速支队",
    "62": "贵阳阳光花园酒店",
    "63": "黔宿·兰熙精选酒店(贵阳高铁北站店)",
    "64": "尚客逸酒店(贵阳高铁北站店)"
  }
}