{
  "up": {
    "尚客逸酒店(贵阳高铁北站店)": 1,
    "黔宿·兰熙精选酒店(贵阳高铁北站店)": 2,
    "贵阳阳光花园酒店": 3,
    "贵州省公安厅交通管理局高速支队": 4,
    "速8酒店(贵阳北站店)": 5,
    "贵遵高速": 6,
    "清华贵州大数据研究生实践教育基地": 7,
    "俊发中心": 8,
    "航天林泉科技园": 9,
    "烤官·衙门烧烤(贵阳世纪城龙耀苑店)": 10,
    "大草原烤羊腿(金阳总店)": 11,
    "叫了只炸鸡官方店": 12,
    "珍珠泉街": 13,
    "愿者上钩纸包鱼(福州街店)": 14,
    "百德福牌海参活性肽体验馆": 15,
    "张晓洁缸缸麻辣烫(中铁逸都店)": 16,
    "煌上煌(直属贵阳中铁逸都店)": 17,
    "满意烙锅": 18,
    "龙昌坝": 19,
    "装载机配件(沪昆高速店)": 20,
    "碧桂园·观山府": 21,
    "甘井时尚酒店(新金阳客车站店)": 22,
    "干井宾馆(贵阳西南商贸城店)": 23,
    "鸿云宾馆(新金阳客车站店)": 24,
    "黔吉酒店": 25,
    "大东工业": 26,
    "贵阳绕城公路西南段第十四合同段路面工程中心拌和场": 27,
    "观山湖区第十八幼儿园": 28,
    "黔贵交通职业培训学校": 29,
    "蒿芝小学": 30,
    "佳兆业樾伴山": 31,
    "下铺村党支部": 32
  },
  "down": {
    "下铺村党支部": 33,
    "佳兆业樾伴山": 34,
    "蒿芝小学": 35,
    "黔贵交通职业培训学校": 36,
    "观山湖区第十八幼儿园": 37,
    "贵阳绕城公路西南段第十四合同段路面工程中心拌和场": 38,
    "大东工业": 39,
    "黔吉酒店": 40,
    "鸿云宾馆(新金阳客车站店)": 41,
    "干井宾馆(贵阳西南商贸城店)": 42,
    "甘井时尚酒店(新金阳客车站店)": 43,
    "碧桂园·观山府": 44,
    "装载机配件(沪昆高速店)": 45,
    "龙昌坝": 46,
    "满意烙锅": 47,
    "煌上煌(直属贵阳中铁逸都店)": 48,
    "张晓洁缸缸麻辣烫(中铁逸都店)": 49,
    "百德福牌海参活性肽体验馆": 50,
    "愿者上钩纸包鱼(福州街店)": 51,
    "珍珠泉街": 52,
    "叫了只炸鸡官方店": 53,
    "大草原烤羊腿(金阳总店)": 54,
    "烤官·衙门烧烤(贵阳世纪城龙耀苑店)": 55,
    "航天林泉科技园": 56,
    "俊发中心": 57,
    "清华贵州大数据研究生实践教育基地": 58,
    "贵遵高速": 59,
    "速8酒店(贵阳北站店)": 60,
    "贵州省公安厅交通管理局高速支队": 61,
    "贵阳阳光花园酒店": 62,
    "黔宿·兰熙精选酒店(贵阳高铁北站店)": 63,
    "尚客逸酒店(贵阳高铁北站店)": 64
  }
}