{
  "up": {
    "龙吉路": 1,
    "圆梦美术教育": 2,
    "遵义杨记豆花面": 3,
    "天然居": 4,
    "谢勇五金批发": 5,
    "三桥综合批发市场南区B座": 6,
    "三桥街道": 7,
    "滋味园食府(碧玉园店)": 8,
    "二桥": 9,
    "黔灵山公园-海马山体公园": 10,
    "程家豆花面(双峰路店)": 11,
    "贵州壹铭城": 12,
    "正贤堂中医院": 13,
    "育苗幼儿园(市西路)": 14,
    "瑞金南路": 15,
    "水云轩(复兴巷)": 16,
    "南明区少年宫": 17,
    "LOOP搬山吞海店": 18,
    "合力超市(南浦路店)": 19,
    "长城花园(青年路)": 20,
    "花儿舞蹈": 21,
    "贵阳市森林公园-三顾茅庐": 22,
    "七星苑综合度假山庄": 23,
    "远洋万和世家": 24,
    "森林公园地铁站D口": 25,
    "三岔河路": 26,
    "路天烧烤首开分店": 27,
    "贵阳龙洞堡机场戴斯温德姆酒店": 28,
    "中国工商银行(贵阳·双龙支行)": 29,
    "贵阳麓诚宜家酒店": 30
  },
  "down": {
    "贵阳麓诚宜家酒店": 31,
    "中国工商银行(贵阳·双龙支行)": 32,
    "贵阳龙洞堡机场戴斯温德姆酒店": 33,
    "路天烧烤首开分店": 34,
    "三岔河路": 35,
    "森林公园地铁站D口": 36,
    "远洋万和世家": 37,
    "七星苑综合度假山庄": 38,
    "贵阳市森林公园-三顾茅庐": 39,
    "花儿舞蹈": 40,
    "长城花园(青年路)": 41,
    "合力超市(南浦路店)": 42,
    "LOOP搬山吞海店": 43,
    "南明区少年宫": 44,
    "水云轩(复兴巷)": 45,
    "瑞金南路": 46,
    "育苗幼儿园(市西路)": 47,
    "正贤堂中医院": 48,
    "贵州壹铭城": 49,
    "程家豆花面(双峰路店)": 50,
    "黔灵山公园-海马山体公园": 51,
    "二桥": 52,
    "滋味园食府(碧玉园店)": 53,
    "三桥街道": 54,
    "三桥综合批发市场南区B座": 55,
    "谢勇五金批发": 56,
    "天然居": 57,
    "遵义杨记豆花面": 58,
    "圆梦美术教育": 59,
    "龙吉路": 60
  }
}