{
  "贵阳麓诚宜家酒店": 688,
  "中国工商银行(贵阳·双龙支行)": 366,
  "贵阳龙洞堡机场戴斯温德姆酒店": 580,
  "路天烧烤首开分店": 403,
  "三岔河路": 394,
  "森林公园地铁站D口": 546,
  "远洋万和世家": 605,
  "七星苑综合度假山庄": 619,
  "贵阳市森林公园-三顾茅庐": 1793,
  "花儿舞蹈": 406,
  "长城花园(青年路)": 1095,
  "合力超市(南浦路店)": 426,
  "LOOP搬山吞海店": 388,
  "南明区少年宫": 378,
  "水云轩(复兴巷)": 371,
  "瑞金南路": 649,
  "育苗幼儿园(市西路)": 392,
  "正贤堂中医院": 370,
  "贵州壹铭城": 399,
  "程家豆花面(双峰路店)": 741,
  "黔灵山公园-海马山体公园": 454,
  "二桥": 487,
  "滋味园食府(碧玉园店)": 536,
  "三桥街道": 541,
  "三桥综合批发市场南区B座": 377,
  "谢勇五金批发": 1066,
  "天然居": 513,
  "遵义杨记豆花面": 733,
  "圆梦美术教育": 1630
}