{
  "龙吉路": 1686,
  "圆梦美术教育": 789,
  "遵义杨记豆花面": 569,
  "天然居": 1122,
  "谢勇五金批发": 433,
  "三桥综合批发市场南区B座": 597,
  "三桥街道": 592,
  "滋味园食府(碧玉园店)": 543,
  "二桥": 510,
  "黔灵山公园-海马山体公园": 797,
  "程家豆花面(双峰路店)": 455,
  "贵州壹铭城": 426,
  "正贤堂中医院": 448,
  "育苗幼儿园(市西路)": 705,
  "瑞金南路": 427,
  "水云轩(复兴巷)": 434,
  "南明区少年宫": 444,
  "LOOP搬山吞海店": 482,
  "合力超市(南浦路店)": 1151,
  "长城花园(青年路)": 462,
  "花儿舞蹈": 1849,
  "贵阳市森林公园-三顾茅庐": 675,
  "七星苑综合度假山庄": 661,
  "远洋万和世家": 602,
  "森林公园地铁站D口": 450,
  "三岔河路": 459,
  "路天烧烤首开分店": 636,
  "贵阳龙洞堡机场戴斯温德姆酒店": 422,
  "中国工商银行(贵阳·双龙支行)": 744
}