{
  "up": {
    "1": "龙吉路",
    "2": "圆梦美术教育",
    "3": "遵义杨记豆花面",
    "4": "天然居",
    "5": "谢勇五金批发",
    "6": "三桥综合批发市场南区B座",
    "7": "三桥街道",
    "8": "滋味园食府(碧玉园店)",
    "9": "二桥",
    "10": "黔灵山公园-海马山体公园",
    "11": "程家豆花面(双峰路店)",
    "12": "贵州壹铭城",
    "13": "正贤堂中医院",
    "14": "育苗幼儿园(市西路)",
    "15": "瑞金南路",
    "16": "水云轩(复兴巷)",
    "17": "南明区少年宫",
    "18": "LOOP搬山吞海店",
    "19": "合力超市(南浦路店)",
    "20": "长城花园(青年路)",
    "21": "花儿舞蹈",
    "22": "贵阳市森林公园-三顾茅庐",
    "23": "七星苑综合度假山庄",
    "24": "远洋万和世家",
    "25": "森林公园地铁站D口",
    "26": "三岔河路",
    "27": "路天烧烤首开分店",
    "28": "贵阳龙洞堡机场戴斯温德姆酒店",
    "29": "中国工商银行(贵阳·双龙支行)",
    "30": "贵阳麓诚宜家酒店"
  },
  "down": {
    "31": "贵阳麓诚宜家酒店",
    "32": "中国工商银行(贵阳·双龙支行)",
    "33": "贵阳龙洞堡机场戴斯温德姆酒店",
    "34": "路天烧烤首开分店",
    "35": "三岔河路",
    "36": "森林公园地铁站D口",
    "37": "远洋万和世家",
    "38": "七星苑综合度假山庄",
    "39": "贵阳市森林公园-三顾茅庐",
    "40": "花儿舞蹈",
    "41": "长城花园(青年路)",
    "42": "合力超市(南浦路店)",
    "43": "LOOP搬山吞海店",
    "44": "南明区少年宫",
    "45": "水云轩(复兴巷)",
    "46": "瑞金南路",
    "47": "育苗幼儿园(市西路)",
    "48": "正贤堂中医院",
    "49": "贵州壹铭城",
    "50": "程家豆花面(双峰路店)",
    "51": "黔灵山公园-海马山体公园",
    "52": "二桥",
    "53": "滋味园食府(碧玉园店)",
    "54": "三桥街道",
    "55": "三桥综合批发市场南区B座",
    "56": "谢勇五金批发",
    "57": "天然居",
    "58": "遵义杨记豆花面",
    "59": "圆梦美术教育",
    "60": "龙吉路"
  }
}