{
  "三桥金山黑山羊肉粉": 715,
  "中坝隧道": 708,
  "贵州佳宇华昌货架厂": 426,
  "好家园家居(贵州盛达衡天商贸有限责任公司)": 551,
  "正新鸡排(三桥店)": 622,
  "三桥北路": 794,
  "黔灵公馆": 510,
  "海马冲山体公园": 797,
  "金色家园(黄金路)": 455,
  "成都光头蟹(威清路店)": 426,
  "贵州中医药大学第一附属医院(第二门诊部)": 448,
  "宜尚酒店(贵阳市西路智谷文创园店)": 705,
  "宏资大厦": 427,
  "云舒酒店(贵阳甲秀楼中山西路地铁店)": 434,
  "南明区劳动保障监察大队五中队": 444,
  "EspressoVoyage屋吉咖啡(电力巷28号院店)": 482,
  "奈雪的茶(保利·国贸逸天城店)": 1151,
  "有色地质科技大楼": 462,
  "福布儿国际幼儿园": 1849,
  "贵州武警总队医院生殖键康科": 675,
  "经典天成": 444,
  "贵州电网贵阳供电局双龙分局": 598,
  "贵州省公安厅交通管理局": 426,
  "美尔精品酒店(贵阳龙洞堡机场店)": 521,
  "机场路": 645,
  "CHAGEE霸王茶姬(砂之船奥莱店)": 717,
  "云盘(地铁站)": 411,
  "西沙海鲜": 587,
  "万润·凌云台": 472,
  "甘庄村委会": 446,
  "210国道": 455
}