{
  "up": {
    "1": "三桥金山黑山羊肉粉",
    "2": "中坝隧道",
    "3": "贵州佳宇华昌货架厂",
    "4": "好家园家居(贵州盛达衡天商贸有限责任公司)",
    "5": "正新鸡排(三桥店)",
    "6": "三桥北路",
    "7": "黔灵公馆",
    "8": "海马冲山体公园",
    "9": "金色家园(黄金路)",
    "10": "成都光头蟹(威清路店)",
    "11": "贵州中医药大学第一附属医院(第二门诊部)",
    "12": "宜尚酒店(贵阳市西路智谷文创园店)",
    "13": "宏资大厦",
    "14": "云舒酒店(贵阳甲秀楼中山西路地铁店)",
    "15": "南明区劳动保障监察大队五中队",
    "16": "EspressoVoyage屋吉咖啡(电力巷28号院店)",
    "17": "奈雪的茶(保利·国贸逸天城店)",
    "18": "有色地质科技大楼",
    "19": "福布儿国际幼儿园",
    "20": "贵州武警总队医院生殖键康科",
    "21": "经典天成",
    "22": "贵州电网贵阳供电局双龙分局",
    "23": "贵州省公安厅交通管理局",
    "24": "美尔精品酒店(贵阳龙洞堡机场店)",
    "25": "机场路",
    "26": "CHAGEE霸王茶姬(砂之船奥莱店)",
    "27": "云盘(地铁站)",
    "28": "西沙海鲜",
    "29": "万润·凌云台",
    "30": "甘庄村委会",
    "31": "210国道",
    "32": "多彩·澜庭(建设中)"
  },
  "down": {
    "33": "多彩·澜庭(建设中)",
    "34": "210国道",
    "35": "甘庄村委会",
    "36": "万润·凌云台",
    "37": "西沙海鲜",
    "38": "云盘(地铁站)",
    "39": "CHAGEE霸王茶姬(砂之船奥莱店)",
    "40": "机场路",
    "41": "美尔精品酒店(贵阳龙洞堡机场店)",
    "42": "贵州省公安厅交通管理局",
    "43": "贵州电网贵阳供电局双龙分局",
    "44": "经典天成",
    "45": "贵州武警总队医院生殖键康科",
    "46": "福布儿国际幼儿园",
    "47": "有色地质科技大楼",
    "48": "奈雪的茶(保利·国贸逸天城店)",
    "49": "EspressoVoyage屋吉咖啡(电力巷28号院店)",
    "50": "南明区劳动保障监察大队五中队",
    "51": "云舒酒店(贵阳甲秀楼中山西路地铁店)",
    "52": "宏资大厦",
    "53": "宜尚酒店(贵阳市西路智谷文创园店)",
    "54": "贵州中医药大学第一附属医院(第二门诊部)",
    "55": "成都光头蟹(威清路店)",
    "56": "金色家园(黄金路)",
    "57": "海马冲山体公园",
    "58": "黔灵公馆",
    "59": "三桥北路",
    "60": "正新鸡排(三桥店)",
    "61": "好家园家居(贵州盛达衡天商贸有限责任公司)",
    "62": "贵州佳宇华昌货架厂",
    "63": "中坝隧道",
    "64": "三桥金山黑山羊肉粉"
  }
}