{
  "多彩·澜庭(建设中)": 381,
  "210国道": 372,
  "甘庄村委会": 398,
  "万润·凌云台": 513,
  "西沙海鲜": 337,
  "云盘(地铁站)": 643,
  "CHAGEE霸王茶姬(砂之船奥莱店)": 571,
  "机场路": 447,
  "美尔精品酒店(贵阳龙洞堡机场店)": 352,
  "贵州省公安厅交通管理局": 524,
  "贵州电网贵阳供电局双龙分局": 370,
  "经典天成": 601,
  "贵州武警总队医院生殖键康科": 1775,
  "福布儿国际幼儿园": 388,
  "有色地质科技大楼": 1077,
  "奈雪的茶(保利·国贸逸天城店)": 408,
  "EspressoVoyage屋吉咖啡(电力巷28号院店)": 370,
  "南明区劳动保障监察大队五中队": 360,
  "云舒酒店(贵阳甲秀楼中山西路地铁店)": 353,
  "宏资大厦": 631,
  "宜尚酒店(贵阳市西路智谷文创园店)": 374,
  "贵州中医药大学第一附属医院(第二门诊部)": 352,
  "成都光头蟹(威清路店)": 381,
  "金色家园(黄金路)": 723,
  "海马冲山体公园": 436,
  "黔灵公馆": 720,
  "三桥北路": 548,
  "正新鸡排(三桥店)": 477,
  "好家园家居(贵州盛达衡天商贸有限责任公司)": 352,
  "贵州佳宇华昌货架厂": 634,
  "中坝隧道": 641
}