{
  "up": {
    "三桥金山黑山羊肉粉": 1,
    "中坝隧道": 2,
    "贵州佳宇华昌货架厂": 3,
    "好家园家居(贵州盛达衡天商贸有限责任公司)": 4,
    "正新鸡排(三桥店)": 5,
    "三桥北路": 6,
    "黔灵公馆": 7,
    "海马冲山体公园": 8,
    "金色家园(黄金路)": 9,
    "成都光头蟹(威清路店)": 10,
    "贵州中医药大学第一附属医院(第二门诊部)": 11,
    "宜尚酒店(贵阳市西路智谷文创园店)": 12,
    "宏资大厦": 13,
    "云舒酒店(贵阳甲秀楼中山西路地铁店)": 14,
    "南明区劳动保障监察大队五中队": 15,
    "EspressoVoyage屋吉咖啡(电力巷28号院店)": 16,
    "奈雪的茶(保利·国贸逸天城店)": 17,
    "有色地质科技大楼": 18,
    "福布儿国际幼儿园": 19,
    "贵州武警总队医院生殖键康科": 20,
    "经典天成": 21,
    "贵州电网贵阳供电局双龙分局": 22,
    "贵州省公安厅交通管理局": 23,
    "美尔精品酒店(贵阳龙洞堡机场店)": 24,
    "机场路": 25,
    "CHAGEE霸王茶姬(砂之船奥莱店)": 26,
    "云盘(地铁站)": 27,
    "西沙海鲜": 28,
    "万润·凌云台": 29,
    "甘庄村委会": 30,
    "210国道": 31,
    "多彩·澜庭(建设中)": 32
  },
  "down": {
    "多彩·澜庭(建设中)": 33,
    "210国道": 34,
    "甘庄村委会": 35,
    "万润·凌云台": 36,
    "西沙海鲜": 37,
    "云盘(地铁站)": 38,
    "CHAGEE霸王茶姬(砂之船奥莱店)": 39,
    "机场路": 40,
    "美尔精品酒店(贵阳龙洞堡机场店)": 41,
    "贵州省公安厅交通管理局": 42,
    "贵州电网贵阳供电局双龙分局": 43,
    "经典天成": 44,
    "贵州武警总队医院生殖键康科": 45,
    "福布儿国际幼儿园": 46,
    "有色地质科技大楼": 47,
    "奈雪的茶(保利·国贸逸天城店)": 48,
    "EspressoVoyage屋吉咖啡(电力巷28号院店)": 49,
    "南明区劳动保障监察大队五中队": 50,
    "云舒酒店(贵阳甲秀楼中山西路地铁店)": 51,
    "宏资大厦": 52,
    "宜尚酒店(贵阳市西路智谷文创园店)": 53,
    "贵州中医药大学第一附属医院(第二门诊部)": 54,
    "成都光头蟹(威清路店)": 55,
    "金色家园(黄金路)": 56,
    "海马冲山体公园": 57,
    "黔灵公馆": 58,
    "三桥北路": 59,
    "正新鸡排(三桥店)": 60,
    "好家园家居(贵州盛达衡天商贸有限责任公司)": 61,
    "贵州佳宇华昌货架厂": 62,
    "中坝隧道": 63,
    "三桥金山黑山羊肉粉": 64
  }
}