{
  "天河潭大道口(公交站)": 2007,
  "元方大坡": 575,
  "围墙大坡": 915,
  "场坝村村务监督委员会": 559,
  "贵州产投贵安新区科技产业园建设投资有限公司": 461,
  "产投高科创新孵化中心": 1640,
  "甘水井": 852,
  "贵州科特成保温建材有限公司": 659,
  "其深门窗系统有限公司": 451,
  "石板镇退役军人服务站": 1218,
  "金东国际": 378,
  "西部花园小区": 936,
  "贵州富力门配装饰材料有限公司": 726,
  "羊龙村": 941,
  "天豪·智能大酒店(贵阳花溪合朋店)": 2197,
  "贵阳市花溪区三合中学教师办公室": 1377,
  "新苗幼儿园": 406,
  "大会议厅": 386,
  "中共贵州省水稻研究所委员会(东南门)": 1448,
  "南明区中坝卫生服务中心": 2089,
  "侗岭春深": 741,
  "甲秀南路": 523,
  "旺柴烤肉店": 590,
  "阿锟吉他俱乐部": 458,
  "遵义虾子羊肉粉(下寨路店)": 478,
  "墨思教育": 1471,
  "水晶苑": 491,
  "构平城际线西理楼": 547,
  "贵阳电建云岩赋(建设中)": 396,
  "维意定制": 389,
  "福宝贝二幼": 396
}