{
  "北京实美职业学校": 426,
  "福宝贝二幼": 419,
  "维意定制": 426,
  "贵阳电建云岩赋(建设中)": 577,
  "构平城际线西理楼": 521,
  "水晶苑": 1501,
  "墨思教育": 508,
  "遵义虾子羊肉粉(下寨路店)": 488,
  "阿锟吉他俱乐部": 620,
  "旺柴烤肉店": 553,
  "甲秀南路": 771,
  "侗岭春深": 2119,
  "南明区中坝卫生服务中心": 1478,
  "中共贵州省水稻研究所委员会(东南门)": 416,
  "大会议厅": 436,
  "新苗幼儿园": 1407,
  "贵阳市花溪区三合中学教师办公室": 2227,
  "天豪·智能大酒店(贵阳花溪合朋店)": 971,
  "羊龙村": 756,
  "贵州富力门配装饰材料有限公司": 966,
  "西部花园小区": 408,
  "金东国际": 1248,
  "石板镇退役军人服务站": 481,
  "其深门窗系统有限公司": 689,
  "贵州科特成保温建材有限公司": 882,
  "甘水井": 1670,
  "产投高科创新孵化中心": 491,
  "贵州产投贵安新区科技产业园建设投资有限公司": 589,
  "场坝村村务监督委员会": 945,
  "围墙大坡": 605,
  "元方大坡": 2037
}