{
  "up": {
    "1": "北京实美职业学校",
    "2": "福宝贝二幼",
    "3": "维意定制",
    "4": "贵阳电建云岩赋(建设中)",
    "5": "构平城际线西理楼",
    "6": "水晶苑",
    "7": "墨思教育",
    "8": "遵义虾子羊肉粉(下寨路店)",
    "9": "阿锟吉他俱乐部",
    "10": "旺柴烤肉店",
    "11": "甲秀南路",
    "12": "侗岭春深",
    "13": "南明区中坝卫生服务中心",
    "14": "中共贵州省水稻研究所委员会(东南门)",
    "15": "大会议厅",
    "16": "新苗幼儿园",
    "17": "贵阳市花溪区三合中学教师办公室",
    "18": "天豪·智能大酒店(贵阳花溪合朋店)",
    "19": "羊龙村",
    "20": "贵州富力门配装饰材料有限公司",
    "21": "西部花园小区",
    "22": "金东国际",
    "23": "石板镇退役军人服务站",
    "24": "其深门窗系统有限公司",
    "25": "贵州科特成保温建材有限公司",
    "26": "甘水井",
    "27": "产投高科创新孵化中心",
    "28": "贵州产投贵安新区科技产业园建设投资有限公司",
    "29": "场坝村村务监督委员会",
    "30": "围墙大坡",
    "31": "元方大坡",
    "32": "天河潭大道口(公交站)"
  },
  "down": {
    "33": "天河潭大道口(公交站)",
    "34": "元方大坡",
    "35": "围墙大坡",
    "36": "场坝村村务监督委员会",
    "37": "贵州产投贵安新区科技产业园建设投资有限公司",
    "38": "产投高科创新孵化中心",
    "39": "甘水井",
    "40": "贵州科特成保温建材有限公司",
    "41": "其深门窗系统有限公司",
    "42": "石板镇退役军人服务站",
    "43": "金东国际",
    "44": "西部花园小区",
    "45": "贵州富力门配装饰材料有限公司",
    "46": "羊龙村",
    "47": "天豪·智能大酒店(贵阳花溪合朋店)",
    "48": "贵阳市花溪区三合中学教师办公室",
    "49": "新苗幼儿园",
    "50": "大会议厅",
    "51": "中共贵州省水稻研究所委员会(东南门)",
    "52": "南明区中坝卫生服务中心",
    "53": "侗岭春深",
    "54": "甲秀南路",
    "55": "旺柴烤肉店",
    "56": "阿锟吉他俱乐部",
    "57": "遵义虾子羊肉粉(下寨路店)",
    "58": "墨思教育",
    "59": "水晶苑",
    "60": "构平城际线西理楼",
    "61": "贵阳电建云岩赋(建设中)",
    "62": "维意定制",
    "63": "福宝贝二幼",
    "64": "北京实美职业学校"
  }
}