{
  "up": {
    "北京实美职业学校": 1,
    "福宝贝二幼": 2,
    "维意定制": 3,
    "贵阳电建云岩赋(建设中)": 4,
    "构平城际线西理楼": 5,
    "水晶苑": 6,
    "墨思教育": 7,
    "遵义虾子羊肉粉(下寨路店)": 8,
    "阿锟吉他俱乐部": 9,
    "旺柴烤肉店": 10,
    "甲秀南路": 11,
    "侗岭春深": 12,
    "南明区中坝卫生服务中心": 13,
    "中共贵州省水稻研究所委员会(东南门)": 14,
    "大会议厅": 15,
    "新苗幼儿园": 16,
    "贵阳市花溪区三合中学教师办公室": 17,
    "天豪·智能大酒店(贵阳花溪合朋店)": 18,
    "羊龙村": 19,
    "贵州富力门配装饰材料有限公司": 20,
    "西部花园小区": 21,
    "金东国际": 22,
    "石板镇退役军人服务站": 23,
    "其深门窗系统有限公司": 24,
    "贵州科特成保温建材有限公司": 25,
    "甘水井": 26,
    "产投高科创新孵化中心": 27,
    "贵州产投贵安新区科技产业园建设投资有限公司": 28,
    "场坝村村务监督委员会": 29,
    "围墙大坡": 30,
    "元方大坡": 31,
    "天河潭大道口(公交站)": 32
  },
  "down": {
    "天河潭大道口(公交站)": 33,
    "元方大坡": 34,
    "围墙大坡": 35,
    "场坝村村务监督委员会": 36,
    "贵州产投贵安新区科技产业园建设投资有限公司": 37,
    "产投高科创新孵化中心": 38,
    "甘水井": 39,
    "贵州科特成保温建材有限公司": 40,
    "其深门窗系统有限公司": 41,
    "石板镇退役军人服务站": 42,
    "金东国际": 43,
    "西部花园小区": 44,
    "贵州富力门配装饰材料有限公司": 45,
    "羊龙村": 46,
    "天豪·智能大酒店(贵阳花溪合朋店)": 47,
    "贵阳市花溪区三合中学教师办公室": 48,
    "新苗幼儿园": 49,
    "大会议厅": 50,
    "中共贵州省水稻研究所委员会(东南门)": 51,
    "南明区中坝卫生服务中心": 52,
    "侗岭春深": 53,
    "甲秀南路": 54,
    "旺柴烤肉店": 55,
    "阿锟吉他俱乐部": 56,
    "遵义虾子羊肉粉(下寨路店)": 57,
    "墨思教育": 58,
    "水晶苑": 59,
    "构平城际线西理楼": 60,
    "贵阳电建云岩赋(建设中)": 61,
    "维意定制": 62,
    "福宝贝二幼": 63,
    "北京实美职业学校": 64
  }
}