{
  "贵州奇瑞凯翼汽车4S店": 634,
  "贵黄高速入口(西南向)": 686,
  "邓记辣鸡火锅": 598,
  "中共清镇市公安局城东派出所支部委员会": 618,
  "清镇市巢凤大道碧桂园茶马古镇凤鸣苑": 2857,
  "庙山": 750,
  "谷歌家具": 686,
  "蒿芝居委会": 558,
  "下铺村": 562,
  "温馨家园": 656,
  "贵州兴美盛园艺有限公司": 614,
  "上海爱登堡电梯贵州有限公司": 1301,
  "贵州乐思教汽车工贸有限公司": 871,
  "名匠广告发光字加工厂": 793,
  "摆岗坡隧道": 574,
  "贵阳安全宾馆": 594,
  "鸡场路": 651,
  "北京西路": 601,
  "杀活鱼火锅": 574,
  "常寿堂": 635,
  "王家坟": 975,
  "贵州职业技术学院新校区-工程系": 1162,
  "金阳街道第二社区卫生服务中心": 746,
  "贵阳世纪城龙佑苑": 556,
  "阮记天津灌汤小笼包(福州街店)": 905,
  "重庆麻麻鱼(贵阳世纪城龙贤苑南区店)": 957,
  "老家炒菜": 624,
  "贵阳枫叶酒店": 814,
  "黔拾味土黄牛肉粉(新城玺樾台店)": 1010,
  "汽制服务站警务室": 575,
  "林钱包子店": 673
}