{
  "up": {
    "1": "鹏来食府(观山湖店)",
    "2": "林钱包子店",
    "3": "汽制服务站警务室",
    "4": "黔拾味土黄牛肉粉(新城玺樾台店)",
    "5": "贵阳枫叶酒店",
    "6": "老家炒菜",
    "7": "重庆麻麻鱼(贵阳世纪城龙贤苑南区店)",
    "8": "阮记天津灌汤小笼包(福州街店)",
    "9": "贵阳世纪城龙佑苑",
    "10": "金阳街道第二社区卫生服务中心",
    "11": "贵州职业技术学院新校区-工程系",
    "12": "王家坟",
    "13": "常寿堂",
    "14": "杀活鱼火锅",
    "15": "北京西路",
    "16": "鸡场路",
    "17": "贵阳安全宾馆",
    "18": "摆岗坡隧道",
    "19": "名匠广告发光字加工厂",
    "20": "贵州乐思教汽车工贸有限公司",
    "21": "上海爱登堡电梯贵州有限公司",
    "22": "贵州兴美盛园艺有限公司",
    "23": "温馨家园",
    "24": "下铺村",
    "25": "蒿芝居委会",
    "26": "谷歌家具",
    "27": "庙山",
    "28": "清镇市巢凤大道碧桂园茶马古镇凤鸣苑",
    "29": "中共清镇市公安局城东派出所支部委员会",
    "30": "邓记辣鸡火锅",
    "31": "贵黄高速入口(西南向)",
    "32": "贵州奇瑞凯翼汽车4S店"
  },
  "down": {
    "33": "贵州奇瑞凯翼汽车4S店",
    "34": "贵黄高速入口(西南向)",
    "35": "邓记辣鸡火锅",
    "36": "中共清镇市公安局城东派出所支部委员会",
    "37": "清镇市巢凤大道碧桂园茶马古镇凤鸣苑",
    "38": "庙山",
    "39": "谷歌家具",
    "40": "蒿芝居委会",
    "41": "下铺村",
    "42": "温馨家园",
    "43": "贵州兴美盛园艺有限公司",
    "44": "上海爱登堡电梯贵州有限公司",
    "45": "贵州乐思教汽车工贸有限公司",
    "46": "名匠广告发光字加工厂",
    "47": "摆岗坡隧道",
    "48": "贵阳安全宾馆",
    "49": "鸡场路",
    "50": "北京西路",
    "51": "杀活鱼火锅",
    "52": "常寿堂",
    "53": "王家坟",
    "54": "贵州职业技术学院新校区-工程系",
    "55": "金阳街道第二社区卫生服务中心",
    "56": "贵阳世纪城龙佑苑",
    "57": "阮记天津灌汤小笼包(福州街店)",
    "58": "重庆麻麻鱼(贵阳世纪城龙贤苑南区店)",
    "59": "老家炒菜",
    "60": "贵阳枫叶酒店",
    "61": "黔拾味土黄牛肉粉(新城玺樾台店)",
    "62": "汽制服务站警务室",
    "63": "林钱包子店",
    "64": "鹏来食府(观山湖店)"
  }
}