{
  "up": {
    "鹏来食府(观山湖店)": 1,
    "林钱包子店": 2,
    "汽制服务站警务室": 3,
    "黔拾味土黄牛肉粉(新城玺樾台店)": 4,
    "贵阳枫叶酒店": 5,
    "老家炒菜": 6,
    "重庆麻麻鱼(贵阳世纪城龙贤苑南区店)": 7,
    "阮记天津灌汤小笼包(福州街店)": 8,
    "贵阳世纪城龙佑苑": 9,
    "金阳街道第二社区卫生服务中心": 10,
    "贵州职业技术学院新校区-工程系": 11,
    "王家坟": 12,
    "常寿堂": 13,
    "杀活鱼火锅": 14,
    "北京西路": 15,
    "鸡场路": 16,
    "贵阳安全宾馆": 17,
    "摆岗坡隧道": 18,
    "名匠广告发光字加工厂": 19,
    "贵州乐思教汽车工贸有限公司": 20,
    "上海爱登堡电梯贵州有限公司": 21,
    "贵州兴美盛园艺有限公司": 22,
    "温馨家园": 23,
    "下铺村": 24,
    "蒿芝居委会": 25,
    "谷歌家具": 26,
    "庙山": 27,
    "清镇市巢凤大道碧桂园茶马古镇凤鸣苑": 28,
    "中共清镇市公安局城东派出所支部委员会": 29,
    "邓记辣鸡火锅": 30,
    "贵黄高速入口(西南向)": 31,
    "贵州奇瑞凯翼汽车4S店": 32
  },
  "down": {
    "贵州奇瑞凯翼汽车4S店": 33,
    "贵黄高速入口(西南向)": 34,
    "邓记辣鸡火锅": 35,
    "中共清镇市公安局城东派出所支部委员会": 36,
    "清镇市巢凤大道碧桂园茶马古镇凤鸣苑": 37,
    "庙山": 38,
    "谷歌家具": 39,
    "蒿芝居委会": 40,
    "下铺村": 41,
    "温馨家园": 42,
    "贵州兴美盛园艺有限公司": 43,
    "上海爱登堡电梯贵州有限公司": 44,
    "贵州乐思教汽车工贸有限公司": 45,
    "名匠广告发光字加工厂": 46,
    "摆岗坡隧道": 47,
    "贵阳安全宾馆": 48,
    "鸡场路": 49,
    "北京西路": 50,
    "杀活鱼火锅": 51,
    "常寿堂": 52,
    "王家坟": 53,
    "贵州职业技术学院新校区-工程系": 54,
    "金阳街道第二社区卫生服务中心": 55,
    "贵阳世纪城龙佑苑": 56,
    "阮记天津灌汤小笼包(福州街店)": 57,
    "重庆麻麻鱼(贵阳世纪城龙贤苑南区店)": 58,
    "老家炒菜": 59,
    "贵阳枫叶酒店": 60,
    "黔拾味土黄牛肉粉(新城玺樾台店)": 61,
    "汽制服务站警务室": 62,
    "林钱包子店": 63,
    "鹏来食府(观山湖店)": 64
  }
}