{
  "鹏来食府(观山湖店)": 527,
  "林钱包子店": 429,
  "汽制服务站警务室": 864,
  "黔拾味土黄牛肉粉(新城玺樾台店)": 668,
  "贵阳枫叶酒店": 478,
  "老家炒菜": 811,
  "重庆麻麻鱼(贵阳世纪城龙贤苑南区店)": 759,
  "阮记天津灌汤小笼包(福州街店)": 410,
  "贵阳世纪城龙佑苑": 600,
  "金阳街道第二社区卫生服务中心": 1016,
  "贵州职业技术学院新校区-工程系": 829,
  "王家坟": 489,
  "常寿堂": 428,
  "杀活鱼火锅": 455,
  "北京西路": 505,
  "鸡场路": 448,
  "贵阳安全宾馆": 428,
  "摆岗坡隧道": 647,
  "名匠广告发光字加工厂": 725,
  "贵州乐思教汽车工贸有限公司": 1155,
  "上海爱登堡电梯贵州有限公司": 468,
  "贵州兴美盛园艺有限公司": 510,
  "温馨家园": 416,
  "下铺村": 412,
  "蒿芝居委会": 540,
  "谷歌家具": 604,
  "庙山": 2711,
  "清镇市巢凤大道碧桂园茶马古镇凤鸣苑": 472,
  "中共清镇市公安局城东派出所支部委员会": 452,
  "邓记辣鸡火锅": 540,
  "贵黄高速入口(西南向)": 488
}