{
  "品香饭店": 564,
  "新农村": 778,
  "清镇佰盛家居(逸坤·尚品店)": 958,
  "朝阳轮胎(清镇老广轮胎经营部)": 530,
  "清镇小树人双语艺术幼儿园": 442,
  "食在人家": 462,
  "茶马古镇凤璟苑": 2701,
  "庙山": 594,
  "聚福楼": 530,
  "蒿芝居委会": 402,
  "蒿芝村七彩双语幼儿园": 406,
  "黔贵交通职业培训学校": 500,
  "武汉嘉华贵阳分公司": 458,
  "邓坡": 1145,
  "何关小学": 715,
  "辉蝶水暖洁具批发": 637,
  "摆岗坡隧道": 418,
  "东旭宾馆(贵阳金阳新客车站店)": 438,
  "金阳客车站办公区": 495,
  "豆腐皮火锅": 445,
  "优居优住": 418,
  "碧桂园·十里晴川(建设中)": 479,
  "贵阳高新龙泉纯净水厂": 819,
  "贵州职业技术学院新校区-工程系": 1006,
  "张老朵兴仁清真回味餐馆": 590,
  "金阳南路地铁站A口": 400,
  "视野联行眼镜(世纪金源店)": 749,
  "清镇农商银行(世纪城支行)": 418,
  "珍珠泉街": 404,
  "礼米粉行高山牛肉粉": 814,
  "乐科德智少儿编程": 672,
  "兰州牛肉拉面刀削面(天一国际广场店)": 695
}