{
  "up": {
    "1": "贵阳科技大厦",
    "2": "兰州牛肉拉面刀削面(天一国际广场店)",
    "3": "乐科德智少儿编程",
    "4": "礼米粉行高山牛肉粉",
    "5": "珍珠泉街",
    "6": "清镇农商银行(世纪城支行)",
    "7": "视野联行眼镜(世纪金源店)",
    "8": "金阳南路地铁站A口",
    "9": "张老朵兴仁清真回味餐馆",
    "10": "贵州职业技术学院新校区-工程系",
    "11": "贵阳高新龙泉纯净水厂",
    "12": "碧桂园·十里晴川(建设中)",
    "13": "优居优住",
    "14": "豆腐皮火锅",
    "15": "金阳客车站办公区",
    "16": "东旭宾馆(贵阳金阳新客车站店)",
    "17": "摆岗坡隧道",
    "18": "辉蝶水暖洁具批发",
    "19": "何关小学",
    "20": "邓坡",
    "21": "武汉嘉华贵阳分公司",
    "22": "黔贵交通职业培训学校",
    "23": "蒿芝村七彩双语幼儿园",
    "24": "蒿芝居委会",
    "25": "聚福楼",
    "26": "庙山",
    "27": "茶马古镇凤璟苑",
    "28": "食在人家",
    "29": "清镇小树人双语艺术幼儿园",
    "30": "朝阳轮胎(清镇老广轮胎经营部)",
    "31": "清镇佰盛家居(逸坤·尚品店)",
    "32": "新农村",
    "33": "品香饭店"
  },
  "down": {
    "34": "品香饭店",
    "35": "新农村",
    "36": "清镇佰盛家居(逸坤·尚品店)",
    "37": "朝阳轮胎(清镇老广轮胎经营部)",
    "38": "清镇小树人双语艺术幼儿园",
    "39": "食在人家",
    "40": "茶马古镇凤璟苑",
    "41": "庙山",
    "42": "聚福楼",
    "43": "蒿芝居委会",
    "44": "蒿芝村七彩双语幼儿园",
    "45": "黔贵交通职业培训学校",
    "46": "武汉嘉华贵阳分公司",
    "47": "邓坡",
    "48": "何关小学",
    "49": "辉蝶水暖洁具批发",
    "50": "摆岗坡隧道",
    "51": "东旭宾馆(贵阳金阳新客车站店)",
    "52": "金阳客车站办公区",
    "53": "豆腐皮火锅",
    "54": "优居优住",
    "55": "碧桂园·十里晴川(建设中)",
    "56": "贵阳高新龙泉纯净水厂",
    "57": "贵州职业技术学院新校区-工程系",
    "58": "张老朵兴仁清真回味餐馆",
    "59": "金阳南路地铁站A口",
    "60": "视野联行眼镜(世纪金源店)",
    "61": "清镇农商银行(世纪城支行)",
    "62": "珍珠泉街",
    "63": "礼米粉行高山牛肉粉",
    "64": "乐科德智少儿编程",
    "65": "兰州牛肉拉面刀削面(天一国际广场店)",
    "66": "贵阳科技大厦"
  }
}