{
  "贵阳科技大厦": 705,
  "兰州牛肉拉面刀削面(天一国际广场店)": 682,
  "乐科德智少儿编程": 824,
  "礼米粉行高山牛肉粉": 414,
  "珍珠泉街": 428,
  "清镇农商银行(世纪城支行)": 759,
  "视野联行眼镜(世纪金源店)": 410,
  "金阳南路地铁站A口": 600,
  "张老朵兴仁清真回味餐馆": 1016,
  "贵州职业技术学院新校区-工程系": 829,
  "贵阳高新龙泉纯净水厂": 489,
  "碧桂园·十里晴川(建设中)": 428,
  "优居优住": 455,
  "豆腐皮火锅": 505,
  "金阳客车站办公区": 448,
  "东旭宾馆(贵阳金阳新客车站店)": 428,
  "摆岗坡隧道": 647,
  "辉蝶水暖洁具批发": 725,
  "何关小学": 1155,
  "邓坡": 468,
  "武汉嘉华贵阳分公司": 510,
  "黔贵交通职业培训学校": 416,
  "蒿芝村七彩双语幼儿园": 412,
  "蒿芝居委会": 540,
  "聚福楼": 604,
  "庙山": 2711,
  "茶马古镇凤璟苑": 472,
  "食在人家": 452,
  "清镇小树人双语艺术幼儿园": 540,
  "朝阳轮胎(清镇老广轮胎经营部)": 968,
  "清镇佰盛家居(逸坤·尚品店)": 788,
  "新农村": 574
}