{
  "up": {
    "贵阳科技大厦": 1,
    "兰州牛肉拉面刀削面(天一国际广场店)": 2,
    "乐科德智少儿编程": 3,
    "礼米粉行高山牛肉粉": 4,
    "珍珠泉街": 5,
    "清镇农商银行(世纪城支行)": 6,
    "视野联行眼镜(世纪金源店)": 7,
    "金阳南路地铁站A口": 8,
    "张老朵兴仁清真回味餐馆": 9,
    "贵州职业技术学院新校区-工程系": 10,
    "贵阳高新龙泉纯净水厂": 11,
    "碧桂园·十里晴川(建设中)": 12,
    "优居优住": 13,
    "豆腐皮火锅": 14,
    "金阳客车站办公区": 15,
    "东旭宾馆(贵阳金阳新客车站店)": 16,
    "摆岗坡隧道": 17,
    "辉蝶水暖洁具批发": 18,
    "何关小学": 19,
    "邓坡": 20,
    "武汉嘉华贵阳分公司": 21,
    "黔贵交通职业培训学校": 22,
    "蒿芝村七彩双语幼儿园": 23,
    "蒿芝居委会": 24,
    "聚福楼": 25,
    "庙山": 26,
    "茶马古镇凤璟苑": 27,
    "食在人家": 28,
    "清镇小树人双语艺术幼儿园": 29,
    "朝阳轮胎(清镇老广轮胎经营部)": 30,
    "清镇佰盛家居(逸坤·尚品店)": 31,
    "新农村": 32,
    "品香饭店": 33
  },
  "down": {
    "品香饭店": 34,
    "新农村": 35,
    "清镇佰盛家居(逸坤·尚品店)": 36,
    "朝阳轮胎(清镇老广轮胎经营部)": 37,
    "清镇小树人双语艺术幼儿园": 38,
    "食在人家": 39,
    "茶马古镇凤璟苑": 40,
    "庙山": 41,
    "聚福楼": 42,
    "蒿芝居委会": 43,
    "蒿芝村七彩双语幼儿园": 44,
    "黔贵交通职业培训学校": 45,
    "武汉嘉华贵阳分公司": 46,
    "邓坡": 47,
    "何关小学": 48,
    "辉蝶水暖洁具批发": 49,
    "摆岗坡隧道": 50,
    "东旭宾馆(贵阳金阳新客车站店)": 51,
    "金阳客车站办公区": 52,
    "豆腐皮火锅": 53,
    "优居优住": 54,
    "碧桂园·十里晴川(建设中)": 55,
    "贵阳高新龙泉纯净水厂": 56,
    "贵州职业技术学院新校区-工程系": 57,
    "张老朵兴仁清真回味餐馆": 58,
    "金阳南路地铁站A口": 59,
    "视野联行眼镜(世纪金源店)": 60,
    "清镇农商银行(世纪城支行)": 61,
    "珍珠泉街": 62,
    "礼米粉行高山牛肉粉": 63,
    "乐科德智少儿编程": 64,
    "兰州牛肉拉面刀削面(天一国际广场店)": 65,
    "贵阳科技大厦": 66
  }
}