{
  "花果园大街": {
    "time": [
      "06:15:44",
      "06:31:10",
      "06:46:49",
      "07:01:29",
      "07:15:50",
      "07:31:23",
      "07:46:14",
      "08:00:24",
      "08:15:56",
      "08:31:22",
      "08:46:00",
      "09:01:20",
      "09:15:49",
      "09:30:21",
      "09:44:38",
      "09:59:45",
      "10:14:57",
      "10:30:09",
      "10:45:08",
      "11:00:39",
      "11:15:53",
      "11:31:19",
      "11:45:35",
      "12:00:20",
      "12:14:56",
      "12:29:55",
      "12:45:33",
      "13:00:04",
      "13:14:40",
      "13:29:45",
      "13:45:19",
      "14:00:11",
      "14:14:49",
      "14:30:21",
      "14:46:07",
      "15:01:50",
      "15:16:38",
      "15:31:28",
      "15:45:44",
      "16:00:17",
      "16:14:38",
      "16:30:08",
      "16:45:23",
      "17:00:17",
      "17:15:36",
      "17:31:09",
      "17:45:22",
      "18:01:11",
      "18:15:49",
      "18:31:32",
      "18:47:07",
      "19:01:56",
      "19:16:26",
      "19:30:52",
      "19:46:05",
      "20:01:28",
      "20:15:45",
      "20:30:31",
      "20:46:11",
      "21:00:38",
      "21:15:03",
      "21:29:16",
      "21:44:52",
      "21:59:18",
      "22:13:38"
    ],
    "board": [
      4,
      6,
      8,
      4,
      6,
      12,
      2,
      0,
      5,
      0,
      6,
      8,
      12,
      12,
      10,
      3,
      15,
      15,
      14,
      11,
      1,
      1,
      2,
      8,
      14,
      8,
      1,
      1,
      8,
      9,
      7,
      4,
      6,
      15,
      4,
      4,
      3,
      11,
      9,
      6,
      5,
      7,
      14,
      11,
      4,
      2,
      7,
      11,
      12,
      10,
      5,
      12,
      4,
      8,
      11,
      9,
      14,
      2,
      1,
      4,
      15,
      13,
      12,
      0,
      12
    ],
    "alight": [
      0,
      0,
      0,
      0,
      0,
      0,
      0,
      0,
      0,
      0,
      0,
      0,
      0,
      0,
      0,
      0,
      0,
      0,
      0,
      0,
      0,
      0,
      0,
      0,
      0,
      0,
      0,
      0,
      0,
      0,
      0,
      0,
      0,
      0,
      0,
      0,
      0,
      0,
      0,
      0,
      0,
      0,
      0,
      0,
      0,
      0,
      0,
      0,
      0,
      0,
      0,
      0,
      0,
      0,
      0,
      0,
      0,
      0,
      0,
      0,
      0,
      0,
      0,
      0,
      0
    ]
  },
  "花果园B区北区": {
    "time": [
      "06:15:44",
      "06:31:10",
      "06:46:49",
      "07:01:29",
      "07:15:50",
      "07:31:23",
      "07:46:14",
      "08:00:24",
      "08:15:56",
      "08:31:22",
      "08:46:00",
      "09:01:20",
      "09:15:49",
      "09:30:21",
      "09:44:38",
      "09:59:45",
      "10:14:57",
      "10:30:09",
      "10:45:08",
      "11:00:39",
      "11:15:53",
      "11:31:19",
      "11:45:35",
      "12:00:20",
      "12:14:56",
      "12:29:55",
      "12:45:33",
      "13:00:04",
      "13:14:40",
      "13:29:45",
      "13:45:19",
      "14:00:11",
      "14:14:49",
      "14:30:21",
      "14:46:07",
      "15:01:50",
      "15:16:38",
      "15:31:28",
      "15:45:44",
      "16:00:17",
      "16:14:38",
      "16:30:08",
      "16:45:23",
      "17:00:17",
      "17:15:36",
      "17:31:09",
      "17:45:22",
      "18:01:11",
      "18:15:49",
      "18:31:32",
      "18:47:07",
      "19:01:56",
      "19:16:26",
      "19:30:52",
      "19:46:05",
      "20:01:28",
      "20:15:45",
      "20:30:31",
      "20:46:11",
      "21:00:38",
      "21:15:03",
      "21:29:16",
      "21:44:52",
      "21:59:18",
      "22:13:38"
    ],
    "board": [
      8,
      1,
      15,
      5,
      7,
      7,
      13,
      0,
      2,
      11,
      14,
      0,
      0,
      15,
      7,
      2,
      13,
      12,
      5,
      11,
      11,
      1,
      2,
      10,
      2,
      8,
      10,
      2,
      1,
      3,
      5,
      7,
      13,
      3,
      6,
      13,
      9,
      4,
      13,
      1,
      8,
      3,
      2,
      11,
      14,
      3,
      13,
      14,
      1,
      2,
      9,
      12,
      4,
      12,
      0,
      15,
      1,
      5,
      14,
      2,
      1,
      10,
      4,
      2,
      14
    ],
    "alight": [
      0,
      0,
      0,
      0,
      0,
      0,
      0,
      0,
      0,
      0,
      0,
      0,
      0,
      0,
      0,
      0,
      0,
      0,
      0,
      0,
      0,
      0,
      0,
      0,
      0,
      0,
      0,
      0,
      0,
      0,
      0,
      0,
      0,
      0,
      0,
      0,
      0,
      0,
      0,
      0,
      0,
      0,
      0,
      0,
      0,
      0,
      0,
      0,
      0,
      0,
      0,
      0,
      0,
      0,
      0,
      0,
      0,
      0,
      0,
      0,
      0,
      0,
      0,
      0,
      0
    ]
  },
  "贵阳墅国际青年旅舍": {
    "time": [
      "06:15:44",
      "06:31:10",
      "06:46:49",
      "07:01:29",
      "07:15:50",
      "07:31:23",
      "07:46:14",
      "08:00:24",
      "08:15:56",
      "08:31:22",
      "08:46:00",
      "09:01:20",
      "09:15:49",
      "09:30:21",
      "09:44:38",
      "09:59:45",
      "10:14:57",
      "10:30:09",
      "10:45:08",
      "11:00:39",
      "11:15:53",
      "11:31:19",
      "11:45:35",
      "12:00:20",
      "12:14:56",
      "12:29:55",
      "12:45:33",
      "13:00:04",
      "13:14:40",
      "13:29:45",
      "13:45:19",
      "14:00:11",
      "14:14:49",
      "14:30:21",
      "14:46:07",
      "15:01:50",
      "15:16:38",
      "15:31:28",
      "15:45:44",
      "16:00:17",
      "16:14:38",
      "16:30:08",
      "16:45:23",
      "17:00:17",
      "17:15:36",
      "17:31:09",
      "17:45:22",
      "18:01:11",
      "18:15:49",
      "18:31:32",
      "18:47:07",
      "19:01:56",
      "19:16:26",
      "19:30:52",
      "19:46:05",
      "20:01:28",
      "20:15:45",
      "20:30:31",
      "20:46:11",
      "21:00:38",
      "21:15:03",
      "21:29:16",
      "21:44:52",
      "21:59:18",
      "22:13:38"
    ],
    "board": [
      4,
      4,
      13,
      3,
      0,
      10,
      10,
      8,
      1,
      2,
      1,
      14,
      13,
      8,
      14,
      3,
      8,
      5,
      7,
      1,
      4,
      6,
      1,
      0,
      1,
      3,
      15,
      9,
      13,
      2,
      4,
      3,
      2,
      5,
      3,
      9,
      3,
      0,
      14,
      3,
      13,
      9,
      9,
      7,
      13,
      12,
      14,
      11,
      2,
      4,
      2,
      4,
      2,
      10,
      6,
      1,
      13,
      6,
      1,
      3,
      2,
      14,
      2,
      9,
      14
    ],
    "alight": [
      0,
      0,
      0,
      0,
      0,
      0,
      0,
      0,
      0,
      0,
      0,
      0,
      2,
      0,
      0,
      0,
      0,
      0,
      0,
      0,
      0,
      0,
      0,
      0,
      0,
      0,
      0,
      0,
      0,
      0,
      0,
      0,
      0,
      0,
      0,
      0,
      0,
      0,
      0,
      0,
      0,
      0,
      0,
      0,
      0,
      0,
      0,
      0,
      0,
      0,
      0,
      0,
      0,
      0,
      0,
      0,
      0,
      2,
      0,
      0,
      0,
      0,
      0,
      0,
      0
    ]
  },
  "罗汉营路": {
    "time": [
      "06:15:44",
      "06:31:10",
      "06:46:49",
      "07:01:29",
      "07:15:50",
      "07:31:23",
      "07:46:14",
      "08:00:24",
      "08:15:56",
      "08:31:22",
      "08:46:00",
      "09:01:20",
      "09:15:49",
      "09:30:21",
      "09:44:38",
      "09:59:45",
      "10:14:57",
      "10:30:09",
      "10:45:08",
      "11:00:39",
      "11:15:53",
      "11:31:19",
      "11:45:35",
      "12:00:20",
      "12:14:56",
      "12:29:55",
      "12:45:33",
      "13:00:04",
      "13:14:40",
      "13:29:45",
      "13:45:19",
      "14:00:11",
      "14:14:49",
      "14:30:21",
      "14:46:07",
      "15:01:50",
      "15:16:38",
      "15:31:28",
      "15:45:44",
      "16:00:17",
      "16:14:38",
      "16:30:08",
      "16:45:23",
      "17:00:17",
      "17:15:36",
      "17:31:09",
      "17:45:22",
      "18:01:11",
      "18:15:49",
      "18:31:32",
      "18:47:07",
      "19:01:56",
      "19:16:26",
      "19:30:52",
      "19:46:05",
      "20:01:28",
      "20:15:45",
      "20:30:31",
      "20:46:11",
      "21:00:38",
      "21:15:03",
      "21:29:16",
      "21:44:52",
      "21:59:18",
      "22:13:38"
    ],
    "board": [
      15,
      7,
      7,
      7,
      7,
      2,
      6,
      1,
      1,
      1,
      8,
      3,
      8,
      2,
      7,
      11,
      13,
      3,
      13,
      6,
      10,
      1,
      15,
      9,
      5,
      6,
      7,
      8,
      10,
      1,
      10,
      0,
      6,
      12,
      9,
      1,
      2,
      9,
      0,
      3,
      11,
      7,
      1,
      13,
      5,
      6,
      4,
      11,
      13,
      2,
      10,
      3,
      5,
      7,
      8,
      15,
      7,
      0,
      7,
      7,
      2,
      8,
      10,
      2,
      9
    ],
    "alight": [
      0,
      0,
      0,
      0,
      0,
      0,
      0,
      0,
      0,
      0,
      0,
      0,
      0,
      0,
      0,
      0,
      0,
      0,
      0,
      0,
      0,
      0,
      0,
      0,
      0,
      0,
      0,
      0,
      0,
      0,
      0,
      0,
      0,
      0,
      0,
      3,
      0,
      0,
      3,
      0,
      0,
      0,
      0,
      0,
      0,
      0,
      0,
      0,
      0,
      0,
      0,
      0,
      0,
      0,
      0,
      0,
      0,
      0,
      0,
      0,
      4,
      0,
      0,
      0,
      0
    ]
  },
  "狼外婆卤锅串串(汇金星力城店)": {
    "time": [
      "06:15:44",
      "06:31:10",
      "06:46:49",
      "07:01:29",
      "07:15:50",
      "07:31:23",
      "07:46:14",
      "08:00:24",
      "08:15:56",
      "08:31:22",
      "08:46:00",
      "09:01:20",
      "09:15:49",
      "09:30:21",
      "09:44:38",
      "09:59:45",
      "10:14:57",
      "10:30:09",
      "10:45:08",
      "11:00:39",
      "11:15:53",
      "11:31:19",
      "11:45:35",
      "12:00:20",
      "12:14:56",
      "12:29:55",
      "12:45:33",
      "13:00:04",
      "13:14:40",
      "13:29:45",
      "13:45:19",
      "14:00:11",
      "14:14:49",
      "14:30:21",
      "14:46:07",
      "15:01:50",
      "15:16:38",
      "15:31:28",
      "15:45:44",
      "16:00:17",
      "16:14:38",
      "16:30:08",
      "16:45:23",
      "17:00:17",
      "17:15:36",
      "17:31:09",
      "17:45:22",
      "18:01:11",
      "18:15:49",
      "18:31:32",
      "18:47:07",
      "19:01:56",
      "19:16:26",
      "19:30:52",
      "19:46:05",
      "20:01:28",
      "20:15:45",
      "20:30:31",
      "20:46:11",
      "21:00:38",
      "21:15:03",
      "21:29:16",
      "21:44:52",
      "21:59:18",
      "22:13:38"
    ],
    "board": [
      5,
      14,
      15,
      2,
      11,
      2,
      4,
      4,
      8,
      13,
      7,
      14,
      12,
      15,
      2,
      12,
      8,
      9,
      2,
      15,
      11,
      12,
      1,
      11,
      13,
      12,
      4,
      7,
      4,
      11,
      11,
      5,
      0,
      12,
      14,
      8,
      4,
      0,
      4,
      10,
      13,
      12,
      15,
      14,
      13,
      7,
      2,
      10,
      4,
      9,
      11,
      4,
      0,
      1,
      12,
      8,
      1,
      6,
      5,
      6,
      9,
      10,
      13,
      6,
      4
    ],
    "alight": [
      15,
      9,
      8,
      14,
      8,
      3,
      5,
      7,
      5,
      0,
      13,
      3,
      14,
      6,
      13,
      11,
      2,
      7,
      8,
      4,
      0,
      1,
      1,
      15,
      13,
      8,
      12,
      13,
      6,
      14,
      13,
      15,
      15,
      2,
      8,
      8,
      12,
      13,
      5,
      6,
      2,
      3,
      10,
      6,
      6,
      10,
      10,
      14,
      5,
      15,
      2,
      6,
      1,
      14,
      10,
      14,
      1,
      11,
      9,
      5,
      1,
      15,
      5,
      12,
      11
    ]
  },
  "杨丫老鸭汤(威清路总店)": {
    "time": [
      "06:15:44",
      "06:31:10",
      "06:46:49",
      "07:01:29",
      "07:15:50",
      "07:31:23",
      "07:46:14",
      "08:00:24",
      "08:15:56",
      "08:31:22",
      "08:46:00",
      "09:01:20",
      "09:15:49",
      "09:30:21",
      "09:44:38",
      "09:59:45",
      "10:14:57",
      "10:30:09",
      "10:45:08",
      "11:00:39",
      "11:15:53",
      "11:31:19",
      "11:45:35",
      "12:00:20",
      "12:14:56",
      "12:29:55",
      "12:45:33",
      "13:00:04",
      "13:14:40",
      "13:29:45",
      "13:45:19",
      "14:00:11",
      "14:14:49",
      "14:30:21",
      "14:46:07",
      "15:01:50",
      "15:16:38",
      "15:31:28",
      "15:45:44",
      "16:00:17",
      "16:14:38",
      "16:30:08",
      "16:45:23",
      "17:00:17",
      "17:15:36",
      "17:31:09",
      "17:45:22",
      "18:01:11",
      "18:15:49",
      "18:31:32",
      "18:47:07",
      "19:01:56",
      "19:16:26",
      "19:30:52",
      "19:46:05",
      "20:01:28",
      "20:15:45",
      "20:30:31",
      "20:46:11",
      "21:00:38",
      "21:15:03",
      "21:29:16",
      "21:44:52",
      "21:59:18",
      "22:13:38"
    ],
    "board": [
      3,
      12,
      1,
      9,
      8,
      13,
      5,
      12,
      4,
      0,
      7,
      9,
      12,
      14,
      0,
      5,
      15,
      2,
      8,
      13,
      11,
      0,
      3,
      12,
      12,
      4,
      15,
      8,
      4,
      3,
      2,
      12,
      15,
      8,
      9,
      2,
      6,
      2,
      9,
      4,
      8,
      0,
      6,
      14,
      8,
      7,
      10,
      13,
      12,
      11,
      14,
      4,
      6,
      7,
      1,
      9,
      1,
      6,
      4,
      15,
      12,
      6,
      3,
      3,
      11
    ],
    "alight": [
      12,
      14,
      6,
      4,
      2,
      8,
      5,
      3,
      13,
      14,
      1,
      9,
      7,
      12,
      12,
      11,
      11,
      8,
      5,
      2,
      9,
      10,
      0,
      0,
      12,
      12,
      2,
      8,
      8,
      8,
      14,
      13,
      11,
      5,
      2,
      2,
      13,
      3,
      0,
      8,
      10,
      0,
      15,
      0,
      15,
      11,
      1,
      8,
      4,
      9,
      5,
      14,
      13,
      10,
      0,
      14,
      14,
      12,
      3,
      14,
      7,
      7,
      11,
      5,
      5
    ]
  },
  "徐鼎聚北京烤鸭": {
    "time": [
      "06:15:44",
      "06:31:10",
      "06:46:49",
      "07:01:29",
      "07:15:50",
      "07:31:23",
      "07:46:14",
      "08:00:24",
      "08:15:56",
      "08:31:22",
      "08:46:00",
      "09:01:20",
      "09:15:49",
      "09:30:21",
      "09:44:38",
      "09:59:45",
      "10:14:57",
      "10:30:09",
      "10:45:08",
      "11:00:39",
      "11:15:53",
      "11:31:19",
      "11:45:35",
      "12:00:20",
      "12:14:56",
      "12:29:55",
      "12:45:33",
      "13:00:04",
      "13:14:40",
      "13:29:45",
      "13:45:19",
      "14:00:11",
      "14:14:49",
      "14:30:21",
      "14:46:07",
      "15:01:50",
      "15:16:38",
      "15:31:28",
      "15:45:44",
      "16:00:17",
      "16:14:38",
      "16:30:08",
      "16:45:23",
      "17:00:17",
      "17:15:36",
      "17:31:09",
      "17:45:22",
      "18:01:11",
      "18:15:49",
      "18:31:32",
      "18:47:07",
      "19:01:56",
      "19:16:26",
      "19:30:52",
      "19:46:05",
      "20:01:28",
      "20:15:45",
      "20:30:31",
      "20:46:11",
      "21:00:38",
      "21:15:03",
      "21:29:16",
      "21:44:52",
      "21:59:18",
      "22:13:38"
    ],
    "board": [
      4,
      15,
      6,
      12,
      12,
      11,
      7,
      7,
      4,
      1,
      0,
      10,
      11,
      15,
      1,
      15,
      13,
      14,
      9,
      10,
      4,
      11,
      5,
      3,
      9,
      13,
      15,
      14,
      4,
      1,
      12,
      12,
      9,
      5,
      11,
      10,
      10,
      2,
      14,
      7,
      2,
      9,
      2,
      7,
      11,
      13,
      5,
      5,
      12,
      10,
      14,
      8,
      14,
      7,
      7,
      13,
      11,
      3,
      12,
      0,
      8,
      10,
      6,
      2,
      0
    ],
    "alight": [
      9,
      8,
      12,
      8,
      5,
      10,
      1,
      12,
      3,
      13,
      0,
      6,
      2,
      0,
      4,
      4,
      1,
      1,
      4,
      13,
      6,
      12,
      9,
      9,
      13,
      9,
      0,
      15,
      14,
      13,
      10,
      15,
      11,
      5,
      7,
      7,
      3,
      14,
      5,
      1,
      3,
      3,
      6,
      7,
      9,
      13,
      0,
      10,
      0,
      14,
      11,
      11,
      4,
      0,
      13,
      5,
      12,
      7,
      7,
      10,
      3,
      2,
      15,
      14,
      4
    ]
  },
  "贵阳第七中学": {
    "time": [
      "06:15:44",
      "06:31:10",
      "06:46:49",
      "07:01:29",
      "07:15:50",
      "07:31:23",
      "07:46:14",
      "08:00:24",
      "08:15:56",
      "08:31:22",
      "08:46:00",
      "09:01:20",
      "09:15:49",
      "09:30:21",
      "09:44:38",
      "09:59:45",
      "10:14:57",
      "10:30:09",
      "10:45:08",
      "11:00:39",
      "11:15:53",
      "11:31:19",
      "11:45:35",
      "12:00:20",
      "12:14:56",
      "12:29:55",
      "12:45:33",
      "13:00:04",
      "13:14:40",
      "13:29:45",
      "13:45:19",
      "14:00:11",
      "14:14:49",
      "14:30:21",
      "14:46:07",
      "15:01:50",
      "15:16:38",
      "15:31:28",
      "15:45:44",
      "16:00:17",
      "16:14:38",
      "16:30:08",
      "16:45:23",
      "17:00:17",
      "17:15:36",
      "17:31:09",
      "17:45:22",
      "18:01:11",
      "18:15:49",
      "18:31:32",
      "18:47:07",
      "19:01:56",
      "19:16:26",
      "19:30:52",
      "19:46:05",
      "20:01:28",
      "20:15:45",
      "20:30:31",
      "20:46:11",
      "21:00:38",
      "21:15:03",
      "21:29:16",
      "21:44:52",
      "21:59:18",
      "22:13:38"
    ],
    "board": [
      0,
      0,
      14,
      1,
      7,
      10,
      14,
      5,
      1,
      3,
      0,
      5,
      0,
      7,
      11,
      9,
      6,
      5,
      8,
      7,
      13,
      14,
      0,
      8,
      7,
      12,
      7,
      4,
      10,
      12,
      10,
      7,
      14,
      7,
      13,
      3,
      4,
      2,
      10,
      13,
      13,
      2,
      7,
      14,
      5,
      10,
      3,
      14,
      14,
      6,
      13,
      5,
      0,
      14,
      1,
      5,
      4,
      7,
      6,
      5,
      8,
      14,
      4,
      3,
      5
    ],
    "alight": [
      0,
      2,
      0,
      13,
      13,
      14,
      15,
      7,
      9,
      11,
      10,
      1,
      5,
      9,
      13,
      1,
      12,
      8,
      3,
      1,
      7,
      7,
      9,
      11,
      10,
      7,
      9,
      10,
      14,
      12,
      13,
      2,
      15,
      12,
      6,
      6,
      13,
      15,
      11,
      15,
      0,
      2,
      15,
      0,
      4,
      13,
      9,
      3,
      12,
      11,
      14,
      6,
      2,
      0,
      15,
      12,
      0,
      6,
      11,
      14,
      3,
      3,
      13,
      12,
      2
    ]
  },
  "新华通讯社分社": {
    "time": [
      "06:15:44",
      "06:31:10",
      "06:46:49",
      "07:01:29",
      "07:15:50",
      "07:31:23",
      "07:46:14",
      "08:00:24",
      "08:15:56",
      "08:31:22",
      "08:46:00",
      "09:01:20",
      "09:15:49",
      "09:30:21",
      "09:44:38",
      "09:59:45",
      "10:14:57",
      "10:30:09",
      "10:45:08",
      "11:00:39",
      "11:15:53",
      "11:31:19",
      "11:45:35",
      "12:00:20",
      "12:14:56",
      "12:29:55",
      "12:45:33",
      "13:00:04",
      "13:14:40",
      "13:29:45",
      "13:45:19",
      "14:00:11",
      "14:14:49",
      "14:30:21",
      "14:46:07",
      "15:01:50",
      "15:16:38",
      "15:31:28",
      "15:45:44",
      "16:00:17",
      "16:14:38",
      "16:30:08",
      "16:45:23",
      "17:00:17",
      "17:15:36",
      "17:31:09",
      "17:45:22",
      "18:01:11",
      "18:15:49",
      "18:31:32",
      "18:47:07",
      "19:01:56",
      "19:16:26",
      "19:30:52",
      "19:46:05",
      "20:01:28",
      "20:15:45",
      "20:30:31",
      "20:46:11",
      "21:00:38",
      "21:15:03",
      "21:29:16",
      "21:44:52",
      "21:59:18",
      "22:13:38"
    ],
    "board": [
      2,
      4,
      3,
      12,
      1,
      7,
      10,
      10,
      8,
      4,
      5,
      5,
      15,
      14,
      2,
      15,
      0,
      15,
      15,
      15,
      8,
      11,
      15,
      13,
      9,
      8,
      13,
      8,
      7,
      14,
      1,
      15,
      5,
      11,
      13,
      9,
      2,
      14,
      13,
      10,
      10,
      1,
      4,
      12,
      7,
      5,
      11,
      3,
      7,
      3,
      0,
      6,
      1,
      10,
      4,
      12,
      3,
      9,
      1,
      10,
      4,
      1,
      13,
      14,
      11
    ],
    "alight": [
      6,
      15,
      7,
      11,
      11,
      0,
      9,
      8,
      6,
      9,
      8,
      0,
      15,
      4,
      11,
      8,
      0,
      2,
      13,
      12,
      6,
      12,
      10,
      10,
      6,
      15,
      5,
      2,
      2,
      11,
      13,
      9,
      11,
      5,
      7,
      8,
      6,
      13,
      15,
      7,
      5,
      4,
      10,
      12,
      7,
      12,
      5,
      15,
      2,
      1,
      5,
      11,
      4,
      1,
      14,
      13,
      10,
      14,
      12,
      2,
      6,
      8,
      3,
      4,
      2
    ]
  },
  "半边街62号院": {
    "time": [
      "06:15:44",
      "06:31:10",
      "06:46:49",
      "07:01:29",
      "07:15:50",
      "07:31:23",
      "07:46:14",
      "08:00:24",
      "08:15:56",
      "08:31:22",
      "08:46:00",
      "09:01:20",
      "09:15:49",
      "09:30:21",
      "09:44:38",
      "09:59:45",
      "10:14:57",
      "10:30:09",
      "10:45:08",
      "11:00:39",
      "11:15:53",
      "11:31:19",
      "11:45:35",
      "12:00:20",
      "12:14:56",
      "12:29:55",
      "12:45:33",
      "13:00:04",
      "13:14:40",
      "13:29:45",
      "13:45:19",
      "14:00:11",
      "14:14:49",
      "14:30:21",
      "14:46:07",
      "15:01:50",
      "15:16:38",
      "15:31:28",
      "15:45:44",
      "16:00:17",
      "16:14:38",
      "16:30:08",
      "16:45:23",
      "17:00:17",
      "17:15:36",
      "17:31:09",
      "17:45:22",
      "18:01:11",
      "18:15:49",
      "18:31:32",
      "18:47:07",
      "19:01:56",
      "19:16:26",
      "19:30:52",
      "19:46:05",
      "20:01:28",
      "20:15:45",
      "20:30:31",
      "20:46:11",
      "21:00:38",
      "21:15:03",
      "21:29:16",
      "21:44:52",
      "21:59:18",
      "22:13:38"
    ],
    "board": [
      1,
      6,
      6,
      4,
      5,
      3,
      6,
      0,
      4,
      8,
      6,
      11,
      14,
      6,
      0,
      8,
      11,
      12,
      4,
      3,
      2,
      5,
      8,
      15,
      9,
      13,
      13,
      12,
      13,
      5,
      6,
      0,
      14,
      4,
      3,
      10,
      6,
      6,
      3,
      12,
      5,
      3,
      6,
      3,
      0,
      15,
      8,
      7,
      6,
      15,
      11,
      0,
      5,
      3,
      2,
      8,
      3,
      3,
      1,
      1,
      4,
      8,
      3,
      11,
      3
    ],
    "alight": [
      10,
      11,
      2,
      6,
      10,
      4,
      5,
      15,
      2,
      11,
      15,
      12,
      11,
      10,
      12,
      1,
      13,
      11,
      7,
      8,
      10,
      11,
      5,
      4,
      10,
      15,
      3,
      3,
      14,
      9,
      3,
      6,
      5,
      14,
      8,
      6,
      15,
      7,
      7,
      10,
      8,
      8,
      9,
      1,
      14,
      11,
      10,
      4,
      12,
      8,
      12,
      4,
      2,
      13,
      15,
      13,
      15,
      11,
      12,
      1,
      12,
      12,
      5,
      7,
      8
    ]
  },
  "沙河花园3期": {
    "time": [
      "06:15:44",
      "06:31:10",
      "06:46:49",
      "07:01:29",
      "07:15:50",
      "07:31:23",
      "07:46:14",
      "08:00:24",
      "08:15:56",
      "08:31:22",
      "08:46:00",
      "09:01:20",
      "09:15:49",
      "09:30:21",
      "09:44:38",
      "09:59:45",
      "10:14:57",
      "10:30:09",
      "10:45:08",
      "11:00:39",
      "11:15:53",
      "11:31:19",
      "11:45:35",
      "12:00:20",
      "12:14:56",
      "12:29:55",
      "12:45:33",
      "13:00:04",
      "13:14:40",
      "13:29:45",
      "13:45:19",
      "14:00:11",
      "14:14:49",
      "14:30:21",
      "14:46:07",
      "15:01:50",
      "15:16:38",
      "15:31:28",
      "15:45:44",
      "16:00:17",
      "16:14:38",
      "16:30:08",
      "16:45:23",
      "17:00:17",
      "17:15:36",
      "17:31:09",
      "17:45:22",
      "18:01:11",
      "18:15:49",
      "18:31:32",
      "18:47:07",
      "19:01:56",
      "19:16:26",
      "19:30:52",
      "19:46:05",
      "20:01:28",
      "20:15:45",
      "20:30:31",
      "20:46:11",
      "21:00:38",
      "21:15:03",
      "21:29:16",
      "21:44:52",
      "21:59:18",
      "22:13:38"
    ],
    "board": [
      8,
      12,
      2,
      6,
      9,
      10,
      15,
      6,
      0,
      12,
      6,
      4,
      11,
      10,
      4,
      15,
      13,
      13,
      4,
      1,
      9,
      3,
      15,
      9,
      6,
      15,
      10,
      14,
      15,
      3,
      8,
      3,
      5,
      14,
      12,
      9,
      3,
      13,
      12,
      4,
      8,
      12,
      11,
      11,
      3,
      7,
      5,
      5,
      14,
      1,
      5,
      12,
      0,
      1,
      7,
      13,
      0,
      4,
      13,
      12,
      11,
      10,
      14,
      14,
      14
    ],
    "alight": [
      1,
      8,
      1,
      4,
      3,
      1,
      1,
      12,
      11,
      8,
      4,
      14,
      1,
      14,
      7,
      1,
      9,
      3,
      8,
      7,
      14,
      2,
      0,
      3,
      7,
      11,
      2,
      4,
      0,
      12,
      6,
      10,
      0,
      2,
      9,
      10,
      2,
      9,
      7,
      12,
      12,
      4,
      15,
      1,
      12,
      0,
      6,
      7,
      9,
      15,
      3,
      8,
      8,
      1,
      7,
      15,
      10,
      3,
      10,
      1,
      5,
      5,
      12,
      0,
      5
    ]
  },
  "长冲路": {
    "time": [
      "06:15:44",
      "06:31:10",
      "06:46:49",
      "07:01:29",
      "07:15:50",
      "07:31:23",
      "07:46:14",
      "08:00:24",
      "08:15:56",
      "08:31:22",
      "08:46:00",
      "09:01:20",
      "09:15:49",
      "09:30:21",
      "09:44:38",
      "09:59:45",
      "10:14:57",
      "10:30:09",
      "10:45:08",
      "11:00:39",
      "11:15:53",
      "11:31:19",
      "11:45:35",
      "12:00:20",
      "12:14:56",
      "12:29:55",
      "12:45:33",
      "13:00:04",
      "13:14:40",
      "13:29:45",
      "13:45:19",
      "14:00:11",
      "14:14:49",
      "14:30:21",
      "14:46:07",
      "15:01:50",
      "15:16:38",
      "15:31:28",
      "15:45:44",
      "16:00:17",
      "16:14:38",
      "16:30:08",
      "16:45:23",
      "17:00:17",
      "17:15:36",
      "17:31:09",
      "17:45:22",
      "18:01:11",
      "18:15:49",
      "18:31:32",
      "18:47:07",
      "19:01:56",
      "19:16:26",
      "19:30:52",
      "19:46:05",
      "20:01:28",
      "20:15:45",
      "20:30:31",
      "20:46:11",
      "21:00:38",
      "21:15:03",
      "21:29:16",
      "21:44:52",
      "21:59:18",
      "22:13:38"
    ],
    "board": [
      5,
      15,
      12,
      0,
      1,
      2,
      1,
      11,
      14,
      11,
      14,
      5,
      13,
      9,
      9,
      11,
      2,
      2,
      12,
      3,
      8,
      10,
      12,
      7,
      1,
      4,
      1,
      7,
      13,
      2,
      2,
      6,
      6,
      2,
      15,
      3,
      1,
      1,
      6,
      10,
      8,
      7,
      13,
      0,
      13,
      1,
      1,
      14,
      1,
      4,
      3,
      10,
      9,
      14,
      2,
      2,
      12,
      14,
      8,
      2,
      6,
      6,
      12,
      2,
      9
    ],
    "alight": [
      13,
      15,
      2,
      14,
      15,
      11,
      14,
      2,
      13,
      8,
      14,
      7,
      2,
      2,
      3,
      1,
      10,
      15,
      13,
      12,
      10,
      2,
      4,
      11,
      3,
      15,
      4,
      10,
      10,
      5,
      4,
      2,
      10,
      10,
      14,
      14,
      7,
      5,
      1,
      10,
      1,
      14,
      1,
      8,
      1,
      2,
      1,
      0,
      3,
      5,
      2,
      12,
      5,
      0,
      12,
      5,
      11,
      14,
      9,
      13,
      4,
      13,
      13,
      9,
      8
    ]
  },
  "罗家坡": {
    "time": [
      "06:15:44",
      "06:31:10",
      "06:46:49",
      "07:01:29",
      "07:15:50",
      "07:31:23",
      "07:46:14",
      "08:00:24",
      "08:15:56",
      "08:31:22",
      "08:46:00",
      "09:01:20",
      "09:15:49",
      "09:30:21",
      "09:44:38",
      "09:59:45",
      "10:14:57",
      "10:30:09",
      "10:45:08",
      "11:00:39",
      "11:15:53",
      "11:31:19",
      "11:45:35",
      "12:00:20",
      "12:14:56",
      "12:29:55",
      "12:45:33",
      "13:00:04",
      "13:14:40",
      "13:29:45",
      "13:45:19",
      "14:00:11",
      "14:14:49",
      "14:30:21",
      "14:46:07",
      "15:01:50",
      "15:16:38",
      "15:31:28",
      "15:45:44",
      "16:00:17",
      "16:14:38",
      "16:30:08",
      "16:45:23",
      "17:00:17",
      "17:15:36",
      "17:31:09",
      "17:45:22",
      "18:01:11",
      "18:15:49",
      "18:31:32",
      "18:47:07",
      "19:01:56",
      "19:16:26",
      "19:30:52",
      "19:46:05",
      "20:01:28",
      "20:15:45",
      "20:30:31",
      "20:46:11",
      "21:00:38",
      "21:15:03",
      "21:29:16",
      "21:44:52",
      "21:59:18",
      "22:13:38"
    ],
    "board": [
      3,
      13,
      9,
      10,
      13,
      4,
      13,
      7,
      9,
      9,
      0,
      11,
      6,
      8,
      14,
      2,
      0,
      6,
      4,
      8,
      4,
      7,
      5,
      1,
      2,
      2,
      3,
      3,
      8,
      13,
      10,
      5,
      5,
      2,
      10,
      5,
      3,
      2,
      11,
      8,
      4,
      6,
      2,
      3,
      1,
      13,
      1,
      5,
      12,
      3,
      14,
      1,
      8,
      12,
      10,
      3,
      3,
      0,
      1,
      0,
      10,
      8,
      9,
      6,
      0
    ],
    "alight": [
      11,
      7,
      15,
      11,
      14,
      1,
      7,
      9,
      15,
      13,
      15,
      0,
      9,
      15,
      15,
      15,
      5,
      8,
      11,
      8,
      13,
      15,
      10,
      0,
      1,
      12,
      1,
      9,
      8,
      9,
      10,
      9,
      0,
      5,
      7,
      4,
      15,
      2,
      7,
      1,
      12,
      5,
      15,
      4,
      8,
      1,
      9,
      2,
      15,
      6,
      5,
      6,
      4,
      9,
      10,
      8,
      8,
      2,
      8,
      14,
      2,
      12,
      9,
      12,
      0
    ]
  },
  "鱼小鱼甜点": {
    "time": [
      "06:15:44",
      "06:31:10",
      "06:46:49",
      "07:01:29",
      "07:15:50",
      "07:31:23",
      "07:46:14",
      "08:00:24",
      "08:15:56",
      "08:31:22",
      "08:46:00",
      "09:01:20",
      "09:15:49",
      "09:30:21",
      "09:44:38",
      "09:59:45",
      "10:14:57",
      "10:30:09",
      "10:45:08",
      "11:00:39",
      "11:15:53",
      "11:31:19",
      "11:45:35",
      "12:00:20",
      "12:14:56",
      "12:29:55",
      "12:45:33",
      "13:00:04",
      "13:14:40",
      "13:29:45",
      "13:45:19",
      "14:00:11",
      "14:14:49",
      "14:30:21",
      "14:46:07",
      "15:01:50",
      "15:16:38",
      "15:31:28",
      "15:45:44",
      "16:00:17",
      "16:14:38",
      "16:30:08",
      "16:45:23",
      "17:00:17",
      "17:15:36",
      "17:31:09",
      "17:45:22",
      "18:01:11",
      "18:15:49",
      "18:31:32",
      "18:47:07",
      "19:01:56",
      "19:16:26",
      "19:30:52",
      "19:46:05",
      "20:01:28",
      "20:15:45",
      "20:30:31",
      "20:46:11",
      "21:00:38",
      "21:15:03",
      "21:29:16",
      "21:44:52",
      "21:59:18",
      "22:13:38"
    ],
    "board": [
      8,
      1,
      4,
      15,
      14,
      10,
      14,
      15,
      7,
      7,
      15,
      7,
      13,
      10,
      4,
      10,
      3,
      1,
      0,
      8,
      14,
      8,
      7,
      0,
      15,
      4,
      8,
      0,
      12,
      13,
      14,
      9,
      7,
      6,
      10,
      9,
      10,
      12,
      6,
      0,
      4,
      5,
      11,
      9,
      9,
      9,
      0,
      12,
      12,
      2,
      2,
      10,
      12,
      2,
      6,
      8,
      14,
      11,
      15,
      11,
      11,
      11,
      4,
      9,
      11
    ],
    "alight": [
      11,
      8,
      9,
      8,
      9,
      8,
      13,
      6,
      2,
      8,
      14,
      9,
      9,
      14,
      15,
      15,
      6,
      1,
      3,
      12,
      5,
      4,
      7,
      0,
      11,
      0,
      13,
      6,
      12,
      2,
      0,
      7,
      4,
      11,
      4,
      11,
      5,
      14,
      1,
      15,
      5,
      0,
      3,
      0,
      12,
      5,
      15,
      8,
      5,
      2,
      5,
      13,
      0,
      12,
      13,
      8,
      12,
      9,
      9,
      4,
      7,
      2,
      3,
      7,
      11
    ]
  },
  "冯二毛黔厨(云岩万达广场店)": {
    "time": [
      "06:15:44",
      "06:31:10",
      "06:46:49",
      "07:01:29",
      "07:15:50",
      "07:31:23",
      "07:46:14",
      "08:00:24",
      "08:15:56",
      "08:31:22",
      "08:46:00",
      "09:01:20",
      "09:15:49",
      "09:30:21",
      "09:44:38",
      "09:59:45",
      "10:14:57",
      "10:30:09",
      "10:45:08",
      "11:00:39",
      "11:15:53",
      "11:31:19",
      "11:45:35",
      "12:00:20",
      "12:14:56",
      "12:29:55",
      "12:45:33",
      "13:00:04",
      "13:14:40",
      "13:29:45",
      "13:45:19",
      "14:00:11",
      "14:14:49",
      "14:30:21",
      "14:46:07",
      "15:01:50",
      "15:16:38",
      "15:31:28",
      "15:45:44",
      "16:00:17",
      "16:14:38",
      "16:30:08",
      "16:45:23",
      "17:00:17",
      "17:15:36",
      "17:31:09",
      "17:45:22",
      "18:01:11",
      "18:15:49",
      "18:31:32",
      "18:47:07",
      "19:01:56",
      "19:16:26",
      "19:30:52",
      "19:46:05",
      "20:01:28",
      "20:15:45",
      "20:30:31",
      "20:46:11",
      "21:00:38",
      "21:15:03",
      "21:29:16",
      "21:44:52",
      "21:59:18",
      "22:13:38"
    ],
    "board": [
      9,
      8,
      9,
      6,
      11,
      10,
      6,
      15,
      5,
      7,
      0,
      8,
      2,
      12,
      4,
      8,
      3,
      6,
      0,
      12,
      11,
      2,
      7,
      10,
      14,
      15,
      9,
      8,
      10,
      0,
      15,
      12,
      15,
      0,
      7,
      12,
      11,
      7,
      8,
      11,
      12,
      7,
      11,
      11,
      11,
      14,
      3,
      8,
      0,
      2,
      7,
      15,
      2,
      0,
      12,
      4,
      12,
      6,
      13,
      6,
      12,
      12,
      9,
      4,
      13
    ],
    "alight": [
      8,
      9,
      11,
      12,
      8,
      8,
      3,
      8,
      15,
      3,
      7,
      1,
      1,
      2,
      12,
      10,
      7,
      14,
      10,
      12,
      1,
      5,
      1,
      3,
      5,
      5,
      5,
      13,
      0,
      15,
      2,
      11,
      12,
      6,
      0,
      2,
      2,
      13,
      13,
      10,
      12,
      13,
      14,
      5,
      5,
      8,
      5,
      2,
      13,
      9,
      8,
      0,
      6,
      12,
      0,
      7,
      7,
      2,
      11,
      10,
      9,
      12,
      13,
      7,
      8
    ]
  },
  "贵龙驾校(科目二顺海考场)": {
    "time": [
      "06:15:44",
      "06:31:10",
      "06:46:49",
      "07:01:29",
      "07:15:50",
      "07:31:23",
      "07:46:14",
      "08:00:24",
      "08:15:56",
      "08:31:22",
      "08:46:00",
      "09:01:20",
      "09:15:49",
      "09:30:21",
      "09:44:38",
      "09:59:45",
      "10:14:57",
      "10:30:09",
      "10:45:08",
      "11:00:39",
      "11:15:53",
      "11:31:19",
      "11:45:35",
      "12:00:20",
      "12:14:56",
      "12:29:55",
      "12:45:33",
      "13:00:04",
      "13:14:40",
      "13:29:45",
      "13:45:19",
      "14:00:11",
      "14:14:49",
      "14:30:21",
      "14:46:07",
      "15:01:50",
      "15:16:38",
      "15:31:28",
      "15:45:44",
      "16:00:17",
      "16:14:38",
      "16:30:08",
      "16:45:23",
      "17:00:17",
      "17:15:36",
      "17:31:09",
      "17:45:22",
      "18:01:11",
      "18:15:49",
      "18:31:32",
      "18:47:07",
      "19:01:56",
      "19:16:26",
      "19:30:52",
      "19:46:05",
      "20:01:28",
      "20:15:45",
      "20:30:31",
      "20:46:11",
      "21:00:38",
      "21:15:03",
      "21:29:16",
      "21:44:52",
      "21:59:18",
      "22:13:38"
    ],
    "board": [
      3,
      8,
      3,
      5,
      2,
      3,
      3,
      15,
      8,
      7,
      4,
      14,
      8,
      14,
      13,
      8,
      8,
      13,
      8,
      13,
      15,
      0,
      9,
      12,
      4,
      10,
      1,
      5,
      4,
      6,
      1,
      7,
      5,
      11,
      15,
      14,
      14,
      3,
      11,
      6,
      10,
      12,
      1,
      3,
      15,
      4,
      6,
      4,
      11,
      6,
      2,
      6,
      11,
      6,
      10,
      2,
      11,
      3,
      11,
      14,
      3,
      3,
      5,
      8,
      7
    ],
    "alight": [
      3,
      14,
      7,
      2,
      6,
      3,
      2,
      1,
      14,
      8,
      2,
      3,
      14,
      13,
      9,
      15,
      6,
      8,
      13,
      14,
      10,
      14,
      2,
      15,
      15,
      9,
      15,
      2,
      9,
      11,
      6,
      0,
      8,
      1,
      13,
      4,
      12,
      14,
      0,
      3,
      11,
      11,
      0,
      5,
      1,
      3,
      11,
      3,
      10,
      6,
      10,
      8,
      12,
      10,
      6,
      1,
      1,
      14,
      2,
      6,
      13,
      11,
      6,
      3,
      4
    ]
  },
  "贵阳市乌当区行政中心": {
    "time": [
      "06:15:44",
      "06:31:10",
      "06:46:49",
      "07:01:29",
      "07:15:50",
      "07:31:23",
      "07:46:14",
      "08:00:24",
      "08:15:56",
      "08:31:22",
      "08:46:00",
      "09:01:20",
      "09:15:49",
      "09:30:21",
      "09:44:38",
      "09:59:45",
      "10:14:57",
      "10:30:09",
      "10:45:08",
      "11:00:39",
      "11:15:53",
      "11:31:19",
      "11:45:35",
      "12:00:20",
      "12:14:56",
      "12:29:55",
      "12:45:33",
      "13:00:04",
      "13:14:40",
      "13:29:45",
      "13:45:19",
      "14:00:11",
      "14:14:49",
      "14:30:21",
      "14:46:07",
      "15:01:50",
      "15:16:38",
      "15:31:28",
      "15:45:44",
      "16:00:17",
      "16:14:38",
      "16:30:08",
      "16:45:23",
      "17:00:17",
      "17:15:36",
      "17:31:09",
      "17:45:22",
      "18:01:11",
      "18:15:49",
      "18:31:32",
      "18:47:07",
      "19:01:56",
      "19:16:26",
      "19:30:52",
      "19:46:05",
      "20:01:28",
      "20:15:45",
      "20:30:31",
      "20:46:11",
      "21:00:38",
      "21:15:03",
      "21:29:16",
      "21:44:52",
      "21:59:18",
      "22:13:38"
    ],
    "board": [
      10,
      10,
      7,
      0,
      11,
      0,
      5,
      9,
      2,
      13,
      8,
      1,
      8,
      4,
      4,
      6,
      9,
      8,
      5,
      1,
      6,
      13,
      15,
      7,
      2,
      3,
      10,
      2,
      3,
      8,
      14,
      15,
      7,
      8,
      11,
      3,
      4,
      10,
      15,
      14,
      11,
      4,
      9,
      4,
      4,
      4,
      15,
      10,
      15,
      13,
      12,
      5,
      10,
      15,
      12,
      0,
      2,
      13,
      7,
      14,
      15,
      14,
      13,
      8,
      15
    ],
    "alight": [
      2,
      12,
      1,
      0,
      10,
      15,
      5,
      15,
      3,
      9,
      9,
      6,
      4,
      11,
      3,
      0,
      3,
      11,
      10,
      2,
      3,
      4,
      7,
      7,
      4,
      13,
      6,
      4,
      6,
      10,
      14,
      8,
      1,
      6,
      14,
      0,
      0,
      4,
      6,
      7,
      12,
      7,
      10,
      9,
      1,
      4,
      3,
      7,
      8,
      2,
      11,
      7,
      12,
      8,
      15,
      2,
      4,
      0,
      15,
      4,
      11,
      8,
      11,
      4,
      1
    ]
  },
  "贵阳市公安局乌当分局刑侦大队": {
    "time": [
      "06:15:44",
      "06:31:10",
      "06:46:49",
      "07:01:29",
      "07:15:50",
      "07:31:23",
      "07:46:14",
      "08:00:24",
      "08:15:56",
      "08:31:22",
      "08:46:00",
      "09:01:20",
      "09:15:49",
      "09:30:21",
      "09:44:38",
      "09:59:45",
      "10:14:57",
      "10:30:09",
      "10:45:08",
      "11:00:39",
      "11:15:53",
      "11:31:19",
      "11:45:35",
      "12:00:20",
      "12:14:56",
      "12:29:55",
      "12:45:33",
      "13:00:04",
      "13:14:40",
      "13:29:45",
      "13:45:19",
      "14:00:11",
      "14:14:49",
      "14:30:21",
      "14:46:07",
      "15:01:50",
      "15:16:38",
      "15:31:28",
      "15:45:44",
      "16:00:17",
      "16:14:38",
      "16:30:08",
      "16:45:23",
      "17:00:17",
      "17:15:36",
      "17:31:09",
      "17:45:22",
      "18:01:11",
      "18:15:49",
      "18:31:32",
      "18:47:07",
      "19:01:56",
      "19:16:26",
      "19:30:52",
      "19:46:05",
      "20:01:28",
      "20:15:45",
      "20:30:31",
      "20:46:11",
      "21:00:38",
      "21:15:03",
      "21:29:16",
      "21:44:52",
      "21:59:18",
      "22:13:38"
    ],
    "board": [
      8,
      5,
      6,
      10,
      3,
      12,
      2,
      9,
      5,
      7,
      6,
      1,
      2,
      4,
      5,
      14,
      8,
      1,
      14,
      0,
      15,
      11,
      13,
      3,
      10,
      4,
      11,
      8,
      13,
      15,
      12,
      9,
      12,
      7,
      2,
      5,
      0,
      12,
      15,
      15,
      13,
      4,
      1,
      11,
      15,
      2,
      10,
      8,
      7,
      0,
      10,
      3,
      14,
      0,
      5,
      4,
      9,
      8,
      9,
      5,
      12,
      1,
      7,
      3,
      10
    ],
    "alight": [
      0,
      10,
      13,
      3,
      11,
      7,
      3,
      4,
      9,
      11,
      14,
      5,
      3,
      3,
      15,
      4,
      0,
      3,
      13,
      15,
      0,
      0,
      10,
      11,
      0,
      13,
      6,
      7,
      4,
      14,
      11,
      8,
      7,
      8,
      14,
      0,
      14,
      6,
      3,
      7,
      15,
      14,
      7,
      0,
      12,
      11,
      5,
      7,
      12,
      5,
      9,
      6,
      2,
      10,
      12,
      3,
      3,
      0,
      7,
      9,
      8,
      9,
      14,
      14,
      14
    ]
  },
  "贵阳市乌当区民政局": {
    "time": [
      "06:15:44",
      "06:31:10",
      "06:46:49",
      "07:01:29",
      "07:15:50",
      "07:31:23",
      "07:46:14",
      "08:00:24",
      "08:15:56",
      "08:31:22",
      "08:46:00",
      "09:01:20",
      "09:15:49",
      "09:30:21",
      "09:44:38",
      "09:59:45",
      "10:14:57",
      "10:30:09",
      "10:45:08",
      "11:00:39",
      "11:15:53",
      "11:31:19",
      "11:45:35",
      "12:00:20",
      "12:14:56",
      "12:29:55",
      "12:45:33",
      "13:00:04",
      "13:14:40",
      "13:29:45",
      "13:45:19",
      "14:00:11",
      "14:14:49",
      "14:30:21",
      "14:46:07",
      "15:01:50",
      "15:16:38",
      "15:31:28",
      "15:45:44",
      "16:00:17",
      "16:14:38",
      "16:30:08",
      "16:45:23",
      "17:00:17",
      "17:15:36",
      "17:31:09",
      "17:45:22",
      "18:01:11",
      "18:15:49",
      "18:31:32",
      "18:47:07",
      "19:01:56",
      "19:16:26",
      "19:30:52",
      "19:46:05",
      "20:01:28",
      "20:15:45",
      "20:30:31",
      "20:46:11",
      "21:00:38",
      "21:15:03",
      "21:29:16",
      "21:44:52",
      "21:59:18",
      "22:13:38"
    ],
    "board": [
      12,
      9,
      3,
      7,
      14,
      13,
      1,
      10,
      2,
      0,
      15,
      2,
      15,
      1,
      8,
      6,
      0,
      5,
      12,
      9,
      10,
      10,
      15,
      3,
      8,
      10,
      9,
      3,
      13,
      13,
      8,
      1,
      2,
      0,
      2,
      10,
      8,
      5,
      7,
      2,
      6,
      7,
      9,
      2,
      12,
      15,
      1,
      4,
      12,
      14,
      2,
      13,
      7,
      9,
      15,
      9,
      13,
      8,
      4,
      8,
      11,
      8,
      12,
      9,
      6
    ],
    "alight": [
      4,
      4,
      7,
      2,
      11,
      14,
      15,
      13,
      7,
      10,
      3,
      6,
      10,
      0,
      12,
      13,
      8,
      12,
      0,
      12,
      2,
      9,
      5,
      7,
      13,
      8,
      15,
      9,
      10,
      6,
      5,
      12,
      6,
      4,
      10,
      12,
      6,
      13,
      15,
      6,
      5,
      15,
      3,
      4,
      14,
      6,
      4,
      15,
      1,
      8,
      12,
      5,
      8,
      11,
      5,
      9,
      0,
      8,
      12,
      12,
      9,
      8,
      0,
      9,
      1
    ]
  },
  "鱼兴旺重庆纸包鱼(悦景新城店)": {
    "time": [
      "06:15:44",
      "06:31:10",
      "06:46:49",
      "07:01:29",
      "07:15:50",
      "07:31:23",
      "07:46:14",
      "08:00:24",
      "08:15:56",
      "08:31:22",
      "08:46:00",
      "09:01:20",
      "09:15:49",
      "09:30:21",
      "09:44:38",
      "09:59:45",
      "10:14:57",
      "10:30:09",
      "10:45:08",
      "11:00:39",
      "11:15:53",
      "11:31:19",
      "11:45:35",
      "12:00:20",
      "12:14:56",
      "12:29:55",
      "12:45:33",
      "13:00:04",
      "13:14:40",
      "13:29:45",
      "13:45:19",
      "14:00:11",
      "14:14:49",
      "14:30:21",
      "14:46:07",
      "15:01:50",
      "15:16:38",
      "15:31:28",
      "15:45:44",
      "16:00:17",
      "16:14:38",
      "16:30:08",
      "16:45:23",
      "17:00:17",
      "17:15:36",
      "17:31:09",
      "17:45:22",
      "18:01:11",
      "18:15:49",
      "18:31:32",
      "18:47:07",
      "19:01:56",
      "19:16:26",
      "19:30:52",
      "19:46:05",
      "20:01:28",
      "20:15:45",
      "20:30:31",
      "20:46:11",
      "21:00:38",
      "21:15:03",
      "21:29:16",
      "21:44:52",
      "21:59:18",
      "22:13:38"
    ],
    "board": [
      15,
      15,
      6,
      2,
      1,
      7,
      13,
      12,
      13,
      11,
      13,
      3,
      0,
      9,
      12,
      12,
      15,
      6,
      1,
      14,
      0,
      8,
      13,
      5,
      7,
      2,
      0,
      15,
      15,
      2,
      7,
      7,
      12,
      4,
      8,
      6,
      11,
      7,
      3,
      10,
      2,
      8,
      6,
      13,
      13,
      3,
      15,
      12,
      4,
      14,
      7,
      6,
      12,
      2,
      12,
      14,
      7,
      2,
      4,
      0,
      0,
      15,
      8,
      3,
      13
    ],
    "alight": [
      2,
      8,
      13,
      11,
      11,
      9,
      0,
      6,
      14,
      14,
      14,
      5,
      14,
      13,
      14,
      8,
      14,
      9,
      14,
      9,
      9,
      8,
      10,
      14,
      12,
      13,
      13,
      9,
      15,
      0,
      3,
      6,
      2,
      6,
      3,
      12,
      11,
      5,
      9,
      13,
      5,
      13,
      3,
      1,
      1,
      14,
      9,
      6,
      13,
      12,
      12,
      11,
      15,
      9,
      4,
      9,
      8,
      10,
      10,
      10,
      7,
      9,
      0,
      12,
      8
    ]
  },
  "贵州省地矿局地球物理地球化学勘查院": {
    "time": [
      "06:15:44",
      "06:31:10",
      "06:46:49",
      "07:01:29",
      "07:15:50",
      "07:31:23",
      "07:46:14",
      "08:00:24",
      "08:15:56",
      "08:31:22",
      "08:46:00",
      "09:01:20",
      "09:15:49",
      "09:30:21",
      "09:44:38",
      "09:59:45",
      "10:14:57",
      "10:30:09",
      "10:45:08",
      "11:00:39",
      "11:15:53",
      "11:31:19",
      "11:45:35",
      "12:00:20",
      "12:14:56",
      "12:29:55",
      "12:45:33",
      "13:00:04",
      "13:14:40",
      "13:29:45",
      "13:45:19",
      "14:00:11",
      "14:14:49",
      "14:30:21",
      "14:46:07",
      "15:01:50",
      "15:16:38",
      "15:31:28",
      "15:45:44",
      "16:00:17",
      "16:14:38",
      "16:30:08",
      "16:45:23",
      "17:00:17",
      "17:15:36",
      "17:31:09",
      "17:45:22",
      "18:01:11",
      "18:15:49",
      "18:31:32",
      "18:47:07",
      "19:01:56",
      "19:16:26",
      "19:30:52",
      "19:46:05",
      "20:01:28",
      "20:15:45",
      "20:30:31",
      "20:46:11",
      "21:00:38",
      "21:15:03",
      "21:29:16",
      "21:44:52",
      "21:59:18",
      "22:13:38"
    ],
    "board": [
      4,
      15,
      1,
      1,
      6,
      2,
      10,
      0,
      2,
      2,
      11,
      12,
      4,
      9,
      15,
      2,
      1,
      9,
      4,
      14,
      8,
      14,
      3,
      0,
      15,
      2,
      15,
      11,
      7,
      6,
      12,
      15,
      0,
      4,
      6,
      15,
      11,
      9,
      0,
      12,
      4,
      5,
      15,
      3,
      12,
      2,
      15,
      4,
      5,
      1,
      2,
      15,
      7,
      4,
      13,
      9,
      5,
      5,
      3,
      15,
      15,
      12,
      15,
      3,
      9
    ],
    "alight": [
      13,
      2,
      10,
      2,
      15,
      8,
      5,
      8,
      14,
      8,
      4,
      13,
      1,
      4,
      11,
      0,
      11,
      7,
      12,
      7,
      6,
      5,
      7,
      4,
      7,
      2,
      9,
      9,
      12,
      0,
      2,
      5,
      1,
      0,
      5,
      13,
      12,
      2,
      0,
      9,
      9,
      14,
      8,
      9,
      10,
      14,
      13,
      9,
      14,
      2,
      11,
      9,
      12,
      3,
      5,
      12,
      7,
      7,
      10,
      13,
      6,
      5,
      2,
      4,
      14
    ]
  },
  "吴记蒸鑫破酥包(汤泉HOUSE店)": {
    "time": [
      "06:15:44",
      "06:31:10",
      "06:46:49",
      "07:01:29",
      "07:15:50",
      "07:31:23",
      "07:46:14",
      "08:00:24",
      "08:15:56",
      "08:31:22",
      "08:46:00",
      "09:01:20",
      "09:15:49",
      "09:30:21",
      "09:44:38",
      "09:59:45",
      "10:14:57",
      "10:30:09",
      "10:45:08",
      "11:00:39",
      "11:15:53",
      "11:31:19",
      "11:45:35",
      "12:00:20",
      "12:14:56",
      "12:29:55",
      "12:45:33",
      "13:00:04",
      "13:14:40",
      "13:29:45",
      "13:45:19",
      "14:00:11",
      "14:14:49",
      "14:30:21",
      "14:46:07",
      "15:01:50",
      "15:16:38",
      "15:31:28",
      "15:45:44",
      "16:00:17",
      "16:14:38",
      "16:30:08",
      "16:45:23",
      "17:00:17",
      "17:15:36",
      "17:31:09",
      "17:45:22",
      "18:01:11",
      "18:15:49",
      "18:31:32",
      "18:47:07",
      "19:01:56",
      "19:16:26",
      "19:30:52",
      "19:46:05",
      "20:01:28",
      "20:15:45",
      "20:30:31",
      "20:46:11",
      "21:00:38",
      "21:15:03",
      "21:29:16",
      "21:44:52",
      "21:59:18",
      "22:13:38"
    ],
    "board": [
      1,
      2,
      14,
      4,
      8,
      15,
      8,
      7,
      15,
      5,
      0,
      3,
      13,
      12,
      15,
      12,
      12,
      2,
      13,
      15,
      15,
      11,
      12,
      15,
      4,
      0,
      9,
      13,
      11,
      7,
      8,
      6,
      3,
      6,
      2,
      0,
      6,
      4,
      1,
      2,
      12,
      2,
      11,
      11,
      0,
      8,
      13,
      14,
      5,
      14,
      5,
      0,
      1,
      14,
      4,
      12,
      7,
      9,
      15,
      14,
      3,
      12,
      9,
      8,
      0
    ],
    "alight": [
      13,
      10,
      7,
      5,
      9,
      3,
      6,
      9,
      5,
      0,
      3,
      0,
      14,
      11,
      12,
      4,
      11,
      15,
      8,
      2,
      3,
      8,
      6,
      10,
      4,
      5,
      10,
      10,
      13,
      9,
      8,
      9,
      12,
      9,
      5,
      14,
      5,
      6,
      13,
      13,
      11,
      0,
      9,
      9,
      12,
      9,
      3,
      1,
      3,
      15,
      7,
      15,
      5,
      6,
      7,
      13,
      10,
      1,
      7,
      14,
      0,
      13,
      5,
      0,
      1
    ]
  },
  "家具广场(幸福里东部新城1期店)": {
    "time": [
      "06:15:44",
      "06:31:10",
      "06:46:49",
      "07:01:29",
      "07:15:50",
      "07:31:23",
      "07:46:14",
      "08:00:24",
      "08:15:56",
      "08:31:22",
      "08:46:00",
      "09:01:20",
      "09:15:49",
      "09:30:21",
      "09:44:38",
      "09:59:45",
      "10:14:57",
      "10:30:09",
      "10:45:08",
      "11:00:39",
      "11:15:53",
      "11:31:19",
      "11:45:35",
      "12:00:20",
      "12:14:56",
      "12:29:55",
      "12:45:33",
      "13:00:04",
      "13:14:40",
      "13:29:45",
      "13:45:19",
      "14:00:11",
      "14:14:49",
      "14:30:21",
      "14:46:07",
      "15:01:50",
      "15:16:38",
      "15:31:28",
      "15:45:44",
      "16:00:17",
      "16:14:38",
      "16:30:08",
      "16:45:23",
      "17:00:17",
      "17:15:36",
      "17:31:09",
      "17:45:22",
      "18:01:11",
      "18:15:49",
      "18:31:32",
      "18:47:07",
      "19:01:56",
      "19:16:26",
      "19:30:52",
      "19:46:05",
      "20:01:28",
      "20:15:45",
      "20:30:31",
      "20:46:11",
      "21:00:38",
      "21:15:03",
      "21:29:16",
      "21:44:52",
      "21:59:18",
      "22:13:38"
    ],
    "board": [
      5,
      1,
      12,
      0,
      9,
      8,
      4,
      12,
      15,
      2,
      15,
      11,
      9,
      8,
      6,
      9,
      10,
      2,
      7,
      5,
      9,
      0,
      9,
      3,
      0,
      6,
      5,
      6,
      13,
      2,
      14,
      13,
      4,
      12,
      15,
      3,
      2,
      10,
      12,
      1,
      12,
      3,
      6,
      6,
      6,
      8,
      9,
      0,
      7,
      10,
      14,
      15,
      3,
      10,
      7,
      12,
      15,
      7,
      2,
      9,
      3,
      8,
      14,
      7,
      11
    ],
    "alight": [
      13,
      10,
      13,
      13,
      15,
      4,
      13,
      13,
      3,
      1,
      6,
      12,
      10,
      4,
      11,
      7,
      0,
      12,
      1,
      9,
      9,
      12,
      4,
      5,
      2,
      9,
      8,
      11,
      10,
      15,
      0,
      0,
      5,
      1,
      11,
      9,
      5,
      8,
      10,
      14,
      7,
      12,
      3,
      11,
      7,
      5,
      4,
      11,
      14,
      2,
      5,
      13,
      4,
      10,
      0,
      4,
      14,
      15,
      4,
      10,
      11,
      5,
      10,
      14,
      5
    ]
  },
  "贵阳谨丞宾馆": {
    "time": [
      "06:15:44",
      "06:31:10",
      "06:46:49",
      "07:01:29",
      "07:15:50",
      "07:31:23",
      "07:46:14",
      "08:00:24",
      "08:15:56",
      "08:31:22",
      "08:46:00",
      "09:01:20",
      "09:15:49",
      "09:30:21",
      "09:44:38",
      "09:59:45",
      "10:14:57",
      "10:30:09",
      "10:45:08",
      "11:00:39",
      "11:15:53",
      "11:31:19",
      "11:45:35",
      "12:00:20",
      "12:14:56",
      "12:29:55",
      "12:45:33",
      "13:00:04",
      "13:14:40",
      "13:29:45",
      "13:45:19",
      "14:00:11",
      "14:14:49",
      "14:30:21",
      "14:46:07",
      "15:01:50",
      "15:16:38",
      "15:31:28",
      "15:45:44",
      "16:00:17",
      "16:14:38",
      "16:30:08",
      "16:45:23",
      "17:00:17",
      "17:15:36",
      "17:31:09",
      "17:45:22",
      "18:01:11",
      "18:15:49",
      "18:31:32",
      "18:47:07",
      "19:01:56",
      "19:16:26",
      "19:30:52",
      "19:46:05",
      "20:01:28",
      "20:15:45",
      "20:30:31",
      "20:46:11",
      "21:00:38",
      "21:15:03",
      "21:29:16",
      "21:44:52",
      "21:59:18",
      "22:13:38"
    ],
    "board": [
      1,
      14,
      11,
      4,
      5,
      4,
      7,
      11,
      6,
      9,
      10,
      15,
      4,
      10,
      9,
      9,
      1,
      1,
      12,
      9,
      15,
      1,
      14,
      6,
      14,
      5,
      5,
      10,
      8,
      14,
      11,
      5,
      1,
      6,
      10,
      6,
      8,
      4,
      7,
      3,
      14,
      11,
      13,
      6,
      13,
      6,
      3,
      8,
      12,
      1,
      3,
      15,
      2,
      10,
      12,
      5,
      13,
      5,
      9,
      2,
      1,
      11,
      8,
      6,
      1
    ],
    "alight": [
      2,
      8,
      15,
      8,
      8,
      3,
      11,
      10,
      7,
      8,
      5,
      2,
      8,
      7,
      11,
      8,
      7,
      2,
      2,
      0,
      14,
      10,
      11,
      7,
      15,
      9,
      10,
      8,
      6,
      8,
      15,
      4,
      14,
      1,
      11,
      12,
      10,
      10,
      4,
      1,
      3,
      9,
      7,
      11,
      11,
      0,
      13,
      3,
      14,
      0,
      0,
      8,
      14,
      9,
      6,
      5,
      0,
      8,
      15,
      8,
      2,
      9,
      12,
      15,
      14
    ]
  },
  "中国·贵州金融科技研究所": {
    "time": [
      "06:15:44",
      "06:31:10",
      "06:46:49",
      "07:01:29",
      "07:15:50",
      "07:31:23",
      "07:46:14",
      "08:00:24",
      "08:15:56",
      "08:31:22",
      "08:46:00",
      "09:01:20",
      "09:15:49",
      "09:30:21",
      "09:44:38",
      "09:59:45",
      "10:14:57",
      "10:30:09",
      "10:45:08",
      "11:00:39",
      "11:15:53",
      "11:31:19",
      "11:45:35",
      "12:00:20",
      "12:14:56",
      "12:29:55",
      "12:45:33",
      "13:00:04",
      "13:14:40",
      "13:29:45",
      "13:45:19",
      "14:00:11",
      "14:14:49",
      "14:30:21",
      "14:46:07",
      "15:01:50",
      "15:16:38",
      "15:31:28",
      "15:45:44",
      "16:00:17",
      "16:14:38",
      "16:30:08",
      "16:45:23",
      "17:00:17",
      "17:15:36",
      "17:31:09",
      "17:45:22",
      "18:01:11",
      "18:15:49",
      "18:31:32",
      "18:47:07",
      "19:01:56",
      "19:16:26",
      "19:30:52",
      "19:46:05",
      "20:01:28",
      "20:15:45",
      "20:30:31",
      "20:46:11",
      "21:00:38",
      "21:15:03",
      "21:29:16",
      "21:44:52",
      "21:59:18",
      "22:13:38"
    ],
    "board": [
      12,
      7,
      10,
      4,
      7,
      7,
      1,
      8,
      6,
      9,
      3,
      0,
      13,
      0,
      12,
      15,
      8,
      1,
      14,
      15,
      2,
      7,
      1,
      11,
      14,
      5,
      1,
      2,
      12,
      11,
      13,
      12,
      10,
      4,
      7,
      12,
      6,
      7,
      8,
      2,
      8,
      5,
      15,
      9,
      8,
      5,
      14,
      4,
      13,
      3,
      15,
      9,
      14,
      7,
      11,
      6,
      5,
      9,
      0,
      4,
      2,
      12,
      7,
      5,
      1
    ],
    "alight": [
      6,
      9,
      8,
      2,
      15,
      4,
      12,
      14,
      13,
      15,
      1,
      4,
      7,
      1,
      14,
      2,
      1,
      5,
      15,
      7,
      10,
      2,
      2,
      2,
      14,
      14,
      13,
      7,
      7,
      0,
      8,
      4,
      5,
      4,
      11,
      12,
      11,
      0,
      4,
      14,
      12,
      9,
      1,
      2,
      3,
      3,
      0,
      12,
      12,
      6,
      13,
      3,
      6,
      0,
      7,
      5,
      9,
      15,
      14,
      7,
      13,
      7,
      11,
      5,
      4
    ]
  },
  "贵阳市乌当区云锦小学": {
    "time": [
      "06:15:44",
      "06:31:10",
      "06:46:49",
      "07:01:29",
      "07:15:50",
      "07:31:23",
      "07:46:14",
      "08:00:24",
      "08:15:56",
      "08:31:22",
      "08:46:00",
      "09:01:20",
      "09:15:49",
      "09:30:21",
      "09:44:38",
      "09:59:45",
      "10:14:57",
      "10:30:09",
      "10:45:08",
      "11:00:39",
      "11:15:53",
      "11:31:19",
      "11:45:35",
      "12:00:20",
      "12:14:56",
      "12:29:55",
      "12:45:33",
      "13:00:04",
      "13:14:40",
      "13:29:45",
      "13:45:19",
      "14:00:11",
      "14:14:49",
      "14:30:21",
      "14:46:07",
      "15:01:50",
      "15:16:38",
      "15:31:28",
      "15:45:44",
      "16:00:17",
      "16:14:38",
      "16:30:08",
      "16:45:23",
      "17:00:17",
      "17:15:36",
      "17:31:09",
      "17:45:22",
      "18:01:11",
      "18:15:49",
      "18:31:32",
      "18:47:07",
      "19:01:56",
      "19:16:26",
      "19:30:52",
      "19:46:05",
      "20:01:28",
      "20:15:45",
      "20:30:31",
      "20:46:11",
      "21:00:38",
      "21:15:03",
      "21:29:16",
      "21:44:52",
      "21:59:18",
      "22:13:38"
    ],
    "board": [
      15,
      2,
      12,
      7,
      11,
      12,
      12,
      8,
      13,
      6,
      10,
      10,
      2,
      1,
      14,
      2,
      5,
      3,
      5,
      14,
      9,
      14,
      8,
      2,
      5,
      13,
      14,
      5,
      14,
      1,
      5,
      5,
      2,
      0,
      0,
      9,
      7,
      7,
      8,
      3,
      10,
      12,
      3,
      3,
      14,
      13,
      6,
      11,
      5,
      13,
      5,
      12,
      11,
      9,
      12,
      13,
      14,
      4,
      7,
      13,
      6,
      7,
      6,
      5,
      15
    ],
    "alight": [
      9,
      11,
      13,
      1,
      7,
      4,
      11,
      14,
      3,
      3,
      5,
      4,
      2,
      3,
      4,
      8,
      9,
      8,
      1,
      5,
      0,
      11,
      2,
      4,
      10,
      12,
      9,
      4,
      0,
      3,
      9,
      15,
      10,
      14,
      14,
      10,
      9,
      11,
      7,
      15,
      5,
      7,
      0,
      11,
      7,
      12,
      0,
      11,
      4,
      6,
      7,
      6,
      12,
      14,
      15,
      6,
      14,
      14,
      15,
      13,
      1,
      15,
      4,
      14,
      0
    ]
  },
  "贵阳市乌当区东风镇新村村退役军人服务站": {
    "time": [
      "06:15:44",
      "06:31:10",
      "06:46:49",
      "07:01:29",
      "07:15:50",
      "07:31:23",
      "07:46:14",
      "08:00:24",
      "08:15:56",
      "08:31:22",
      "08:46:00",
      "09:01:20",
      "09:15:49",
      "09:30:21",
      "09:44:38",
      "09:59:45",
      "10:14:57",
      "10:30:09",
      "10:45:08",
      "11:00:39",
      "11:15:53",
      "11:31:19",
      "11:45:35",
      "12:00:20",
      "12:14:56",
      "12:29:55",
      "12:45:33",
      "13:00:04",
      "13:14:40",
      "13:29:45",
      "13:45:19",
      "14:00:11",
      "14:14:49",
      "14:30:21",
      "14:46:07",
      "15:01:50",
      "15:16:38",
      "15:31:28",
      "15:45:44",
      "16:00:17",
      "16:14:38",
      "16:30:08",
      "16:45:23",
      "17:00:17",
      "17:15:36",
      "17:31:09",
      "17:45:22",
      "18:01:11",
      "18:15:49",
      "18:31:32",
      "18:47:07",
      "19:01:56",
      "19:16:26",
      "19:30:52",
      "19:46:05",
      "20:01:28",
      "20:15:45",
      "20:30:31",
      "20:46:11",
      "21:00:38",
      "21:15:03",
      "21:29:16",
      "21:44:52",
      "21:59:18",
      "22:13:38"
    ],
    "board": [
      0,
      0,
      0,
      0,
      0,
      0,
      1,
      0,
      0,
      0,
      0,
      0,
      0,
      0,
      0,
      0,
      0,
      0,
      0,
      0,
      0,
      0,
      0,
      0,
      0,
      0,
      0,
      0,
      4,
      4,
      0,
      0,
      4,
      0,
      4,
      0,
      0,
      0,
      0,
      0,
      0,
      0,
      0,
      0,
      0,
      0,
      1,
      0,
      0,
      0,
      0,
      0,
      3,
      0,
      3,
      0,
      0,
      0,
      0,
      0,
      0,
      5,
      0,
      0,
      0
    ],
    "alight": [
      13,
      14,
      8,
      3,
      7,
      12,
      4,
      1,
      14,
      11,
      13,
      5,
      9,
      7,
      4,
      13,
      6,
      4,
      6,
      1,
      14,
      5,
      14,
      8,
      12,
      7,
      10,
      14,
      0,
      4,
      4,
      14,
      3,
      9,
      11,
      5,
      7,
      4,
      8,
      14,
      12,
      14,
      10,
      7,
      5,
      6,
      14,
      2,
      7,
      1,
      9,
      7,
      1,
      10,
      14,
      5,
      13,
      12,
      14,
      5,
      6,
      7,
      15,
      12,
      13
    ]
  },
  "远俊洛湾驾校科目二考场": {
    "time": [
      "06:15:44",
      "06:31:10",
      "06:46:49",
      "07:01:29",
      "07:15:50",
      "07:31:23",
      "07:46:14",
      "08:00:24",
      "08:15:56",
      "08:31:22",
      "08:46:00",
      "09:01:20",
      "09:15:49",
      "09:30:21",
      "09:44:38",
      "09:59:45",
      "10:14:57",
      "10:30:09",
      "10:45:08",
      "11:00:39",
      "11:15:53",
      "11:31:19",
      "11:45:35",
      "12:00:20",
      "12:14:56",
      "12:29:55",
      "12:45:33",
      "13:00:04",
      "13:14:40",
      "13:29:45",
      "13:45:19",
      "14:00:11",
      "14:14:49",
      "14:30:21",
      "14:46:07",
      "15:01:50",
      "15:16:38",
      "15:31:28",
      "15:45:44",
      "16:00:17",
      "16:14:38",
      "16:30:08",
      "16:45:23",
      "17:00:17",
      "17:15:36",
      "17:31:09",
      "17:45:22",
      "18:01:11",
      "18:15:49",
      "18:31:32",
      "18:47:07",
      "19:01:56",
      "19:16:26",
      "19:30:52",
      "19:46:05",
      "20:01:28",
      "20:15:45",
      "20:30:31",
      "20:46:11",
      "21:00:38",
      "21:15:03",
      "21:29:16",
      "21:44:52",
      "21:59:18",
      "22:13:38"
    ],
    "board": [
      0,
      0,
      0,
      0,
      0,
      0,
      0,
      0,
      0,
      0,
      0,
      0,
      0,
      4,
      0,
      0,
      0,
      0,
      3,
      0,
      0,
      0,
      0,
      0,
      0,
      0,
      0,
      0,
      0,
      0,
      1,
      0,
      0,
      0,
      0,
      0,
      0,
      0,
      0,
      0,
      0,
      0,
      0,
      0,
      0,
      1,
      0,
      0,
      0,
      0,
      0,
      0,
      1,
      0,
      0,
      0,
      0,
      0,
      0,
      0,
      0,
      0,
      0,
      0,
      0
    ],
    "alight": [
      2,
      0,
      1,
      5,
      15,
      12,
      5,
      15,
      7,
      10,
      1,
      7,
      15,
      15,
      2,
      9,
      11,
      9,
      11,
      15,
      1,
      7,
      7,
      1,
      8,
      3,
      8,
      14,
      5,
      12,
      1,
      10,
      13,
      3,
      5,
      3,
      5,
      2,
      10,
      7,
      9,
      3,
      9,
      2,
      6,
      1,
      0,
      8,
      8,
      10,
      5,
      6,
      1,
      3,
      4,
      8,
      11,
      2,
      12,
      9,
      3,
      1,
      9,
      2,
      10
    ]
  },
  "观马洞特大桥": {
    "time": [
      "06:15:44",
      "06:31:10",
      "06:46:49",
      "07:01:29",
      "07:15:50",
      "07:31:23",
      "07:46:14",
      "08:00:24",
      "08:15:56",
      "08:31:22",
      "08:46:00",
      "09:01:20",
      "09:15:49",
      "09:30:21",
      "09:44:38",
      "09:59:45",
      "10:14:57",
      "10:30:09",
      "10:45:08",
      "11:00:39",
      "11:15:53",
      "11:31:19",
      "11:45:35",
      "12:00:20",
      "12:14:56",
      "12:29:55",
      "12:45:33",
      "13:00:04",
      "13:14:40",
      "13:29:45",
      "13:45:19",
      "14:00:11",
      "14:14:49",
      "14:30:21",
      "14:46:07",
      "15:01:50",
      "15:16:38",
      "15:31:28",
      "15:45:44",
      "16:00:17",
      "16:14:38",
      "16:30:08",
      "16:45:23",
      "17:00:17",
      "17:15:36",
      "17:31:09",
      "17:45:22",
      "18:01:11",
      "18:15:49",
      "18:31:32",
      "18:47:07",
      "19:01:56",
      "19:16:26",
      "19:30:52",
      "19:46:05",
      "20:01:28",
      "20:15:45",
      "20:30:31",
      "20:46:11",
      "21:00:38",
      "21:15:03",
      "21:29:16",
      "21:44:52",
      "21:59:18",
      "22:13:38"
    ],
    "board": [
      0,
      0,
      0,
      0,
      0,
      2,
      0,
      0,
      0,
      0,
      0,
      0,
      0,
      0,
      0,
      0,
      0,
      0,
      0,
      0,
      0,
      0,
      0,
      0,
      0,
      0,
      3,
      0,
      0,
      0,
      0,
      2,
      0,
      0,
      0,
      0,
      0,
      0,
      0,
      0,
      0,
      0,
      0,
      0,
      2,
      0,
      0,
      0,
      0,
      0,
      0,
      0,
      0,
      0,
      0,
      0,
      0,
      0,
      0,
      3,
      0,
      0,
      0,
      2,
      3
    ],
    "alight": [
      11,
      3,
      8,
      0,
      5,
      7,
      4,
      2,
      0,
      5,
      13,
      14,
      7,
      14,
      5,
      1,
      10,
      6,
      14,
      11,
      15,
      10,
      15,
      6,
      4,
      8,
      12,
      8,
      7,
      3,
      4,
      15,
      3,
      15,
      12,
      13,
      10,
      13,
      14,
      3,
      5,
      9,
      1,
      10,
      11,
      2,
      10,
      0,
      15,
      1,
      2,
      0,
      10,
      13,
      1,
      9,
      7,
      15,
      6,
      15,
      10,
      7,
      10,
      13,
      2
    ]
  },
  "洛湾三江站(进站口)": {
    "time": [
      "06:15:44",
      "06:31:10",
      "06:46:49",
      "07:01:29",
      "07:15:50",
      "07:31:23",
      "07:46:14",
      "08:00:24",
      "08:15:56",
      "08:31:22",
      "08:46:00",
      "09:01:20",
      "09:15:49",
      "09:30:21",
      "09:44:38",
      "09:59:45",
      "10:14:57",
      "10:30:09",
      "10:45:08",
      "11:00:39",
      "11:15:53",
      "11:31:19",
      "11:45:35",
      "12:00:20",
      "12:14:56",
      "12:29:55",
      "12:45:33",
      "13:00:04",
      "13:14:40",
      "13:29:45",
      "13:45:19",
      "14:00:11",
      "14:14:49",
      "14:30:21",
      "14:46:07",
      "15:01:50",
      "15:16:38",
      "15:31:28",
      "15:45:44",
      "16:00:17",
      "16:14:38",
      "16:30:08",
      "16:45:23",
      "17:00:17",
      "17:15:36",
      "17:31:09",
      "17:45:22",
      "18:01:11",
      "18:15:49",
      "18:31:32",
      "18:47:07",
      "19:01:56",
      "19:16:26",
      "19:30:52",
      "19:46:05",
      "20:01:28",
      "20:15:45",
      "20:30:31",
      "20:46:11",
      "21:00:38",
      "21:15:03",
      "21:29:16",
      "21:44:52",
      "21:59:18",
      "22:13:38"
    ],
    "board": [
      0,
      0,
      0,
      0,
      0,
      0,
      0,
      0,
      0,
      0,
      0,
      0,
      0,
      0,
      0,
      0,
      0,
      0,
      0,
      0,
      0,
      0,
      0,
      0,
      0,
      0,
      0,
      0,
      0,
      0,
      0,
      0,
      0,
      0,
      0,
      0,
      0,
      0,
      0,
      0,
      0,
      0,
      0,
      0,
      0,
      0,
      0,
      0,
      0,
      0,
      0,
      0,
      0,
      0,
      0,
      0,
      0,
      0,
      0,
      0,
      0,
      0,
      0,
      0,
      0
    ],
    "alight": [
      9,
      15,
      7,
      6,
      7,
      2,
      2,
      4,
      3,
      9,
      15,
      0,
      8,
      14,
      8,
      14,
      5,
      3,
      12,
      8,
      12,
      15,
      5,
      10,
      3,
      4,
      2,
      9,
      13,
      1,
      13,
      9,
      2,
      10,
      11,
      12,
      8,
      9,
      0,
      6,
      5,
      7,
      8,
      4,
      5,
      7,
      1,
      13,
      7,
      2,
      9,
      15,
      15,
      2,
      5,
      6,
      1,
      9,
      15,
      11,
      11,
      14,
      9,
      15,
      11
    ]
  },
  "市看守所(公交站)": {
    "time": [
      "06:15:44",
      "06:31:10",
      "06:46:49",
      "07:01:29",
      "07:15:50",
      "07:31:23",
      "07:46:14",
      "08:00:24",
      "08:15:56",
      "08:31:22",
      "08:46:00",
      "09:01:20",
      "09:15:49",
      "09:30:21",
      "09:44:38",
      "09:59:45",
      "10:14:57",
      "10:30:09",
      "10:45:08",
      "11:00:39",
      "11:15:53",
      "11:31:19",
      "11:45:35",
      "12:00:20",
      "12:14:56",
      "12:29:55",
      "12:45:33",
      "13:00:04",
      "13:14:40",
      "13:29:45",
      "13:45:19",
      "14:00:11",
      "14:14:49",
      "14:30:21",
      "14:46:07",
      "15:01:50",
      "15:16:38",
      "15:31:28",
      "15:45:44",
      "16:00:17",
      "16:14:38",
      "16:30:08",
      "16:45:23",
      "17:00:17",
      "17:15:36",
      "17:31:09",
      "17:45:22",
      "18:01:11",
      "18:15:49",
      "18:31:32",
      "18:47:07",
      "19:01:56",
      "19:16:26",
      "19:30:52",
      "19:46:05",
      "20:01:28",
      "20:15:45",
      "20:30:31",
      "20:46:11",
      "21:00:38",
      "21:15:03",
      "21:29:16",
      "21:44:52",
      "21:59:18",
      "22:13:38"
    ],
    "board": [
      0,
      0,
      0,
      0,
      0,
      0,
      0,
      0,
      0,
      0,
      0,
      0,
      0,
      0,
      0,
      0,
      0,
      0,
      0,
      0,
      0,
      0,
      0,
      0,
      0,
      0,
      0,
      0,
      0,
      0,
      0,
      0,
      0,
      0,
      0,
      0,
      0,
      0,
      0,
      0,
      0,
      0,
      0,
      0,
      0,
      0,
      0,
      0,
      0,
      0,
      0,
      0,
      0,
      0,
      0,
      0,
      0,
      0,
      0,
      0,
      0,
      0,
      0,
      0,
      0
    ],
    "alight": [
      6,
      8,
      15,
      13,
      8,
      4,
      9,
      1,
      5,
      5,
      4,
      10,
      8,
      14,
      6,
      9,
      11,
      5,
      6,
      1,
      9,
      2,
      10,
      15,
      1,
      12,
      13,
      14,
      10,
      7,
      8,
      13,
      3,
      10,
      4,
      3,
      14,
      6,
      7,
      11,
      4,
      2,
      3,
      7,
      3,
      12,
      14,
      5,
      15,
      0,
      5,
      15,
      9,
      3,
      7,
      8,
      6,
      9,
      8,
      7,
      7,
      6,
      7,
      5,
      5
    ]
  }
}