{
  "贵州亿通汽车贸易有限公司": 421,
  "清镇双源宾馆": 333,
  "龙滩": 353,
  "清镇市乐优童校外托管中心": 2592,
  "回龙寺互通": 485,
  "LeRoy筋骨养护康复调理中心": 421,
  "眸明视力调理养护中心(林东店)": 293,
  "温馨家园": 297,
  "中国石油百花一号加油站": 391,
  "042村道": 349,
  "贵阳绕城公路西南段第十四合同段路面工程中心拌和场": 1036,
  "麦格纳座椅(贵阳)有限公司": 606,
  "吉利汽车贵阳制造基地": 528,
  "黄土坡": 309,
  "鸡场路": 329,
  "车辆管理所贵阳西南国际商贸城业务大厅": 386,
  "爱自心商务宾馆": 336,
  "鸿韵黔霸原汤牛肉粉": 309,
  "交通银行(西南国际商贸城支行)": 370,
  "啊黎山粗粮粑": 710,
  "银骨伤专科": 897,
  "味源卤火锅": 481,
  "金阳南路地铁站A口": 291,
  "CHAGEE霸王茶姬(世纪金源购物中心店)": 640,
  "黔晓教育(世纪城校区)": 692,
  "思响堆潮流街舞": 403,
  "北京西路": 328,
  "苏格里岛自助烧烤火锅(数博万达广场店)": 959,
  "中国建设银行(白云大道支行)": 735,
  "圣泉社区分院": 293,
  "贵阳市云岩区圣源学校": 286,
  "贵遵路": 364
}