{
  "up": {
    "1": "袍哥烤鱼",
    "2": "贵遵路",
    "3": "贵阳市云岩区圣源学校",
    "4": "圣泉社区分院",
    "5": "中国建设银行(白云大道支行)",
    "6": "苏格里岛自助烧烤火锅(数博万达广场店)",
    "7": "北京西路",
    "8": "思响堆潮流街舞",
    "9": "黔晓教育(世纪城校区)",
    "10": "CHAGEE霸王茶姬(世纪金源购物中心店)",
    "11": "金阳南路地铁站A口",
    "12": "味源卤火锅",
    "13": "银骨伤专科",
    "14": "啊黎山粗粮粑",
    "15": "交通银行(西南国际商贸城支行)",
    "16": "鸿韵黔霸原汤牛肉粉",
    "17": "爱自心商务宾馆",
    "18": "车辆管理所贵阳西南国际商贸城业务大厅",
    "19": "鸡场路",
    "20": "黄土坡",
    "21": "吉利汽车贵阳制造基地",
    "22": "麦格纳座椅(贵阳)有限公司",
    "23": "贵阳绕城公路西南段第十四合同段路面工程中心拌和场",
    "24": "042村道",
    "25": "中国石油百花一号加油站",
    "26": "温馨家园",
    "27": "眸明视力调理养护中心(林东店)",
    "28": "LeRoy筋骨养护康复调理中心",
    "29": "回龙寺互通",
    "30": "清镇市乐优童校外托管中心",
    "31": "龙滩",
    "32": "清镇双源宾馆",
    "33": "贵州亿通汽车贸易有限公司"
  },
  "down": {
    "34": "贵州亿通汽车贸易有限公司",
    "35": "清镇双源宾馆",
    "36": "龙滩",
    "37": "清镇市乐优童校外托管中心",
    "38": "回龙寺互通",
    "39": "LeRoy筋骨养护康复调理中心",
    "40": "眸明视力调理养护中心(林东店)",
    "41": "温馨家园",
    "42": "中国石油百花一号加油站",
    "43": "042村道",
    "44": "贵阳绕城公路西南段第十四合同段路面工程中心拌和场",
    "45": "麦格纳座椅(贵阳)有限公司",
    "46": "吉利汽车贵阳制造基地",
    "47": "黄土坡",
    "48": "鸡场路",
    "49": "车辆管理所贵阳西南国际商贸城业务大厅",
    "50": "爱自心商务宾馆",
    "51": "鸿韵黔霸原汤牛肉粉",
    "52": "交通银行(西南国际商贸城支行)",
    "53": "啊黎山粗粮粑",
    "54": "银骨伤专科",
    "55": "味源卤火锅",
    "56": "金阳南路地铁站A口",
    "57": "CHAGEE霸王茶姬(世纪金源购物中心店)",
    "58": "黔晓教育(世纪城校区)",
    "59": "思响堆潮流街舞",
    "60": "北京西路",
    "61": "苏格里岛自助烧烤火锅(数博万达广场店)",
    "62": "中国建设银行(白云大道支行)",
    "63": "圣泉社区分院",
    "64": "贵阳市云岩区圣源学校",
    "65": "贵遵路",
    "66": "袍哥烤鱼"
  }
}