{
  "up": {
    "袍哥烤鱼": 1,
    "贵遵路": 2,
    "贵阳市云岩区圣源学校": 3,
    "圣泉社区分院": 4,
    "中国建设银行(白云大道支行)": 5,
    "苏格里岛自助烧烤火锅(数博万达广场店)": 6,
    "北京西路": 7,
    "思响堆潮流街舞": 8,
    "黔晓教育(世纪城校区)": 9,
    "CHAGEE霸王茶姬(世纪金源购物中心店)": 10,
    "金阳南路地铁站A口": 11,
    "味源卤火锅": 12,
    "银骨伤专科": 13,
    "啊黎山粗粮粑": 14,
    "交通银行(西南国际商贸城支行)": 15,
    "鸿韵黔霸原汤牛肉粉": 16,
    "爱自心商务宾馆": 17,
    "车辆管理所贵阳西南国际商贸城业务大厅": 18,
    "鸡场路": 19,
    "黄土坡": 20,
    "吉利汽车贵阳制造基地": 21,
    "麦格纳座椅(贵阳)有限公司": 22,
    "贵阳绕城公路西南段第十四合同段路面工程中心拌和场": 23,
    "042村道": 24,
    "中国石油百花一号加油站": 25,
    "温馨家园": 26,
    "眸明视力调理养护中心(林东店)": 27,
    "LeRoy筋骨养护康复调理中心": 28,
    "回龙寺互通": 29,
    "清镇市乐优童校外托管中心": 30,
    "龙滩": 31,
    "清镇双源宾馆": 32,
    "贵州亿通汽车贸易有限公司": 33
  },
  "down": {
    "贵州亿通汽车贸易有限公司": 34,
    "清镇双源宾馆": 35,
    "龙滩": 36,
    "清镇市乐优童校外托管中心": 37,
    "回龙寺互通": 38,
    "LeRoy筋骨养护康复调理中心": 39,
    "眸明视力调理养护中心(林东店)": 40,
    "温馨家园": 41,
    "中国石油百花一号加油站": 42,
    "042村道": 43,
    "贵阳绕城公路西南段第十四合同段路面工程中心拌和场": 44,
    "麦格纳座椅(贵阳)有限公司": 45,
    "吉利汽车贵阳制造基地": 46,
    "黄土坡": 47,
    "鸡场路": 48,
    "车辆管理所贵阳西南国际商贸城业务大厅": 49,
    "爱自心商务宾馆": 50,
    "鸿韵黔霸原汤牛肉粉": 51,
    "交通银行(西南国际商贸城支行)": 52,
    "啊黎山粗粮粑": 53,
    "银骨伤专科": 54,
    "味源卤火锅": 55,
    "金阳南路地铁站A口": 56,
    "CHAGEE霸王茶姬(世纪金源购物中心店)": 57,
    "黔晓教育(世纪城校区)": 58,
    "思响堆潮流街舞": 59,
    "北京西路": 60,
    "苏格里岛自助烧烤火锅(数博万达广场店)": 61,
    "中国建设银行(白云大道支行)": 62,
    "圣泉社区分院": 63,
    "贵阳市云岩区圣源学校": 64,
    "贵遵路": 65,
    "袍哥烤鱼": 66
  }
}