{
  "袍哥烤鱼": 483,
  "贵遵路": 405,
  "贵阳市云岩区圣源学校": 412,
  "圣泉社区分院": 854,
  "中国建设银行(白云大道支行)": 1078,
  "苏格里岛自助烧烤火锅(数博万达广场店)": 447,
  "北京西路": 522,
  "思响堆潮流街舞": 811,
  "黔晓教育(世纪城校区)": 759,
  "CHAGEE霸王茶姬(世纪金源购物中心店)": 410,
  "金阳南路地铁站A口": 600,
  "味源卤火锅": 1016,
  "银骨伤专科": 829,
  "啊黎山粗粮粑": 489,
  "交通银行(西南国际商贸城支行)": 428,
  "鸿韵黔霸原汤牛肉粉": 455,
  "爱自心商务宾馆": 505,
  "车辆管理所贵阳西南国际商贸城业务大厅": 448,
  "鸡场路": 428,
  "黄土坡": 647,
  "吉利汽车贵阳制造基地": 725,
  "麦格纳座椅(贵阳)有限公司": 1155,
  "贵阳绕城公路西南段第十四合同段路面工程中心拌和场": 468,
  "042村道": 510,
  "中国石油百花一号加油站": 416,
  "温馨家园": 412,
  "眸明视力调理养护中心(林东店)": 540,
  "LeRoy筋骨养护康复调理中心": 604,
  "回龙寺互通": 2711,
  "清镇市乐优童校外托管中心": 472,
  "龙滩": 452,
  "清镇双源宾馆": 540
}