{
  "中国中铁八局": 1217,
  "顺丰丰泰产业园(1号门)": 355,
  "贵龙大道": 359,
  "内环路(北)": 511,
  "向记汽修汽配经营部": 327,
  "新寨": 566,
  "绿谷酒店(贵阳龙洞堡机场店)": 431,
  "贵阳冬夏居公寓": 411,
  "版纳园": 413,
  "龙洞堡大道辅路": 991,
  "重庆拓达建设(集团)有限公司": 995,
  "贵阳市森林公园": 352,
  "贵阳新月出租汽车有限公司": 2052,
  "嘉润路站(快速公交站)": 401,
  "邓氏九尺鸭肠老火锅(油榨街店)": 367,
  "贵阳紫荆时尚酒店": 1273,
  "镁厨(新华路店)": 431,
  "兴旺烤肉(彭家巷)": 370,
  "贵阳市南明区城市综合执法局": 360,
  "沃尔玛(贵阳人民广场分店)": 353,
  "瑞金南路": 631,
  "启航英语市西路校区": 374,
  "延安西路": 352,
  "布食鱼水湾参鱼火锅": 381,
  "枣山路": 723,
  "海马冲路": 436,
  "富南酒楼": 720,
  "茶百道(三桥万科店)": 548,
  "南门口肠旺面(三桥店)": 477,
  "夜市烧烤": 352,
  "祖传中医世家": 634,
  "白云幼儿园(北京西路)": 641
}