{
  "up": {
    "1": "贵阳铁路工程学校&贵阳铁路高级技工学校实习工厂",
    "2": "白云幼儿园(北京西路)",
    "3": "祖传中医世家",
    "4": "夜市烧烤",
    "5": "南门口肠旺面(三桥店)",
    "6": "茶百道(三桥万科店)",
    "7": "富南酒楼",
    "8": "海马冲路",
    "9": "枣山路",
    "10": "布食鱼水湾参鱼火锅",
    "11": "延安西路",
    "12": "启航英语市西路校区",
    "13": "瑞金南路",
    "14": "沃尔玛(贵阳人民广场分店)",
    "15": "贵阳市南明区城市综合执法局",
    "16": "兴旺烤肉(彭家巷)",
    "17": "镁厨(新华路店)",
    "18": "贵阳紫荆时尚酒店",
    "19": "邓氏九尺鸭肠老火锅(油榨街店)",
    "20": "嘉润路站(快速公交站)",
    "21": "贵阳新月出租汽车有限公司",
    "22": "贵阳市森林公园",
    "23": "重庆拓达建设(集团)有限公司",
    "24": "龙洞堡大道辅路",
    "25": "版纳园",
    "26": "贵阳冬夏居公寓",
    "27": "绿谷酒店(贵阳龙洞堡机场店)",
    "28": "新寨",
    "29": "向记汽修汽配经营部",
    "30": "内环路(北)",
    "31": "贵龙大道",
    "32": "顺丰丰泰产业园(1号门)",
    "33": "中国中铁八局"
  },
  "down": {
    "34": "中国中铁八局",
    "35": "顺丰丰泰产业园(1号门)",
    "36": "贵龙大道",
    "37": "内环路(北)",
    "38": "向记汽修汽配经营部",
    "39": "新寨",
    "40": "绿谷酒店(贵阳龙洞堡机场店)",
    "41": "贵阳冬夏居公寓",
    "42": "版纳园",
    "43": "龙洞堡大道辅路",
    "44": "重庆拓达建设(集团)有限公司",
    "45": "贵阳市森林公园",
    "46": "贵阳新月出租汽车有限公司",
    "47": "嘉润路站(快速公交站)",
    "48": "邓氏九尺鸭肠老火锅(油榨街店)",
    "49": "贵阳紫荆时尚酒店",
    "50": "镁厨(新华路店)",
    "51": "兴旺烤肉(彭家巷)",
    "52": "贵阳市南明区城市综合执法局",
    "53": "沃尔玛(贵阳人民广场分店)",
    "54": "瑞金南路",
    "55": "启航英语市西路校区",
    "56": "延安西路",
    "57": "布食鱼水湾参鱼火锅",
    "58": "枣山路",
    "59": "海马冲路",
    "60": "富南酒楼",
    "61": "茶百道(三桥万科店)",
    "62": "南门口肠旺面(三桥店)",
    "63": "夜市烧烤",
    "64": "祖传中医世家",
    "65": "白云幼儿园(北京西路)",
    "66": "贵阳铁路工程学校&贵阳铁路高级技工学校实习工厂"
  }
}