{
  "up": {
    "贵阳铁路工程学校&贵阳铁路高级技工学校实习工厂": 1,
    "白云幼儿园(北京西路)": 2,
    "祖传中医世家": 3,
    "夜市烧烤": 4,
    "南门口肠旺面(三桥店)": 5,
    "茶百道(三桥万科店)": 6,
    "富南酒楼": 7,
    "海马冲路": 8,
    "枣山路": 9,
    "布食鱼水湾参鱼火锅": 10,
    "延安西路": 11,
    "启航英语市西路校区": 12,
    "瑞金南路": 13,
    "沃尔玛(贵阳人民广场分店)": 14,
    "贵阳市南明区城市综合执法局": 15,
    "兴旺烤肉(彭家巷)": 16,
    "镁厨(新华路店)": 17,
    "贵阳紫荆时尚酒店": 18,
    "邓氏九尺鸭肠老火锅(油榨街店)": 19,
    "嘉润路站(快速公交站)": 20,
    "贵阳新月出租汽车有限公司": 21,
    "贵阳市森林公园": 22,
    "重庆拓达建设(集团)有限公司": 23,
    "龙洞堡大道辅路": 24,
    "版纳园": 25,
    "贵阳冬夏居公寓": 26,
    "绿谷酒店(贵阳龙洞堡机场店)": 27,
    "新寨": 28,
    "向记汽修汽配经营部": 29,
    "内环路(北)": 30,
    "贵龙大道": 31,
    "顺丰丰泰产业园(1号门)": 32,
    "中国中铁八局": 33
  },
  "down": {
    "中国中铁八局": 34,
    "顺丰丰泰产业园(1号门)": 35,
    "贵龙大道": 36,
    "内环路(北)": 37,
    "向记汽修汽配经营部": 38,
    "新寨": 39,
    "绿谷酒店(贵阳龙洞堡机场店)": 40,
    "贵阳冬夏居公寓": 41,
    "版纳园": 42,
    "龙洞堡大道辅路": 43,
    "重庆拓达建设(集团)有限公司": 44,
    "贵阳市森林公园": 45,
    "贵阳新月出租汽车有限公司": 46,
    "嘉润路站(快速公交站)": 47,
    "邓氏九尺鸭肠老火锅(油榨街店)": 48,
    "贵阳紫荆时尚酒店": 49,
    "镁厨(新华路店)": 50,
    "兴旺烤肉(彭家巷)": 51,
    "贵阳市南明区城市综合执法局": 52,
    "沃尔玛(贵阳人民广场分店)": 53,
    "瑞金南路": 54,
    "启航英语市西路校区": 55,
    "延安西路": 56,
    "布食鱼水湾参鱼火锅": 57,
    "枣山路": 58,
    "海马冲路": 59,
    "富南酒楼": 60,
    "茶百道(三桥万科店)": 61,
    "南门口肠旺面(三桥店)": 62,
    "夜市烧烤": 63,
    "祖传中医世家": 64,
    "白云幼儿园(北京西路)": 65,
    "贵阳铁路工程学校&贵阳铁路高级技工学校实习工厂": 66
  }
}