{
  "贵阳铁路工程学校&贵阳铁路高级技工学校实习工厂": 715,
  "白云幼儿园(北京西路)": 708,
  "祖传中医世家": 426,
  "夜市烧烤": 551,
  "南门口肠旺面(三桥店)": 622,
  "茶百道(三桥万科店)": 794,
  "富南酒楼": 510,
  "海马冲路": 797,
  "枣山路": 455,
  "布食鱼水湾参鱼火锅": 426,
  "延安西路": 448,
  "启航英语市西路校区": 705,
  "瑞金南路": 427,
  "沃尔玛(贵阳人民广场分店)": 434,
  "贵阳市南明区城市综合执法局": 444,
  "兴旺烤肉(彭家巷)": 505,
  "镁厨(新华路店)": 1347,
  "贵阳紫荆时尚酒店": 441,
  "邓氏九尺鸭肠老火锅(油榨街店)": 475,
  "嘉润路站(快速公交站)": 2126,
  "贵阳新月出租汽车有限公司": 426,
  "贵阳市森林公园": 1069,
  "重庆拓达建设(集团)有限公司": 1065,
  "龙洞堡大道辅路": 487,
  "版纳园": 485,
  "贵阳冬夏居公寓": 505,
  "绿谷酒店(贵阳龙洞堡机场店)": 640,
  "新寨": 401,
  "向记汽修汽配经营部": 585,
  "内环路(北)": 433,
  "贵龙大道": 429,
  "顺丰丰泰产业园(1号门)": 1291
}