{
  "up": {
    "蓉姐的厨房(花果园店)": 1,
    "黔五福(花果园v区店)": 2,
    "花果园街道党群服务中心": 3,
    "干锅牛肉(集闲巷店)": 4,
    "银花家园": 5,
    "四川大学成人高等教育贵州函授站(瑞花南巷)": 6,
    "德克士(成美店)": 7,
    "贵州省供销合作社联合社大楼": 8,
    "古法采耳馆": 9,
    "怡福康艾灸馆": 10,
    "贵州医科大学附属医院": 11,
    "平安小区(半边街)": 12,
    "中国银行(大营坡支行)": 13,
    "博雅锦华幼儿园": 14,
    "中天花园桃花园C座": 15,
    "睛灵艺术培训(中天校区)": 16,
    "杨柳井立交": 17,
    "贵阳市公安局公共交通公安管理分局": 18,
    "要得杂酱面(恒大雅苑店)": 19,
    "仟纳潮火锅辣子鸡": 20,
    "保利·公园": 21,
    "青朵艺术学校": 22,
    "保利·公园2010-丽池": 23,
    "贵州广物君豪别克钣喷中心": 24,
    "云开二级公路": 25,
    "104省道": 26,
    "高穴村矛盾纠纷调解室": 27,
    "贵州恒欣业商品混凝土有限公司": 28,
    "小张牛肉粉面馆": 29,
    "三江村": 30
  },
  "down": {
    "三江村": 31,
    "小张牛肉粉面馆": 32,
    "贵州恒欣业商品混凝土有限公司": 33,
    "高穴村矛盾纠纷调解室": 34,
    "104省道": 35,
    "云开二级公路": 36,
    "贵州广物君豪别克钣喷中心": 37,
    "保利·公园2010-丽池": 38,
    "青朵艺术学校": 39,
    "保利·公园": 40,
    "仟纳潮火锅辣子鸡": 41,
    "要得杂酱面(恒大雅苑店)": 42,
    "贵阳市公安局公共交通公安管理分局": 43,
    "杨柳井立交": 44,
    "睛灵艺术培训(中天校区)": 45,
    "中天花园桃花园C座": 46,
    "博雅锦华幼儿园": 47,
    "中国银行(大营坡支行)": 48,
    "平安小区(半边街)": 49,
    "贵州医科大学附属医院": 50,
    "怡福康艾灸馆": 51,
    "古法采耳馆": 52,
    "贵州省供销合作社联合社大楼": 53,
    "德克士(成美店)": 54,
    "四川大学成人高等教育贵州函授站(瑞花南巷)": 55,
    "银花家园": 56,
    "干锅牛肉(集闲巷店)": 57,
    "花果园街道党群服务中心": 58,
    "黔五福(花果园v区店)": 59,
    "蓉姐的厨房(花果园店)": 60
  }
}