{
  "蓉姐的厨房(花果园店)": 549,
  "黔五福(花果园v区店)": 654,
  "花果园街道党群服务中心": 740,
  "干锅牛肉(集闲巷店)": 512,
  "银花家园": 430,
  "四川大学成人高等教育贵州函授站(瑞花南巷)": 1178,
  "德克士(成美店)": 490,
  "贵州省供销合作社联合社大楼": 513,
  "古法采耳馆": 682,
  "怡福康艾灸馆": 792,
  "贵州医科大学附属医院": 1081,
  "平安小区(半边街)": 478,
  "中国银行(大营坡支行)": 850,
  "博雅锦华幼儿园": 727,
  "中天花园桃花园C座": 509,
  "睛灵艺术培训(中天校区)": 606,
  "杨柳井立交": 416,
  "贵阳市公安局公共交通公安管理分局": 582,
  "要得杂酱面(恒大雅苑店)": 1900,
  "仟纳潮火锅辣子鸡": 851,
  "保利·公园": 540,
  "青朵艺术学校": 497,
  "保利·公园2010-丽池": 913,
  "贵州广物君豪别克钣喷中心": 921,
  "云开二级公路": 418,
  "104省道": 603,
  "高穴村矛盾纠纷调解室": 1695,
  "贵州恒欣业商品混凝土有限公司": 2137,
  "小张牛肉粉面馆": 1124
}