{
  "三江村": 1064,
  "小张牛肉粉面馆": 2077,
  "贵州恒欣业商品混凝土有限公司": 1635,
  "高穴村矛盾纠纷调解室": 543,
  "104省道": 358,
  "云开二级公路": 861,
  "贵州广物君豪别克钣喷中心": 853,
  "保利·公园2010-丽池": 437,
  "青朵艺术学校": 480,
  "保利·公园": 791,
  "仟纳潮火锅辣子鸡": 1840,
  "要得杂酱面(恒大雅苑店)": 522,
  "贵阳市公安局公共交通公安管理分局": 356,
  "杨柳井立交": 546,
  "睛灵艺术培训(中天校区)": 449,
  "中天花园桃花园C座": 667,
  "博雅锦华幼儿园": 790,
  "中国银行(大营坡支行)": 418,
  "平安小区(半边街)": 1021,
  "贵州医科大学附属医院": 732,
  "怡福康艾灸馆": 622,
  "古法采耳馆": 453,
  "贵州省供销合作社联合社大楼": 430,
  "德克士(成美店)": 1118,
  "四川大学成人高等教育贵州函授站(瑞花南巷)": 370,
  "银花家园": 452,
  "干锅牛肉(集闲巷店)": 680,
  "花果园街道党群服务中心": 594,
  "黔五福(花果园v区店)": 489
}