{
  "up": {
    "1": "蓉姐的厨房(花果园店)",
    "2": "黔五福(花果园v区店)",
    "3": "花果园街道党群服务中心",
    "4": "干锅牛肉(集闲巷店)",
    "5": "银花家园",
    "6": "四川大学成人高等教育贵州函授站(瑞花南巷)",
    "7": "德克士(成美店)",
    "8": "贵州省供销合作社联合社大楼",
    "9": "古法采耳馆",
    "10": "怡福康艾灸馆",
    "11": "贵州医科大学附属医院",
    "12": "平安小区(半边街)",
    "13": "中国银行(大营坡支行)",
    "14": "博雅锦华幼儿园",
    "15": "中天花园桃花园C座",
    "16": "睛灵艺术培训(中天校区)",
    "17": "杨柳井立交",
    "18": "贵阳市公安局公共交通公安管理分局",
    "19": "要得杂酱面(恒大雅苑店)",
    "20": "仟纳潮火锅辣子鸡",
    "21": "保利·公园",
    "22": "青朵艺术学校",
    "23": "保利·公园2010-丽池",
    "24": "贵州广物君豪别克钣喷中心",
    "25": "云开二级公路",
    "26": "104省道",
    "27": "高穴村矛盾纠纷调解室",
    "28": "贵州恒欣业商品混凝土有限公司",
    "29": "小张牛肉粉面馆",
    "30": "三江村"
  },
  "down": {
    "31": "三江村",
    "32": "小张牛肉粉面馆",
    "33": "贵州恒欣业商品混凝土有限公司",
    "34": "高穴村矛盾纠纷调解室",
    "35": "104省道",
    "36": "云开二级公路",
    "37": "贵州广物君豪别克钣喷中心",
    "38": "保利·公园2010-丽池",
    "39": "青朵艺术学校",
    "40": "保利·公园",
    "41": "仟纳潮火锅辣子鸡",
    "42": "要得杂酱面(恒大雅苑店)",
    "43": "贵阳市公安局公共交通公安管理分局",
    "44": "杨柳井立交",
    "45": "睛灵艺术培训(中天校区)",
    "46": "中天花园桃花园C座",
    "47": "博雅锦华幼儿园",
    "48": "中国银行(大营坡支行)",
    "49": "平安小区(半边街)",
    "50": "贵州医科大学附属医院",
    "51": "怡福康艾灸馆",
    "52": "古法采耳馆",
    "53": "贵州省供销合作社联合社大楼",
    "54": "德克士(成美店)",
    "55": "四川大学成人高等教育贵州函授站(瑞花南巷)",
    "56": "银花家园",
    "57": "干锅牛肉(集闲巷店)",
    "58": "花果园街道党群服务中心",
    "59": "黔五福(花果园v区店)",
    "60": "蓉姐的厨房(花果园店)"
  }
}