{
  "up": {
    "贵阳市南明区苗苗实验学校": 1,
    "星辰国际双语幼儿园": 2,
    "螺满屋螺蛳粉": 3,
    "中国石油三桥加油站(黔城美景东南)": 4,
    "华思贝尔幼儿园": 5,
    "水晶苑": 6,
    "花果园T2区": 7,
    "遵义虾子羊肉粉(下寨路店)": 8,
    "应腾达科目二考场": 9,
    "食韵家纯食(金竹路店)": 10,
    "侗族人的鼓楼": 11,
    "老威冲": 12,
    "竹林村社区警务室": 13,
    "金竹镇省农科院交流中心": 14,
    "油料研究所": 15,
    "贵州省农业科学院旱粮研究所": 16,
    "贵安大道": 17,
    "贵州联诚合朋机动车检测服务有限公司": 18,
    "贵州万家灯火电器科技有限公司": 19,
    "贵州富力门配装饰材料有限公司": 20,
    "贵州东诚达汽车销售服务有限公司": 21,
    "贵阳阳静园宾馆": 22,
    "石板镇卫生院新冠疫苗接种点": 23,
    "格林森门窗有限公司": 24,
    "国询建设投资咨询有限公司天河潭景区提升项目审计项目部": 25,
    "天河潭派出所停车场治安办": 26,
    "新房子": 27,
    "湖磊路": 28,
    "贵州海砼商品混凝土有限公司": 29,
    "贵州文煜贸易有限公司": 30,
    "麦湖路(地铁站)": 31,
    "翠翠家具(贵阳分店)": 32,
    "中国邮政储蓄银行(贵安新区支行)": 33,
    "贵州宏达集装箱活动房有限公司": 34
  },
  "down": {
    "贵州宏达集装箱活动房有限公司": 35,
    "中国邮政储蓄银行(贵安新区支行)": 36,
    "翠翠家具(贵阳分店)": 37,
    "麦湖路(地铁站)": 38,
    "贵州文煜贸易有限公司": 39,
    "贵州海砼商品混凝土有限公司": 40,
    "湖磊路": 41,
    "新房子": 42,
    "天河潭派出所停车场治安办": 43,
    "国询建设投资咨询有限公司天河潭景区提升项目审计项目部": 44,
    "格林森门窗有限公司": 45,
    "石板镇卫生院新冠疫苗接种点": 46,
    "贵阳阳静园宾馆": 47,
    "贵州东诚达汽车销售服务有限公司": 48,
    "贵州富力门配装饰材料有限公司": 49,
    "贵州万家灯火电器科技有限公司": 50,
    "贵州联诚合朋机动车检测服务有限公司": 51,
    "贵安大道": 52,
    "贵州省农业科学院旱粮研究所": 53,
    "油料研究所": 54,
    "金竹镇省农科院交流中心": 55,
    "竹林村社区警务室": 56,
    "老威冲": 57,
    "侗族人的鼓楼": 58,
    "食韵家纯食(金竹路店)": 59,
    "应腾达科目二考场": 60,
    "遵义虾子羊肉粉(下寨路店)": 61,
    "花果园T2区": 62,
    "水晶苑": 63,
    "华思贝尔幼儿园": 64,
    "中国石油三桥加油站(黔城美景东南)": 65,
    "螺满屋螺蛳粉": 66,
    "星辰国际双语幼儿园": 67,
    "贵阳市南明区苗苗实验学校": 68
  }
}