{
  "up": {
    "1": "贵阳市南明区苗苗实验学校",
    "2": "星辰国际双语幼儿园",
    "3": "螺满屋螺蛳粉",
    "4": "中国石油三桥加油站(黔城美景东南)",
    "5": "华思贝尔幼儿园",
    "6": "水晶苑",
    "7": "花果园T2区",
    "8": "遵义虾子羊肉粉(下寨路店)",
    "9": "应腾达科目二考场",
    "10": "食韵家纯食(金竹路店)",
    "11": "侗族人的鼓楼",
    "12": "老威冲",
    "13": "竹林村社区警务室",
    "14": "金竹镇省农科院交流中心",
    "15": "油料研究所",
    "16": "贵州省农业科学院旱粮研究所",
    "17": "贵安大道",
    "18": "贵州联诚合朋机动车检测服务有限公司",
    "19": "贵州万家灯火电器科技有限公司",
    "20": "贵州富力门配装饰材料有限公司",
    "21": "贵州东诚达汽车销售服务有限公司",
    "22": "贵阳阳静园宾馆",
    "23": "石板镇卫生院新冠疫苗接种点",
    "24": "格林森门窗有限公司",
    "25": "国询建设投资咨询有限公司天河潭景区提升项目审计项目部",
    "26": "天河潭派出所停车场治安办",
    "27": "新房子",
    "28": "湖磊路",
    "29": "贵州海砼商品混凝土有限公司",
    "30": "贵州文煜贸易有限公司",
    "31": "麦湖路(地铁站)",
    "32": "翠翠家具(贵阳分店)",
    "33": "中国邮政储蓄银行(贵安新区支行)",
    "34": "贵州宏达集装箱活动房有限公司"
  },
  "down": {
    "35": "贵州宏达集装箱活动房有限公司",
    "36": "中国邮政储蓄银行(贵安新区支行)",
    "37": "翠翠家具(贵阳分店)",
    "38": "麦湖路(地铁站)",
    "39": "贵州文煜贸易有限公司",
    "40": "贵州海砼商品混凝土有限公司",
    "41": "湖磊路",
    "42": "新房子",
    "43": "天河潭派出所停车场治安办",
    "44": "国询建设投资咨询有限公司天河潭景区提升项目审计项目部",
    "45": "格林森门窗有限公司",
    "46": "石板镇卫生院新冠疫苗接种点",
    "47": "贵阳阳静园宾馆",
    "48": "贵州东诚达汽车销售服务有限公司",
    "49": "贵州富力门配装饰材料有限公司",
    "50": "贵州万家灯火电器科技有限公司",
    "51": "贵州联诚合朋机动车检测服务有限公司",
    "52": "贵安大道",
    "53": "贵州省农业科学院旱粮研究所",
    "54": "油料研究所",
    "55": "金竹镇省农科院交流中心",
    "56": "竹林村社区警务室",
    "57": "老威冲",
    "58": "侗族人的鼓楼",
    "59": "食韵家纯食(金竹路店)",
    "60": "应腾达科目二考场",
    "61": "遵义虾子羊肉粉(下寨路店)",
    "62": "花果园T2区",
    "63": "水晶苑",
    "64": "华思贝尔幼儿园",
    "65": "中国石油三桥加油站(黔城美景东南)",
    "66": "螺满屋螺蛳粉",
    "67": "星辰国际双语幼儿园",
    "68": "贵阳市南明区苗苗实验学校"
  }
}