{
  "贵州宏达集装箱活动房有限公司": 1240,
  "中国邮政储蓄银行(贵安新区支行)": 665,
  "翠翠家具(贵阳分店)": 922,
  "麦湖路(地铁站)": 698,
  "贵州文煜贸易有限公司": 782,
  "贵州海砼商品混凝土有限公司": 691,
  "湖磊路": 1769,
  "新房子": 729,
  "天河潭派出所停车场治安办": 772,
  "国询建设投资咨询有限公司天河潭景区提升项目审计项目部": 772,
  "格林森门窗有限公司": 1010,
  "石板镇卫生院新冠疫苗接种点": 1428,
  "贵阳阳静园宾馆": 588,
  "贵州东诚达汽车销售服务有限公司": 1146,
  "贵州富力门配装饰材料有限公司": 936,
  "贵州万家灯火电器科技有限公司": 1151,
  "贵州联诚合朋机动车检测服务有限公司": 2407,
  "贵安大道": 1587,
  "贵州省农业科学院旱粮研究所": 616,
  "油料研究所": 596,
  "金竹镇省农科院交流中心": 1658,
  "竹林村社区警务室": 2299,
  "老威冲": 951,
  "侗族人的鼓楼": 733,
  "食韵家纯食(金竹路店)": 800,
  "应腾达科目二考场": 668,
  "遵义虾子羊肉粉(下寨路店)": 688,
  "花果园T2区": 1681,
  "水晶苑": 701,
  "华思贝尔幼儿园": 819,
  "中国石油三桥加油站(黔城美景东南)": 691,
  "螺满屋螺蛳粉": 885,
  "星辰国际双语幼儿园": 1503
}