{
  "贵阳市南明区苗苗实验学校": 1323,
  "星辰国际双语幼儿园": 705,
  "螺满屋螺蛳粉": 511,
  "中国石油三桥加油站(黔城美景东南)": 639,
  "华思贝尔幼儿园": 521,
  "水晶苑": 1501,
  "花果园T2区": 508,
  "遵义虾子羊肉粉(下寨路店)": 488,
  "应腾达科目二考场": 620,
  "食韵家纯食(金竹路店)": 553,
  "侗族人的鼓楼": 771,
  "老威冲": 2119,
  "竹林村社区警务室": 1478,
  "金竹镇省农科院交流中心": 416,
  "油料研究所": 436,
  "贵州省农业科学院旱粮研究所": 1407,
  "贵安大道": 2227,
  "贵州联诚合朋机动车检测服务有限公司": 971,
  "贵州万家灯火电器科技有限公司": 756,
  "贵州富力门配装饰材料有限公司": 966,
  "贵州东诚达汽车销售服务有限公司": 408,
  "贵阳阳静园宾馆": 1248,
  "石板镇卫生院新冠疫苗接种点": 830,
  "格林森门窗有限公司": 592,
  "国询建设投资咨询有限公司天河潭景区提升项目审计项目部": 592,
  "天河潭派出所停车场治安办": 549,
  "新房子": 1589,
  "湖磊路": 511,
  "贵州海砼商品混凝土有限公司": 602,
  "贵州文煜贸易有限公司": 518,
  "麦湖路(地铁站)": 742,
  "翠翠家具(贵阳分店)": 485,
  "中国邮政储蓄银行(贵安新区支行)": 1060
}