{
  "博凯医药物流园": 320,
  "正宗怀化芷江鸭": 333,
  "贵阳丰泰电商产业园": 337,
  "中国石化贵阳南明龙洞堡服务区加油一站": 489,
  "老漏祖传秘方烧烤": 305,
  "关堰大桥": 544,
  "贵州和双成农牧科技有限公司": 409,
  "贵阳银鑫商务酒店": 389,
  "贵阳爱琴岛主题酒店(龙洞堡机场店)": 391,
  "贵阳银行(小碧支行)": 969,
  "贵阳新月出租汽车有限公司": 973,
  "龙洞堡大道辅路": 330,
  "黑垭口隧道": 2030,
  "强国品牌–视界优品传媒集团影视制作基地": 379,
  "世纪南山": 345,
  "贵阳首座境酒店": 1251,
  "纪念塔小学": 409,
  "陈舍(新华路店)": 348,
  "南明区老龄工作委员会办公室": 338,
  "大秦古筝(都司路总店)": 331,
  "中创联合大厦": 609,
  "百佳商住楼": 352,
  "鲜芋仙(汇金星力城店)": 330,
  "蔡记红汤丝娃娃": 359,
  "金色家园(黄金路)": 701,
  "头桥街道": 414,
  "静福香江湖菜(新建路总店)": 698,
  "云岩区三桥社区卫生服务站": 526,
  "茶百道(三桥万科店)": 455,
  "三桥综合批发市场(改茶大道)": 330,
  "三桥综合批发市场-南区": 612,
  "贵州医科大学附属肿瘤医院门诊": 619
}