{
  "凯里酸汤砂锅粉": 715,
  "贵州医科大学附属肿瘤医院门诊": 708,
  "三桥综合批发市场-南区": 426,
  "三桥综合批发市场(改茶大道)": 551,
  "茶百道(三桥万科店)": 622,
  "云岩区三桥社区卫生服务站": 794,
  "静福香江湖菜(新建路总店)": 510,
  "头桥街道": 797,
  "金色家园(黄金路)": 455,
  "蔡记红汤丝娃娃": 426,
  "鲜芋仙(汇金星力城店)": 448,
  "百佳商住楼": 705,
  "中创联合大厦": 427,
  "大秦古筝(都司路总店)": 434,
  "南明区老龄工作委员会办公室": 444,
  "陈舍(新华路店)": 505,
  "纪念塔小学": 1347,
  "贵阳首座境酒店": 441,
  "世纪南山": 475,
  "强国品牌–视界优品传媒集团影视制作基地": 2126,
  "黑垭口隧道": 426,
  "龙洞堡大道辅路": 1069,
  "贵阳新月出租汽车有限公司": 1065,
  "贵阳银行(小碧支行)": 487,
  "贵阳爱琴岛主题酒店(龙洞堡机场店)": 485,
  "贵阳银鑫商务酒店": 505,
  "贵州和双成农牧科技有限公司": 640,
  "关堰大桥": 401,
  "老漏祖传秘方烧烤": 585,
  "中国石化贵阳南明龙洞堡服务区加油一站": 433,
  "贵阳丰泰电商产业园": 429,
  "正宗怀化芷江鸭": 416
}