{
  "up": {
    "1": "凯里酸汤砂锅粉",
    "2": "贵州医科大学附属肿瘤医院门诊",
    "3": "三桥综合批发市场-南区",
    "4": "三桥综合批发市场(改茶大道)",
    "5": "茶百道(三桥万科店)",
    "6": "云岩区三桥社区卫生服务站",
    "7": "静福香江湖菜(新建路总店)",
    "8": "头桥街道",
    "9": "金色家园(黄金路)",
    "10": "蔡记红汤丝娃娃",
    "11": "鲜芋仙(汇金星力城店)",
    "12": "百佳商住楼",
    "13": "中创联合大厦",
    "14": "大秦古筝(都司路总店)",
    "15": "南明区老龄工作委员会办公室",
    "16": "陈舍(新华路店)",
    "17": "纪念塔小学",
    "18": "贵阳首座境酒店",
    "19": "世纪南山",
    "20": "强国品牌–视界优品传媒集团影视制作基地",
    "21": "黑垭口隧道",
    "22": "龙洞堡大道辅路",
    "23": "贵阳新月出租汽车有限公司",
    "24": "贵阳银行(小碧支行)",
    "25": "贵阳爱琴岛主题酒店(龙洞堡机场店)",
    "26": "贵阳银鑫商务酒店",
    "27": "贵州和双成农牧科技有限公司",
    "28": "关堰大桥",
    "29": "老漏祖传秘方烧烤",
    "30": "中国石化贵阳南明龙洞堡服务区加油一站",
    "31": "贵阳丰泰电商产业园",
    "32": "正宗怀化芷江鸭",
    "33": "博凯医药物流园"
  },
  "down": {
    "34": "博凯医药物流园",
    "35": "正宗怀化芷江鸭",
    "36": "贵阳丰泰电商产业园",
    "37": "中国石化贵阳南明龙洞堡服务区加油一站",
    "38": "老漏祖传秘方烧烤",
    "39": "关堰大桥",
    "40": "贵州和双成农牧科技有限公司",
    "41": "贵阳银鑫商务酒店",
    "42": "贵阳爱琴岛主题酒店(龙洞堡机场店)",
    "43": "贵阳银行(小碧支行)",
    "44": "贵阳新月出租汽车有限公司",
    "45": "龙洞堡大道辅路",
    "46": "黑垭口隧道",
    "47": "强国品牌–视界优品传媒集团影视制作基地",
    "48": "世纪南山",
    "49": "贵阳首座境酒店",
    "50": "纪念塔小学",
    "51": "陈舍(新华路店)",
    "52": "南明区老龄工作委员会办公室",
    "53": "大秦古筝(都司路总店)",
    "54": "中创联合大厦",
    "55": "百佳商住楼",
    "56": "鲜芋仙(汇金星力城店)",
    "57": "蔡记红汤丝娃娃",
    "58": "金色家园(黄金路)",
    "59": "头桥街道",
    "60": "静福香江湖菜(新建路总店)",
    "61": "云岩区三桥社区卫生服务站",
    "62": "茶百道(三桥万科店)",
    "63": "三桥综合批发市场(改茶大道)",
    "64": "三桥综合批发市场-南区",
    "65": "贵州医科大学附属肿瘤医院门诊",
    "66": "凯里酸汤砂锅粉"
  }
}