{
  "up": {
    "凯里酸汤砂锅粉": 1,
    "贵州医科大学附属肿瘤医院门诊": 2,
    "三桥综合批发市场-南区": 3,
    "三桥综合批发市场(改茶大道)": 4,
    "茶百道(三桥万科店)": 5,
    "云岩区三桥社区卫生服务站": 6,
    "静福香江湖菜(新建路总店)": 7,
    "头桥街道": 8,
    "金色家园(黄金路)": 9,
    "蔡记红汤丝娃娃": 10,
    "鲜芋仙(汇金星力城店)": 11,
    "百佳商住楼": 12,
    "中创联合大厦": 13,
    "大秦古筝(都司路总店)": 14,
    "南明区老龄工作委员会办公室": 15,
    "陈舍(新华路店)": 16,
    "纪念塔小学": 17,
    "贵阳首座境酒店": 18,
    "世纪南山": 19,
    "强国品牌–视界优品传媒集团影视制作基地": 20,
    "黑垭口隧道": 21,
    "龙洞堡大道辅路": 22,
    "贵阳新月出租汽车有限公司": 23,
    "贵阳银行(小碧支行)": 24,
    "贵阳爱琴岛主题酒店(龙洞堡机场店)": 25,
    "贵阳银鑫商务酒店": 26,
    "贵州和双成农牧科技有限公司": 27,
    "关堰大桥": 28,
    "老漏祖传秘方烧烤": 29,
    "中国石化贵阳南明龙洞堡服务区加油一站": 30,
    "贵阳丰泰电商产业园": 31,
    "正宗怀化芷江鸭": 32,
    "博凯医药物流园": 33
  },
  "down": {
    "博凯医药物流园": 34,
    "正宗怀化芷江鸭": 35,
    "贵阳丰泰电商产业园": 36,
    "中国石化贵阳南明龙洞堡服务区加油一站": 37,
    "老漏祖传秘方烧烤": 38,
    "关堰大桥": 39,
    "贵州和双成农牧科技有限公司": 40,
    "贵阳银鑫商务酒店": 41,
    "贵阳爱琴岛主题酒店(龙洞堡机场店)": 42,
    "贵阳银行(小碧支行)": 43,
    "贵阳新月出租汽车有限公司": 44,
    "龙洞堡大道辅路": 45,
    "黑垭口隧道": 46,
    "强国品牌–视界优品传媒集团影视制作基地": 47,
    "世纪南山": 48,
    "贵阳首座境酒店": 49,
    "纪念塔小学": 50,
    "陈舍(新华路店)": 51,
    "南明区老龄工作委员会办公室": 52,
    "大秦古筝(都司路总店)": 53,
    "中创联合大厦": 54,
    "百佳商住楼": 55,
    "鲜芋仙(汇金星力城店)": 56,
    "蔡记红汤丝娃娃": 57,
    "金色家园(黄金路)": 58,
    "头桥街道": 59,
    "静福香江湖菜(新建路总店)": 60,
    "云岩区三桥社区卫生服务站": 61,
    "茶百道(三桥万科店)": 62,
    "三桥综合批发市场(改茶大道)": 63,
    "三桥综合批发市场-南区": 64,
    "贵州医科大学附属肿瘤医院门诊": 65,
    "凯里酸汤砂锅粉": 66
  }
}