{
  "up": {
    "1": "贵州省公安厅居民身份证制作中心",
    "2": "家乡老味道(大关店)",
    "3": "苗嫂渔村(贵阳西二环店)",
    "4": "川奇柴火鸡(北大梦想城店)",
    "5": "苏油集团苏油石化贵州长运加油站",
    "6": "大宋古筝",
    "7": "湳洲湾酒店(贵阳国际会展中心店)",
    "8": "绝味鸭脖(会展城店)",
    "9": "贵阳中天凯悦酒店",
    "10": "幸福广场",
    "11": "小作坊豆腐",
    "12": "老牌肠旺面(金阳·红街店)",
    "13": "碧海南路",
    "14": "人社社保就业服务窗口(金阳街道办事处)",
    "15": "维也纳酒店(贵阳奥体中心万象汇店)",
    "16": "金阳南路",
    "17": "汤霸带皮牛肉粉",
    "18": "观山湖区第二十五幼儿园",
    "19": "精神康复医院",
    "20": "治安岗亭",
    "21": "原汤羊肉粉",
    "22": "北京西路辅路",
    "23": "金阳客车站(出站口)",
    "24": "金华派出所干井村委会警务助理工作站",
    "25": "金华镇中心卫生院门急诊楼",
    "26": "何官村委会",
    "27": "贵阳朗升汽车服务有限公司",
    "28": "观清路",
    "29": "观山湖区上枧安置房",
    "30": "贵阳市观山湖区远大小学集团校",
    "31": "金华镇蒿芝村委会",
    "32": "超诚工业园",
    "33": "贵州常青环保有限公司"
  },
  "down": {
    "34": "贵州常青环保有限公司",
    "35": "超诚工业园",
    "36": "金华镇蒿芝村委会",
    "37": "贵阳市观山湖区远大小学集团校",
    "38": "观山湖区上枧安置房",
    "39": "观清路",
    "40": "贵阳朗升汽车服务有限公司",
    "41": "何官村委会",
    "42": "金华镇中心卫生院门急诊楼",
    "43": "金华派出所干井村委会警务助理工作站",
    "44": "金阳客车站(出站口)",
    "45": "北京西路辅路",
    "46": "原汤羊肉粉",
    "47": "治安岗亭",
    "48": "精神康复医院",
    "49": "观山湖区第二十五幼儿园",
    "50": "汤霸带皮牛肉粉",
    "51": "金阳南路",
    "52": "维也纳酒店(贵阳奥体中心万象汇店)",
    "53": "人社社保就业服务窗口(金阳街道办事处)",
    "54": "碧海南路",
    "55": "老牌肠旺面(金阳·红街店)",
    "56": "小作坊豆腐",
    "57": "幸福广场",
    "58": "贵阳中天凯悦酒店",
    "59": "绝味鸭脖(会展城店)",
    "60": "湳洲湾酒店(贵阳国际会展中心店)",
    "61": "大宋古筝",
    "62": "苏油集团苏油石化贵州长运加油站",
    "63": "川奇柴火鸡(北大梦想城店)",
    "64": "苗嫂渔村(贵阳西二环店)",
    "65": "家乡老味道(大关店)",
    "66": "贵州省公安厅居民身份证制作中心"
  }
}