{
  "贵州省公安厅居民身份证制作中心": 416,
  "家乡老味道(大关店)": 983,
  "苗嫂渔村(贵阳西二环店)": 430,
  "川奇柴火鸡(北大梦想城店)": 493,
  "苏油集团苏油石化贵州长运加油站": 460,
  "大宋古筝": 635,
  "湳洲湾酒店(贵阳国际会展中心店)": 440,
  "绝味鸭脖(会展城店)": 453,
  "贵阳中天凯悦酒店": 517,
  "幸福广场": 711,
  "小作坊豆腐": 467,
  "老牌肠旺面(金阳·红街店)": 622,
  "碧海南路": 718,
  "人社社保就业服务窗口(金阳街道办事处)": 456,
  "维也纳酒店(贵阳奥体中心万象汇店)": 801,
  "金阳南路": 693,
  "汤霸带皮牛肉粉": 1025,
  "观山湖区第二十五幼儿园": 829,
  "精神康复医院": 489,
  "治安岗亭": 428,
  "原汤羊肉粉": 455,
  "北京西路辅路": 505,
  "金阳客车站(出站口)": 448,
  "金华派出所干井村委会警务助理工作站": 428,
  "金华镇中心卫生院门急诊楼": 647,
  "何官村委会": 725,
  "贵阳朗升汽车服务有限公司": 1155,
  "观清路": 468,
  "观山湖区上枧安置房": 510,
  "贵阳市观山湖区远大小学集团校": 416,
  "金华镇蒿芝村委会": 412,
  "超诚工业园": 540
}