{
  "up": {
    "贵州省公安厅居民身份证制作中心": 1,
    "家乡老味道(大关店)": 2,
    "苗嫂渔村(贵阳西二环店)": 3,
    "川奇柴火鸡(北大梦想城店)": 4,
    "苏油集团苏油石化贵州长运加油站": 5,
    "大宋古筝": 6,
    "湳洲湾酒店(贵阳国际会展中心店)": 7,
    "绝味鸭脖(会展城店)": 8,
    "贵阳中天凯悦酒店": 9,
    "幸福广场": 10,
    "小作坊豆腐": 11,
    "老牌肠旺面(金阳·红街店)": 12,
    "碧海南路": 13,
    "人社社保就业服务窗口(金阳街道办事处)": 14,
    "维也纳酒店(贵阳奥体中心万象汇店)": 15,
    "金阳南路": 16,
    "汤霸带皮牛肉粉": 17,
    "观山湖区第二十五幼儿园": 18,
    "精神康复医院": 19,
    "治安岗亭": 20,
    "原汤羊肉粉": 21,
    "北京西路辅路": 22,
    "金阳客车站(出站口)": 23,
    "金华派出所干井村委会警务助理工作站": 24,
    "金华镇中心卫生院门急诊楼": 25,
    "何官村委会": 26,
    "贵阳朗升汽车服务有限公司": 27,
    "观清路": 28,
    "观山湖区上枧安置房": 29,
    "贵阳市观山湖区远大小学集团校": 30,
    "金华镇蒿芝村委会": 31,
    "超诚工业园": 32,
    "贵州常青环保有限公司": 33
  },
  "down": {
    "贵州常青环保有限公司": 34,
    "超诚工业园": 35,
    "金华镇蒿芝村委会": 36,
    "贵阳市观山湖区远大小学集团校": 37,
    "观山湖区上枧安置房": 38,
    "观清路": 39,
    "贵阳朗升汽车服务有限公司": 40,
    "何官村委会": 41,
    "金华镇中心卫生院门急诊楼": 42,
    "金华派出所干井村委会警务助理工作站": 43,
    "金阳客车站(出站口)": 44,
    "北京西路辅路": 45,
    "原汤羊肉粉": 46,
    "治安岗亭": 47,
    "精神康复医院": 48,
    "观山湖区第二十五幼儿园": 49,
    "汤霸带皮牛肉粉": 50,
    "金阳南路": 51,
    "维也纳酒店(贵阳奥体中心万象汇店)": 52,
    "人社社保就业服务窗口(金阳街道办事处)": 53,
    "碧海南路": 54,
    "老牌肠旺面(金阳·红街店)": 55,
    "小作坊豆腐": 56,
    "幸福广场": 57,
    "贵阳中天凯悦酒店": 58,
    "绝味鸭脖(会展城店)": 59,
    "湳洲湾酒店(贵阳国际会展中心店)": 60,
    "大宋古筝": 61,
    "苏油集团苏油石化贵州长运加油站": 62,
    "川奇柴火鸡(北大梦想城店)": 63,
    "苗嫂渔村(贵阳西二环店)": 64,
    "家乡老味道(大关店)": 65,
    "贵州省公安厅居民身份证制作中心": 66
  }
}