{
  "贵州常青环保有限公司": 807,
  "超诚工业园": 679,
  "金华镇蒿芝村委会": 683,
  "贵阳市观山湖区远大小学集团校": 777,
  "观山湖区上枧安置房": 735,
  "观清路": 1422,
  "贵阳朗升汽车服务有限公司": 992,
  "何官村委会": 914,
  "金华镇中心卫生院门急诊楼": 695,
  "金华派出所干井村委会警务助理工作站": 715,
  "金阳客车站(出站口)": 772,
  "北京西路辅路": 722,
  "原汤羊肉粉": 695,
  "治安岗亭": 756,
  "精神康复医院": 1096,
  "观山湖区第二十五幼儿园": 1292,
  "汤霸带皮牛肉粉": 960,
  "金阳南路": 1068,
  "维也纳酒店(贵阳奥体中心万象汇店)": 723,
  "人社社保就业服务窗口(金阳街道办事处)": 985,
  "碧海南路": 889,
  "老牌肠旺面(金阳·红街店)": 734,
  "小作坊豆腐": 978,
  "幸福广场": 784,
  "贵阳中天凯悦酒店": 720,
  "绝味鸭脖(会展城店)": 707,
  "湳洲湾酒店(贵阳国际会展中心店)": 902,
  "大宋古筝": 727,
  "苏油集团苏油石化贵州长运加油站": 760,
  "川奇柴火鸡(北大梦想城店)": 697,
  "苗嫂渔村(贵阳西二环店)": 1250,
  "家乡老味道(大关店)": 683
}