{
  "中共朱昌镇委员会": 627,
  "鑫艾堂养生": 1959,
  "老左牛肉粉": 631,
  "张晓洁缸缸麻辣烫(窦官店)": 1141,
  "贵阳市观山湖区第一小学窦官校区": 1442,
  "金麦花园-5组团": 467,
  "龙瑞祥汽车救援服务有限责任公司": 1311,
  "悦湖": 494,
  "贵阳观山湖万达广场大头儿子小头爸爸": 828,
  "万寿竹路": 471,
  "玫瑰路": 608,
  "碧海派出所": 560,
  "万门中学": 832,
  "王记牛羊肉粉(金谷苑店)": 522,
  "泰康乐医院": 546,
  "贵州省环境科学研究设计院": 721,
  "瑜赛进丰高新财富中心": 553,
  "唐姐姐快餐店": 586,
  "阳关泡椒牛肉猪脚粉": 425,
  "新寨村": 653,
  "贵阳春曌文化传媒有限公司": 454,
  "刘记酸辣烫": 498,
  "维意定制": 455,
  "宏业·康馨园": 412,
  "新街": 892,
  "百花坪巷": 602,
  "永辉超市(枫丹白鹭店)": 516,
  "贵阳成豪大酒店": 777,
  "老师傅制作肠旺面": 612
}