{
  "up": {
    "文猪蹄(花果园T2区店)": 1,
    "老师傅制作肠旺面": 2,
    "贵阳成豪大酒店": 3,
    "永辉超市(枫丹白鹭店)": 4,
    "百花坪巷": 5,
    "新街": 6,
    "宏业·康馨园": 7,
    "维意定制": 8,
    "刘记酸辣烫": 9,
    "贵阳春曌文化传媒有限公司": 10,
    "新寨村": 11,
    "阳关泡椒牛肉猪脚粉": 12,
    "唐姐姐快餐店": 13,
    "瑜赛进丰高新财富中心": 14,
    "贵州省环境科学研究设计院": 15,
    "泰康乐医院": 16,
    "王记牛羊肉粉(金谷苑店)": 17,
    "万门中学": 18,
    "碧海派出所": 19,
    "玫瑰路": 20,
    "万寿竹路": 21,
    "贵阳观山湖万达广场大头儿子小头爸爸": 22,
    "悦湖": 23,
    "龙瑞祥汽车救援服务有限责任公司": 24,
    "金麦花园-5组团": 25,
    "贵阳市观山湖区第一小学窦官校区": 26,
    "张晓洁缸缸麻辣烫(窦官店)": 27,
    "老左牛肉粉": 28,
    "鑫艾堂养生": 29,
    "中共朱昌镇委员会": 30
  },
  "down": {
    "中共朱昌镇委员会": 31,
    "鑫艾堂养生": 32,
    "老左牛肉粉": 33,
    "张晓洁缸缸麻辣烫(窦官店)": 34,
    "贵阳市观山湖区第一小学窦官校区": 35,
    "金麦花园-5组团": 36,
    "龙瑞祥汽车救援服务有限责任公司": 37,
    "悦湖": 38,
    "贵阳观山湖万达广场大头儿子小头爸爸": 39,
    "万寿竹路": 40,
    "玫瑰路": 41,
    "碧海派出所": 42,
    "万门中学": 43,
    "王记牛羊肉粉(金谷苑店)": 44,
    "泰康乐医院": 45,
    "贵州省环境科学研究设计院": 46,
    "瑜赛进丰高新财富中心": 47,
    "唐姐姐快餐店": 48,
    "阳关泡椒牛肉猪脚粉": 49,
    "新寨村": 50,
    "贵阳春曌文化传媒有限公司": 51,
    "刘记酸辣烫": 52,
    "维意定制": 53,
    "宏业·康馨园": 54,
    "新街": 55,
    "百花坪巷": 56,
    "永辉超市(枫丹白鹭店)": 57,
    "贵阳成豪大酒店": 58,
    "老师傅制作肠旺面": 59,
    "文猪蹄(花果园T2区店)": 60
  }
}