{
  "up": {
    "1": "文猪蹄(花果园T2区店)",
    "2": "老师傅制作肠旺面",
    "3": "贵阳成豪大酒店",
    "4": "永辉超市(枫丹白鹭店)",
    "5": "百花坪巷",
    "6": "新街",
    "7": "宏业·康馨园",
    "8": "维意定制",
    "9": "刘记酸辣烫",
    "10": "贵阳春曌文化传媒有限公司",
    "11": "新寨村",
    "12": "阳关泡椒牛肉猪脚粉",
    "13": "唐姐姐快餐店",
    "14": "瑜赛进丰高新财富中心",
    "15": "贵州省环境科学研究设计院",
    "16": "泰康乐医院",
    "17": "王记牛羊肉粉(金谷苑店)",
    "18": "万门中学",
    "19": "碧海派出所",
    "20": "玫瑰路",
    "21": "万寿竹路",
    "22": "贵阳观山湖万达广场大头儿子小头爸爸",
    "23": "悦湖",
    "24": "龙瑞祥汽车救援服务有限责任公司",
    "25": "金麦花园-5组团",
    "26": "贵阳市观山湖区第一小学窦官校区",
    "27": "张晓洁缸缸麻辣烫(窦官店)",
    "28": "老左牛肉粉",
    "29": "鑫艾堂养生",
    "30": "中共朱昌镇委员会"
  },
  "down": {
    "31": "中共朱昌镇委员会",
    "32": "鑫艾堂养生",
    "33": "老左牛肉粉",
    "34": "张晓洁缸缸麻辣烫(窦官店)",
    "35": "贵阳市观山湖区第一小学窦官校区",
    "36": "金麦花园-5组团",
    "37": "龙瑞祥汽车救援服务有限责任公司",
    "38": "悦湖",
    "39": "贵阳观山湖万达广场大头儿子小头爸爸",
    "40": "万寿竹路",
    "41": "玫瑰路",
    "42": "碧海派出所",
    "43": "万门中学",
    "44": "王记牛羊肉粉(金谷苑店)",
    "45": "泰康乐医院",
    "46": "贵州省环境科学研究设计院",
    "47": "瑜赛进丰高新财富中心",
    "48": "唐姐姐快餐店",
    "49": "阳关泡椒牛肉猪脚粉",
    "50": "新寨村",
    "51": "贵阳春曌文化传媒有限公司",
    "52": "刘记酸辣烫",
    "53": "维意定制",
    "54": "宏业·康馨园",
    "55": "新街",
    "56": "百花坪巷",
    "57": "永辉超市(枫丹白鹭店)",
    "58": "贵阳成豪大酒店",
    "59": "老师傅制作肠旺面",
    "60": "文猪蹄(花果园T2区店)"
  }
}