{
  "文猪蹄(花果园T2区店)": 616,
  "老师傅制作肠旺面": 781,
  "贵阳成豪大酒店": 520,
  "永辉超市(枫丹白鹭店)": 606,
  "百花坪巷": 896,
  "新街": 416,
  "宏业·康馨园": 459,
  "维意定制": 502,
  "刘记酸辣烫": 458,
  "贵阳春曌文化传媒有限公司": 657,
  "新寨村": 429,
  "阳关泡椒牛肉猪脚粉": 590,
  "唐姐姐快餐店": 557,
  "瑜赛进丰高新财富中心": 725,
  "贵州省环境科学研究设计院": 550,
  "泰康乐医院": 526,
  "王记牛羊肉粉(金谷苑店)": 836,
  "万门中学": 564,
  "碧海派出所": 612,
  "玫瑰路": 475,
  "万寿竹路": 832,
  "贵阳观山湖万达广场大头儿子小头爸爸": 498,
  "悦湖": 1315,
  "龙瑞祥汽车救援服务有限责任公司": 471,
  "金麦花园-5组团": 1446,
  "贵阳市观山湖区第一小学窦官校区": 1145,
  "张晓洁缸缸麻辣烫(窦官店)": 635,
  "老左牛肉粉": 1963,
  "鑫艾堂养生": 631
}