{
  "中共湖潮苗族布依族乡委员会": {
    "time": [
      "06:15:07",
      "06:30:22",
      "06:44:43",
      "06:58:57",
      "07:13:45",
      "07:27:59",
      "07:43:24",
      "07:57:45",
      "08:12:08",
      "08:27:29",
      "08:42:13",
      "08:57:18",
      "09:12:38",
      "09:27:58",
      "09:42:42",
      "09:57:48",
      "10:13:38",
      "10:28:54",
      "10:43:41",
      "10:58:29",
      "11:13:49",
      "11:28:18",
      "11:43:52",
      "11:58:39",
      "12:14:17",
      "12:28:53",
      "12:44:39",
      "13:00:05",
      "13:14:58",
      "13:29:31",
      "13:44:24",
      "13:59:43",
      "14:15:24",
      "14:30:08",
      "14:45:54",
      "15:01:37",
      "15:15:50",
      "15:31:03",
      "15:45:21",
      "16:00:46",
      "16:16:32",
      "16:31:04",
      "16:46:38",
      "17:01:20",
      "17:16:37",
      "17:31:25",
      "17:45:45",
      "18:00:07",
      "18:15:25",
      "18:30:47",
      "18:45:12",
      "19:00:53",
      "19:15:10",
      "19:30:40",
      "19:46:15",
      "20:01:51",
      "20:17:17",
      "20:32:49",
      "20:47:08",
      "21:01:24",
      "21:16:49",
      "21:32:05",
      "21:47:06",
      "22:02:20"
    ],
    "board": [
      13,
      11,
      11,
      12,
      3,
      7,
      0,
      4,
      10,
      11,
      6,
      5,
      6,
      10,
      10,
      9,
      7,
      8,
      3,
      3,
      7,
      15,
      5,
      13,
      11,
      11,
      15,
      8,
      7,
      11,
      1,
      0,
      5,
      12,
      3,
      5,
      7,
      0,
      10,
      4,
      3,
      6,
      8,
      13,
      13,
      7,
      8,
      4,
      10,
      9,
      4,
      1,
      15,
      13,
      3,
      5,
      14,
      10,
      12,
      3,
      9,
      14,
      4,
      1
    ],
    "alight": [
      0,
      0,
      0,
      0,
      0,
      0,
      0,
      0,
      0,
      0,
      0,
      0,
      0,
      0,
      0,
      0,
      0,
      0,
      0,
      0,
      0,
      0,
      0,
      0,
      0,
      0,
      0,
      0,
      0,
      0,
      0,
      0,
      0,
      0,
      0,
      0,
      0,
      0,
      0,
      0,
      0,
      0,
      0,
      0,
      0,
      0,
      0,
      0,
      0,
      0,
      0,
      0,
      0,
      0,
      0,
      0,
      0,
      0,
      0,
      0,
      0,
      0,
      0,
      0
    ]
  },
  "麦湖路(地铁站)": {
    "time": [
      "06:15:07",
      "06:30:22",
      "06:44:43",
      "06:58:57",
      "07:13:45",
      "07:27:59",
      "07:43:24",
      "07:57:45",
      "08:12:08",
      "08:27:29",
      "08:42:13",
      "08:57:18",
      "09:12:38",
      "09:27:58",
      "09:42:42",
      "09:57:48",
      "10:13:38",
      "10:28:54",
      "10:43:41",
      "10:58:29",
      "11:13:49",
      "11:28:18",
      "11:43:52",
      "11:58:39",
      "12:14:17",
      "12:28:53",
      "12:44:39",
      "13:00:05",
      "13:14:58",
      "13:29:31",
      "13:44:24",
      "13:59:43",
      "14:15:24",
      "14:30:08",
      "14:45:54",
      "15:01:37",
      "15:15:50",
      "15:31:03",
      "15:45:21",
      "16:00:46",
      "16:16:32",
      "16:31:04",
      "16:46:38",
      "17:01:20",
      "17:16:37",
      "17:31:25",
      "17:45:45",
      "18:00:07",
      "18:15:25",
      "18:30:47",
      "18:45:12",
      "19:00:53",
      "19:15:10",
      "19:30:40",
      "19:46:15",
      "20:01:51",
      "20:17:17",
      "20:32:49",
      "20:47:08",
      "21:01:24",
      "21:16:49",
      "21:32:05",
      "21:47:06",
      "22:02:20"
    ],
    "board": [
      7,
      4,
      9,
      0,
      15,
      8,
      0,
      1,
      5,
      13,
      3,
      6,
      7,
      1,
      5,
      3,
      8,
      6,
      13,
      12,
      11,
      5,
      2,
      2,
      13,
      9,
      13,
      11,
      13,
      5,
      5,
      8,
      2,
      9,
      1,
      0,
      11,
      12,
      9,
      0,
      0,
      4,
      15,
      9,
      0,
      2,
      6,
      4,
      15,
      8,
      4,
      13,
      9,
      1,
      2,
      8,
      10,
      5,
      1,
      7,
      13,
      11,
      7,
      5
    ],
    "alight": [
      0,
      0,
      0,
      0,
      0,
      0,
      0,
      0,
      0,
      0,
      0,
      0,
      0,
      0,
      0,
      0,
      0,
      0,
      0,
      0,
      0,
      0,
      0,
      0,
      0,
      0,
      0,
      0,
      0,
      0,
      0,
      0,
      0,
      0,
      0,
      0,
      0,
      0,
      0,
      0,
      0,
      0,
      0,
      0,
      0,
      0,
      0,
      0,
      0,
      0,
      0,
      0,
      0,
      0,
      0,
      0,
      0,
      0,
      0,
      0,
      0,
      0,
      0,
      0
    ]
  },
  "中铁十七局集团": {
    "time": [
      "06:15:07",
      "06:30:22",
      "06:44:43",
      "06:58:57",
      "07:13:45",
      "07:27:59",
      "07:43:24",
      "07:57:45",
      "08:12:08",
      "08:27:29",
      "08:42:13",
      "08:57:18",
      "09:12:38",
      "09:27:58",
      "09:42:42",
      "09:57:48",
      "10:13:38",
      "10:28:54",
      "10:43:41",
      "10:58:29",
      "11:13:49",
      "11:28:18",
      "11:43:52",
      "11:58:39",
      "12:14:17",
      "12:28:53",
      "12:44:39",
      "13:00:05",
      "13:14:58",
      "13:29:31",
      "13:44:24",
      "13:59:43",
      "14:15:24",
      "14:30:08",
      "14:45:54",
      "15:01:37",
      "15:15:50",
      "15:31:03",
      "15:45:21",
      "16:00:46",
      "16:16:32",
      "16:31:04",
      "16:46:38",
      "17:01:20",
      "17:16:37",
      "17:31:25",
      "17:45:45",
      "18:00:07",
      "18:15:25",
      "18:30:47",
      "18:45:12",
      "19:00:53",
      "19:15:10",
      "19:30:40",
      "19:46:15",
      "20:01:51",
      "20:17:17",
      "20:32:49",
      "20:47:08",
      "21:01:24",
      "21:16:49",
      "21:32:05",
      "21:47:06",
      "22:02:20"
    ],
    "board": [
      1,
      14,
      13,
      6,
      15,
      0,
      12,
      7,
      12,
      0,
      5,
      0,
      3,
      5,
      7,
      5,
      4,
      1,
      3,
      1,
      5,
      1,
      1,
      11,
      5,
      12,
      9,
      6,
      0,
      3,
      1,
      6,
      7,
      9,
      13,
      12,
      6,
      10,
      7,
      12,
      14,
      0,
      6,
      14,
      1,
      6,
      0,
      9,
      6,
      9,
      2,
      1,
      4,
      3,
      6,
      2,
      1,
      14,
      14,
      5,
      10,
      8,
      4,
      3
    ],
    "alight": [
      0,
      0,
      0,
      0,
      0,
      0,
      0,
      0,
      0,
      0,
      0,
      1,
      2,
      0,
      0,
      0,
      3,
      0,
      0,
      1,
      0,
      0,
      0,
      0,
      0,
      0,
      0,
      0,
      0,
      0,
      0,
      0,
      3,
      0,
      0,
      0,
      0,
      0,
      0,
      0,
      0,
      0,
      0,
      0,
      0,
      0,
      0,
      0,
      0,
      0,
      0,
      0,
      0,
      0,
      0,
      0,
      0,
      0,
      0,
      0,
      0,
      0,
      0,
      0
    ]
  },
  "贵州盛润再生资源回收有限公司": {
    "time": [
      "06:15:07",
      "06:30:22",
      "06:44:43",
      "06:58:57",
      "07:13:45",
      "07:27:59",
      "07:43:24",
      "07:57:45",
      "08:12:08",
      "08:27:29",
      "08:42:13",
      "08:57:18",
      "09:12:38",
      "09:27:58",
      "09:42:42",
      "09:57:48",
      "10:13:38",
      "10:28:54",
      "10:43:41",
      "10:58:29",
      "11:13:49",
      "11:28:18",
      "11:43:52",
      "11:58:39",
      "12:14:17",
      "12:28:53",
      "12:44:39",
      "13:00:05",
      "13:14:58",
      "13:29:31",
      "13:44:24",
      "13:59:43",
      "14:15:24",
      "14:30:08",
      "14:45:54",
      "15:01:37",
      "15:15:50",
      "15:31:03",
      "15:45:21",
      "16:00:46",
      "16:16:32",
      "16:31:04",
      "16:46:38",
      "17:01:20",
      "17:16:37",
      "17:31:25",
      "17:45:45",
      "18:00:07",
      "18:15:25",
      "18:30:47",
      "18:45:12",
      "19:00:53",
      "19:15:10",
      "19:30:40",
      "19:46:15",
      "20:01:51",
      "20:17:17",
      "20:32:49",
      "20:47:08",
      "21:01:24",
      "21:16:49",
      "21:32:05",
      "21:47:06",
      "22:02:20"
    ],
    "board": [
      7,
      11,
      14,
      11,
      1,
      9,
      0,
      15,
      11,
      4,
      15,
      0,
      4,
      14,
      4,
      11,
      14,
      15,
      1,
      4,
      11,
      10,
      13,
      4,
      3,
      7,
      4,
      5,
      3,
      7,
      10,
      6,
      0,
      11,
      1,
      0,
      8,
      14,
      5,
      2,
      4,
      13,
      6,
      8,
      12,
      14,
      8,
      4,
      7,
      11,
      0,
      12,
      2,
      13,
      14,
      14,
      6,
      9,
      9,
      11,
      14,
      12,
      12,
      11
    ],
    "alight": [
      0,
      0,
      0,
      0,
      0,
      0,
      0,
      0,
      0,
      0,
      0,
      0,
      0,
      0,
      0,
      0,
      0,
      0,
      0,
      0,
      0,
      0,
      0,
      0,
      0,
      0,
      0,
      0,
      3,
      0,
      1,
      0,
      0,
      0,
      0,
      0,
      0,
      0,
      0,
      0,
      0,
      0,
      0,
      0,
      0,
      0,
      0,
      3,
      0,
      0,
      0,
      0,
      0,
      0,
      0,
      0,
      0,
      0,
      0,
      2,
      0,
      0,
      0,
      0
    ]
  },
  "天河潭旅游度假区3号停车场": {
    "time": [
      "06:15:07",
      "06:30:22",
      "06:44:43",
      "06:58:57",
      "07:13:45",
      "07:27:59",
      "07:43:24",
      "07:57:45",
      "08:12:08",
      "08:27:29",
      "08:42:13",
      "08:57:18",
      "09:12:38",
      "09:27:58",
      "09:42:42",
      "09:57:48",
      "10:13:38",
      "10:28:54",
      "10:43:41",
      "10:58:29",
      "11:13:49",
      "11:28:18",
      "11:43:52",
      "11:58:39",
      "12:14:17",
      "12:28:53",
      "12:44:39",
      "13:00:05",
      "13:14:58",
      "13:29:31",
      "13:44:24",
      "13:59:43",
      "14:15:24",
      "14:30:08",
      "14:45:54",
      "15:01:37",
      "15:15:50",
      "15:31:03",
      "15:45:21",
      "16:00:46",
      "16:16:32",
      "16:31:04",
      "16:46:38",
      "17:01:20",
      "17:16:37",
      "17:31:25",
      "17:45:45",
      "18:00:07",
      "18:15:25",
      "18:30:47",
      "18:45:12",
      "19:00:53",
      "19:15:10",
      "19:30:40",
      "19:46:15",
      "20:01:51",
      "20:17:17",
      "20:32:49",
      "20:47:08",
      "21:01:24",
      "21:16:49",
      "21:32:05",
      "21:47:06",
      "22:02:20"
    ],
    "board": [
      0,
      4,
      3,
      15,
      14,
      11,
      3,
      4,
      5,
      5,
      13,
      10,
      12,
      5,
      6,
      6,
      0,
      2,
      2,
      13,
      8,
      2,
      7,
      8,
      4,
      4,
      12,
      5,
      14,
      10,
      13,
      0,
      0,
      4,
      12,
      6,
      5,
      6,
      12,
      6,
      9,
      7,
      8,
      1,
      13,
      7,
      9,
      13,
      7,
      7,
      12,
      2,
      4,
      0,
      12,
      7,
      10,
      13,
      11,
      2,
      8,
      3,
      13,
      4
    ],
    "alight": [
      6,
      8,
      8,
      11,
      8,
      15,
      12,
      10,
      1,
      3,
      10,
      1,
      0,
      2,
      8,
      15,
      11,
      4,
      1,
      14,
      4,
      15,
      8,
      3,
      13,
      1,
      1,
      2,
      0,
      3,
      2,
      6,
      8,
      14,
      5,
      9,
      15,
      1,
      12,
      11,
      12,
      8,
      3,
      9,
      3,
      15,
      5,
      6,
      15,
      5,
      10,
      12,
      2,
      5,
      7,
      8,
      8,
      14,
      8,
      3,
      14,
      3,
      7,
      1
    ]
  },
  "一品鹅庄": {
    "time": [
      "06:15:07",
      "06:30:22",
      "06:44:43",
      "06:58:57",
      "07:13:45",
      "07:27:59",
      "07:43:24",
      "07:57:45",
      "08:12:08",
      "08:27:29",
      "08:42:13",
      "08:57:18",
      "09:12:38",
      "09:27:58",
      "09:42:42",
      "09:57:48",
      "10:13:38",
      "10:28:54",
      "10:43:41",
      "10:58:29",
      "11:13:49",
      "11:28:18",
      "11:43:52",
      "11:58:39",
      "12:14:17",
      "12:28:53",
      "12:44:39",
      "13:00:05",
      "13:14:58",
      "13:29:31",
      "13:44:24",
      "13:59:43",
      "14:15:24",
      "14:30:08",
      "14:45:54",
      "15:01:37",
      "15:15:50",
      "15:31:03",
      "15:45:21",
      "16:00:46",
      "16:16:32",
      "16:31:04",
      "16:46:38",
      "17:01:20",
      "17:16:37",
      "17:31:25",
      "17:45:45",
      "18:00:07",
      "18:15:25",
      "18:30:47",
      "18:45:12",
      "19:00:53",
      "19:15:10",
      "19:30:40",
      "19:46:15",
      "20:01:51",
      "20:17:17",
      "20:32:49",
      "20:47:08",
      "21:01:24",
      "21:16:49",
      "21:32:05",
      "21:47:06",
      "22:02:20"
    ],
    "board": [
      13,
      6,
      6,
      12,
      10,
      13,
      13,
      10,
      0,
      3,
      0,
      5,
      4,
      6,
      4,
      0,
      6,
      11,
      0,
      13,
      12,
      13,
      5,
      12,
      7,
      3,
      5,
      15,
      2,
      7,
      11,
      10,
      8,
      7,
      0,
      5,
      3,
      3,
      9,
      8,
      3,
      4,
      8,
      1,
      14,
      9,
      10,
      11,
      6,
      15,
      14,
      10,
      6,
      10,
      1,
      10,
      13,
      0,
      13,
      11,
      15,
      13,
      7,
      14
    ],
    "alight": [
      14,
      7,
      14,
      2,
      8,
      15,
      7,
      6,
      10,
      4,
      14,
      13,
      10,
      4,
      14,
      6,
      4,
      7,
      2,
      4,
      5,
      15,
      10,
      6,
      12,
      15,
      11,
      2,
      6,
      5,
      15,
      3,
      3,
      4,
      5,
      4,
      0,
      10,
      8,
      10,
      10,
      15,
      4,
      12,
      13,
      12,
      5,
      15,
      7,
      12,
      11,
      0,
      4,
      13,
      0,
      8,
      13,
      6,
      15,
      13,
      8,
      3,
      15,
      7
    ]
  },
  "小博士双语幼儿园": {
    "time": [
      "06:15:07",
      "06:30:22",
      "06:44:43",
      "06:58:57",
      "07:13:45",
      "07:27:59",
      "07:43:24",
      "07:57:45",
      "08:12:08",
      "08:27:29",
      "08:42:13",
      "08:57:18",
      "09:12:38",
      "09:27:58",
      "09:42:42",
      "09:57:48",
      "10:13:38",
      "10:28:54",
      "10:43:41",
      "10:58:29",
      "11:13:49",
      "11:28:18",
      "11:43:52",
      "11:58:39",
      "12:14:17",
      "12:28:53",
      "12:44:39",
      "13:00:05",
      "13:14:58",
      "13:29:31",
      "13:44:24",
      "13:59:43",
      "14:15:24",
      "14:30:08",
      "14:45:54",
      "15:01:37",
      "15:15:50",
      "15:31:03",
      "15:45:21",
      "16:00:46",
      "16:16:32",
      "16:31:04",
      "16:46:38",
      "17:01:20",
      "17:16:37",
      "17:31:25",
      "17:45:45",
      "18:00:07",
      "18:15:25",
      "18:30:47",
      "18:45:12",
      "19:00:53",
      "19:15:10",
      "19:30:40",
      "19:46:15",
      "20:01:51",
      "20:17:17",
      "20:32:49",
      "20:47:08",
      "21:01:24",
      "21:16:49",
      "21:32:05",
      "21:47:06",
      "22:02:20"
    ],
    "board": [
      11,
      10,
      2,
      5,
      14,
      10,
      15,
      2,
      11,
      12,
      6,
      11,
      10,
      1,
      10,
      14,
      1,
      13,
      12,
      0,
      6,
      7,
      1,
      3,
      8,
      10,
      4,
      15,
      2,
      11,
      14,
      1,
      6,
      5,
      15,
      5,
      12,
      8,
      1,
      10,
      4,
      15,
      1,
      11,
      14,
      11,
      13,
      10,
      5,
      0,
      8,
      11,
      3,
      13,
      14,
      7,
      10,
      3,
      11,
      0,
      5,
      9,
      14,
      0
    ],
    "alight": [
      5,
      8,
      6,
      10,
      10,
      15,
      13,
      12,
      13,
      7,
      5,
      1,
      12,
      15,
      7,
      6,
      7,
      0,
      2,
      13,
      9,
      1,
      7,
      5,
      13,
      0,
      4,
      7,
      6,
      5,
      0,
      9,
      8,
      11,
      10,
      3,
      8,
      14,
      5,
      8,
      5,
      11,
      13,
      13,
      15,
      7,
      6,
      8,
      5,
      10,
      6,
      5,
      12,
      1,
      1,
      4,
      8,
      3,
      15,
      15,
      13,
      5,
      10,
      15
    ]
  },
  "龙治": {
    "time": [
      "06:15:07",
      "06:30:22",
      "06:44:43",
      "06:58:57",
      "07:13:45",
      "07:27:59",
      "07:43:24",
      "07:57:45",
      "08:12:08",
      "08:27:29",
      "08:42:13",
      "08:57:18",
      "09:12:38",
      "09:27:58",
      "09:42:42",
      "09:57:48",
      "10:13:38",
      "10:28:54",
      "10:43:41",
      "10:58:29",
      "11:13:49",
      "11:28:18",
      "11:43:52",
      "11:58:39",
      "12:14:17",
      "12:28:53",
      "12:44:39",
      "13:00:05",
      "13:14:58",
      "13:29:31",
      "13:44:24",
      "13:59:43",
      "14:15:24",
      "14:30:08",
      "14:45:54",
      "15:01:37",
      "15:15:50",
      "15:31:03",
      "15:45:21",
      "16:00:46",
      "16:16:32",
      "16:31:04",
      "16:46:38",
      "17:01:20",
      "17:16:37",
      "17:31:25",
      "17:45:45",
      "18:00:07",
      "18:15:25",
      "18:30:47",
      "18:45:12",
      "19:00:53",
      "19:15:10",
      "19:30:40",
      "19:46:15",
      "20:01:51",
      "20:17:17",
      "20:32:49",
      "20:47:08",
      "21:01:24",
      "21:16:49",
      "21:32:05",
      "21:47:06",
      "22:02:20"
    ],
    "board": [
      8,
      8,
      14,
      11,
      10,
      3,
      12,
      5,
      11,
      0,
      1,
      14,
      15,
      8,
      8,
      7,
      12,
      10,
      0,
      0,
      9,
      9,
      14,
      6,
      2,
      0,
      14,
      15,
      8,
      14,
      9,
      6,
      7,
      7,
      15,
      4,
      10,
      5,
      9,
      1,
      13,
      13,
      11,
      0,
      13,
      6,
      4,
      0,
      11,
      11,
      13,
      8,
      9,
      14,
      4,
      8,
      7,
      10,
      11,
      15,
      4,
      10,
      12,
      1
    ],
    "alight": [
      3,
      2,
      5,
      12,
      8,
      7,
      5,
      2,
      3,
      11,
      14,
      4,
      6,
      1,
      4,
      9,
      14,
      5,
      14,
      3,
      2,
      10,
      15,
      9,
      14,
      9,
      7,
      9,
      2,
      7,
      4,
      6,
      8,
      5,
      0,
      5,
      5,
      11,
      10,
      15,
      6,
      15,
      6,
      9,
      0,
      7,
      10,
      9,
      6,
      0,
      7,
      5,
      13,
      3,
      4,
      4,
      11,
      4,
      1,
      14,
      3,
      10,
      5,
      7
    ]
  },
  "人民大道": {
    "time": [
      "06:15:07",
      "06:30:22",
      "06:44:43",
      "06:58:57",
      "07:13:45",
      "07:27:59",
      "07:43:24",
      "07:57:45",
      "08:12:08",
      "08:27:29",
      "08:42:13",
      "08:57:18",
      "09:12:38",
      "09:27:58",
      "09:42:42",
      "09:57:48",
      "10:13:38",
      "10:28:54",
      "10:43:41",
      "10:58:29",
      "11:13:49",
      "11:28:18",
      "11:43:52",
      "11:58:39",
      "12:14:17",
      "12:28:53",
      "12:44:39",
      "13:00:05",
      "13:14:58",
      "13:29:31",
      "13:44:24",
      "13:59:43",
      "14:15:24",
      "14:30:08",
      "14:45:54",
      "15:01:37",
      "15:15:50",
      "15:31:03",
      "15:45:21",
      "16:00:46",
      "16:16:32",
      "16:31:04",
      "16:46:38",
      "17:01:20",
      "17:16:37",
      "17:31:25",
      "17:45:45",
      "18:00:07",
      "18:15:25",
      "18:30:47",
      "18:45:12",
      "19:00:53",
      "19:15:10",
      "19:30:40",
      "19:46:15",
      "20:01:51",
      "20:17:17",
      "20:32:49",
      "20:47:08",
      "21:01:24",
      "21:16:49",
      "21:32:05",
      "21:47:06",
      "22:02:20"
    ],
    "board": [
      2,
      0,
      12,
      15,
      15,
      0,
      1,
      5,
      15,
      0,
      4,
      0,
      15,
      6,
      5,
      15,
      1,
      3,
      13,
      11,
      14,
      5,
      5,
      13,
      0,
      2,
      1,
      14,
      9,
      5,
      12,
      3,
      3,
      6,
      11,
      3,
      9,
      14,
      5,
      11,
      10,
      6,
      9,
      3,
      2,
      14,
      13,
      10,
      8,
      8,
      15,
      5,
      4,
      4,
      1,
      12,
      13,
      0,
      7,
      8,
      14,
      4,
      4,
      10
    ],
    "alight": [
      5,
      5,
      8,
      3,
      11,
      5,
      13,
      10,
      4,
      14,
      12,
      1,
      10,
      14,
      6,
      5,
      1,
      15,
      0,
      3,
      6,
      4,
      4,
      8,
      7,
      6,
      13,
      10,
      14,
      6,
      10,
      0,
      13,
      9,
      5,
      8,
      4,
      14,
      0,
      14,
      11,
      8,
      3,
      2,
      2,
      9,
      15,
      2,
      4,
      6,
      14,
      4,
      9,
      12,
      0,
      4,
      8,
      6,
      0,
      4,
      10,
      8,
      14,
      1
    ]
  },
  "金东国际": {
    "time": [
      "06:15:07",
      "06:30:22",
      "06:44:43",
      "06:58:57",
      "07:13:45",
      "07:27:59",
      "07:43:24",
      "07:57:45",
      "08:12:08",
      "08:27:29",
      "08:42:13",
      "08:57:18",
      "09:12:38",
      "09:27:58",
      "09:42:42",
      "09:57:48",
      "10:13:38",
      "10:28:54",
      "10:43:41",
      "10:58:29",
      "11:13:49",
      "11:28:18",
      "11:43:52",
      "11:58:39",
      "12:14:17",
      "12:28:53",
      "12:44:39",
      "13:00:05",
      "13:14:58",
      "13:29:31",
      "13:44:24",
      "13:59:43",
      "14:15:24",
      "14:30:08",
      "14:45:54",
      "15:01:37",
      "15:15:50",
      "15:31:03",
      "15:45:21",
      "16:00:46",
      "16:16:32",
      "16:31:04",
      "16:46:38",
      "17:01:20",
      "17:16:37",
      "17:31:25",
      "17:45:45",
      "18:00:07",
      "18:15:25",
      "18:30:47",
      "18:45:12",
      "19:00:53",
      "19:15:10",
      "19:30:40",
      "19:46:15",
      "20:01:51",
      "20:17:17",
      "20:32:49",
      "20:47:08",
      "21:01:24",
      "21:16:49",
      "21:32:05",
      "21:47:06",
      "22:02:20"
    ],
    "board": [
      8,
      12,
      6,
      15,
      11,
      9,
      11,
      14,
      15,
      8,
      2,
      8,
      12,
      9,
      5,
      4,
      14,
      3,
      5,
      2,
      2,
      8,
      8,
      9,
      15,
      8,
      12,
      7,
      14,
      8,
      14,
      11,
      9,
      7,
      14,
      0,
      12,
      13,
      2,
      15,
      15,
      11,
      3,
      12,
      8,
      4,
      10,
      7,
      11,
      10,
      3,
      10,
      0,
      6,
      8,
      2,
      7,
      12,
      5,
      13,
      9,
      5,
      2,
      5
    ],
    "alight": [
      0,
      9,
      10,
      6,
      12,
      3,
      8,
      7,
      11,
      7,
      2,
      7,
      9,
      15,
      8,
      12,
      14,
      9,
      5,
      10,
      2,
      4,
      1,
      15,
      8,
      14,
      10,
      1,
      0,
      10,
      14,
      1,
      10,
      0,
      8,
      1,
      12,
      14,
      3,
      2,
      12,
      3,
      5,
      2,
      0,
      0,
      15,
      15,
      12,
      14,
      9,
      9,
      10,
      8,
      4,
      10,
      1,
      6,
      12,
      3,
      11,
      6,
      13,
      2
    ]
  },
  "康打路": {
    "time": [
      "06:15:07",
      "06:30:22",
      "06:44:43",
      "06:58:57",
      "07:13:45",
      "07:27:59",
      "07:43:24",
      "07:57:45",
      "08:12:08",
      "08:27:29",
      "08:42:13",
      "08:57:18",
      "09:12:38",
      "09:27:58",
      "09:42:42",
      "09:57:48",
      "10:13:38",
      "10:28:54",
      "10:43:41",
      "10:58:29",
      "11:13:49",
      "11:28:18",
      "11:43:52",
      "11:58:39",
      "12:14:17",
      "12:28:53",
      "12:44:39",
      "13:00:05",
      "13:14:58",
      "13:29:31",
      "13:44:24",
      "13:59:43",
      "14:15:24",
      "14:30:08",
      "14:45:54",
      "15:01:37",
      "15:15:50",
      "15:31:03",
      "15:45:21",
      "16:00:46",
      "16:16:32",
      "16:31:04",
      "16:46:38",
      "17:01:20",
      "17:16:37",
      "17:31:25",
      "17:45:45",
      "18:00:07",
      "18:15:25",
      "18:30:47",
      "18:45:12",
      "19:00:53",
      "19:15:10",
      "19:30:40",
      "19:46:15",
      "20:01:51",
      "20:17:17",
      "20:32:49",
      "20:47:08",
      "21:01:24",
      "21:16:49",
      "21:32:05",
      "21:47:06",
      "22:02:20"
    ],
    "board": [
      6,
      8,
      6,
      3,
      11,
      1,
      7,
      8,
      8,
      12,
      6,
      1,
      13,
      11,
      0,
      2,
      14,
      14,
      12,
      0,
      3,
      10,
      9,
      7,
      9,
      1,
      7,
      14,
      1,
      0,
      1,
      7,
      9,
      4,
      8,
      8,
      7,
      4,
      5,
      11,
      6,
      11,
      6,
      6,
      8,
      9,
      12,
      7,
      15,
      6,
      7,
      10,
      13,
      1,
      0,
      5,
      6,
      14,
      3,
      15,
      11,
      9,
      11,
      14
    ],
    "alight": [
      5,
      8,
      0,
      5,
      0,
      8,
      12,
      6,
      12,
      15,
      10,
      4,
      9,
      6,
      6,
      7,
      10,
      13,
      12,
      7,
      12,
      13,
      6,
      3,
      9,
      8,
      5,
      2,
      8,
      6,
      13,
      10,
      7,
      11,
      9,
      4,
      12,
      5,
      9,
      3,
      11,
      7,
      1,
      12,
      4,
      2,
      7,
      9,
      15,
      7,
      9,
      12,
      7,
      4,
      10,
      11,
      0,
      12,
      13,
      8,
      6,
      2,
      3,
      8
    ]
  },
  "贵州千乡原电子商务有限公司": {
    "time": [
      "06:15:07",
      "06:30:22",
      "06:44:43",
      "06:58:57",
      "07:13:45",
      "07:27:59",
      "07:43:24",
      "07:57:45",
      "08:12:08",
      "08:27:29",
      "08:42:13",
      "08:57:18",
      "09:12:38",
      "09:27:58",
      "09:42:42",
      "09:57:48",
      "10:13:38",
      "10:28:54",
      "10:43:41",
      "10:58:29",
      "11:13:49",
      "11:28:18",
      "11:43:52",
      "11:58:39",
      "12:14:17",
      "12:28:53",
      "12:44:39",
      "13:00:05",
      "13:14:58",
      "13:29:31",
      "13:44:24",
      "13:59:43",
      "14:15:24",
      "14:30:08",
      "14:45:54",
      "15:01:37",
      "15:15:50",
      "15:31:03",
      "15:45:21",
      "16:00:46",
      "16:16:32",
      "16:31:04",
      "16:46:38",
      "17:01:20",
      "17:16:37",
      "17:31:25",
      "17:45:45",
      "18:00:07",
      "18:15:25",
      "18:30:47",
      "18:45:12",
      "19:00:53",
      "19:15:10",
      "19:30:40",
      "19:46:15",
      "20:01:51",
      "20:17:17",
      "20:32:49",
      "20:47:08",
      "21:01:24",
      "21:16:49",
      "21:32:05",
      "21:47:06",
      "22:02:20"
    ],
    "board": [
      13,
      10,
      2,
      7,
      7,
      6,
      8,
      8,
      1,
      5,
      2,
      2,
      2,
      12,
      8,
      3,
      2,
      6,
      1,
      13,
      3,
      2,
      11,
      13,
      12,
      2,
      5,
      6,
      3,
      3,
      7,
      5,
      0,
      1,
      14,
      0,
      7,
      6,
      3,
      6,
      4,
      15,
      6,
      2,
      8,
      3,
      10,
      12,
      12,
      6,
      15,
      6,
      14,
      9,
      4,
      14,
      0,
      10,
      14,
      2,
      10,
      9,
      12,
      1
    ],
    "alight": [
      4,
      11,
      10,
      0,
      4,
      0,
      0,
      14,
      11,
      8,
      3,
      7,
      6,
      11,
      8,
      9,
      7,
      15,
      1,
      14,
      5,
      5,
      6,
      9,
      5,
      8,
      13,
      0,
      1,
      13,
      10,
      5,
      6,
      8,
      6,
      10,
      3,
      8,
      5,
      11,
      2,
      6,
      13,
      9,
      9,
      13,
      15,
      6,
      5,
      13,
      2,
      6,
      9,
      5,
      13,
      4,
      13,
      11,
      13,
      15,
      14,
      9,
      9,
      1
    ]
  },
  "亿成石业": {
    "time": [
      "06:15:07",
      "06:30:22",
      "06:44:43",
      "06:58:57",
      "07:13:45",
      "07:27:59",
      "07:43:24",
      "07:57:45",
      "08:12:08",
      "08:27:29",
      "08:42:13",
      "08:57:18",
      "09:12:38",
      "09:27:58",
      "09:42:42",
      "09:57:48",
      "10:13:38",
      "10:28:54",
      "10:43:41",
      "10:58:29",
      "11:13:49",
      "11:28:18",
      "11:43:52",
      "11:58:39",
      "12:14:17",
      "12:28:53",
      "12:44:39",
      "13:00:05",
      "13:14:58",
      "13:29:31",
      "13:44:24",
      "13:59:43",
      "14:15:24",
      "14:30:08",
      "14:45:54",
      "15:01:37",
      "15:15:50",
      "15:31:03",
      "15:45:21",
      "16:00:46",
      "16:16:32",
      "16:31:04",
      "16:46:38",
      "17:01:20",
      "17:16:37",
      "17:31:25",
      "17:45:45",
      "18:00:07",
      "18:15:25",
      "18:30:47",
      "18:45:12",
      "19:00:53",
      "19:15:10",
      "19:30:40",
      "19:46:15",
      "20:01:51",
      "20:17:17",
      "20:32:49",
      "20:47:08",
      "21:01:24",
      "21:16:49",
      "21:32:05",
      "21:47:06",
      "22:02:20"
    ],
    "board": [
      15,
      3,
      14,
      3,
      1,
      3,
      15,
      13,
      10,
      11,
      13,
      15,
      4,
      8,
      8,
      7,
      13,
      13,
      10,
      8,
      13,
      7,
      9,
      9,
      9,
      15,
      12,
      10,
      14,
      2,
      8,
      0,
      5,
      0,
      1,
      9,
      1,
      3,
      0,
      9,
      9,
      10,
      9,
      12,
      15,
      15,
      11,
      2,
      3,
      7,
      1,
      10,
      1,
      5,
      10,
      8,
      9,
      12,
      6,
      13,
      3,
      15,
      1,
      13
    ],
    "alight": [
      1,
      8,
      14,
      14,
      14,
      1,
      11,
      2,
      5,
      15,
      10,
      8,
      4,
      4,
      12,
      14,
      9,
      13,
      0,
      9,
      10,
      2,
      2,
      14,
      6,
      12,
      13,
      2,
      5,
      14,
      13,
      12,
      13,
      3,
      5,
      9,
      11,
      1,
      3,
      2,
      3,
      7,
      11,
      0,
      5,
      2,
      1,
      12,
      8,
      2,
      4,
      10,
      6,
      9,
      8,
      6,
      8,
      3,
      12,
      6,
      0,
      14,
      5,
      1
    ]
  },
  "天豪·智能大酒店(贵阳花溪合朋店)": {
    "time": [
      "06:15:07",
      "06:30:22",
      "06:44:43",
      "06:58:57",
      "07:13:45",
      "07:27:59",
      "07:43:24",
      "07:57:45",
      "08:12:08",
      "08:27:29",
      "08:42:13",
      "08:57:18",
      "09:12:38",
      "09:27:58",
      "09:42:42",
      "09:57:48",
      "10:13:38",
      "10:28:54",
      "10:43:41",
      "10:58:29",
      "11:13:49",
      "11:28:18",
      "11:43:52",
      "11:58:39",
      "12:14:17",
      "12:28:53",
      "12:44:39",
      "13:00:05",
      "13:14:58",
      "13:29:31",
      "13:44:24",
      "13:59:43",
      "14:15:24",
      "14:30:08",
      "14:45:54",
      "15:01:37",
      "15:15:50",
      "15:31:03",
      "15:45:21",
      "16:00:46",
      "16:16:32",
      "16:31:04",
      "16:46:38",
      "17:01:20",
      "17:16:37",
      "17:31:25",
      "17:45:45",
      "18:00:07",
      "18:15:25",
      "18:30:47",
      "18:45:12",
      "19:00:53",
      "19:15:10",
      "19:30:40",
      "19:46:15",
      "20:01:51",
      "20:17:17",
      "20:32:49",
      "20:47:08",
      "21:01:24",
      "21:16:49",
      "21:32:05",
      "21:47:06",
      "22:02:20"
    ],
    "board": [
      14,
      4,
      7,
      12,
      5,
      14,
      8,
      11,
      11,
      10,
      10,
      6,
      2,
      9,
      7,
      9,
      14,
      9,
      6,
      0,
      5,
      2,
      13,
      2,
      2,
      2,
      13,
      2,
      8,
      14,
      5,
      9,
      15,
      14,
      5,
      12,
      4,
      6,
      15,
      5,
      11,
      15,
      8,
      11,
      11,
      11,
      12,
      9,
      2,
      9,
      2,
      6,
      12,
      8,
      2,
      7,
      3,
      14,
      8,
      10,
      4,
      1,
      10,
      2
    ],
    "alight": [
      8,
      11,
      15,
      0,
      14,
      5,
      10,
      7,
      9,
      1,
      8,
      14,
      4,
      7,
      15,
      5,
      3,
      12,
      10,
      12,
      14,
      2,
      7,
      10,
      3,
      2,
      5,
      1,
      0,
      6,
      4,
      0,
      11,
      12,
      5,
      8,
      14,
      6,
      9,
      5,
      10,
      2,
      8,
      5,
      9,
      13,
      13,
      10,
      14,
      10,
      5,
      4,
      13,
      14,
      12,
      0,
      7,
      1,
      13,
      5,
      6,
      7,
      0,
      1
    ]
  },
  "贵州东方驾校科目二训练场": {
    "time": [
      "06:15:07",
      "06:30:22",
      "06:44:43",
      "06:58:57",
      "07:13:45",
      "07:27:59",
      "07:43:24",
      "07:57:45",
      "08:12:08",
      "08:27:29",
      "08:42:13",
      "08:57:18",
      "09:12:38",
      "09:27:58",
      "09:42:42",
      "09:57:48",
      "10:13:38",
      "10:28:54",
      "10:43:41",
      "10:58:29",
      "11:13:49",
      "11:28:18",
      "11:43:52",
      "11:58:39",
      "12:14:17",
      "12:28:53",
      "12:44:39",
      "13:00:05",
      "13:14:58",
      "13:29:31",
      "13:44:24",
      "13:59:43",
      "14:15:24",
      "14:30:08",
      "14:45:54",
      "15:01:37",
      "15:15:50",
      "15:31:03",
      "15:45:21",
      "16:00:46",
      "16:16:32",
      "16:31:04",
      "16:46:38",
      "17:01:20",
      "17:16:37",
      "17:31:25",
      "17:45:45",
      "18:00:07",
      "18:15:25",
      "18:30:47",
      "18:45:12",
      "19:00:53",
      "19:15:10",
      "19:30:40",
      "19:46:15",
      "20:01:51",
      "20:17:17",
      "20:32:49",
      "20:47:08",
      "21:01:24",
      "21:16:49",
      "21:32:05",
      "21:47:06",
      "22:02:20"
    ],
    "board": [
      6,
      3,
      10,
      9,
      0,
      5,
      14,
      8,
      6,
      14,
      4,
      11,
      15,
      10,
      6,
      1,
      10,
      6,
      12,
      8,
      8,
      6,
      6,
      2,
      5,
      10,
      2,
      7,
      10,
      13,
      5,
      15,
      10,
      5,
      3,
      3,
      2,
      0,
      4,
      5,
      5,
      12,
      5,
      0,
      12,
      13,
      13,
      8,
      15,
      4,
      8,
      0,
      0,
      2,
      10,
      11,
      9,
      7,
      8,
      7,
      1,
      3,
      0,
      4
    ],
    "alight": [
      1,
      4,
      4,
      15,
      0,
      11,
      0,
      6,
      11,
      10,
      4,
      7,
      0,
      0,
      7,
      10,
      1,
      4,
      4,
      10,
      1,
      1,
      11,
      9,
      14,
      9,
      5,
      5,
      9,
      1,
      15,
      2,
      0,
      5,
      6,
      15,
      2,
      4,
      6,
      6,
      0,
      3,
      12,
      4,
      15,
      12,
      11,
      7,
      10,
      6,
      4,
      4,
      9,
      13,
      15,
      10,
      7,
      6,
      15,
      10,
      10,
      15,
      14,
      8
    ]
  },
  "富红家具厂": {
    "time": [
      "06:15:07",
      "06:30:22",
      "06:44:43",
      "06:58:57",
      "07:13:45",
      "07:27:59",
      "07:43:24",
      "07:57:45",
      "08:12:08",
      "08:27:29",
      "08:42:13",
      "08:57:18",
      "09:12:38",
      "09:27:58",
      "09:42:42",
      "09:57:48",
      "10:13:38",
      "10:28:54",
      "10:43:41",
      "10:58:29",
      "11:13:49",
      "11:28:18",
      "11:43:52",
      "11:58:39",
      "12:14:17",
      "12:28:53",
      "12:44:39",
      "13:00:05",
      "13:14:58",
      "13:29:31",
      "13:44:24",
      "13:59:43",
      "14:15:24",
      "14:30:08",
      "14:45:54",
      "15:01:37",
      "15:15:50",
      "15:31:03",
      "15:45:21",
      "16:00:46",
      "16:16:32",
      "16:31:04",
      "16:46:38",
      "17:01:20",
      "17:16:37",
      "17:31:25",
      "17:45:45",
      "18:00:07",
      "18:15:25",
      "18:30:47",
      "18:45:12",
      "19:00:53",
      "19:15:10",
      "19:30:40",
      "19:46:15",
      "20:01:51",
      "20:17:17",
      "20:32:49",
      "20:47:08",
      "21:01:24",
      "21:16:49",
      "21:32:05",
      "21:47:06",
      "22:02:20"
    ],
    "board": [
      0,
      6,
      5,
      10,
      11,
      2,
      15,
      12,
      4,
      10,
      7,
      15,
      1,
      8,
      6,
      5,
      10,
      2,
      13,
      13,
      4,
      7,
      1,
      8,
      4,
      6,
      2,
      9,
      5,
      1,
      9,
      15,
      8,
      8,
      9,
      8,
      3,
      12,
      7,
      2,
      3,
      11,
      10,
      13,
      9,
      5,
      2,
      10,
      15,
      7,
      9,
      3,
      9,
      9,
      14,
      15,
      15,
      9,
      10,
      6,
      10,
      13,
      6,
      3
    ],
    "alight": [
      7,
      12,
      3,
      13,
      8,
      9,
      11,
      8,
      14,
      0,
      0,
      5,
      10,
      11,
      5,
      1,
      4,
      15,
      15,
      6,
      13,
      10,
      15,
      15,
      3,
      6,
      12,
      15,
      7,
      14,
      13,
      6,
      2,
      8,
      11,
      12,
      1,
      3,
      12,
      4,
      4,
      7,
      8,
      13,
      12,
      4,
      3,
      7,
      3,
      9,
      2,
      6,
      11,
      0,
      11,
      14,
      11,
      1,
      12,
      5,
      8,
      10,
      15,
      11
    ]
  },
  "贵州省农科院附属中学": {
    "time": [
      "06:15:07",
      "06:30:22",
      "06:44:43",
      "06:58:57",
      "07:13:45",
      "07:27:59",
      "07:43:24",
      "07:57:45",
      "08:12:08",
      "08:27:29",
      "08:42:13",
      "08:57:18",
      "09:12:38",
      "09:27:58",
      "09:42:42",
      "09:57:48",
      "10:13:38",
      "10:28:54",
      "10:43:41",
      "10:58:29",
      "11:13:49",
      "11:28:18",
      "11:43:52",
      "11:58:39",
      "12:14:17",
      "12:28:53",
      "12:44:39",
      "13:00:05",
      "13:14:58",
      "13:29:31",
      "13:44:24",
      "13:59:43",
      "14:15:24",
      "14:30:08",
      "14:45:54",
      "15:01:37",
      "15:15:50",
      "15:31:03",
      "15:45:21",
      "16:00:46",
      "16:16:32",
      "16:31:04",
      "16:46:38",
      "17:01:20",
      "17:16:37",
      "17:31:25",
      "17:45:45",
      "18:00:07",
      "18:15:25",
      "18:30:47",
      "18:45:12",
      "19:00:53",
      "19:15:10",
      "19:30:40",
      "19:46:15",
      "20:01:51",
      "20:17:17",
      "20:32:49",
      "20:47:08",
      "21:01:24",
      "21:16:49",
      "21:32:05",
      "21:47:06",
      "22:02:20"
    ],
    "board": [
      2,
      11,
      9,
      0,
      0,
      1,
      12,
      4,
      8,
      8,
      0,
      14,
      13,
      12,
      9,
      3,
      7,
      7,
      14,
      8,
      11,
      6,
      1,
      15,
      8,
      0,
      8,
      3,
      7,
      2,
      1,
      0,
      6,
      4,
      6,
      1,
      9,
      14,
      0,
      9,
      4,
      13,
      8,
      9,
      13,
      15,
      8,
      0,
      0,
      15,
      1,
      3,
      0,
      6,
      4,
      3,
      7,
      3,
      10,
      4,
      1,
      11,
      1,
      12
    ],
    "alight": [
      2,
      7,
      11,
      6,
      10,
      5,
      13,
      9,
      14,
      1,
      3,
      4,
      4,
      9,
      13,
      13,
      3,
      7,
      6,
      6,
      10,
      6,
      11,
      14,
      11,
      10,
      13,
      3,
      7,
      13,
      12,
      0,
      11,
      15,
      4,
      13,
      12,
      15,
      12,
      8,
      7,
      5,
      3,
      4,
      4,
      8,
      8,
      3,
      7,
      8,
      3,
      14,
      15,
      1,
      6,
      4,
      11,
      7,
      10,
      13,
      8,
      13,
      9,
      3
    ]
  },
  "贵州省农科院研究生公寓": {
    "time": [
      "06:15:07",
      "06:30:22",
      "06:44:43",
      "06:58:57",
      "07:13:45",
      "07:27:59",
      "07:43:24",
      "07:57:45",
      "08:12:08",
      "08:27:29",
      "08:42:13",
      "08:57:18",
      "09:12:38",
      "09:27:58",
      "09:42:42",
      "09:57:48",
      "10:13:38",
      "10:28:54",
      "10:43:41",
      "10:58:29",
      "11:13:49",
      "11:28:18",
      "11:43:52",
      "11:58:39",
      "12:14:17",
      "12:28:53",
      "12:44:39",
      "13:00:05",
      "13:14:58",
      "13:29:31",
      "13:44:24",
      "13:59:43",
      "14:15:24",
      "14:30:08",
      "14:45:54",
      "15:01:37",
      "15:15:50",
      "15:31:03",
      "15:45:21",
      "16:00:46",
      "16:16:32",
      "16:31:04",
      "16:46:38",
      "17:01:20",
      "17:16:37",
      "17:31:25",
      "17:45:45",
      "18:00:07",
      "18:15:25",
      "18:30:47",
      "18:45:12",
      "19:00:53",
      "19:15:10",
      "19:30:40",
      "19:46:15",
      "20:01:51",
      "20:17:17",
      "20:32:49",
      "20:47:08",
      "21:01:24",
      "21:16:49",
      "21:32:05",
      "21:47:06",
      "22:02:20"
    ],
    "board": [
      11,
      10,
      5,
      14,
      9,
      3,
      8,
      2,
      7,
      6,
      3,
      9,
      5,
      4,
      1,
      7,
      6,
      1,
      0,
      11,
      6,
      5,
      7,
      1,
      5,
      12,
      14,
      8,
      6,
      4,
      9,
      13,
      8,
      8,
      12,
      4,
      1,
      3,
      14,
      5,
      0,
      9,
      14,
      5,
      15,
      9,
      9,
      14,
      2,
      8,
      11,
      12,
      11,
      13,
      15,
      11,
      5,
      15,
      10,
      7,
      11,
      1,
      9,
      4
    ],
    "alight": [
      3,
      7,
      14,
      3,
      9,
      2,
      9,
      2,
      4,
      12,
      4,
      6,
      12,
      12,
      4,
      3,
      7,
      3,
      13,
      11,
      6,
      9,
      4,
      15,
      2,
      12,
      15,
      9,
      12,
      4,
      15,
      6,
      2,
      11,
      4,
      10,
      3,
      13,
      2,
      15,
      4,
      3,
      15,
      9,
      0,
      1,
      0,
      5,
      7,
      8,
      1,
      5,
      4,
      14,
      3,
      2,
      11,
      10,
      11,
      4,
      12,
      7,
      1,
      12
    ]
  },
  "新新世纪工程机械专业技术培训有限责任公司": {
    "time": [
      "06:15:07",
      "06:30:22",
      "06:44:43",
      "06:58:57",
      "07:13:45",
      "07:27:59",
      "07:43:24",
      "07:57:45",
      "08:12:08",
      "08:27:29",
      "08:42:13",
      "08:57:18",
      "09:12:38",
      "09:27:58",
      "09:42:42",
      "09:57:48",
      "10:13:38",
      "10:28:54",
      "10:43:41",
      "10:58:29",
      "11:13:49",
      "11:28:18",
      "11:43:52",
      "11:58:39",
      "12:14:17",
      "12:28:53",
      "12:44:39",
      "13:00:05",
      "13:14:58",
      "13:29:31",
      "13:44:24",
      "13:59:43",
      "14:15:24",
      "14:30:08",
      "14:45:54",
      "15:01:37",
      "15:15:50",
      "15:31:03",
      "15:45:21",
      "16:00:46",
      "16:16:32",
      "16:31:04",
      "16:46:38",
      "17:01:20",
      "17:16:37",
      "17:31:25",
      "17:45:45",
      "18:00:07",
      "18:15:25",
      "18:30:47",
      "18:45:12",
      "19:00:53",
      "19:15:10",
      "19:30:40",
      "19:46:15",
      "20:01:51",
      "20:17:17",
      "20:32:49",
      "20:47:08",
      "21:01:24",
      "21:16:49",
      "21:32:05",
      "21:47:06",
      "22:02:20"
    ],
    "board": [
      14,
      0,
      4,
      10,
      5,
      1,
      2,
      15,
      0,
      0,
      5,
      10,
      7,
      9,
      0,
      4,
      1,
      1,
      4,
      15,
      1,
      4,
      4,
      12,
      3,
      2,
      10,
      12,
      1,
      3,
      8,
      7,
      8,
      15,
      15,
      4,
      4,
      13,
      5,
      8,
      6,
      2,
      10,
      1,
      13,
      11,
      0,
      5,
      3,
      9,
      11,
      9,
      14,
      7,
      5,
      0,
      5,
      0,
      11,
      4,
      11,
      13,
      8,
      6
    ],
    "alight": [
      13,
      13,
      8,
      3,
      6,
      13,
      10,
      14,
      13,
      12,
      15,
      10,
      2,
      12,
      3,
      10,
      9,
      3,
      9,
      11,
      9,
      6,
      0,
      6,
      1,
      1,
      8,
      15,
      13,
      13,
      5,
      10,
      4,
      3,
      7,
      7,
      10,
      7,
      7,
      14,
      11,
      13,
      6,
      0,
      2,
      2,
      13,
      2,
      11,
      1,
      9,
      10,
      15,
      2,
      4,
      12,
      15,
      12,
      6,
      2,
      3,
      13,
      7,
      6
    ]
  },
  "二十六号屋顶自助烧烤": {
    "time": [
      "06:15:07",
      "06:30:22",
      "06:44:43",
      "06:58:57",
      "07:13:45",
      "07:27:59",
      "07:43:24",
      "07:57:45",
      "08:12:08",
      "08:27:29",
      "08:42:13",
      "08:57:18",
      "09:12:38",
      "09:27:58",
      "09:42:42",
      "09:57:48",
      "10:13:38",
      "10:28:54",
      "10:43:41",
      "10:58:29",
      "11:13:49",
      "11:28:18",
      "11:43:52",
      "11:58:39",
      "12:14:17",
      "12:28:53",
      "12:44:39",
      "13:00:05",
      "13:14:58",
      "13:29:31",
      "13:44:24",
      "13:59:43",
      "14:15:24",
      "14:30:08",
      "14:45:54",
      "15:01:37",
      "15:15:50",
      "15:31:03",
      "15:45:21",
      "16:00:46",
      "16:16:32",
      "16:31:04",
      "16:46:38",
      "17:01:20",
      "17:16:37",
      "17:31:25",
      "17:45:45",
      "18:00:07",
      "18:15:25",
      "18:30:47",
      "18:45:12",
      "19:00:53",
      "19:15:10",
      "19:30:40",
      "19:46:15",
      "20:01:51",
      "20:17:17",
      "20:32:49",
      "20:47:08",
      "21:01:24",
      "21:16:49",
      "21:32:05",
      "21:47:06",
      "22:02:20"
    ],
    "board": [
      2,
      14,
      10,
      6,
      7,
      12,
      10,
      0,
      1,
      4,
      13,
      9,
      11,
      15,
      8,
      14,
      2,
      8,
      1,
      0,
      8,
      11,
      14,
      5,
      12,
      6,
      2,
      2,
      5,
      1,
      12,
      2,
      1,
      5,
      4,
      11,
      15,
      1,
      2,
      11,
      7,
      14,
      14,
      7,
      4,
      10,
      11,
      5,
      13,
      7,
      7,
      0,
      15,
      11,
      13,
      10,
      9,
      3,
      5,
      14,
      4,
      3,
      8,
      9
    ],
    "alight": [
      13,
      13,
      11,
      8,
      15,
      5,
      14,
      0,
      9,
      3,
      6,
      14,
      1,
      8,
      5,
      3,
      4,
      5,
      8,
      9,
      10,
      0,
      7,
      6,
      1,
      10,
      0,
      4,
      9,
      7,
      4,
      0,
      9,
      1,
      4,
      11,
      6,
      5,
      0,
      12,
      12,
      5,
      5,
      14,
      3,
      7,
      14,
      3,
      0,
      6,
      15,
      15,
      10,
      10,
      15,
      5,
      3,
      11,
      0,
      1,
      0,
      10,
      15,
      12
    ]
  },
  "小车河路": {
    "time": [
      "06:15:07",
      "06:30:22",
      "06:44:43",
      "06:58:57",
      "07:13:45",
      "07:27:59",
      "07:43:24",
      "07:57:45",
      "08:12:08",
      "08:27:29",
      "08:42:13",
      "08:57:18",
      "09:12:38",
      "09:27:58",
      "09:42:42",
      "09:57:48",
      "10:13:38",
      "10:28:54",
      "10:43:41",
      "10:58:29",
      "11:13:49",
      "11:28:18",
      "11:43:52",
      "11:58:39",
      "12:14:17",
      "12:28:53",
      "12:44:39",
      "13:00:05",
      "13:14:58",
      "13:29:31",
      "13:44:24",
      "13:59:43",
      "14:15:24",
      "14:30:08",
      "14:45:54",
      "15:01:37",
      "15:15:50",
      "15:31:03",
      "15:45:21",
      "16:00:46",
      "16:16:32",
      "16:31:04",
      "16:46:38",
      "17:01:20",
      "17:16:37",
      "17:31:25",
      "17:45:45",
      "18:00:07",
      "18:15:25",
      "18:30:47",
      "18:45:12",
      "19:00:53",
      "19:15:10",
      "19:30:40",
      "19:46:15",
      "20:01:51",
      "20:17:17",
      "20:32:49",
      "20:47:08",
      "21:01:24",
      "21:16:49",
      "21:32:05",
      "21:47:06",
      "22:02:20"
    ],
    "board": [
      8,
      11,
      12,
      12,
      1,
      7,
      4,
      6,
      15,
      0,
      3,
      12,
      15,
      4,
      14,
      3,
      3,
      1,
      8,
      2,
      12,
      4,
      15,
      15,
      1,
      6,
      8,
      12,
      1,
      3,
      3,
      0,
      9,
      6,
      15,
      13,
      15,
      5,
      5,
      10,
      1,
      0,
      13,
      7,
      6,
      5,
      8,
      6,
      11,
      14,
      8,
      0,
      8,
      14,
      9,
      4,
      2,
      12,
      5,
      2,
      9,
      0,
      6,
      13
    ],
    "alight": [
      0,
      15,
      3,
      15,
      10,
      9,
      1,
      9,
      11,
      13,
      0,
      5,
      9,
      5,
      11,
      10,
      2,
      15,
      4,
      9,
      14,
      8,
      6,
      3,
      15,
      5,
      11,
      7,
      11,
      15,
      1,
      10,
      4,
      12,
      7,
      11,
      15,
      11,
      0,
      3,
      7,
      7,
      3,
      15,
      11,
      4,
      11,
      6,
      7,
      11,
      3,
      7,
      4,
      2,
      3,
      14,
      15,
      15,
      3,
      1,
      4,
      13,
      4,
      13
    ]
  },
  "耳语悦心": {
    "time": [
      "06:15:07",
      "06:30:22",
      "06:44:43",
      "06:58:57",
      "07:13:45",
      "07:27:59",
      "07:43:24",
      "07:57:45",
      "08:12:08",
      "08:27:29",
      "08:42:13",
      "08:57:18",
      "09:12:38",
      "09:27:58",
      "09:42:42",
      "09:57:48",
      "10:13:38",
      "10:28:54",
      "10:43:41",
      "10:58:29",
      "11:13:49",
      "11:28:18",
      "11:43:52",
      "11:58:39",
      "12:14:17",
      "12:28:53",
      "12:44:39",
      "13:00:05",
      "13:14:58",
      "13:29:31",
      "13:44:24",
      "13:59:43",
      "14:15:24",
      "14:30:08",
      "14:45:54",
      "15:01:37",
      "15:15:50",
      "15:31:03",
      "15:45:21",
      "16:00:46",
      "16:16:32",
      "16:31:04",
      "16:46:38",
      "17:01:20",
      "17:16:37",
      "17:31:25",
      "17:45:45",
      "18:00:07",
      "18:15:25",
      "18:30:47",
      "18:45:12",
      "19:00:53",
      "19:15:10",
      "19:30:40",
      "19:46:15",
      "20:01:51",
      "20:17:17",
      "20:32:49",
      "20:47:08",
      "21:01:24",
      "21:16:49",
      "21:32:05",
      "21:47:06",
      "22:02:20"
    ],
    "board": [
      5,
      0,
      2,
      2,
      6,
      9,
      10,
      14,
      12,
      10,
      12,
      7,
      13,
      4,
      14,
      7,
      11,
      5,
      7,
      15,
      10,
      6,
      0,
      6,
      8,
      1,
      12,
      9,
      11,
      10,
      15,
      13,
      15,
      3,
      10,
      13,
      0,
      0,
      12,
      8,
      11,
      5,
      0,
      0,
      0,
      13,
      2,
      0,
      15,
      3,
      9,
      15,
      2,
      14,
      5,
      8,
      9,
      14,
      14,
      1,
      11,
      14,
      13,
      7
    ],
    "alight": [
      1,
      10,
      14,
      11,
      6,
      11,
      13,
      9,
      8,
      12,
      11,
      7,
      2,
      3,
      9,
      11,
      9,
      1,
      9,
      3,
      8,
      15,
      10,
      7,
      6,
      2,
      2,
      6,
      7,
      0,
      3,
      5,
      10,
      4,
      8,
      8,
      12,
      10,
      10,
      2,
      13,
      7,
      3,
      5,
      3,
      5,
      12,
      9,
      2,
      7,
      3,
      15,
      6,
      6,
      6,
      9,
      11,
      10,
      9,
      5,
      10,
      11,
      6,
      11
    ]
  },
  "栖凤路": {
    "time": [
      "06:15:07",
      "06:30:22",
      "06:44:43",
      "06:58:57",
      "07:13:45",
      "07:27:59",
      "07:43:24",
      "07:57:45",
      "08:12:08",
      "08:27:29",
      "08:42:13",
      "08:57:18",
      "09:12:38",
      "09:27:58",
      "09:42:42",
      "09:57:48",
      "10:13:38",
      "10:28:54",
      "10:43:41",
      "10:58:29",
      "11:13:49",
      "11:28:18",
      "11:43:52",
      "11:58:39",
      "12:14:17",
      "12:28:53",
      "12:44:39",
      "13:00:05",
      "13:14:58",
      "13:29:31",
      "13:44:24",
      "13:59:43",
      "14:15:24",
      "14:30:08",
      "14:45:54",
      "15:01:37",
      "15:15:50",
      "15:31:03",
      "15:45:21",
      "16:00:46",
      "16:16:32",
      "16:31:04",
      "16:46:38",
      "17:01:20",
      "17:16:37",
      "17:31:25",
      "17:45:45",
      "18:00:07",
      "18:15:25",
      "18:30:47",
      "18:45:12",
      "19:00:53",
      "19:15:10",
      "19:30:40",
      "19:46:15",
      "20:01:51",
      "20:17:17",
      "20:32:49",
      "20:47:08",
      "21:01:24",
      "21:16:49",
      "21:32:05",
      "21:47:06",
      "22:02:20"
    ],
    "board": [
      2,
      5,
      9,
      14,
      13,
      10,
      4,
      11,
      2,
      8,
      11,
      13,
      6,
      2,
      8,
      2,
      13,
      9,
      11,
      14,
      8,
      15,
      11,
      13,
      8,
      2,
      15,
      13,
      12,
      8,
      3,
      12,
      1,
      10,
      10,
      15,
      6,
      3,
      10,
      11,
      5,
      10,
      3,
      9,
      3,
      13,
      1,
      14,
      11,
      14,
      8,
      4,
      2,
      5,
      4,
      12,
      1,
      5,
      7,
      8,
      1,
      13,
      0,
      10
    ],
    "alight": [
      7,
      15,
      14,
      9,
      13,
      10,
      2,
      14,
      2,
      8,
      8,
      1,
      1,
      4,
      5,
      1,
      6,
      11,
      6,
      7,
      13,
      12,
      15,
      1,
      3,
      5,
      0,
      14,
      12,
      0,
      14,
      6,
      15,
      14,
      2,
      6,
      5,
      7,
      14,
      7,
      14,
      15,
      9,
      6,
      13,
      8,
      12,
      13,
      15,
      1,
      1,
      0,
      0,
      4,
      3,
      2,
      13,
      11,
      11,
      7,
      14,
      7,
      4,
      4
    ]
  },
  "云岩蔡家关社区卫生服务站": {
    "time": [
      "06:15:07",
      "06:30:22",
      "06:44:43",
      "06:58:57",
      "07:13:45",
      "07:27:59",
      "07:43:24",
      "07:57:45",
      "08:12:08",
      "08:27:29",
      "08:42:13",
      "08:57:18",
      "09:12:38",
      "09:27:58",
      "09:42:42",
      "09:57:48",
      "10:13:38",
      "10:28:54",
      "10:43:41",
      "10:58:29",
      "11:13:49",
      "11:28:18",
      "11:43:52",
      "11:58:39",
      "12:14:17",
      "12:28:53",
      "12:44:39",
      "13:00:05",
      "13:14:58",
      "13:29:31",
      "13:44:24",
      "13:59:43",
      "14:15:24",
      "14:30:08",
      "14:45:54",
      "15:01:37",
      "15:15:50",
      "15:31:03",
      "15:45:21",
      "16:00:46",
      "16:16:32",
      "16:31:04",
      "16:46:38",
      "17:01:20",
      "17:16:37",
      "17:31:25",
      "17:45:45",
      "18:00:07",
      "18:15:25",
      "18:30:47",
      "18:45:12",
      "19:00:53",
      "19:15:10",
      "19:30:40",
      "19:46:15",
      "20:01:51",
      "20:17:17",
      "20:32:49",
      "20:47:08",
      "21:01:24",
      "21:16:49",
      "21:32:05",
      "21:47:06",
      "22:02:20"
    ],
    "board": [
      11,
      9,
      6,
      5,
      13,
      12,
      9,
      2,
      12,
      11,
      11,
      3,
      12,
      9,
      8,
      11,
      9,
      0,
      11,
      0,
      10,
      4,
      12,
      12,
      13,
      11,
      1,
      14,
      6,
      4,
      12,
      12,
      14,
      9,
      2,
      13,
      6,
      0,
      8,
      4,
      2,
      5,
      9,
      5,
      10,
      10,
      12,
      6,
      9,
      3,
      14,
      7,
      8,
      9,
      0,
      11,
      12,
      6,
      2,
      2,
      15,
      9,
      6,
      13
    ],
    "alight": [
      13,
      15,
      12,
      5,
      4,
      15,
      9,
      1,
      15,
      3,
      6,
      11,
      11,
      13,
      1,
      7,
      11,
      11,
      9,
      2,
      9,
      5,
      12,
      11,
      7,
      10,
      12,
      9,
      5,
      1,
      13,
      5,
      3,
      12,
      4,
      1,
      7,
      2,
      15,
      0,
      5,
      1,
      12,
      1,
      9,
      0,
      2,
      11,
      6,
      12,
      14,
      9,
      15,
      9,
      11,
      10,
      1,
      12,
      8,
      0,
      13,
      12,
      9,
      1
    ]
  },
  "兴隆枫丹白鹭城市花园-枫丹园": {
    "time": [
      "06:15:07",
      "06:30:22",
      "06:44:43",
      "06:58:57",
      "07:13:45",
      "07:27:59",
      "07:43:24",
      "07:57:45",
      "08:12:08",
      "08:27:29",
      "08:42:13",
      "08:57:18",
      "09:12:38",
      "09:27:58",
      "09:42:42",
      "09:57:48",
      "10:13:38",
      "10:28:54",
      "10:43:41",
      "10:58:29",
      "11:13:49",
      "11:28:18",
      "11:43:52",
      "11:58:39",
      "12:14:17",
      "12:28:53",
      "12:44:39",
      "13:00:05",
      "13:14:58",
      "13:29:31",
      "13:44:24",
      "13:59:43",
      "14:15:24",
      "14:30:08",
      "14:45:54",
      "15:01:37",
      "15:15:50",
      "15:31:03",
      "15:45:21",
      "16:00:46",
      "16:16:32",
      "16:31:04",
      "16:46:38",
      "17:01:20",
      "17:16:37",
      "17:31:25",
      "17:45:45",
      "18:00:07",
      "18:15:25",
      "18:30:47",
      "18:45:12",
      "19:00:53",
      "19:15:10",
      "19:30:40",
      "19:46:15",
      "20:01:51",
      "20:17:17",
      "20:32:49",
      "20:47:08",
      "21:01:24",
      "21:16:49",
      "21:32:05",
      "21:47:06",
      "22:02:20"
    ],
    "board": [
      11,
      5,
      6,
      11,
      11,
      13,
      0,
      9,
      4,
      5,
      5,
      15,
      9,
      12,
      11,
      1,
      8,
      9,
      7,
      14,
      7,
      12,
      9,
      8,
      2,
      10,
      0,
      12,
      10,
      2,
      8,
      4,
      10,
      1,
      14,
      13,
      8,
      3,
      5,
      15,
      4,
      3,
      4,
      13,
      9,
      2,
      15,
      0,
      4,
      11,
      5,
      14,
      15,
      13,
      3,
      6,
      1,
      2,
      12,
      8,
      10,
      0,
      10,
      2
    ],
    "alight": [
      6,
      0,
      6,
      10,
      11,
      3,
      15,
      9,
      4,
      0,
      2,
      9,
      7,
      10,
      7,
      15,
      14,
      9,
      8,
      8,
      13,
      0,
      2,
      3,
      4,
      13,
      1,
      1,
      0,
      5,
      15,
      3,
      11,
      11,
      1,
      14,
      11,
      10,
      1,
      15,
      6,
      7,
      10,
      4,
      8,
      5,
      0,
      5,
      15,
      9,
      7,
      0,
      13,
      7,
      4,
      3,
      12,
      13,
      9,
      5,
      1,
      1,
      3,
      14
    ]
  },
  "周记留一手烤鱼(三桥南路店)": {
    "time": [
      "06:15:07",
      "06:30:22",
      "06:44:43",
      "06:58:57",
      "07:13:45",
      "07:27:59",
      "07:43:24",
      "07:57:45",
      "08:12:08",
      "08:27:29",
      "08:42:13",
      "08:57:18",
      "09:12:38",
      "09:27:58",
      "09:42:42",
      "09:57:48",
      "10:13:38",
      "10:28:54",
      "10:43:41",
      "10:58:29",
      "11:13:49",
      "11:28:18",
      "11:43:52",
      "11:58:39",
      "12:14:17",
      "12:28:53",
      "12:44:39",
      "13:00:05",
      "13:14:58",
      "13:29:31",
      "13:44:24",
      "13:59:43",
      "14:15:24",
      "14:30:08",
      "14:45:54",
      "15:01:37",
      "15:15:50",
      "15:31:03",
      "15:45:21",
      "16:00:46",
      "16:16:32",
      "16:31:04",
      "16:46:38",
      "17:01:20",
      "17:16:37",
      "17:31:25",
      "17:45:45",
      "18:00:07",
      "18:15:25",
      "18:30:47",
      "18:45:12",
      "19:00:53",
      "19:15:10",
      "19:30:40",
      "19:46:15",
      "20:01:51",
      "20:17:17",
      "20:32:49",
      "20:47:08",
      "21:01:24",
      "21:16:49",
      "21:32:05",
      "21:47:06",
      "22:02:20"
    ],
    "board": [
      10,
      8,
      8,
      15,
      4,
      13,
      15,
      10,
      1,
      10,
      7,
      10,
      8,
      14,
      7,
      6,
      5,
      12,
      12,
      8,
      11,
      0,
      12,
      15,
      5,
      2,
      5,
      8,
      9,
      2,
      5,
      15,
      6,
      13,
      14,
      6,
      15,
      10,
      7,
      3,
      9,
      7,
      6,
      4,
      0,
      1,
      4,
      7,
      6,
      2,
      8,
      10,
      5,
      11,
      11,
      8,
      8,
      4,
      5,
      5,
      6,
      14,
      11,
      10
    ],
    "alight": [
      13,
      3,
      0,
      1,
      14,
      9,
      11,
      0,
      8,
      2,
      4,
      14,
      12,
      5,
      10,
      7,
      10,
      0,
      11,
      1,
      11,
      15,
      9,
      5,
      5,
      8,
      15,
      9,
      2,
      8,
      6,
      4,
      11,
      13,
      2,
      13,
      12,
      13,
      7,
      11,
      9,
      9,
      15,
      6,
      14,
      1,
      5,
      9,
      4,
      11,
      5,
      11,
      13,
      1,
      15,
      13,
      10,
      12,
      6,
      7,
      1,
      15,
      8,
      12
    ]
  },
  "秘招专治颈椎": {
    "time": [
      "06:15:07",
      "06:30:22",
      "06:44:43",
      "06:58:57",
      "07:13:45",
      "07:27:59",
      "07:43:24",
      "07:57:45",
      "08:12:08",
      "08:27:29",
      "08:42:13",
      "08:57:18",
      "09:12:38",
      "09:27:58",
      "09:42:42",
      "09:57:48",
      "10:13:38",
      "10:28:54",
      "10:43:41",
      "10:58:29",
      "11:13:49",
      "11:28:18",
      "11:43:52",
      "11:58:39",
      "12:14:17",
      "12:28:53",
      "12:44:39",
      "13:00:05",
      "13:14:58",
      "13:29:31",
      "13:44:24",
      "13:59:43",
      "14:15:24",
      "14:30:08",
      "14:45:54",
      "15:01:37",
      "15:15:50",
      "15:31:03",
      "15:45:21",
      "16:00:46",
      "16:16:32",
      "16:31:04",
      "16:46:38",
      "17:01:20",
      "17:16:37",
      "17:31:25",
      "17:45:45",
      "18:00:07",
      "18:15:25",
      "18:30:47",
      "18:45:12",
      "19:00:53",
      "19:15:10",
      "19:30:40",
      "19:46:15",
      "20:01:51",
      "20:17:17",
      "20:32:49",
      "20:47:08",
      "21:01:24",
      "21:16:49",
      "21:32:05",
      "21:47:06",
      "22:02:20"
    ],
    "board": [
      2,
      6,
      5,
      4,
      3,
      7,
      15,
      4,
      8,
      5,
      14,
      0,
      7,
      14,
      1,
      4,
      11,
      8,
      12,
      2,
      13,
      14,
      9,
      6,
      4,
      13,
      5,
      8,
      11,
      9,
      14,
      1,
      8,
      13,
      7,
      0,
      0,
      5,
      11,
      6,
      12,
      9,
      4,
      2,
      1,
      11,
      4,
      9,
      14,
      13,
      6,
      4,
      8,
      10,
      3,
      5,
      15,
      6,
      11,
      4,
      15,
      8,
      10,
      3
    ],
    "alight": [
      13,
      7,
      6,
      0,
      6,
      5,
      7,
      14,
      13,
      12,
      4,
      6,
      11,
      10,
      8,
      4,
      1,
      14,
      7,
      12,
      5,
      3,
      9,
      11,
      12,
      10,
      15,
      0,
      0,
      3,
      8,
      15,
      12,
      15,
      15,
      1,
      15,
      2,
      5,
      5,
      6,
      4,
      2,
      15,
      7,
      5,
      5,
      5,
      4,
      7,
      6,
      3,
      0,
      12,
      9,
      11,
      7,
      12,
      13,
      3,
      2,
      7,
      1,
      4
    ]
  },
  "曹家岩廉租房": {
    "time": [
      "06:15:07",
      "06:30:22",
      "06:44:43",
      "06:58:57",
      "07:13:45",
      "07:27:59",
      "07:43:24",
      "07:57:45",
      "08:12:08",
      "08:27:29",
      "08:42:13",
      "08:57:18",
      "09:12:38",
      "09:27:58",
      "09:42:42",
      "09:57:48",
      "10:13:38",
      "10:28:54",
      "10:43:41",
      "10:58:29",
      "11:13:49",
      "11:28:18",
      "11:43:52",
      "11:58:39",
      "12:14:17",
      "12:28:53",
      "12:44:39",
      "13:00:05",
      "13:14:58",
      "13:29:31",
      "13:44:24",
      "13:59:43",
      "14:15:24",
      "14:30:08",
      "14:45:54",
      "15:01:37",
      "15:15:50",
      "15:31:03",
      "15:45:21",
      "16:00:46",
      "16:16:32",
      "16:31:04",
      "16:46:38",
      "17:01:20",
      "17:16:37",
      "17:31:25",
      "17:45:45",
      "18:00:07",
      "18:15:25",
      "18:30:47",
      "18:45:12",
      "19:00:53",
      "19:15:10",
      "19:30:40",
      "19:46:15",
      "20:01:51",
      "20:17:17",
      "20:32:49",
      "20:47:08",
      "21:01:24",
      "21:16:49",
      "21:32:05",
      "21:47:06",
      "22:02:20"
    ],
    "board": [
      0,
      0,
      0,
      0,
      0,
      0,
      5,
      0,
      0,
      0,
      0,
      0,
      0,
      0,
      0,
      0,
      0,
      0,
      0,
      0,
      0,
      1,
      0,
      0,
      0,
      0,
      0,
      0,
      0,
      0,
      0,
      0,
      2,
      0,
      0,
      0,
      0,
      0,
      0,
      0,
      0,
      0,
      0,
      0,
      0,
      0,
      0,
      0,
      0,
      0,
      0,
      0,
      0,
      0,
      0,
      0,
      0,
      0,
      0,
      0,
      0,
      0,
      0,
      0
    ],
    "alight": [
      11,
      4,
      12,
      11,
      14,
      11,
      7,
      3,
      14,
      11,
      0,
      14,
      12,
      6,
      9,
      9,
      7,
      0,
      12,
      15,
      9,
      14,
      9,
      2,
      7,
      13,
      12,
      4,
      15,
      4,
      3,
      6,
      11,
      11,
      10,
      7,
      13,
      0,
      2,
      9,
      13,
      8,
      7,
      5,
      2,
      11,
      15,
      15,
      11,
      9,
      4,
      13,
      9,
      9,
      13,
      8,
      6,
      15,
      0,
      13,
      6,
      15,
      15,
      11
    ]
  },
  "鹏博五金工具": {
    "time": [
      "06:15:07",
      "06:30:22",
      "06:44:43",
      "06:58:57",
      "07:13:45",
      "07:27:59",
      "07:43:24",
      "07:57:45",
      "08:12:08",
      "08:27:29",
      "08:42:13",
      "08:57:18",
      "09:12:38",
      "09:27:58",
      "09:42:42",
      "09:57:48",
      "10:13:38",
      "10:28:54",
      "10:43:41",
      "10:58:29",
      "11:13:49",
      "11:28:18",
      "11:43:52",
      "11:58:39",
      "12:14:17",
      "12:28:53",
      "12:44:39",
      "13:00:05",
      "13:14:58",
      "13:29:31",
      "13:44:24",
      "13:59:43",
      "14:15:24",
      "14:30:08",
      "14:45:54",
      "15:01:37",
      "15:15:50",
      "15:31:03",
      "15:45:21",
      "16:00:46",
      "16:16:32",
      "16:31:04",
      "16:46:38",
      "17:01:20",
      "17:16:37",
      "17:31:25",
      "17:45:45",
      "18:00:07",
      "18:15:25",
      "18:30:47",
      "18:45:12",
      "19:00:53",
      "19:15:10",
      "19:30:40",
      "19:46:15",
      "20:01:51",
      "20:17:17",
      "20:32:49",
      "20:47:08",
      "21:01:24",
      "21:16:49",
      "21:32:05",
      "21:47:06",
      "22:02:20"
    ],
    "board": [
      0,
      0,
      1,
      0,
      0,
      0,
      0,
      2,
      0,
      0,
      0,
      0,
      0,
      0,
      0,
      0,
      0,
      0,
      0,
      0,
      0,
      0,
      0,
      4,
      0,
      0,
      4,
      0,
      0,
      0,
      4,
      1,
      0,
      0,
      0,
      0,
      0,
      0,
      0,
      0,
      0,
      0,
      0,
      0,
      0,
      0,
      0,
      0,
      0,
      0,
      0,
      0,
      0,
      0,
      1,
      0,
      0,
      0,
      0,
      0,
      0,
      0,
      0,
      0
    ],
    "alight": [
      4,
      9,
      14,
      15,
      7,
      15,
      14,
      14,
      7,
      4,
      9,
      10,
      10,
      4,
      12,
      10,
      8,
      6,
      0,
      12,
      11,
      15,
      4,
      12,
      11,
      8,
      0,
      15,
      3,
      10,
      13,
      12,
      7,
      14,
      13,
      15,
      6,
      10,
      6,
      7,
      1,
      1,
      13,
      14,
      1,
      1,
      2,
      6,
      3,
      11,
      14,
      6,
      8,
      9,
      15,
      4,
      12,
      4,
      7,
      4,
      0,
      10,
      2,
      14
    ]
  },
  "但家香酥鸭(百花大道店)": {
    "time": [
      "06:15:07",
      "06:30:22",
      "06:44:43",
      "06:58:57",
      "07:13:45",
      "07:27:59",
      "07:43:24",
      "07:57:45",
      "08:12:08",
      "08:27:29",
      "08:42:13",
      "08:57:18",
      "09:12:38",
      "09:27:58",
      "09:42:42",
      "09:57:48",
      "10:13:38",
      "10:28:54",
      "10:43:41",
      "10:58:29",
      "11:13:49",
      "11:28:18",
      "11:43:52",
      "11:58:39",
      "12:14:17",
      "12:28:53",
      "12:44:39",
      "13:00:05",
      "13:14:58",
      "13:29:31",
      "13:44:24",
      "13:59:43",
      "14:15:24",
      "14:30:08",
      "14:45:54",
      "15:01:37",
      "15:15:50",
      "15:31:03",
      "15:45:21",
      "16:00:46",
      "16:16:32",
      "16:31:04",
      "16:46:38",
      "17:01:20",
      "17:16:37",
      "17:31:25",
      "17:45:45",
      "18:00:07",
      "18:15:25",
      "18:30:47",
      "18:45:12",
      "19:00:53",
      "19:15:10",
      "19:30:40",
      "19:46:15",
      "20:01:51",
      "20:17:17",
      "20:32:49",
      "20:47:08",
      "21:01:24",
      "21:16:49",
      "21:32:05",
      "21:47:06",
      "22:02:20"
    ],
    "board": [
      0,
      0,
      0,
      0,
      3,
      0,
      0,
      0,
      0,
      0,
      0,
      0,
      0,
      0,
      0,
      0,
      0,
      0,
      0,
      1,
      0,
      0,
      2,
      0,
      0,
      0,
      0,
      0,
      0,
      0,
      0,
      0,
      0,
      3,
      0,
      0,
      0,
      2,
      0,
      0,
      3,
      0,
      0,
      0,
      0,
      0,
      0,
      0,
      0,
      0,
      0,
      0,
      0,
      0,
      0,
      0,
      0,
      0,
      0,
      0,
      0,
      0,
      0,
      0
    ],
    "alight": [
      0,
      12,
      9,
      13,
      9,
      1,
      9,
      5,
      13,
      15,
      7,
      4,
      5,
      11,
      7,
      11,
      15,
      2,
      5,
      15,
      8,
      14,
      6,
      2,
      4,
      9,
      9,
      8,
      8,
      15,
      7,
      2,
      9,
      11,
      5,
      5,
      4,
      11,
      7,
      12,
      10,
      9,
      1,
      1,
      4,
      7,
      1,
      13,
      9,
      14,
      6,
      2,
      12,
      12,
      8,
      5,
      4,
      3,
      12,
      3,
      2,
      9,
      7,
      13
    ]
  },
  "云岩公安分局金鸭派出所省广校警务室": {
    "time": [
      "06:15:07",
      "06:30:22",
      "06:44:43",
      "06:58:57",
      "07:13:45",
      "07:27:59",
      "07:43:24",
      "07:57:45",
      "08:12:08",
      "08:27:29",
      "08:42:13",
      "08:57:18",
      "09:12:38",
      "09:27:58",
      "09:42:42",
      "09:57:48",
      "10:13:38",
      "10:28:54",
      "10:43:41",
      "10:58:29",
      "11:13:49",
      "11:28:18",
      "11:43:52",
      "11:58:39",
      "12:14:17",
      "12:28:53",
      "12:44:39",
      "13:00:05",
      "13:14:58",
      "13:29:31",
      "13:44:24",
      "13:59:43",
      "14:15:24",
      "14:30:08",
      "14:45:54",
      "15:01:37",
      "15:15:50",
      "15:31:03",
      "15:45:21",
      "16:00:46",
      "16:16:32",
      "16:31:04",
      "16:46:38",
      "17:01:20",
      "17:16:37",
      "17:31:25",
      "17:45:45",
      "18:00:07",
      "18:15:25",
      "18:30:47",
      "18:45:12",
      "19:00:53",
      "19:15:10",
      "19:30:40",
      "19:46:15",
      "20:01:51",
      "20:17:17",
      "20:32:49",
      "20:47:08",
      "21:01:24",
      "21:16:49",
      "21:32:05",
      "21:47:06",
      "22:02:20"
    ],
    "board": [
      0,
      0,
      0,
      0,
      0,
      0,
      0,
      0,
      0,
      0,
      0,
      0,
      0,
      0,
      0,
      0,
      0,
      0,
      0,
      0,
      0,
      0,
      0,
      0,
      0,
      0,
      0,
      0,
      0,
      0,
      0,
      0,
      0,
      0,
      0,
      0,
      0,
      0,
      0,
      0,
      0,
      0,
      0,
      0,
      0,
      0,
      0,
      0,
      0,
      0,
      0,
      0,
      0,
      0,
      0,
      0,
      0,
      0,
      0,
      0,
      0,
      0,
      0,
      0
    ],
    "alight": [
      3,
      3,
      4,
      11,
      4,
      10,
      2,
      5,
      3,
      4,
      13,
      7,
      3,
      5,
      15,
      8,
      4,
      5,
      2,
      15,
      6,
      9,
      1,
      4,
      8,
      2,
      14,
      6,
      5,
      1,
      10,
      14,
      1,
      12,
      9,
      12,
      14,
      13,
      8,
      3,
      8,
      13,
      10,
      10,
      10,
      4,
      10,
      10,
      3,
      6,
      14,
      5,
      6,
      4,
      5,
      15,
      2,
      10,
      3,
      4,
      3,
      6,
      14,
      13
    ]
  },
  "中国普天·中央国际书香里": {
    "time": [
      "06:15:07",
      "06:30:22",
      "06:44:43",
      "06:58:57",
      "07:13:45",
      "07:27:59",
      "07:43:24",
      "07:57:45",
      "08:12:08",
      "08:27:29",
      "08:42:13",
      "08:57:18",
      "09:12:38",
      "09:27:58",
      "09:42:42",
      "09:57:48",
      "10:13:38",
      "10:28:54",
      "10:43:41",
      "10:58:29",
      "11:13:49",
      "11:28:18",
      "11:43:52",
      "11:58:39",
      "12:14:17",
      "12:28:53",
      "12:44:39",
      "13:00:05",
      "13:14:58",
      "13:29:31",
      "13:44:24",
      "13:59:43",
      "14:15:24",
      "14:30:08",
      "14:45:54",
      "15:01:37",
      "15:15:50",
      "15:31:03",
      "15:45:21",
      "16:00:46",
      "16:16:32",
      "16:31:04",
      "16:46:38",
      "17:01:20",
      "17:16:37",
      "17:31:25",
      "17:45:45",
      "18:00:07",
      "18:15:25",
      "18:30:47",
      "18:45:12",
      "19:00:53",
      "19:15:10",
      "19:30:40",
      "19:46:15",
      "20:01:51",
      "20:17:17",
      "20:32:49",
      "20:47:08",
      "21:01:24",
      "21:16:49",
      "21:32:05",
      "21:47:06",
      "22:02:20"
    ],
    "board": [
      0,
      0,
      0,
      0,
      0,
      0,
      0,
      0,
      0,
      0,
      0,
      0,
      0,
      0,
      0,
      0,
      0,
      0,
      0,
      0,
      0,
      0,
      0,
      0,
      0,
      0,
      0,
      0,
      0,
      0,
      0,
      0,
      0,
      0,
      0,
      0,
      0,
      0,
      0,
      0,
      0,
      0,
      0,
      0,
      0,
      0,
      0,
      0,
      0,
      0,
      0,
      0,
      0,
      0,
      0,
      0,
      0,
      0,
      0,
      0,
      0,
      0,
      0,
      0
    ],
    "alight": [
      4,
      10,
      15,
      14,
      5,
      8,
      9,
      4,
      15,
      13,
      15,
      1,
      9,
      15,
      14,
      4,
      9,
      8,
      4,
      8,
      12,
      1,
      10,
      15,
      11,
      3,
      10,
      8,
      11,
      4,
      6,
      8,
      4,
      15,
      12,
      2,
      11,
      7,
      7,
      8,
      0,
      13,
      8,
      11,
      9,
      15,
      4,
      5,
      14,
      5,
      8,
      7,
      10,
      8,
      13,
      5,
      12,
      15,
      6,
      4,
      5,
      13,
      2,
      7
    ]
  }
}