{
  "渔洞峡安置小区": 852,
  "贵黔国际总医院新冠疫苗接种点": 595,
  "东风镇人民调解委员会": 502,
  "周记好巴食烤鱼": 409,
  "乌当区农机中心": 1172,
  "乌当高新社区贵州师范学院卫生服务站": 859,
  "肆个鸭脑壳(乌当区李月江卤味店)": 511,
  "乌当区高新社区卫生服务中心新冠疫苗接种点": 538,
  "新云小区": 738,
  "贵州省地矿局地球物理地球化学勘查院": 623,
  "杭州小笼包(悦景新城店)": 731,
  "乌当区幼儿园": 481,
  "贵阳市乌当区水政监察大队": 724,
  "航天路": 585,
  "荣雨骨头汤烫菜(恒大雅苑店)": 419,
  "德克士(云岩万达广场店)": 635,
  "披萨物语": 506,
  "特百惠(铁钱专卖店)": 404,
  "鹿冲关": 431,
  "龙里肉饼鸡(御景湾店)": 1537,
  "贵州省地方金融监管局": 686,
  "贵州舒生元集团医疗美容": 695,
  "贵阳市第二实验小学天誉分校": 406,
  "贵州星瑞美传媒广告有限公司": 584,
  "贵州省财政干部培训中心": 1055,
  "盐沙大道": 589,
  "贵州省第一地区人民检察院": 506,
  "贵州扶贫馆": 476,
  "北站立交": 629,
  "七冲二号隧道": 530,
  "天骄幼儿园": 475,
  "骐正天骄北苑": 500
}