{
  "up": {
    "中环路西段入口(北向)": 1,
    "骐正天骄北苑": 2,
    "天骄幼儿园": 3,
    "七冲二号隧道": 4,
    "北站立交": 5,
    "贵州扶贫馆": 6,
    "贵州省第一地区人民检察院": 7,
    "盐沙大道": 8,
    "贵州省财政干部培训中心": 9,
    "贵州星瑞美传媒广告有限公司": 10,
    "贵阳市第二实验小学天誉分校": 11,
    "贵州舒生元集团医疗美容": 12,
    "贵州省地方金融监管局": 13,
    "龙里肉饼鸡(御景湾店)": 14,
    "鹿冲关": 15,
    "特百惠(铁钱专卖店)": 16,
    "披萨物语": 17,
    "德克士(云岩万达广场店)": 18,
    "荣雨骨头汤烫菜(恒大雅苑店)": 19,
    "航天路": 20,
    "贵阳市乌当区水政监察大队": 21,
    "乌当区幼儿园": 22,
    "杭州小笼包(悦景新城店)": 23,
    "贵州省地矿局地球物理地球化学勘查院": 24,
    "新云小区": 25,
    "乌当区高新社区卫生服务中心新冠疫苗接种点": 26,
    "肆个鸭脑壳(乌当区李月江卤味店)": 27,
    "乌当高新社区贵州师范学院卫生服务站": 28,
    "乌当区农机中心": 29,
    "周记好巴食烤鱼": 30,
    "东风镇人民调解委员会": 31,
    "贵黔国际总医院新冠疫苗接种点": 32,
    "渔洞峡安置小区": 33
  },
  "down": {
    "渔洞峡安置小区": 34,
    "贵黔国际总医院新冠疫苗接种点": 35,
    "东风镇人民调解委员会": 36,
    "周记好巴食烤鱼": 37,
    "乌当区农机中心": 38,
    "乌当高新社区贵州师范学院卫生服务站": 39,
    "肆个鸭脑壳(乌当区李月江卤味店)": 40,
    "乌当区高新社区卫生服务中心新冠疫苗接种点": 41,
    "新云小区": 42,
    "贵州省地矿局地球物理地球化学勘查院": 43,
    "杭州小笼包(悦景新城店)": 44,
    "乌当区幼儿园": 45,
    "贵阳市乌当区水政监察大队": 46,
    "航天路": 47,
    "荣雨骨头汤烫菜(恒大雅苑店)": 48,
    "德克士(云岩万达广场店)": 49,
    "披萨物语": 50,
    "特百惠(铁钱专卖店)": 51,
    "鹿冲关": 52,
    "龙里肉饼鸡(御景湾店)": 53,
    "贵州省地方金融监管局": 54,
    "贵州舒生元集团医疗美容": 55,
    "贵阳市第二实验小学天誉分校": 56,
    "贵州星瑞美传媒广告有限公司": 57,
    "贵州省财政干部培训中心": 58,
    "盐沙大道": 59,
    "贵州省第一地区人民检察院": 60,
    "贵州扶贫馆": 61,
    "北站立交": 62,
    "七冲二号隧道": 63,
    "天骄幼儿园": 64,
    "骐正天骄北苑": 65,
    "中环路西段入口(北向)": 66
  }
}