{
  "中环路西段入口(北向)": 497,
  "骐正天骄北苑": 472,
  "天骄幼儿园": 527,
  "七冲二号隧道": 626,
  "北站立交": 473,
  "贵州扶贫馆": 503,
  "贵州省第一地区人民检察院": 586,
  "盐沙大道": 1052,
  "贵州省财政干部培训中心": 581,
  "贵州星瑞美传媒广告有限公司": 403,
  "贵阳市第二实验小学天誉分校": 692,
  "贵州舒生元集团医疗美容": 683,
  "贵州省地方金融监管局": 1534,
  "龙里肉饼鸡(御景湾店)": 428,
  "鹿冲关": 401,
  "特百惠(铁钱专卖店)": 503,
  "披萨物语": 632,
  "德克士(云岩万达广场店)": 416,
  "荣雨骨头汤烫菜(恒大雅苑店)": 582,
  "航天路": 721,
  "贵阳市乌当区水政监察大队": 478,
  "乌当区幼儿园": 728,
  "杭州小笼包(悦景新城店)": 620,
  "贵州省地矿局地球物理地球化学勘查院": 735,
  "新云小区": 535,
  "乌当区高新社区卫生服务中心新冠疫苗接种点": 508,
  "肆个鸭脑壳(乌当区李月江卤味店)": 856,
  "乌当高新社区贵州师范学院卫生服务站": 1169,
  "乌当区农机中心": 406,
  "周记好巴食烤鱼": 499,
  "东风镇人民调解委员会": 592,
  "贵黔国际总医院新冠疫苗接种点": 849
}