{
  "up": {
    "1": "中环路西段入口(北向)",
    "2": "骐正天骄北苑",
    "3": "天骄幼儿园",
    "4": "七冲二号隧道",
    "5": "北站立交",
    "6": "贵州扶贫馆",
    "7": "贵州省第一地区人民检察院",
    "8": "盐沙大道",
    "9": "贵州省财政干部培训中心",
    "10": "贵州星瑞美传媒广告有限公司",
    "11": "贵阳市第二实验小学天誉分校",
    "12": "贵州舒生元集团医疗美容",
    "13": "贵州省地方金融监管局",
    "14": "龙里肉饼鸡(御景湾店)",
    "15": "鹿冲关",
    "16": "特百惠(铁钱专卖店)",
    "17": "披萨物语",
    "18": "德克士(云岩万达广场店)",
    "19": "荣雨骨头汤烫菜(恒大雅苑店)",
    "20": "航天路",
    "21": "贵阳市乌当区水政监察大队",
    "22": "乌当区幼儿园",
    "23": "杭州小笼包(悦景新城店)",
    "24": "贵州省地矿局地球物理地球化学勘查院",
    "25": "新云小区",
    "26": "乌当区高新社区卫生服务中心新冠疫苗接种点",
    "27": "肆个鸭脑壳(乌当区李月江卤味店)",
    "28": "乌当高新社区贵州师范学院卫生服务站",
    "29": "乌当区农机中心",
    "30": "周记好巴食烤鱼",
    "31": "东风镇人民调解委员会",
    "32": "贵黔国际总医院新冠疫苗接种点",
    "33": "渔洞峡安置小区"
  },
  "down": {
    "34": "渔洞峡安置小区",
    "35": "贵黔国际总医院新冠疫苗接种点",
    "36": "东风镇人民调解委员会",
    "37": "周记好巴食烤鱼",
    "38": "乌当区农机中心",
    "39": "乌当高新社区贵州师范学院卫生服务站",
    "40": "肆个鸭脑壳(乌当区李月江卤味店)",
    "41": "乌当区高新社区卫生服务中心新冠疫苗接种点",
    "42": "新云小区",
    "43": "贵州省地矿局地球物理地球化学勘查院",
    "44": "杭州小笼包(悦景新城店)",
    "45": "乌当区幼儿园",
    "46": "贵阳市乌当区水政监察大队",
    "47": "航天路",
    "48": "荣雨骨头汤烫菜(恒大雅苑店)",
    "49": "德克士(云岩万达广场店)",
    "50": "披萨物语",
    "51": "特百惠(铁钱专卖店)",
    "52": "鹿冲关",
    "53": "龙里肉饼鸡(御景湾店)",
    "54": "贵州省地方金融监管局",
    "55": "贵州舒生元集团医疗美容",
    "56": "贵阳市第二实验小学天誉分校",
    "57": "贵州星瑞美传媒广告有限公司",
    "58": "贵州省财政干部培训中心",
    "59": "盐沙大道",
    "60": "贵州省第一地区人民检察院",
    "61": "贵州扶贫馆",
    "62": "北站立交",
    "63": "七冲二号隧道",
    "64": "天骄幼儿园",
    "65": "骐正天骄北苑",
    "66": "中环路西段入口(北向)"
  }
}