{
  "up": {
    "甲秀南路": 1,
    "颜福记重庆小面(圣泉流云花园观云邸店)": 2,
    "邻里烙烤": 3,
    "改茶社区退役军人服务站": 4,
    "老师傅制作肠旺面": 5,
    "肠旺面家常菜馆": 6,
    "三月未来教育": 7,
    "苗圃一号隧道": 8,
    "贵阳阿哈湖国家湿地公园": 9,
    "下坝隧道": 10,
    "周记原味地摊火锅": 11,
    "贵州省水稻研究所": 12,
    "贵州省农业科学院现代农业发展研究所": 13,
    "农业农村部贵州小黑麦原种基地": 14,
    "如意餐厅": 15,
    "易学堂辅导中心": 16,
    "夜猫台球俱乐部": 17,
    "鸡心坡": 18,
    "重庆火锅": 19,
    "中国邮政储蓄银行24小时自助银行(花石路支行)": 20,
    "贵安大道辅路": 21,
    "人民大道": 22,
    "贵州科特成保温建材有限公司": 23,
    "甘水井(招呼站)(公交站)": 24,
    "康寨小学": 25,
    "湖磊路": 26,
    "刘仕连": 27,
    "翔宇草莓园": 28,
    "元方大坡": 29,
    "天河潭大道口(公交站)": 30,
    "高堡": 31
  },
  "down": {
    "高堡": 32,
    "天河潭大道口(公交站)": 33,
    "元方大坡": 34,
    "翔宇草莓园": 35,
    "刘仕连": 36,
    "湖磊路": 37,
    "康寨小学": 38,
    "甘水井(招呼站)(公交站)": 39,
    "贵州科特成保温建材有限公司": 40,
    "人民大道": 41,
    "贵安大道辅路": 42,
    "中国邮政储蓄银行24小时自助银行(花石路支行)": 43,
    "重庆火锅": 44,
    "鸡心坡": 45,
    "夜猫台球俱乐部": 46,
    "易学堂辅导中心": 47,
    "如意餐厅": 48,
    "农业农村部贵州小黑麦原种基地": 49,
    "贵州省农业科学院现代农业发展研究所": 50,
    "贵州省水稻研究所": 51,
    "周记原味地摊火锅": 52,
    "下坝隧道": 53,
    "贵阳阿哈湖国家湿地公园": 54,
    "苗圃一号隧道": 55,
    "三月未来教育": 56,
    "肠旺面家常菜馆": 57,
    "老师傅制作肠旺面": 58,
    "改茶社区退役军人服务站": 59,
    "邻里烙烤": 60,
    "颜福记重庆小面(圣泉流云花园观云邸店)": 61,
    "甲秀南路": 62
  }
}