{
  "up": {
    "1": "甲秀南路",
    "2": "颜福记重庆小面(圣泉流云花园观云邸店)",
    "3": "邻里烙烤",
    "4": "改茶社区退役军人服务站",
    "5": "老师傅制作肠旺面",
    "6": "肠旺面家常菜馆",
    "7": "三月未来教育",
    "8": "苗圃一号隧道",
    "9": "贵阳阿哈湖国家湿地公园",
    "10": "下坝隧道",
    "11": "周记原味地摊火锅",
    "12": "贵州省水稻研究所",
    "13": "贵州省农业科学院现代农业发展研究所",
    "14": "农业农村部贵州小黑麦原种基地",
    "15": "如意餐厅",
    "16": "易学堂辅导中心",
    "17": "夜猫台球俱乐部",
    "18": "鸡心坡",
    "19": "重庆火锅",
    "20": "中国邮政储蓄银行24小时自助银行(花石路支行)",
    "21": "贵安大道辅路",
    "22": "人民大道",
    "23": "贵州科特成保温建材有限公司",
    "24": "甘水井(招呼站)(公交站)",
    "25": "康寨小学",
    "26": "湖磊路",
    "27": "刘仕连",
    "28": "翔宇草莓园",
    "29": "元方大坡",
    "30": "天河潭大道口(公交站)",
    "31": "高堡"
  },
  "down": {
    "32": "高堡",
    "33": "天河潭大道口(公交站)",
    "34": "元方大坡",
    "35": "翔宇草莓园",
    "36": "刘仕连",
    "37": "湖磊路",
    "38": "康寨小学",
    "39": "甘水井(招呼站)(公交站)",
    "40": "贵州科特成保温建材有限公司",
    "41": "人民大道",
    "42": "贵安大道辅路",
    "43": "中国邮政储蓄银行24小时自助银行(花石路支行)",
    "44": "重庆火锅",
    "45": "鸡心坡",
    "46": "夜猫台球俱乐部",
    "47": "易学堂辅导中心",
    "48": "如意餐厅",
    "49": "农业农村部贵州小黑麦原种基地",
    "50": "贵州省农业科学院现代农业发展研究所",
    "51": "贵州省水稻研究所",
    "52": "周记原味地摊火锅",
    "53": "下坝隧道",
    "54": "贵阳阿哈湖国家湿地公园",
    "55": "苗圃一号隧道",
    "56": "三月未来教育",
    "57": "肠旺面家常菜馆",
    "58": "老师傅制作肠旺面",
    "59": "改茶社区退役军人服务站",
    "60": "邻里烙烤",
    "61": "颜福记重庆小面(圣泉流云花园观云邸店)",
    "62": "甲秀南路"
  }
}