{
  "高堡": 344,
  "天河潭大道口(公交站)": 1967,
  "元方大坡": 535,
  "翔宇草莓园": 875,
  "刘仕连": 519,
  "湖磊路": 421,
  "康寨小学": 1600,
  "甘水井(招呼站)(公交站)": 812,
  "贵州科特成保温建材有限公司": 619,
  "人民大道": 411,
  "贵安大道辅路": 1178,
  "中国邮政储蓄银行24小时自助银行(花石路支行)": 338,
  "重庆火锅": 896,
  "鸡心坡": 686,
  "夜猫台球俱乐部": 901,
  "易学堂辅导中心": 2157,
  "如意餐厅": 1337,
  "农业农村部贵州小黑麦原种基地": 366,
  "贵州省农业科学院现代农业发展研究所": 346,
  "贵州省水稻研究所": 1408,
  "周记原味地摊火锅": 2049,
  "下坝隧道": 701,
  "贵阳阿哈湖国家湿地公园": 483,
  "苗圃一号隧道": 550,
  "三月未来教育": 418,
  "肠旺面家常菜馆": 438,
  "老师傅制作肠旺面": 1431,
  "改茶社区退役军人服务站": 816,
  "邻里烙烤": 1200,
  "颜福记重庆小面(圣泉流云花园观云邸店)": 435
}