{
  "甲秀南路": 505,
  "颜福记重庆小面(圣泉流云花园观云邸店)": 1270,
  "邻里烙烤": 886,
  "改茶社区退役军人服务站": 1501,
  "老师傅制作肠旺面": 508,
  "肠旺面家常菜馆": 488,
  "三月未来教育": 620,
  "苗圃一号隧道": 553,
  "贵阳阿哈湖国家湿地公园": 771,
  "下坝隧道": 2119,
  "周记原味地摊火锅": 1478,
  "贵州省水稻研究所": 416,
  "贵州省农业科学院现代农业发展研究所": 436,
  "农业农村部贵州小黑麦原种基地": 1407,
  "如意餐厅": 2227,
  "易学堂辅导中心": 971,
  "夜猫台球俱乐部": 756,
  "鸡心坡": 966,
  "重庆火锅": 408,
  "中国邮政储蓄银行24小时自助银行(花石路支行)": 1248,
  "贵安大道辅路": 481,
  "人民大道": 689,
  "贵州科特成保温建材有限公司": 882,
  "甘水井(招呼站)(公交站)": 1670,
  "康寨小学": 491,
  "湖磊路": 589,
  "刘仕连": 945,
  "翔宇草莓园": 605,
  "元方大坡": 2037,
  "天河潭大道口(公交站)": 414
}