{
  "中国工商银行(清镇东门桥支行)": 529,
  "邓记辣鸡火锅": 441,
  "智慧幼儿园": 461,
  "迦旺购物(碧桂园·茶马古镇店)": 2700,
  "清镇市公安局交通警察大队车辆管理所": 593,
  "邢氏兄弟斗车加工厂": 529,
  "下铺村党支部": 401,
  "博雅幼儿园": 405,
  "蒿芝村": 499,
  "邓坡": 457,
  "老荒坝": 1144,
  "何官村(公交站)": 714,
  "联超生活超市(金清大道店)": 636,
  "贵安驾校(金华分校)": 417,
  "鸡场路": 437,
  "金阳客车站候车大厅": 494,
  "原汤羊肉粉": 444,
  "观山湖区外国语实验中学·南校区": 417,
  "北京西路辅路": 478,
  "金龙路": 818,
  "绝味鸭脖(中铁逸都店)": 1005,
  "世好健康(中铁逸都店)": 589,
  "贵阳市露果酒店": 399,
  "阮记天津灌汤小笼包(福州街店)": 748,
  "苏记胖子酱爆肉(金源街中店)": 800,
  "老牌仔姜鸭(贵阳世纪城龙锦苑店)": 511,
  "超凡空间电竞酒店": 436,
  "海底捞火锅(数博万达店)": 1067,
  "贵阳聚鑫源宾馆(北京西路地铁站店)": 532,
  "广信四季家园": 587,
  "中坝路": 806
}