{
  "up": {
    "绿谷宾馆": 1,
    "中坝路": 2,
    "广信四季家园": 3,
    "贵阳聚鑫源宾馆(北京西路地铁站店)": 4,
    "海底捞火锅(数博万达店)": 5,
    "超凡空间电竞酒店": 6,
    "老牌仔姜鸭(贵阳世纪城龙锦苑店)": 7,
    "苏记胖子酱爆肉(金源街中店)": 8,
    "阮记天津灌汤小笼包(福州街店)": 9,
    "贵阳市露果酒店": 10,
    "世好健康(中铁逸都店)": 11,
    "绝味鸭脖(中铁逸都店)": 12,
    "金龙路": 13,
    "北京西路辅路": 14,
    "观山湖区外国语实验中学·南校区": 15,
    "原汤羊肉粉": 16,
    "金阳客车站候车大厅": 17,
    "鸡场路": 18,
    "贵安驾校(金华分校)": 19,
    "联超生活超市(金清大道店)": 20,
    "何官村(公交站)": 21,
    "老荒坝": 22,
    "邓坡": 23,
    "蒿芝村": 24,
    "博雅幼儿园": 25,
    "下铺村党支部": 26,
    "邢氏兄弟斗车加工厂": 27,
    "清镇市公安局交通警察大队车辆管理所": 28,
    "迦旺购物(碧桂园·茶马古镇店)": 29,
    "智慧幼儿园": 30,
    "邓记辣鸡火锅": 31,
    "中国工商银行(清镇东门桥支行)": 32
  },
  "down": {
    "中国工商银行(清镇东门桥支行)": 33,
    "邓记辣鸡火锅": 34,
    "智慧幼儿园": 35,
    "迦旺购物(碧桂园·茶马古镇店)": 36,
    "清镇市公安局交通警察大队车辆管理所": 37,
    "邢氏兄弟斗车加工厂": 38,
    "下铺村党支部": 39,
    "博雅幼儿园": 40,
    "蒿芝村": 41,
    "邓坡": 42,
    "老荒坝": 43,
    "何官村(公交站)": 44,
    "联超生活超市(金清大道店)": 45,
    "贵安驾校(金华分校)": 46,
    "鸡场路": 47,
    "金阳客车站候车大厅": 48,
    "原汤羊肉粉": 49,
    "观山湖区外国语实验中学·南校区": 50,
    "北京西路辅路": 51,
    "金龙路": 52,
    "绝味鸭脖(中铁逸都店)": 53,
    "世好健康(中铁逸都店)": 54,
    "贵阳市露果酒店": 55,
    "阮记天津灌汤小笼包(福州街店)": 56,
    "苏记胖子酱爆肉(金源街中店)": 57,
    "老牌仔姜鸭(贵阳世纪城龙锦苑店)": 58,
    "超凡空间电竞酒店": 59,
    "海底捞火锅(数博万达店)": 60,
    "贵阳聚鑫源宾馆(北京西路地铁站店)": 61,
    "广信四季家园": 62,
    "中坝路": 63,
    "绿谷宾馆": 64
  }
}