{
  "up": {
    "1": "绿谷宾馆",
    "2": "中坝路",
    "3": "广信四季家园",
    "4": "贵阳聚鑫源宾馆(北京西路地铁站店)",
    "5": "海底捞火锅(数博万达店)",
    "6": "超凡空间电竞酒店",
    "7": "老牌仔姜鸭(贵阳世纪城龙锦苑店)",
    "8": "苏记胖子酱爆肉(金源街中店)",
    "9": "阮记天津灌汤小笼包(福州街店)",
    "10": "贵阳市露果酒店",
    "11": "世好健康(中铁逸都店)",
    "12": "绝味鸭脖(中铁逸都店)",
    "13": "金龙路",
    "14": "北京西路辅路",
    "15": "观山湖区外国语实验中学·南校区",
    "16": "原汤羊肉粉",
    "17": "金阳客车站候车大厅",
    "18": "鸡场路",
    "19": "贵安驾校(金华分校)",
    "20": "联超生活超市(金清大道店)",
    "21": "何官村(公交站)",
    "22": "老荒坝",
    "23": "邓坡",
    "24": "蒿芝村",
    "25": "博雅幼儿园",
    "26": "下铺村党支部",
    "27": "邢氏兄弟斗车加工厂",
    "28": "清镇市公安局交通警察大队车辆管理所",
    "29": "迦旺购物(碧桂园·茶马古镇店)",
    "30": "智慧幼儿园",
    "31": "邓记辣鸡火锅",
    "32": "中国工商银行(清镇东门桥支行)"
  },
  "down": {
    "33": "中国工商银行(清镇东门桥支行)",
    "34": "邓记辣鸡火锅",
    "35": "智慧幼儿园",
    "36": "迦旺购物(碧桂园·茶马古镇店)",
    "37": "清镇市公安局交通警察大队车辆管理所",
    "38": "邢氏兄弟斗车加工厂",
    "39": "下铺村党支部",
    "40": "博雅幼儿园",
    "41": "蒿芝村",
    "42": "邓坡",
    "43": "老荒坝",
    "44": "何官村(公交站)",
    "45": "联超生活超市(金清大道店)",
    "46": "贵安驾校(金华分校)",
    "47": "鸡场路",
    "48": "金阳客车站候车大厅",
    "49": "原汤羊肉粉",
    "50": "观山湖区外国语实验中学·南校区",
    "51": "北京西路辅路",
    "52": "金龙路",
    "53": "绝味鸭脖(中铁逸都店)",
    "54": "世好健康(中铁逸都店)",
    "55": "贵阳市露果酒店",
    "56": "阮记天津灌汤小笼包(福州街店)",
    "57": "苏记胖子酱爆肉(金源街中店)",
    "58": "老牌仔姜鸭(贵阳世纪城龙锦苑店)",
    "59": "超凡空间电竞酒店",
    "60": "海底捞火锅(数博万达店)",
    "61": "贵阳聚鑫源宾馆(北京西路地铁站店)",
    "62": "广信四季家园",
    "63": "中坝路",
    "64": "绿谷宾馆"
  }
}