{
  "绿谷宾馆": 817,
  "中坝路": 598,
  "广信四季家园": 543,
  "贵阳聚鑫源宾馆(北京西路地铁站店)": 1078,
  "海底捞火锅(数博万达店)": 447,
  "超凡空间电竞酒店": 522,
  "老牌仔姜鸭(贵阳世纪城龙锦苑店)": 811,
  "苏记胖子酱爆肉(金源街中店)": 759,
  "阮记天津灌汤小笼包(福州街店)": 410,
  "贵阳市露果酒店": 600,
  "世好健康(中铁逸都店)": 1016,
  "绝味鸭脖(中铁逸都店)": 829,
  "金龙路": 489,
  "北京西路辅路": 428,
  "观山湖区外国语实验中学·南校区": 455,
  "原汤羊肉粉": 505,
  "金阳客车站候车大厅": 448,
  "鸡场路": 428,
  "贵安驾校(金华分校)": 647,
  "联超生活超市(金清大道店)": 725,
  "何官村(公交站)": 1155,
  "老荒坝": 468,
  "邓坡": 510,
  "蒿芝村": 416,
  "博雅幼儿园": 412,
  "下铺村党支部": 540,
  "邢氏兄弟斗车加工厂": 604,
  "清镇市公安局交通警察大队车辆管理所": 2711,
  "迦旺购物(碧桂园·茶马古镇店)": 472,
  "智慧幼儿园": 452,
  "邓记辣鸡火锅": 540
}