{
  "up": {
    "1": "黔芝堂中医理疗",
    "2": "深沥摩托车维修部",
    "3": "西二环",
    "4": "贵阳南佗医院",
    "5": "两岸咖啡(万达广场店)",
    "6": "贵州工业职业技术学院生活区",
    "7": "湾河禅院",
    "8": "招商银行(金阳支行)",
    "9": "遵义虾子羊肉粉(福州街店)",
    "10": "贵阳世纪城龙佑苑",
    "11": "红树林海鲜(中铁·逸都国际店)",
    "12": "天府棒棒鸡(中铁店)",
    "13": "治安岗亭",
    "14": "金源社区小箐村微型消防站",
    "15": "贵阳西南国际商贸城1号广场",
    "16": "北京西路",
    "17": "小明家烤肉(碧桂园·观山府店)",
    "18": "甘井时尚酒店(新金阳客车站店)",
    "19": "绘艺源书画中心",
    "20": "何官村",
    "21": "何关小学",
    "22": "石关路",
    "23": "广大城",
    "24": "观山湖区第十八幼儿园",
    "25": "下铺村",
    "26": "贵黄高速",
    "27": "新星幼儿园",
    "28": "聚福楼",
    "29": "清镇出口(G60沪昆高速西向)",
    "30": "六盘水老牌牛羊肉粉",
    "31": "清镇恒坤酒店",
    "32": "贵黄高速入口(西南向)"
  },
  "down": {
    "33": "贵黄高速入口(西南向)",
    "34": "清镇恒坤酒店",
    "35": "六盘水老牌牛羊肉粉",
    "36": "清镇出口(G60沪昆高速西向)",
    "37": "聚福楼",
    "38": "新星幼儿园",
    "39": "贵黄高速",
    "40": "下铺村",
    "41": "观山湖区第十八幼儿园",
    "42": "广大城",
    "43": "石关路",
    "44": "何关小学",
    "45": "何官村",
    "46": "绘艺源书画中心",
    "47": "甘井时尚酒店(新金阳客车站店)",
    "48": "小明家烤肉(碧桂园·观山府店)",
    "49": "北京西路",
    "50": "贵阳西南国际商贸城1号广场",
    "51": "金源社区小箐村微型消防站",
    "52": "治安岗亭",
    "53": "天府棒棒鸡(中铁店)",
    "54": "红树林海鲜(中铁·逸都国际店)",
    "55": "贵阳世纪城龙佑苑",
    "56": "遵义虾子羊肉粉(福州街店)",
    "57": "招商银行(金阳支行)",
    "58": "湾河禅院",
    "59": "贵州工业职业技术学院生活区",
    "60": "两岸咖啡(万达广场店)",
    "61": "贵阳南佗医院",
    "62": "西二环",
    "63": "深沥摩托车维修部",
    "64": "黔芝堂中医理疗"
  }
}