{
  "黔芝堂中医理疗": 505,
  "深沥摩托车维修部": 532,
  "西二环": 854,
  "贵阳南佗医院": 1078,
  "两岸咖啡(万达广场店)": 447,
  "贵州工业职业技术学院生活区": 522,
  "湾河禅院": 811,
  "招商银行(金阳支行)": 759,
  "遵义虾子羊肉粉(福州街店)": 410,
  "贵阳世纪城龙佑苑": 600,
  "红树林海鲜(中铁·逸都国际店)": 1016,
  "天府棒棒鸡(中铁店)": 829,
  "治安岗亭": 489,
  "金源社区小箐村微型消防站": 428,
  "贵阳西南国际商贸城1号广场": 455,
  "北京西路": 505,
  "小明家烤肉(碧桂园·观山府店)": 448,
  "甘井时尚酒店(新金阳客车站店)": 428,
  "绘艺源书画中心": 647,
  "何官村": 725,
  "何关小学": 1155,
  "石关路": 468,
  "广大城": 510,
  "观山湖区第十八幼儿园": 416,
  "下铺村": 412,
  "贵黄高速": 540,
  "新星幼儿园": 604,
  "聚福楼": 2711,
  "清镇出口(G60沪昆高速西向)": 472,
  "六盘水老牌牛羊肉粉": 452,
  "清镇恒坤酒店": 540
}