{
  "贵黄高速入口(西南向)": 534,
  "清镇恒坤酒店": 446,
  "六盘水老牌牛羊肉粉": 466,
  "清镇出口(G60沪昆高速西向)": 2705,
  "聚福楼": 598,
  "新星幼儿园": 534,
  "贵黄高速": 406,
  "下铺村": 410,
  "观山湖区第十八幼儿园": 504,
  "广大城": 462,
  "石关路": 1149,
  "何关小学": 719,
  "何官村": 641,
  "绘艺源书画中心": 422,
  "甘井时尚酒店(新金阳客车站店)": 442,
  "小明家烤肉(碧桂园·观山府店)": 499,
  "北京西路": 449,
  "贵阳西南国际商贸城1号广场": 422,
  "金源社区小箐村微型消防站": 483,
  "治安岗亭": 823,
  "天府棒棒鸡(中铁店)": 1010,
  "红树林海鲜(中铁·逸都国际店)": 594,
  "贵阳世纪城龙佑苑": 404,
  "遵义虾子羊肉粉(福州街店)": 753,
  "招商银行(金阳支行)": 805,
  "湾河禅院": 516,
  "贵州工业职业技术学院生活区": 441,
  "两岸咖啡(万达广场店)": 1072,
  "贵阳南佗医院": 848,
  "西二环": 526,
  "深沥摩托车维修部": 499
}