{
  "up": {
    "黔芝堂中医理疗": 1,
    "深沥摩托车维修部": 2,
    "西二环": 3,
    "贵阳南佗医院": 4,
    "两岸咖啡(万达广场店)": 5,
    "贵州工业职业技术学院生活区": 6,
    "湾河禅院": 7,
    "招商银行(金阳支行)": 8,
    "遵义虾子羊肉粉(福州街店)": 9,
    "贵阳世纪城龙佑苑": 10,
    "红树林海鲜(中铁·逸都国际店)": 11,
    "天府棒棒鸡(中铁店)": 12,
    "治安岗亭": 13,
    "金源社区小箐村微型消防站": 14,
    "贵阳西南国际商贸城1号广场": 15,
    "北京西路": 16,
    "小明家烤肉(碧桂园·观山府店)": 17,
    "甘井时尚酒店(新金阳客车站店)": 18,
    "绘艺源书画中心": 19,
    "何官村": 20,
    "何关小学": 21,
    "石关路": 22,
    "广大城": 23,
    "观山湖区第十八幼儿园": 24,
    "下铺村": 25,
    "贵黄高速": 26,
    "新星幼儿园": 27,
    "聚福楼": 28,
    "清镇出口(G60沪昆高速西向)": 29,
    "六盘水老牌牛羊肉粉": 30,
    "清镇恒坤酒店": 31,
    "贵黄高速入口(西南向)": 32
  },
  "down": {
    "贵黄高速入口(西南向)": 33,
    "清镇恒坤酒店": 34,
    "六盘水老牌牛羊肉粉": 35,
    "清镇出口(G60沪昆高速西向)": 36,
    "聚福楼": 37,
    "新星幼儿园": 38,
    "贵黄高速": 39,
    "下铺村": 40,
    "观山湖区第十八幼儿园": 41,
    "广大城": 42,
    "石关路": 43,
    "何关小学": 44,
    "何官村": 45,
    "绘艺源书画中心": 46,
    "甘井时尚酒店(新金阳客车站店)": 47,
    "小明家烤肉(碧桂园·观山府店)": 48,
    "北京西路": 49,
    "贵阳西南国际商贸城1号广场": 50,
    "金源社区小箐村微型消防站": 51,
    "治安岗亭": 52,
    "天府棒棒鸡(中铁店)": 53,
    "红树林海鲜(中铁·逸都国际店)": 54,
    "贵阳世纪城龙佑苑": 55,
    "遵义虾子羊肉粉(福州街店)": 56,
    "招商银行(金阳支行)": 57,
    "湾河禅院": 58,
    "贵州工业职业技术学院生活区": 59,
    "两岸咖啡(万达广场店)": 60,
    "贵阳南佗医院": 61,
    "西二环": 62,
    "深沥摩托车维修部": 63,
    "黔芝堂中医理疗": 64
  }
}