{
  "张记老牌牛羊肉粉": {
    "time": [
      "06:15:06",
      "06:29:43",
      "06:43:55",
      "06:58:54",
      "07:14:19",
      "07:29:24",
      "07:43:59",
      "07:58:21",
      "08:13:24",
      "08:28:18",
      "08:44:02",
      "08:58:55",
      "09:14:41",
      "09:29:27",
      "09:44:17",
      "09:59:16",
      "10:13:38",
      "10:27:52",
      "10:42:42",
      "10:58:31",
      "11:13:37",
      "11:29:27",
      "11:44:32",
      "11:59:40",
      "12:14:38",
      "12:29:03",
      "12:43:20",
      "12:57:54",
      "13:13:15",
      "13:27:51",
      "13:43:11",
      "13:58:58",
      "14:14:38",
      "14:28:51",
      "14:44:33",
      "14:59:39",
      "15:14:30",
      "15:28:56",
      "15:43:47",
      "15:58:57",
      "16:14:06",
      "16:29:23",
      "16:44:34",
      "17:00:10",
      "17:14:24",
      "17:30:08",
      "17:45:01",
      "18:00:36",
      "18:15:37",
      "18:31:22",
      "18:45:41",
      "19:01:24",
      "19:16:51",
      "19:31:49",
      "19:47:16",
      "20:02:03",
      "20:16:21",
      "20:30:32",
      "20:45:19",
      "21:00:00",
      "21:14:58",
      "21:29:45",
      "21:45:13",
      "22:00:34"
    ],
    "board": [
      14,
      10,
      8,
      6,
      11,
      5,
      14,
      8,
      14,
      12,
      9,
      0,
      1,
      9,
      3,
      12,
      10,
      3,
      4,
      0,
      12,
      1,
      15,
      12,
      10,
      5,
      2,
      2,
      7,
      5,
      13,
      12,
      8,
      3,
      2,
      3,
      11,
      8,
      2,
      12,
      11,
      9,
      13,
      15,
      9,
      1,
      10,
      1,
      8,
      10,
      3,
      4,
      13,
      13,
      8,
      11,
      8,
      8,
      0,
      15,
      14,
      3,
      4,
      15
    ],
    "alight": [
      0,
      0,
      0,
      0,
      0,
      0,
      0,
      0,
      0,
      0,
      0,
      0,
      0,
      0,
      0,
      0,
      0,
      0,
      0,
      0,
      0,
      0,
      0,
      0,
      0,
      0,
      0,
      0,
      0,
      0,
      0,
      0,
      0,
      0,
      0,
      0,
      0,
      0,
      0,
      0,
      0,
      0,
      0,
      0,
      0,
      0,
      0,
      0,
      0,
      0,
      0,
      0,
      0,
      0,
      0,
      0,
      0,
      0,
      0,
      0,
      0,
      0,
      0,
      0
    ]
  },
  "贵安大道辅路": {
    "time": [
      "06:15:06",
      "06:29:43",
      "06:43:55",
      "06:58:54",
      "07:14:19",
      "07:29:24",
      "07:43:59",
      "07:58:21",
      "08:13:24",
      "08:28:18",
      "08:44:02",
      "08:58:55",
      "09:14:41",
      "09:29:27",
      "09:44:17",
      "09:59:16",
      "10:13:38",
      "10:27:52",
      "10:42:42",
      "10:58:31",
      "11:13:37",
      "11:29:27",
      "11:44:32",
      "11:59:40",
      "12:14:38",
      "12:29:03",
      "12:43:20",
      "12:57:54",
      "13:13:15",
      "13:27:51",
      "13:43:11",
      "13:58:58",
      "14:14:38",
      "14:28:51",
      "14:44:33",
      "14:59:39",
      "15:14:30",
      "15:28:56",
      "15:43:47",
      "15:58:57",
      "16:14:06",
      "16:29:23",
      "16:44:34",
      "17:00:10",
      "17:14:24",
      "17:30:08",
      "17:45:01",
      "18:00:36",
      "18:15:37",
      "18:31:22",
      "18:45:41",
      "19:01:24",
      "19:16:51",
      "19:31:49",
      "19:47:16",
      "20:02:03",
      "20:16:21",
      "20:30:32",
      "20:45:19",
      "21:00:00",
      "21:14:58",
      "21:29:45",
      "21:45:13",
      "22:00:34"
    ],
    "board": [
      14,
      10,
      14,
      4,
      5,
      7,
      2,
      12,
      11,
      2,
      13,
      3,
      6,
      10,
      1,
      12,
      6,
      2,
      2,
      10,
      5,
      3,
      0,
      1,
      8,
      5,
      13,
      13,
      8,
      9,
      8,
      1,
      7,
      7,
      3,
      9,
      1,
      2,
      10,
      7,
      3,
      5,
      4,
      2,
      11,
      7,
      3,
      0,
      6,
      14,
      7,
      0,
      12,
      6,
      0,
      11,
      9,
      0,
      6,
      1,
      13,
      14,
      11,
      7
    ],
    "alight": [
      0,
      0,
      0,
      0,
      0,
      0,
      0,
      0,
      0,
      0,
      0,
      0,
      0,
      0,
      0,
      0,
      0,
      0,
      0,
      0,
      0,
      0,
      0,
      0,
      0,
      0,
      0,
      0,
      0,
      0,
      0,
      0,
      0,
      0,
      0,
      0,
      0,
      0,
      0,
      0,
      0,
      0,
      0,
      0,
      0,
      0,
      0,
      0,
      0,
      0,
      0,
      0,
      0,
      0,
      0,
      0,
      0,
      0,
      0,
      0,
      0,
      0,
      0,
      0
    ]
  },
  "湖景农庄": {
    "time": [
      "06:15:06",
      "06:29:43",
      "06:43:55",
      "06:58:54",
      "07:14:19",
      "07:29:24",
      "07:43:59",
      "07:58:21",
      "08:13:24",
      "08:28:18",
      "08:44:02",
      "08:58:55",
      "09:14:41",
      "09:29:27",
      "09:44:17",
      "09:59:16",
      "10:13:38",
      "10:27:52",
      "10:42:42",
      "10:58:31",
      "11:13:37",
      "11:29:27",
      "11:44:32",
      "11:59:40",
      "12:14:38",
      "12:29:03",
      "12:43:20",
      "12:57:54",
      "13:13:15",
      "13:27:51",
      "13:43:11",
      "13:58:58",
      "14:14:38",
      "14:28:51",
      "14:44:33",
      "14:59:39",
      "15:14:30",
      "15:28:56",
      "15:43:47",
      "15:58:57",
      "16:14:06",
      "16:29:23",
      "16:44:34",
      "17:00:10",
      "17:14:24",
      "17:30:08",
      "17:45:01",
      "18:00:36",
      "18:15:37",
      "18:31:22",
      "18:45:41",
      "19:01:24",
      "19:16:51",
      "19:31:49",
      "19:47:16",
      "20:02:03",
      "20:16:21",
      "20:30:32",
      "20:45:19",
      "21:00:00",
      "21:14:58",
      "21:29:45",
      "21:45:13",
      "22:00:34"
    ],
    "board": [
      7,
      9,
      6,
      6,
      5,
      0,
      4,
      12,
      12,
      5,
      13,
      12,
      5,
      1,
      10,
      11,
      7,
      1,
      15,
      3,
      7,
      6,
      8,
      12,
      1,
      11,
      0,
      0,
      6,
      12,
      4,
      0,
      8,
      14,
      1,
      7,
      9,
      12,
      12,
      2,
      10,
      5,
      4,
      3,
      5,
      14,
      9,
      12,
      6,
      4,
      15,
      10,
      13,
      10,
      1,
      2,
      7,
      4,
      7,
      3,
      1,
      7,
      14,
      8
    ],
    "alight": [
      0,
      0,
      0,
      0,
      0,
      3,
      0,
      0,
      0,
      0,
      0,
      0,
      0,
      0,
      1,
      0,
      0,
      0,
      0,
      0,
      0,
      0,
      0,
      0,
      0,
      0,
      0,
      0,
      0,
      0,
      0,
      0,
      0,
      0,
      0,
      0,
      0,
      0,
      1,
      0,
      0,
      0,
      0,
      0,
      0,
      0,
      0,
      0,
      0,
      0,
      1,
      0,
      1,
      0,
      0,
      0,
      0,
      0,
      3,
      0,
      0,
      0,
      0,
      0
    ]
  },
  "长江新能源汽车产业园": {
    "time": [
      "06:15:06",
      "06:29:43",
      "06:43:55",
      "06:58:54",
      "07:14:19",
      "07:29:24",
      "07:43:59",
      "07:58:21",
      "08:13:24",
      "08:28:18",
      "08:44:02",
      "08:58:55",
      "09:14:41",
      "09:29:27",
      "09:44:17",
      "09:59:16",
      "10:13:38",
      "10:27:52",
      "10:42:42",
      "10:58:31",
      "11:13:37",
      "11:29:27",
      "11:44:32",
      "11:59:40",
      "12:14:38",
      "12:29:03",
      "12:43:20",
      "12:57:54",
      "13:13:15",
      "13:27:51",
      "13:43:11",
      "13:58:58",
      "14:14:38",
      "14:28:51",
      "14:44:33",
      "14:59:39",
      "15:14:30",
      "15:28:56",
      "15:43:47",
      "15:58:57",
      "16:14:06",
      "16:29:23",
      "16:44:34",
      "17:00:10",
      "17:14:24",
      "17:30:08",
      "17:45:01",
      "18:00:36",
      "18:15:37",
      "18:31:22",
      "18:45:41",
      "19:01:24",
      "19:16:51",
      "19:31:49",
      "19:47:16",
      "20:02:03",
      "20:16:21",
      "20:30:32",
      "20:45:19",
      "21:00:00",
      "21:14:58",
      "21:29:45",
      "21:45:13",
      "22:00:34"
    ],
    "board": [
      3,
      8,
      12,
      6,
      14,
      10,
      4,
      9,
      0,
      1,
      11,
      4,
      6,
      1,
      4,
      1,
      9,
      10,
      3,
      2,
      8,
      2,
      11,
      1,
      3,
      10,
      11,
      9,
      2,
      15,
      7,
      15,
      8,
      15,
      15,
      6,
      12,
      13,
      0,
      13,
      10,
      2,
      12,
      15,
      2,
      8,
      12,
      1,
      6,
      11,
      15,
      0,
      9,
      8,
      14,
      11,
      1,
      15,
      9,
      14,
      2,
      5,
      15,
      6
    ],
    "alight": [
      0,
      0,
      0,
      0,
      0,
      0,
      0,
      0,
      4,
      0,
      0,
      0,
      0,
      0,
      0,
      0,
      1,
      0,
      0,
      0,
      0,
      0,
      0,
      0,
      0,
      0,
      0,
      0,
      0,
      0,
      3,
      0,
      0,
      0,
      0,
      0,
      0,
      0,
      0,
      0,
      0,
      0,
      0,
      0,
      0,
      0,
      0,
      0,
      0,
      0,
      0,
      0,
      0,
      0,
      0,
      0,
      1,
      0,
      0,
      0,
      0,
      0,
      0,
      0
    ]
  },
  "云上天河酒店": {
    "time": [
      "06:15:06",
      "06:29:43",
      "06:43:55",
      "06:58:54",
      "07:14:19",
      "07:29:24",
      "07:43:59",
      "07:58:21",
      "08:13:24",
      "08:28:18",
      "08:44:02",
      "08:58:55",
      "09:14:41",
      "09:29:27",
      "09:44:17",
      "09:59:16",
      "10:13:38",
      "10:27:52",
      "10:42:42",
      "10:58:31",
      "11:13:37",
      "11:29:27",
      "11:44:32",
      "11:59:40",
      "12:14:38",
      "12:29:03",
      "12:43:20",
      "12:57:54",
      "13:13:15",
      "13:27:51",
      "13:43:11",
      "13:58:58",
      "14:14:38",
      "14:28:51",
      "14:44:33",
      "14:59:39",
      "15:14:30",
      "15:28:56",
      "15:43:47",
      "15:58:57",
      "16:14:06",
      "16:29:23",
      "16:44:34",
      "17:00:10",
      "17:14:24",
      "17:30:08",
      "17:45:01",
      "18:00:36",
      "18:15:37",
      "18:31:22",
      "18:45:41",
      "19:01:24",
      "19:16:51",
      "19:31:49",
      "19:47:16",
      "20:02:03",
      "20:16:21",
      "20:30:32",
      "20:45:19",
      "21:00:00",
      "21:14:58",
      "21:29:45",
      "21:45:13",
      "22:00:34"
    ],
    "board": [
      10,
      3,
      0,
      12,
      7,
      10,
      5,
      0,
      11,
      6,
      9,
      12,
      8,
      7,
      7,
      13,
      13,
      9,
      13,
      8,
      2,
      6,
      14,
      2,
      10,
      14,
      14,
      15,
      1,
      3,
      2,
      6,
      0,
      15,
      14,
      12,
      10,
      15,
      6,
      2,
      8,
      5,
      2,
      11,
      10,
      11,
      5,
      14,
      10,
      10,
      4,
      3,
      8,
      9,
      12,
      13,
      9,
      6,
      13,
      4,
      5,
      8,
      4,
      1
    ],
    "alight": [
      4,
      3,
      12,
      4,
      14,
      6,
      7,
      0,
      4,
      1,
      3,
      13,
      7,
      11,
      0,
      8,
      2,
      10,
      1,
      4,
      14,
      4,
      9,
      15,
      12,
      2,
      2,
      10,
      3,
      13,
      10,
      15,
      14,
      15,
      13,
      15,
      9,
      3,
      10,
      6,
      2,
      6,
      13,
      9,
      7,
      6,
      6,
      4,
      5,
      9,
      3,
      12,
      4,
      2,
      1,
      10,
      14,
      6,
      8,
      13,
      5,
      3,
      9,
      3
    ]
  },
  "茨凹村": {
    "time": [
      "06:15:06",
      "06:29:43",
      "06:43:55",
      "06:58:54",
      "07:14:19",
      "07:29:24",
      "07:43:59",
      "07:58:21",
      "08:13:24",
      "08:28:18",
      "08:44:02",
      "08:58:55",
      "09:14:41",
      "09:29:27",
      "09:44:17",
      "09:59:16",
      "10:13:38",
      "10:27:52",
      "10:42:42",
      "10:58:31",
      "11:13:37",
      "11:29:27",
      "11:44:32",
      "11:59:40",
      "12:14:38",
      "12:29:03",
      "12:43:20",
      "12:57:54",
      "13:13:15",
      "13:27:51",
      "13:43:11",
      "13:58:58",
      "14:14:38",
      "14:28:51",
      "14:44:33",
      "14:59:39",
      "15:14:30",
      "15:28:56",
      "15:43:47",
      "15:58:57",
      "16:14:06",
      "16:29:23",
      "16:44:34",
      "17:00:10",
      "17:14:24",
      "17:30:08",
      "17:45:01",
      "18:00:36",
      "18:15:37",
      "18:31:22",
      "18:45:41",
      "19:01:24",
      "19:16:51",
      "19:31:49",
      "19:47:16",
      "20:02:03",
      "20:16:21",
      "20:30:32",
      "20:45:19",
      "21:00:00",
      "21:14:58",
      "21:29:45",
      "21:45:13",
      "22:00:34"
    ],
    "board": [
      13,
      4,
      1,
      8,
      15,
      13,
      2,
      1,
      8,
      7,
      1,
      10,
      15,
      6,
      4,
      13,
      15,
      0,
      0,
      6,
      3,
      7,
      12,
      3,
      7,
      3,
      3,
      4,
      0,
      12,
      0,
      0,
      5,
      3,
      14,
      1,
      11,
      0,
      5,
      5,
      13,
      1,
      2,
      4,
      4,
      15,
      1,
      1,
      14,
      7,
      7,
      14,
      10,
      3,
      13,
      3,
      14,
      13,
      8,
      0,
      1,
      9,
      8,
      13
    ],
    "alight": [
      14,
      10,
      4,
      15,
      4,
      3,
      8,
      3,
      8,
      9,
      10,
      14,
      13,
      15,
      14,
      12,
      13,
      0,
      7,
      7,
      1,
      11,
      6,
      3,
      0,
      15,
      7,
      5,
      10,
      2,
      5,
      2,
      14,
      12,
      15,
      9,
      0,
      1,
      1,
      12,
      6,
      5,
      5,
      12,
      3,
      0,
      5,
      8,
      5,
      6,
      0,
      13,
      9,
      3,
      5,
      14,
      3,
      6,
      6,
      13,
      2,
      7,
      15,
      12
    ]
  },
  "百家姓儿童休闲广场": {
    "time": [
      "06:15:06",
      "06:29:43",
      "06:43:55",
      "06:58:54",
      "07:14:19",
      "07:29:24",
      "07:43:59",
      "07:58:21",
      "08:13:24",
      "08:28:18",
      "08:44:02",
      "08:58:55",
      "09:14:41",
      "09:29:27",
      "09:44:17",
      "09:59:16",
      "10:13:38",
      "10:27:52",
      "10:42:42",
      "10:58:31",
      "11:13:37",
      "11:29:27",
      "11:44:32",
      "11:59:40",
      "12:14:38",
      "12:29:03",
      "12:43:20",
      "12:57:54",
      "13:13:15",
      "13:27:51",
      "13:43:11",
      "13:58:58",
      "14:14:38",
      "14:28:51",
      "14:44:33",
      "14:59:39",
      "15:14:30",
      "15:28:56",
      "15:43:47",
      "15:58:57",
      "16:14:06",
      "16:29:23",
      "16:44:34",
      "17:00:10",
      "17:14:24",
      "17:30:08",
      "17:45:01",
      "18:00:36",
      "18:15:37",
      "18:31:22",
      "18:45:41",
      "19:01:24",
      "19:16:51",
      "19:31:49",
      "19:47:16",
      "20:02:03",
      "20:16:21",
      "20:30:32",
      "20:45:19",
      "21:00:00",
      "21:14:58",
      "21:29:45",
      "21:45:13",
      "22:00:34"
    ],
    "board": [
      6,
      2,
      15,
      12,
      4,
      5,
      5,
      4,
      6,
      12,
      10,
      2,
      4,
      13,
      14,
      14,
      7,
      14,
      1,
      7,
      9,
      10,
      3,
      14,
      10,
      11,
      8,
      4,
      10,
      14,
      8,
      7,
      10,
      15,
      5,
      0,
      2,
      4,
      15,
      9,
      10,
      0,
      12,
      4,
      8,
      15,
      13,
      0,
      5,
      7,
      6,
      9,
      10,
      4,
      8,
      13,
      4,
      4,
      1,
      4,
      9,
      6,
      3,
      3
    ],
    "alight": [
      8,
      10,
      6,
      14,
      14,
      15,
      12,
      15,
      2,
      11,
      13,
      7,
      10,
      10,
      14,
      1,
      0,
      10,
      1,
      15,
      11,
      13,
      5,
      1,
      1,
      13,
      13,
      11,
      10,
      2,
      4,
      1,
      5,
      1,
      7,
      0,
      12,
      5,
      1,
      1,
      15,
      9,
      1,
      7,
      10,
      9,
      13,
      4,
      14,
      6,
      2,
      6,
      2,
      12,
      4,
      7,
      2,
      5,
      10,
      2,
      2,
      10,
      8,
      10
    ]
  },
  "小张轮胎店": {
    "time": [
      "06:15:06",
      "06:29:43",
      "06:43:55",
      "06:58:54",
      "07:14:19",
      "07:29:24",
      "07:43:59",
      "07:58:21",
      "08:13:24",
      "08:28:18",
      "08:44:02",
      "08:58:55",
      "09:14:41",
      "09:29:27",
      "09:44:17",
      "09:59:16",
      "10:13:38",
      "10:27:52",
      "10:42:42",
      "10:58:31",
      "11:13:37",
      "11:29:27",
      "11:44:32",
      "11:59:40",
      "12:14:38",
      "12:29:03",
      "12:43:20",
      "12:57:54",
      "13:13:15",
      "13:27:51",
      "13:43:11",
      "13:58:58",
      "14:14:38",
      "14:28:51",
      "14:44:33",
      "14:59:39",
      "15:14:30",
      "15:28:56",
      "15:43:47",
      "15:58:57",
      "16:14:06",
      "16:29:23",
      "16:44:34",
      "17:00:10",
      "17:14:24",
      "17:30:08",
      "17:45:01",
      "18:00:36",
      "18:15:37",
      "18:31:22",
      "18:45:41",
      "19:01:24",
      "19:16:51",
      "19:31:49",
      "19:47:16",
      "20:02:03",
      "20:16:21",
      "20:30:32",
      "20:45:19",
      "21:00:00",
      "21:14:58",
      "21:29:45",
      "21:45:13",
      "22:00:34"
    ],
    "board": [
      8,
      4,
      7,
      1,
      7,
      1,
      11,
      2,
      3,
      0,
      8,
      9,
      3,
      15,
      13,
      2,
      7,
      6,
      1,
      14,
      4,
      0,
      5,
      7,
      0,
      8,
      9,
      2,
      13,
      13,
      12,
      5,
      15,
      2,
      8,
      12,
      7,
      7,
      13,
      15,
      14,
      0,
      11,
      11,
      6,
      0,
      2,
      0,
      15,
      3,
      13,
      3,
      4,
      8,
      4,
      1,
      10,
      13,
      5,
      1,
      0,
      4,
      9,
      7
    ],
    "alight": [
      7,
      7,
      3,
      3,
      12,
      7,
      1,
      3,
      6,
      5,
      6,
      7,
      12,
      15,
      8,
      10,
      6,
      3,
      9,
      6,
      14,
      0,
      14,
      10,
      2,
      13,
      1,
      14,
      9,
      7,
      5,
      12,
      1,
      11,
      4,
      11,
      5,
      8,
      9,
      12,
      9,
      3,
      14,
      13,
      7,
      4,
      6,
      15,
      9,
      5,
      1,
      4,
      13,
      3,
      7,
      9,
      8,
      14,
      0,
      3,
      9,
      10,
      2,
      13
    ]
  },
  "小张自采草莓园": {
    "time": [
      "06:15:06",
      "06:29:43",
      "06:43:55",
      "06:58:54",
      "07:14:19",
      "07:29:24",
      "07:43:59",
      "07:58:21",
      "08:13:24",
      "08:28:18",
      "08:44:02",
      "08:58:55",
      "09:14:41",
      "09:29:27",
      "09:44:17",
      "09:59:16",
      "10:13:38",
      "10:27:52",
      "10:42:42",
      "10:58:31",
      "11:13:37",
      "11:29:27",
      "11:44:32",
      "11:59:40",
      "12:14:38",
      "12:29:03",
      "12:43:20",
      "12:57:54",
      "13:13:15",
      "13:27:51",
      "13:43:11",
      "13:58:58",
      "14:14:38",
      "14:28:51",
      "14:44:33",
      "14:59:39",
      "15:14:30",
      "15:28:56",
      "15:43:47",
      "15:58:57",
      "16:14:06",
      "16:29:23",
      "16:44:34",
      "17:00:10",
      "17:14:24",
      "17:30:08",
      "17:45:01",
      "18:00:36",
      "18:15:37",
      "18:31:22",
      "18:45:41",
      "19:01:24",
      "19:16:51",
      "19:31:49",
      "19:47:16",
      "20:02:03",
      "20:16:21",
      "20:30:32",
      "20:45:19",
      "21:00:00",
      "21:14:58",
      "21:29:45",
      "21:45:13",
      "22:00:34"
    ],
    "board": [
      2,
      5,
      12,
      7,
      9,
      5,
      3,
      7,
      11,
      12,
      5,
      14,
      11,
      14,
      11,
      5,
      3,
      3,
      2,
      7,
      15,
      2,
      12,
      15,
      12,
      12,
      13,
      6,
      14,
      9,
      9,
      14,
      5,
      7,
      0,
      3,
      2,
      6,
      1,
      0,
      15,
      4,
      4,
      14,
      9,
      9,
      4,
      1,
      5,
      3,
      6,
      13,
      14,
      0,
      11,
      9,
      3,
      14,
      14,
      14,
      2,
      15,
      6,
      2
    ],
    "alight": [
      5,
      15,
      10,
      3,
      2,
      4,
      9,
      10,
      1,
      1,
      0,
      1,
      11,
      11,
      4,
      14,
      15,
      15,
      4,
      5,
      11,
      13,
      12,
      1,
      11,
      8,
      2,
      5,
      12,
      8,
      14,
      8,
      7,
      4,
      15,
      12,
      6,
      8,
      13,
      7,
      11,
      4,
      8,
      0,
      4,
      10,
      2,
      4,
      2,
      13,
      4,
      2,
      7,
      1,
      2,
      2,
      5,
      7,
      14,
      0,
      6,
      9,
      3,
      10
    ]
  },
  "贵阳农商银行(石板支行)": {
    "time": [
      "06:15:06",
      "06:29:43",
      "06:43:55",
      "06:58:54",
      "07:14:19",
      "07:29:24",
      "07:43:59",
      "07:58:21",
      "08:13:24",
      "08:28:18",
      "08:44:02",
      "08:58:55",
      "09:14:41",
      "09:29:27",
      "09:44:17",
      "09:59:16",
      "10:13:38",
      "10:27:52",
      "10:42:42",
      "10:58:31",
      "11:13:37",
      "11:29:27",
      "11:44:32",
      "11:59:40",
      "12:14:38",
      "12:29:03",
      "12:43:20",
      "12:57:54",
      "13:13:15",
      "13:27:51",
      "13:43:11",
      "13:58:58",
      "14:14:38",
      "14:28:51",
      "14:44:33",
      "14:59:39",
      "15:14:30",
      "15:28:56",
      "15:43:47",
      "15:58:57",
      "16:14:06",
      "16:29:23",
      "16:44:34",
      "17:00:10",
      "17:14:24",
      "17:30:08",
      "17:45:01",
      "18:00:36",
      "18:15:37",
      "18:31:22",
      "18:45:41",
      "19:01:24",
      "19:16:51",
      "19:31:49",
      "19:47:16",
      "20:02:03",
      "20:16:21",
      "20:30:32",
      "20:45:19",
      "21:00:00",
      "21:14:58",
      "21:29:45",
      "21:45:13",
      "22:00:34"
    ],
    "board": [
      7,
      8,
      13,
      3,
      3,
      11,
      4,
      0,
      2,
      0,
      3,
      11,
      7,
      9,
      8,
      11,
      6,
      1,
      12,
      0,
      12,
      7,
      2,
      3,
      2,
      7,
      6,
      0,
      6,
      2,
      14,
      15,
      2,
      1,
      15,
      4,
      9,
      1,
      13,
      11,
      8,
      11,
      12,
      14,
      6,
      10,
      9,
      2,
      15,
      12,
      0,
      9,
      7,
      3,
      0,
      10,
      2,
      9,
      15,
      3,
      7,
      9,
      15,
      14
    ],
    "alight": [
      15,
      12,
      7,
      6,
      5,
      15,
      10,
      1,
      0,
      4,
      2,
      14,
      8,
      9,
      5,
      1,
      5,
      6,
      15,
      12,
      11,
      0,
      8,
      15,
      2,
      3,
      11,
      0,
      14,
      4,
      1,
      7,
      8,
      15,
      6,
      15,
      15,
      6,
      4,
      7,
      15,
      3,
      1,
      9,
      7,
      6,
      6,
      12,
      7,
      8,
      3,
      7,
      4,
      12,
      4,
      6,
      13,
      7,
      14,
      3,
      15,
      10,
      14,
      8
    ]
  },
  "中国农业银行(石板分理处)": {
    "time": [
      "06:15:06",
      "06:29:43",
      "06:43:55",
      "06:58:54",
      "07:14:19",
      "07:29:24",
      "07:43:59",
      "07:58:21",
      "08:13:24",
      "08:28:18",
      "08:44:02",
      "08:58:55",
      "09:14:41",
      "09:29:27",
      "09:44:17",
      "09:59:16",
      "10:13:38",
      "10:27:52",
      "10:42:42",
      "10:58:31",
      "11:13:37",
      "11:29:27",
      "11:44:32",
      "11:59:40",
      "12:14:38",
      "12:29:03",
      "12:43:20",
      "12:57:54",
      "13:13:15",
      "13:27:51",
      "13:43:11",
      "13:58:58",
      "14:14:38",
      "14:28:51",
      "14:44:33",
      "14:59:39",
      "15:14:30",
      "15:28:56",
      "15:43:47",
      "15:58:57",
      "16:14:06",
      "16:29:23",
      "16:44:34",
      "17:00:10",
      "17:14:24",
      "17:30:08",
      "17:45:01",
      "18:00:36",
      "18:15:37",
      "18:31:22",
      "18:45:41",
      "19:01:24",
      "19:16:51",
      "19:31:49",
      "19:47:16",
      "20:02:03",
      "20:16:21",
      "20:30:32",
      "20:45:19",
      "21:00:00",
      "21:14:58",
      "21:29:45",
      "21:45:13",
      "22:00:34"
    ],
    "board": [
      5,
      4,
      4,
      9,
      5,
      8,
      5,
      1,
      7,
      10,
      4,
      9,
      8,
      6,
      1,
      2,
      9,
      14,
      13,
      9,
      14,
      5,
      3,
      15,
      6,
      14,
      12,
      1,
      14,
      5,
      8,
      5,
      5,
      8,
      6,
      7,
      9,
      2,
      7,
      4,
      1,
      5,
      10,
      12,
      15,
      3,
      7,
      15,
      9,
      4,
      9,
      9,
      0,
      7,
      9,
      11,
      9,
      7,
      9,
      6,
      5,
      1,
      8,
      4
    ],
    "alight": [
      14,
      8,
      9,
      4,
      12,
      13,
      13,
      5,
      15,
      0,
      8,
      1,
      14,
      9,
      15,
      7,
      13,
      14,
      13,
      4,
      10,
      3,
      5,
      2,
      15,
      7,
      10,
      4,
      5,
      2,
      8,
      1,
      6,
      3,
      8,
      10,
      13,
      0,
      8,
      3,
      9,
      0,
      5,
      8,
      5,
      5,
      12,
      11,
      3,
      5,
      3,
      6,
      8,
      11,
      13,
      3,
      0,
      13,
      12,
      0,
      7,
      15,
      5,
      13
    ]
  },
  "誉将安全门": {
    "time": [
      "06:15:06",
      "06:29:43",
      "06:43:55",
      "06:58:54",
      "07:14:19",
      "07:29:24",
      "07:43:59",
      "07:58:21",
      "08:13:24",
      "08:28:18",
      "08:44:02",
      "08:58:55",
      "09:14:41",
      "09:29:27",
      "09:44:17",
      "09:59:16",
      "10:13:38",
      "10:27:52",
      "10:42:42",
      "10:58:31",
      "11:13:37",
      "11:29:27",
      "11:44:32",
      "11:59:40",
      "12:14:38",
      "12:29:03",
      "12:43:20",
      "12:57:54",
      "13:13:15",
      "13:27:51",
      "13:43:11",
      "13:58:58",
      "14:14:38",
      "14:28:51",
      "14:44:33",
      "14:59:39",
      "15:14:30",
      "15:28:56",
      "15:43:47",
      "15:58:57",
      "16:14:06",
      "16:29:23",
      "16:44:34",
      "17:00:10",
      "17:14:24",
      "17:30:08",
      "17:45:01",
      "18:00:36",
      "18:15:37",
      "18:31:22",
      "18:45:41",
      "19:01:24",
      "19:16:51",
      "19:31:49",
      "19:47:16",
      "20:02:03",
      "20:16:21",
      "20:30:32",
      "20:45:19",
      "21:00:00",
      "21:14:58",
      "21:29:45",
      "21:45:13",
      "22:00:34"
    ],
    "board": [
      13,
      5,
      10,
      1,
      8,
      7,
      6,
      4,
      14,
      10,
      13,
      8,
      1,
      1,
      12,
      14,
      9,
      15,
      10,
      3,
      6,
      9,
      6,
      0,
      6,
      13,
      8,
      14,
      6,
      10,
      9,
      13,
      9,
      14,
      14,
      15,
      6,
      10,
      0,
      5,
      14,
      5,
      15,
      14,
      6,
      6,
      9,
      12,
      6,
      9,
      4,
      11,
      14,
      6,
      12,
      10,
      8,
      13,
      12,
      9,
      5,
      3,
      0,
      0
    ],
    "alight": [
      3,
      13,
      12,
      11,
      8,
      14,
      8,
      4,
      2,
      4,
      13,
      7,
      7,
      15,
      2,
      8,
      10,
      5,
      4,
      10,
      9,
      4,
      14,
      14,
      11,
      4,
      13,
      10,
      5,
      10,
      8,
      2,
      14,
      6,
      1,
      7,
      7,
      8,
      6,
      13,
      4,
      6,
      7,
      5,
      15,
      10,
      1,
      8,
      9,
      5,
      11,
      12,
      2,
      14,
      0,
      11,
      9,
      9,
      3,
      11,
      4,
      6,
      5,
      3
    ]
  },
  "贵州万家灯火电器科技有限公司": {
    "time": [
      "06:15:06",
      "06:29:43",
      "06:43:55",
      "06:58:54",
      "07:14:19",
      "07:29:24",
      "07:43:59",
      "07:58:21",
      "08:13:24",
      "08:28:18",
      "08:44:02",
      "08:58:55",
      "09:14:41",
      "09:29:27",
      "09:44:17",
      "09:59:16",
      "10:13:38",
      "10:27:52",
      "10:42:42",
      "10:58:31",
      "11:13:37",
      "11:29:27",
      "11:44:32",
      "11:59:40",
      "12:14:38",
      "12:29:03",
      "12:43:20",
      "12:57:54",
      "13:13:15",
      "13:27:51",
      "13:43:11",
      "13:58:58",
      "14:14:38",
      "14:28:51",
      "14:44:33",
      "14:59:39",
      "15:14:30",
      "15:28:56",
      "15:43:47",
      "15:58:57",
      "16:14:06",
      "16:29:23",
      "16:44:34",
      "17:00:10",
      "17:14:24",
      "17:30:08",
      "17:45:01",
      "18:00:36",
      "18:15:37",
      "18:31:22",
      "18:45:41",
      "19:01:24",
      "19:16:51",
      "19:31:49",
      "19:47:16",
      "20:02:03",
      "20:16:21",
      "20:30:32",
      "20:45:19",
      "21:00:00",
      "21:14:58",
      "21:29:45",
      "21:45:13",
      "22:00:34"
    ],
    "board": [
      14,
      11,
      7,
      3,
      6,
      5,
      2,
      4,
      10,
      13,
      0,
      11,
      6,
      4,
      2,
      8,
      8,
      1,
      1,
      0,
      1,
      15,
      1,
      1,
      13,
      4,
      14,
      5,
      14,
      3,
      0,
      5,
      8,
      1,
      8,
      1,
      9,
      5,
      3,
      3,
      1,
      1,
      12,
      15,
      10,
      7,
      12,
      15,
      0,
      0,
      4,
      4,
      11,
      0,
      3,
      2,
      15,
      12,
      13,
      9,
      10,
      0,
      15,
      10
    ],
    "alight": [
      13,
      12,
      7,
      10,
      14,
      8,
      9,
      0,
      13,
      7,
      5,
      1,
      8,
      0,
      11,
      6,
      13,
      14,
      15,
      15,
      5,
      11,
      6,
      9,
      11,
      5,
      14,
      7,
      2,
      14,
      1,
      9,
      2,
      6,
      9,
      12,
      4,
      1,
      6,
      9,
      14,
      13,
      9,
      11,
      15,
      14,
      6,
      7,
      4,
      14,
      2,
      7,
      11,
      2,
      10,
      3,
      9,
      11,
      5,
      15,
      6,
      10,
      9,
      2
    ]
  },
  "周胖子总店": {
    "time": [
      "06:15:06",
      "06:29:43",
      "06:43:55",
      "06:58:54",
      "07:14:19",
      "07:29:24",
      "07:43:59",
      "07:58:21",
      "08:13:24",
      "08:28:18",
      "08:44:02",
      "08:58:55",
      "09:14:41",
      "09:29:27",
      "09:44:17",
      "09:59:16",
      "10:13:38",
      "10:27:52",
      "10:42:42",
      "10:58:31",
      "11:13:37",
      "11:29:27",
      "11:44:32",
      "11:59:40",
      "12:14:38",
      "12:29:03",
      "12:43:20",
      "12:57:54",
      "13:13:15",
      "13:27:51",
      "13:43:11",
      "13:58:58",
      "14:14:38",
      "14:28:51",
      "14:44:33",
      "14:59:39",
      "15:14:30",
      "15:28:56",
      "15:43:47",
      "15:58:57",
      "16:14:06",
      "16:29:23",
      "16:44:34",
      "17:00:10",
      "17:14:24",
      "17:30:08",
      "17:45:01",
      "18:00:36",
      "18:15:37",
      "18:31:22",
      "18:45:41",
      "19:01:24",
      "19:16:51",
      "19:31:49",
      "19:47:16",
      "20:02:03",
      "20:16:21",
      "20:30:32",
      "20:45:19",
      "21:00:00",
      "21:14:58",
      "21:29:45",
      "21:45:13",
      "22:00:34"
    ],
    "board": [
      13,
      14,
      10,
      9,
      11,
      8,
      1,
      6,
      2,
      12,
      9,
      11,
      11,
      1,
      1,
      7,
      5,
      10,
      12,
      13,
      2,
      2,
      9,
      10,
      2,
      6,
      14,
      4,
      5,
      1,
      9,
      12,
      8,
      14,
      9,
      6,
      6,
      4,
      9,
      13,
      6,
      13,
      10,
      2,
      15,
      14,
      2,
      6,
      6,
      13,
      13,
      0,
      1,
      3,
      8,
      13,
      10,
      1,
      10,
      0,
      11,
      12,
      11,
      4
    ],
    "alight": [
      1,
      4,
      9,
      13,
      4,
      8,
      4,
      3,
      11,
      1,
      13,
      8,
      10,
      15,
      7,
      6,
      4,
      0,
      0,
      6,
      6,
      7,
      0,
      3,
      12,
      14,
      6,
      14,
      14,
      3,
      12,
      10,
      6,
      6,
      7,
      15,
      11,
      11,
      12,
      3,
      14,
      0,
      9,
      0,
      14,
      11,
      4,
      3,
      8,
      6,
      0,
      12,
      3,
      10,
      0,
      12,
      15,
      10,
      4,
      15,
      1,
      5,
      10,
      14
    ]
  },
  "金竹派出所三合学校执勤点": {
    "time": [
      "06:15:06",
      "06:29:43",
      "06:43:55",
      "06:58:54",
      "07:14:19",
      "07:29:24",
      "07:43:59",
      "07:58:21",
      "08:13:24",
      "08:28:18",
      "08:44:02",
      "08:58:55",
      "09:14:41",
      "09:29:27",
      "09:44:17",
      "09:59:16",
      "10:13:38",
      "10:27:52",
      "10:42:42",
      "10:58:31",
      "11:13:37",
      "11:29:27",
      "11:44:32",
      "11:59:40",
      "12:14:38",
      "12:29:03",
      "12:43:20",
      "12:57:54",
      "13:13:15",
      "13:27:51",
      "13:43:11",
      "13:58:58",
      "14:14:38",
      "14:28:51",
      "14:44:33",
      "14:59:39",
      "15:14:30",
      "15:28:56",
      "15:43:47",
      "15:58:57",
      "16:14:06",
      "16:29:23",
      "16:44:34",
      "17:00:10",
      "17:14:24",
      "17:30:08",
      "17:45:01",
      "18:00:36",
      "18:15:37",
      "18:31:22",
      "18:45:41",
      "19:01:24",
      "19:16:51",
      "19:31:49",
      "19:47:16",
      "20:02:03",
      "20:16:21",
      "20:30:32",
      "20:45:19",
      "21:00:00",
      "21:14:58",
      "21:29:45",
      "21:45:13",
      "22:00:34"
    ],
    "board": [
      7,
      13,
      8,
      0,
      12,
      10,
      8,
      9,
      1,
      12,
      4,
      2,
      9,
      2,
      9,
      3,
      0,
      9,
      7,
      2,
      2,
      14,
      13,
      13,
      14,
      7,
      1,
      10,
      3,
      15,
      10,
      15,
      4,
      7,
      7,
      6,
      2,
      14,
      1,
      8,
      5,
      3,
      12,
      8,
      14,
      6,
      8,
      14,
      6,
      8,
      7,
      3,
      3,
      2,
      7,
      10,
      12,
      15,
      11,
      1,
      14,
      10,
      15,
      12
    ],
    "alight": [
      7,
      1,
      12,
      1,
      15,
      9,
      5,
      11,
      4,
      5,
      13,
      6,
      11,
      9,
      14,
      9,
      5,
      8,
      12,
      3,
      12,
      8,
      10,
      5,
      8,
      3,
      11,
      3,
      4,
      10,
      13,
      12,
      3,
      5,
      3,
      7,
      1,
      2,
      11,
      14,
      6,
      0,
      14,
      1,
      14,
      8,
      4,
      10,
      11,
      7,
      4,
      10,
      5,
      6,
      3,
      6,
      5,
      11,
      6,
      15,
      7,
      14,
      4,
      0
    ]
  },
  "贵州省农科院附属中学": {
    "time": [
      "06:15:06",
      "06:29:43",
      "06:43:55",
      "06:58:54",
      "07:14:19",
      "07:29:24",
      "07:43:59",
      "07:58:21",
      "08:13:24",
      "08:28:18",
      "08:44:02",
      "08:58:55",
      "09:14:41",
      "09:29:27",
      "09:44:17",
      "09:59:16",
      "10:13:38",
      "10:27:52",
      "10:42:42",
      "10:58:31",
      "11:13:37",
      "11:29:27",
      "11:44:32",
      "11:59:40",
      "12:14:38",
      "12:29:03",
      "12:43:20",
      "12:57:54",
      "13:13:15",
      "13:27:51",
      "13:43:11",
      "13:58:58",
      "14:14:38",
      "14:28:51",
      "14:44:33",
      "14:59:39",
      "15:14:30",
      "15:28:56",
      "15:43:47",
      "15:58:57",
      "16:14:06",
      "16:29:23",
      "16:44:34",
      "17:00:10",
      "17:14:24",
      "17:30:08",
      "17:45:01",
      "18:00:36",
      "18:15:37",
      "18:31:22",
      "18:45:41",
      "19:01:24",
      "19:16:51",
      "19:31:49",
      "19:47:16",
      "20:02:03",
      "20:16:21",
      "20:30:32",
      "20:45:19",
      "21:00:00",
      "21:14:58",
      "21:29:45",
      "21:45:13",
      "22:00:34"
    ],
    "board": [
      4,
      4,
      4,
      13,
      1,
      3,
      3,
      15,
      11,
      5,
      6,
      6,
      11,
      10,
      9,
      7,
      5,
      13,
      15,
      9,
      11,
      3,
      0,
      3,
      9,
      1,
      5,
      5,
      8,
      13,
      10,
      3,
      14,
      13,
      15,
      13,
      11,
      15,
      10,
      10,
      13,
      4,
      5,
      5,
      8,
      3,
      5,
      9,
      6,
      13,
      10,
      9,
      15,
      15,
      11,
      1,
      13,
      14,
      9,
      11,
      11,
      4,
      5,
      10
    ],
    "alight": [
      0,
      6,
      15,
      9,
      9,
      5,
      3,
      0,
      11,
      5,
      5,
      8,
      0,
      12,
      12,
      2,
      6,
      13,
      0,
      6,
      2,
      7,
      3,
      8,
      11,
      14,
      10,
      2,
      9,
      2,
      7,
      0,
      8,
      10,
      6,
      6,
      3,
      10,
      11,
      11,
      14,
      11,
      1,
      7,
      15,
      6,
      9,
      9,
      12,
      9,
      14,
      2,
      13,
      11,
      12,
      11,
      0,
      1,
      14,
      10,
      11,
      0,
      6,
      12
    ]
  },
  "盘山路": {
    "time": [
      "06:15:06",
      "06:29:43",
      "06:43:55",
      "06:58:54",
      "07:14:19",
      "07:29:24",
      "07:43:59",
      "07:58:21",
      "08:13:24",
      "08:28:18",
      "08:44:02",
      "08:58:55",
      "09:14:41",
      "09:29:27",
      "09:44:17",
      "09:59:16",
      "10:13:38",
      "10:27:52",
      "10:42:42",
      "10:58:31",
      "11:13:37",
      "11:29:27",
      "11:44:32",
      "11:59:40",
      "12:14:38",
      "12:29:03",
      "12:43:20",
      "12:57:54",
      "13:13:15",
      "13:27:51",
      "13:43:11",
      "13:58:58",
      "14:14:38",
      "14:28:51",
      "14:44:33",
      "14:59:39",
      "15:14:30",
      "15:28:56",
      "15:43:47",
      "15:58:57",
      "16:14:06",
      "16:29:23",
      "16:44:34",
      "17:00:10",
      "17:14:24",
      "17:30:08",
      "17:45:01",
      "18:00:36",
      "18:15:37",
      "18:31:22",
      "18:45:41",
      "19:01:24",
      "19:16:51",
      "19:31:49",
      "19:47:16",
      "20:02:03",
      "20:16:21",
      "20:30:32",
      "20:45:19",
      "21:00:00",
      "21:14:58",
      "21:29:45",
      "21:45:13",
      "22:00:34"
    ],
    "board": [
      6,
      5,
      3,
      6,
      2,
      3,
      9,
      5,
      1,
      0,
      13,
      0,
      1,
      14,
      6,
      12,
      5,
      2,
      10,
      0,
      2,
      11,
      13,
      5,
      7,
      5,
      4,
      11,
      13,
      9,
      10,
      3,
      9,
      15,
      9,
      4,
      7,
      10,
      12,
      2,
      8,
      6,
      14,
      7,
      2,
      6,
      11,
      15,
      0,
      2,
      15,
      2,
      5,
      15,
      0,
      13,
      12,
      1,
      10,
      7,
      13,
      15,
      13,
      2
    ],
    "alight": [
      2,
      2,
      12,
      6,
      7,
      10,
      13,
      9,
      15,
      10,
      2,
      5,
      7,
      1,
      13,
      6,
      0,
      2,
      1,
      1,
      5,
      13,
      12,
      14,
      0,
      6,
      14,
      9,
      5,
      7,
      9,
      15,
      2,
      14,
      11,
      6,
      8,
      0,
      13,
      0,
      15,
      12,
      6,
      15,
      9,
      4,
      9,
      8,
      13,
      5,
      6,
      12,
      13,
      3,
      9,
      3,
      5,
      9,
      13,
      15,
      8,
      1,
      9,
      8
    ]
  },
  "贵州茶博园科技开发有限公司": {
    "time": [
      "06:15:06",
      "06:29:43",
      "06:43:55",
      "06:58:54",
      "07:14:19",
      "07:29:24",
      "07:43:59",
      "07:58:21",
      "08:13:24",
      "08:28:18",
      "08:44:02",
      "08:58:55",
      "09:14:41",
      "09:29:27",
      "09:44:17",
      "09:59:16",
      "10:13:38",
      "10:27:52",
      "10:42:42",
      "10:58:31",
      "11:13:37",
      "11:29:27",
      "11:44:32",
      "11:59:40",
      "12:14:38",
      "12:29:03",
      "12:43:20",
      "12:57:54",
      "13:13:15",
      "13:27:51",
      "13:43:11",
      "13:58:58",
      "14:14:38",
      "14:28:51",
      "14:44:33",
      "14:59:39",
      "15:14:30",
      "15:28:56",
      "15:43:47",
      "15:58:57",
      "16:14:06",
      "16:29:23",
      "16:44:34",
      "17:00:10",
      "17:14:24",
      "17:30:08",
      "17:45:01",
      "18:00:36",
      "18:15:37",
      "18:31:22",
      "18:45:41",
      "19:01:24",
      "19:16:51",
      "19:31:49",
      "19:47:16",
      "20:02:03",
      "20:16:21",
      "20:30:32",
      "20:45:19",
      "21:00:00",
      "21:14:58",
      "21:29:45",
      "21:45:13",
      "22:00:34"
    ],
    "board": [
      11,
      10,
      15,
      10,
      3,
      14,
      4,
      15,
      15,
      12,
      1,
      1,
      12,
      7,
      0,
      15,
      15,
      2,
      5,
      2,
      8,
      14,
      14,
      5,
      7,
      9,
      0,
      10,
      15,
      4,
      12,
      9,
      0,
      2,
      4,
      13,
      7,
      0,
      5,
      0,
      7,
      15,
      1,
      0,
      11,
      9,
      4,
      8,
      6,
      10,
      6,
      2,
      1,
      9,
      11,
      5,
      9,
      3,
      0,
      12,
      10,
      4,
      2,
      13
    ],
    "alight": [
      10,
      7,
      4,
      5,
      4,
      14,
      2,
      10,
      3,
      6,
      8,
      7,
      11,
      8,
      0,
      12,
      3,
      4,
      5,
      6,
      10,
      12,
      15,
      2,
      6,
      9,
      1,
      0,
      7,
      11,
      4,
      10,
      5,
      9,
      8,
      10,
      1,
      2,
      14,
      13,
      8,
      9,
      14,
      7,
      4,
      7,
      7,
      3,
      1,
      6,
      3,
      12,
      15,
      9,
      6,
      9,
      5,
      13,
      3,
      3,
      13,
      1,
      11,
      0
    ]
  },
  "甲秀南路西侧土地收储办公室": {
    "time": [
      "06:15:06",
      "06:29:43",
      "06:43:55",
      "06:58:54",
      "07:14:19",
      "07:29:24",
      "07:43:59",
      "07:58:21",
      "08:13:24",
      "08:28:18",
      "08:44:02",
      "08:58:55",
      "09:14:41",
      "09:29:27",
      "09:44:17",
      "09:59:16",
      "10:13:38",
      "10:27:52",
      "10:42:42",
      "10:58:31",
      "11:13:37",
      "11:29:27",
      "11:44:32",
      "11:59:40",
      "12:14:38",
      "12:29:03",
      "12:43:20",
      "12:57:54",
      "13:13:15",
      "13:27:51",
      "13:43:11",
      "13:58:58",
      "14:14:38",
      "14:28:51",
      "14:44:33",
      "14:59:39",
      "15:14:30",
      "15:28:56",
      "15:43:47",
      "15:58:57",
      "16:14:06",
      "16:29:23",
      "16:44:34",
      "17:00:10",
      "17:14:24",
      "17:30:08",
      "17:45:01",
      "18:00:36",
      "18:15:37",
      "18:31:22",
      "18:45:41",
      "19:01:24",
      "19:16:51",
      "19:31:49",
      "19:47:16",
      "20:02:03",
      "20:16:21",
      "20:30:32",
      "20:45:19",
      "21:00:00",
      "21:14:58",
      "21:29:45",
      "21:45:13",
      "22:00:34"
    ],
    "board": [
      0,
      2,
      8,
      3,
      14,
      15,
      2,
      2,
      10,
      13,
      7,
      10,
      15,
      13,
      1,
      0,
      15,
      0,
      9,
      8,
      10,
      3,
      3,
      13,
      3,
      4,
      15,
      5,
      11,
      14,
      6,
      15,
      3,
      11,
      9,
      7,
      4,
      12,
      5,
      3,
      1,
      13,
      9,
      8,
      9,
      12,
      12,
      6,
      5,
      6,
      8,
      14,
      15,
      0,
      7,
      12,
      2,
      9,
      5,
      11,
      0,
      7,
      6,
      2
    ],
    "alight": [
      0,
      12,
      10,
      4,
      2,
      15,
      0,
      5,
      3,
      4,
      4,
      5,
      13,
      9,
      13,
      7,
      15,
      11,
      12,
      0,
      0,
      1,
      2,
      7,
      3,
      1,
      6,
      7,
      2,
      15,
      4,
      8,
      11,
      2,
      2,
      1,
      7,
      0,
      11,
      4,
      12,
      15,
      10,
      5,
      12,
      1,
      6,
      9,
      11,
      14,
      0,
      15,
      6,
      12,
      8,
      2,
      1,
      7,
      7,
      1,
      5,
      3,
      15,
      2
    ]
  },
  "烤来烤去烧烤": {
    "time": [
      "06:15:06",
      "06:29:43",
      "06:43:55",
      "06:58:54",
      "07:14:19",
      "07:29:24",
      "07:43:59",
      "07:58:21",
      "08:13:24",
      "08:28:18",
      "08:44:02",
      "08:58:55",
      "09:14:41",
      "09:29:27",
      "09:44:17",
      "09:59:16",
      "10:13:38",
      "10:27:52",
      "10:42:42",
      "10:58:31",
      "11:13:37",
      "11:29:27",
      "11:44:32",
      "11:59:40",
      "12:14:38",
      "12:29:03",
      "12:43:20",
      "12:57:54",
      "13:13:15",
      "13:27:51",
      "13:43:11",
      "13:58:58",
      "14:14:38",
      "14:28:51",
      "14:44:33",
      "14:59:39",
      "15:14:30",
      "15:28:56",
      "15:43:47",
      "15:58:57",
      "16:14:06",
      "16:29:23",
      "16:44:34",
      "17:00:10",
      "17:14:24",
      "17:30:08",
      "17:45:01",
      "18:00:36",
      "18:15:37",
      "18:31:22",
      "18:45:41",
      "19:01:24",
      "19:16:51",
      "19:31:49",
      "19:47:16",
      "20:02:03",
      "20:16:21",
      "20:30:32",
      "20:45:19",
      "21:00:00",
      "21:14:58",
      "21:29:45",
      "21:45:13",
      "22:00:34"
    ],
    "board": [
      4,
      14,
      14,
      15,
      13,
      5,
      10,
      0,
      1,
      15,
      0,
      6,
      8,
      11,
      11,
      4,
      1,
      15,
      0,
      2,
      10,
      2,
      3,
      2,
      9,
      7,
      11,
      5,
      7,
      4,
      11,
      10,
      7,
      13,
      10,
      4,
      15,
      7,
      12,
      7,
      1,
      15,
      12,
      5,
      4,
      8,
      0,
      7,
      4,
      11,
      5,
      10,
      6,
      2,
      12,
      0,
      0,
      0,
      0,
      3,
      13,
      6,
      5,
      3
    ],
    "alight": [
      12,
      1,
      8,
      9,
      11,
      5,
      5,
      15,
      6,
      4,
      10,
      5,
      3,
      6,
      5,
      9,
      7,
      7,
      10,
      7,
      15,
      6,
      12,
      4,
      15,
      15,
      1,
      8,
      4,
      13,
      9,
      11,
      4,
      1,
      3,
      13,
      2,
      12,
      4,
      6,
      2,
      10,
      5,
      9,
      4,
      11,
      6,
      13,
      14,
      12,
      4,
      11,
      3,
      0,
      9,
      7,
      8,
      14,
      3,
      11,
      8,
      1,
      12,
      11
    ]
  },
  "水磨时光": {
    "time": [
      "06:15:06",
      "06:29:43",
      "06:43:55",
      "06:58:54",
      "07:14:19",
      "07:29:24",
      "07:43:59",
      "07:58:21",
      "08:13:24",
      "08:28:18",
      "08:44:02",
      "08:58:55",
      "09:14:41",
      "09:29:27",
      "09:44:17",
      "09:59:16",
      "10:13:38",
      "10:27:52",
      "10:42:42",
      "10:58:31",
      "11:13:37",
      "11:29:27",
      "11:44:32",
      "11:59:40",
      "12:14:38",
      "12:29:03",
      "12:43:20",
      "12:57:54",
      "13:13:15",
      "13:27:51",
      "13:43:11",
      "13:58:58",
      "14:14:38",
      "14:28:51",
      "14:44:33",
      "14:59:39",
      "15:14:30",
      "15:28:56",
      "15:43:47",
      "15:58:57",
      "16:14:06",
      "16:29:23",
      "16:44:34",
      "17:00:10",
      "17:14:24",
      "17:30:08",
      "17:45:01",
      "18:00:36",
      "18:15:37",
      "18:31:22",
      "18:45:41",
      "19:01:24",
      "19:16:51",
      "19:31:49",
      "19:47:16",
      "20:02:03",
      "20:16:21",
      "20:30:32",
      "20:45:19",
      "21:00:00",
      "21:14:58",
      "21:29:45",
      "21:45:13",
      "22:00:34"
    ],
    "board": [
      1,
      2,
      2,
      13,
      9,
      8,
      15,
      11,
      0,
      12,
      7,
      9,
      11,
      14,
      14,
      8,
      6,
      1,
      11,
      6,
      12,
      11,
      1,
      5,
      2,
      6,
      4,
      8,
      11,
      1,
      13,
      6,
      8,
      14,
      2,
      0,
      10,
      14,
      8,
      1,
      3,
      13,
      7,
      3,
      12,
      1,
      6,
      10,
      0,
      2,
      12,
      0,
      4,
      4,
      1,
      1,
      7,
      15,
      14,
      10,
      1,
      9,
      13,
      2
    ],
    "alight": [
      7,
      14,
      10,
      3,
      10,
      10,
      4,
      10,
      11,
      0,
      6,
      11,
      0,
      4,
      9,
      9,
      9,
      4,
      2,
      7,
      14,
      0,
      10,
      0,
      0,
      11,
      11,
      14,
      13,
      6,
      14,
      0,
      1,
      4,
      10,
      2,
      8,
      7,
      3,
      14,
      7,
      7,
      2,
      1,
      13,
      5,
      7,
      3,
      9,
      0,
      4,
      13,
      14,
      5,
      3,
      9,
      11,
      14,
      4,
      10,
      2,
      14,
      12,
      7
    ]
  },
  "小田水饺(花果园S区店)": {
    "time": [
      "06:15:06",
      "06:29:43",
      "06:43:55",
      "06:58:54",
      "07:14:19",
      "07:29:24",
      "07:43:59",
      "07:58:21",
      "08:13:24",
      "08:28:18",
      "08:44:02",
      "08:58:55",
      "09:14:41",
      "09:29:27",
      "09:44:17",
      "09:59:16",
      "10:13:38",
      "10:27:52",
      "10:42:42",
      "10:58:31",
      "11:13:37",
      "11:29:27",
      "11:44:32",
      "11:59:40",
      "12:14:38",
      "12:29:03",
      "12:43:20",
      "12:57:54",
      "13:13:15",
      "13:27:51",
      "13:43:11",
      "13:58:58",
      "14:14:38",
      "14:28:51",
      "14:44:33",
      "14:59:39",
      "15:14:30",
      "15:28:56",
      "15:43:47",
      "15:58:57",
      "16:14:06",
      "16:29:23",
      "16:44:34",
      "17:00:10",
      "17:14:24",
      "17:30:08",
      "17:45:01",
      "18:00:36",
      "18:15:37",
      "18:31:22",
      "18:45:41",
      "19:01:24",
      "19:16:51",
      "19:31:49",
      "19:47:16",
      "20:02:03",
      "20:16:21",
      "20:30:32",
      "20:45:19",
      "21:00:00",
      "21:14:58",
      "21:29:45",
      "21:45:13",
      "22:00:34"
    ],
    "board": [
      11,
      9,
      0,
      0,
      15,
      8,
      8,
      0,
      14,
      5,
      5,
      4,
      0,
      3,
      13,
      14,
      6,
      13,
      0,
      12,
      8,
      12,
      13,
      5,
      11,
      13,
      5,
      15,
      14,
      2,
      11,
      12,
      4,
      1,
      6,
      2,
      3,
      14,
      13,
      5,
      0,
      11,
      13,
      0,
      2,
      11,
      0,
      12,
      8,
      2,
      2,
      6,
      9,
      5,
      8,
      12,
      2,
      7,
      8,
      13,
      3,
      0,
      14,
      0
    ],
    "alight": [
      2,
      13,
      15,
      13,
      10,
      1,
      13,
      9,
      1,
      10,
      8,
      4,
      1,
      1,
      11,
      9,
      12,
      11,
      3,
      1,
      13,
      11,
      13,
      8,
      15,
      2,
      3,
      8,
      7,
      0,
      4,
      1,
      0,
      9,
      5,
      7,
      9,
      14,
      6,
      12,
      12,
      15,
      2,
      5,
      13,
      2,
      5,
      10,
      15,
      7,
      6,
      10,
      12,
      11,
      14,
      9,
      14,
      12,
      8,
      12,
      9,
      15,
      4,
      2
    ]
  },
  "理工学生超市": {
    "time": [
      "06:15:06",
      "06:29:43",
      "06:43:55",
      "06:58:54",
      "07:14:19",
      "07:29:24",
      "07:43:59",
      "07:58:21",
      "08:13:24",
      "08:28:18",
      "08:44:02",
      "08:58:55",
      "09:14:41",
      "09:29:27",
      "09:44:17",
      "09:59:16",
      "10:13:38",
      "10:27:52",
      "10:42:42",
      "10:58:31",
      "11:13:37",
      "11:29:27",
      "11:44:32",
      "11:59:40",
      "12:14:38",
      "12:29:03",
      "12:43:20",
      "12:57:54",
      "13:13:15",
      "13:27:51",
      "13:43:11",
      "13:58:58",
      "14:14:38",
      "14:28:51",
      "14:44:33",
      "14:59:39",
      "15:14:30",
      "15:28:56",
      "15:43:47",
      "15:58:57",
      "16:14:06",
      "16:29:23",
      "16:44:34",
      "17:00:10",
      "17:14:24",
      "17:30:08",
      "17:45:01",
      "18:00:36",
      "18:15:37",
      "18:31:22",
      "18:45:41",
      "19:01:24",
      "19:16:51",
      "19:31:49",
      "19:47:16",
      "20:02:03",
      "20:16:21",
      "20:30:32",
      "20:45:19",
      "21:00:00",
      "21:14:58",
      "21:29:45",
      "21:45:13",
      "22:00:34"
    ],
    "board": [
      14,
      11,
      15,
      13,
      3,
      4,
      3,
      4,
      14,
      6,
      6,
      12,
      5,
      0,
      13,
      6,
      15,
      14,
      15,
      12,
      10,
      0,
      1,
      8,
      7,
      10,
      3,
      1,
      13,
      4,
      5,
      1,
      9,
      8,
      15,
      11,
      4,
      4,
      15,
      8,
      0,
      8,
      5,
      14,
      5,
      15,
      2,
      7,
      8,
      12,
      6,
      6,
      15,
      12,
      9,
      0,
      7,
      14,
      13,
      12,
      4,
      6,
      8,
      7
    ],
    "alight": [
      2,
      3,
      13,
      12,
      10,
      9,
      13,
      3,
      4,
      1,
      9,
      11,
      3,
      4,
      14,
      8,
      13,
      10,
      9,
      8,
      5,
      9,
      3,
      4,
      15,
      8,
      13,
      5,
      4,
      14,
      13,
      14,
      1,
      10,
      6,
      12,
      10,
      0,
      10,
      3,
      5,
      12,
      6,
      9,
      14,
      3,
      0,
      0,
      1,
      6,
      9,
      15,
      3,
      15,
      9,
      13,
      2,
      15,
      7,
      10,
      1,
      7,
      10,
      8
    ]
  },
  "蔡家关村委会": {
    "time": [
      "06:15:06",
      "06:29:43",
      "06:43:55",
      "06:58:54",
      "07:14:19",
      "07:29:24",
      "07:43:59",
      "07:58:21",
      "08:13:24",
      "08:28:18",
      "08:44:02",
      "08:58:55",
      "09:14:41",
      "09:29:27",
      "09:44:17",
      "09:59:16",
      "10:13:38",
      "10:27:52",
      "10:42:42",
      "10:58:31",
      "11:13:37",
      "11:29:27",
      "11:44:32",
      "11:59:40",
      "12:14:38",
      "12:29:03",
      "12:43:20",
      "12:57:54",
      "13:13:15",
      "13:27:51",
      "13:43:11",
      "13:58:58",
      "14:14:38",
      "14:28:51",
      "14:44:33",
      "14:59:39",
      "15:14:30",
      "15:28:56",
      "15:43:47",
      "15:58:57",
      "16:14:06",
      "16:29:23",
      "16:44:34",
      "17:00:10",
      "17:14:24",
      "17:30:08",
      "17:45:01",
      "18:00:36",
      "18:15:37",
      "18:31:22",
      "18:45:41",
      "19:01:24",
      "19:16:51",
      "19:31:49",
      "19:47:16",
      "20:02:03",
      "20:16:21",
      "20:30:32",
      "20:45:19",
      "21:00:00",
      "21:14:58",
      "21:29:45",
      "21:45:13",
      "22:00:34"
    ],
    "board": [
      12,
      7,
      11,
      15,
      10,
      1,
      7,
      1,
      7,
      9,
      1,
      6,
      13,
      4,
      14,
      4,
      2,
      10,
      1,
      1,
      11,
      11,
      7,
      11,
      8,
      9,
      7,
      5,
      7,
      10,
      5,
      8,
      9,
      10,
      7,
      10,
      6,
      10,
      4,
      3,
      8,
      7,
      1,
      14,
      6,
      0,
      1,
      6,
      11,
      4,
      2,
      0,
      10,
      6,
      8,
      15,
      10,
      3,
      8,
      6,
      1,
      0,
      11,
      12
    ],
    "alight": [
      3,
      3,
      5,
      12,
      1,
      15,
      5,
      10,
      9,
      4,
      4,
      3,
      10,
      1,
      1,
      2,
      0,
      10,
      10,
      7,
      13,
      4,
      6,
      1,
      3,
      12,
      8,
      11,
      6,
      10,
      4,
      0,
      13,
      0,
      13,
      14,
      12,
      3,
      10,
      15,
      14,
      0,
      2,
      14,
      6,
      6,
      10,
      6,
      4,
      13,
      7,
      0,
      11,
      0,
      14,
      14,
      12,
      4,
      6,
      10,
      9,
      8,
      4,
      8
    ]
  },
  "巧作舟教育": {
    "time": [
      "06:15:06",
      "06:29:43",
      "06:43:55",
      "06:58:54",
      "07:14:19",
      "07:29:24",
      "07:43:59",
      "07:58:21",
      "08:13:24",
      "08:28:18",
      "08:44:02",
      "08:58:55",
      "09:14:41",
      "09:29:27",
      "09:44:17",
      "09:59:16",
      "10:13:38",
      "10:27:52",
      "10:42:42",
      "10:58:31",
      "11:13:37",
      "11:29:27",
      "11:44:32",
      "11:59:40",
      "12:14:38",
      "12:29:03",
      "12:43:20",
      "12:57:54",
      "13:13:15",
      "13:27:51",
      "13:43:11",
      "13:58:58",
      "14:14:38",
      "14:28:51",
      "14:44:33",
      "14:59:39",
      "15:14:30",
      "15:28:56",
      "15:43:47",
      "15:58:57",
      "16:14:06",
      "16:29:23",
      "16:44:34",
      "17:00:10",
      "17:14:24",
      "17:30:08",
      "17:45:01",
      "18:00:36",
      "18:15:37",
      "18:31:22",
      "18:45:41",
      "19:01:24",
      "19:16:51",
      "19:31:49",
      "19:47:16",
      "20:02:03",
      "20:16:21",
      "20:30:32",
      "20:45:19",
      "21:00:00",
      "21:14:58",
      "21:29:45",
      "21:45:13",
      "22:00:34"
    ],
    "board": [
      6,
      4,
      11,
      9,
      14,
      3,
      0,
      5,
      13,
      0,
      11,
      9,
      8,
      9,
      3,
      15,
      5,
      14,
      2,
      1,
      3,
      15,
      1,
      3,
      0,
      12,
      6,
      5,
      0,
      8,
      12,
      11,
      11,
      15,
      9,
      3,
      7,
      12,
      12,
      3,
      0,
      2,
      8,
      3,
      11,
      0,
      12,
      2,
      14,
      13,
      4,
      12,
      6,
      5,
      14,
      4,
      9,
      4,
      12,
      8,
      7,
      13,
      4,
      11
    ],
    "alight": [
      7,
      13,
      13,
      5,
      15,
      5,
      6,
      9,
      8,
      6,
      10,
      8,
      10,
      3,
      12,
      1,
      13,
      8,
      12,
      14,
      15,
      0,
      5,
      14,
      6,
      10,
      0,
      5,
      14,
      10,
      8,
      5,
      9,
      12,
      9,
      0,
      13,
      11,
      8,
      11,
      5,
      1,
      14,
      9,
      11,
      10,
      3,
      10,
      13,
      13,
      8,
      12,
      8,
      12,
      13,
      14,
      11,
      3,
      3,
      3,
      15,
      5,
      9,
      6
    ]
  },
  "琴琴豆花饭": {
    "time": [
      "06:15:06",
      "06:29:43",
      "06:43:55",
      "06:58:54",
      "07:14:19",
      "07:29:24",
      "07:43:59",
      "07:58:21",
      "08:13:24",
      "08:28:18",
      "08:44:02",
      "08:58:55",
      "09:14:41",
      "09:29:27",
      "09:44:17",
      "09:59:16",
      "10:13:38",
      "10:27:52",
      "10:42:42",
      "10:58:31",
      "11:13:37",
      "11:29:27",
      "11:44:32",
      "11:59:40",
      "12:14:38",
      "12:29:03",
      "12:43:20",
      "12:57:54",
      "13:13:15",
      "13:27:51",
      "13:43:11",
      "13:58:58",
      "14:14:38",
      "14:28:51",
      "14:44:33",
      "14:59:39",
      "15:14:30",
      "15:28:56",
      "15:43:47",
      "15:58:57",
      "16:14:06",
      "16:29:23",
      "16:44:34",
      "17:00:10",
      "17:14:24",
      "17:30:08",
      "17:45:01",
      "18:00:36",
      "18:15:37",
      "18:31:22",
      "18:45:41",
      "19:01:24",
      "19:16:51",
      "19:31:49",
      "19:47:16",
      "20:02:03",
      "20:16:21",
      "20:30:32",
      "20:45:19",
      "21:00:00",
      "21:14:58",
      "21:29:45",
      "21:45:13",
      "22:00:34"
    ],
    "board": [
      9,
      11,
      3,
      11,
      3,
      11,
      15,
      8,
      7,
      12,
      10,
      7,
      12,
      8,
      14,
      14,
      14,
      14,
      14,
      10,
      8,
      3,
      4,
      6,
      9,
      11,
      2,
      7,
      6,
      6,
      6,
      8,
      2,
      9,
      7,
      2,
      2,
      5,
      15,
      5,
      11,
      2,
      12,
      15,
      5,
      10,
      10,
      4,
      6,
      12,
      7,
      8,
      1,
      5,
      7,
      7,
      5,
      1,
      9,
      0,
      1,
      6,
      12,
      9
    ],
    "alight": [
      6,
      1,
      1,
      4,
      15,
      9,
      11,
      9,
      9,
      1,
      14,
      9,
      5,
      9,
      3,
      13,
      3,
      0,
      1,
      4,
      15,
      6,
      11,
      5,
      15,
      4,
      12,
      13,
      10,
      6,
      7,
      14,
      8,
      11,
      8,
      13,
      3,
      6,
      6,
      13,
      8,
      10,
      1,
      8,
      3,
      3,
      8,
      5,
      0,
      14,
      3,
      13,
      0,
      2,
      11,
      6,
      1,
      0,
      11,
      14,
      0,
      7,
      7,
      4
    ]
  },
  "夜市烧烤": {
    "time": [
      "06:15:06",
      "06:29:43",
      "06:43:55",
      "06:58:54",
      "07:14:19",
      "07:29:24",
      "07:43:59",
      "07:58:21",
      "08:13:24",
      "08:28:18",
      "08:44:02",
      "08:58:55",
      "09:14:41",
      "09:29:27",
      "09:44:17",
      "09:59:16",
      "10:13:38",
      "10:27:52",
      "10:42:42",
      "10:58:31",
      "11:13:37",
      "11:29:27",
      "11:44:32",
      "11:59:40",
      "12:14:38",
      "12:29:03",
      "12:43:20",
      "12:57:54",
      "13:13:15",
      "13:27:51",
      "13:43:11",
      "13:58:58",
      "14:14:38",
      "14:28:51",
      "14:44:33",
      "14:59:39",
      "15:14:30",
      "15:28:56",
      "15:43:47",
      "15:58:57",
      "16:14:06",
      "16:29:23",
      "16:44:34",
      "17:00:10",
      "17:14:24",
      "17:30:08",
      "17:45:01",
      "18:00:36",
      "18:15:37",
      "18:31:22",
      "18:45:41",
      "19:01:24",
      "19:16:51",
      "19:31:49",
      "19:47:16",
      "20:02:03",
      "20:16:21",
      "20:30:32",
      "20:45:19",
      "21:00:00",
      "21:14:58",
      "21:29:45",
      "21:45:13",
      "22:00:34"
    ],
    "board": [
      0,
      0,
      0,
      0,
      0,
      1,
      0,
      0,
      0,
      0,
      0,
      0,
      0,
      0,
      3,
      0,
      0,
      0,
      0,
      0,
      0,
      0,
      0,
      0,
      5,
      0,
      0,
      0,
      0,
      0,
      0,
      0,
      0,
      0,
      0,
      0,
      0,
      0,
      0,
      0,
      0,
      0,
      0,
      0,
      0,
      0,
      0,
      0,
      0,
      0,
      0,
      1,
      0,
      2,
      0,
      0,
      0,
      0,
      0,
      0,
      0,
      1,
      0,
      0
    ],
    "alight": [
      7,
      15,
      7,
      10,
      8,
      0,
      1,
      4,
      13,
      12,
      5,
      3,
      8,
      10,
      3,
      3,
      12,
      3,
      1,
      3,
      11,
      12,
      10,
      4,
      5,
      10,
      7,
      11,
      15,
      15,
      14,
      2,
      3,
      5,
      7,
      15,
      9,
      4,
      3,
      13,
      3,
      6,
      2,
      3,
      7,
      11,
      11,
      11,
      7,
      12,
      9,
      15,
      1,
      15,
      13,
      11,
      15,
      1,
      2,
      15,
      1,
      3,
      7,
      7
    ]
  },
  "邵东餐馆": {
    "time": [
      "06:15:06",
      "06:29:43",
      "06:43:55",
      "06:58:54",
      "07:14:19",
      "07:29:24",
      "07:43:59",
      "07:58:21",
      "08:13:24",
      "08:28:18",
      "08:44:02",
      "08:58:55",
      "09:14:41",
      "09:29:27",
      "09:44:17",
      "09:59:16",
      "10:13:38",
      "10:27:52",
      "10:42:42",
      "10:58:31",
      "11:13:37",
      "11:29:27",
      "11:44:32",
      "11:59:40",
      "12:14:38",
      "12:29:03",
      "12:43:20",
      "12:57:54",
      "13:13:15",
      "13:27:51",
      "13:43:11",
      "13:58:58",
      "14:14:38",
      "14:28:51",
      "14:44:33",
      "14:59:39",
      "15:14:30",
      "15:28:56",
      "15:43:47",
      "15:58:57",
      "16:14:06",
      "16:29:23",
      "16:44:34",
      "17:00:10",
      "17:14:24",
      "17:30:08",
      "17:45:01",
      "18:00:36",
      "18:15:37",
      "18:31:22",
      "18:45:41",
      "19:01:24",
      "19:16:51",
      "19:31:49",
      "19:47:16",
      "20:02:03",
      "20:16:21",
      "20:30:32",
      "20:45:19",
      "21:00:00",
      "21:14:58",
      "21:29:45",
      "21:45:13",
      "22:00:34"
    ],
    "board": [
      0,
      0,
      0,
      0,
      0,
      0,
      0,
      0,
      0,
      0,
      0,
      0,
      0,
      0,
      0,
      0,
      0,
      0,
      0,
      0,
      0,
      0,
      0,
      0,
      2,
      0,
      0,
      0,
      0,
      0,
      0,
      0,
      0,
      0,
      0,
      0,
      0,
      0,
      0,
      0,
      0,
      0,
      1,
      0,
      0,
      0,
      0,
      0,
      0,
      0,
      4,
      0,
      0,
      0,
      0,
      0,
      0,
      0,
      0,
      0,
      0,
      0,
      0,
      0
    ],
    "alight": [
      13,
      10,
      8,
      10,
      7,
      0,
      3,
      6,
      8,
      1,
      11,
      7,
      11,
      4,
      12,
      8,
      6,
      5,
      1,
      14,
      2,
      14,
      7,
      12,
      12,
      14,
      7,
      13,
      7,
      5,
      15,
      7,
      0,
      12,
      11,
      13,
      0,
      14,
      2,
      11,
      14,
      3,
      1,
      6,
      14,
      6,
      11,
      11,
      11,
      15,
      11,
      8,
      0,
      2,
      6,
      2,
      15,
      0,
      4,
      5,
      6,
      4,
      14,
      14
    ]
  },
  "骐正天骄北苑": {
    "time": [
      "06:15:06",
      "06:29:43",
      "06:43:55",
      "06:58:54",
      "07:14:19",
      "07:29:24",
      "07:43:59",
      "07:58:21",
      "08:13:24",
      "08:28:18",
      "08:44:02",
      "08:58:55",
      "09:14:41",
      "09:29:27",
      "09:44:17",
      "09:59:16",
      "10:13:38",
      "10:27:52",
      "10:42:42",
      "10:58:31",
      "11:13:37",
      "11:29:27",
      "11:44:32",
      "11:59:40",
      "12:14:38",
      "12:29:03",
      "12:43:20",
      "12:57:54",
      "13:13:15",
      "13:27:51",
      "13:43:11",
      "13:58:58",
      "14:14:38",
      "14:28:51",
      "14:44:33",
      "14:59:39",
      "15:14:30",
      "15:28:56",
      "15:43:47",
      "15:58:57",
      "16:14:06",
      "16:29:23",
      "16:44:34",
      "17:00:10",
      "17:14:24",
      "17:30:08",
      "17:45:01",
      "18:00:36",
      "18:15:37",
      "18:31:22",
      "18:45:41",
      "19:01:24",
      "19:16:51",
      "19:31:49",
      "19:47:16",
      "20:02:03",
      "20:16:21",
      "20:30:32",
      "20:45:19",
      "21:00:00",
      "21:14:58",
      "21:29:45",
      "21:45:13",
      "22:00:34"
    ],
    "board": [
      0,
      0,
      0,
      0,
      0,
      0,
      0,
      0,
      3,
      0,
      0,
      0,
      0,
      0,
      0,
      3,
      1,
      0,
      0,
      0,
      0,
      0,
      0,
      0,
      0,
      0,
      0,
      0,
      0,
      0,
      0,
      2,
      0,
      0,
      0,
      0,
      0,
      0,
      3,
      0,
      2,
      0,
      0,
      0,
      0,
      0,
      0,
      0,
      0,
      0,
      0,
      0,
      0,
      0,
      0,
      0,
      0,
      0,
      0,
      0,
      0,
      0,
      0,
      0
    ],
    "alight": [
      13,
      12,
      6,
      0,
      3,
      6,
      3,
      4,
      13,
      0,
      12,
      0,
      10,
      2,
      15,
      3,
      15,
      5,
      9,
      8,
      4,
      6,
      12,
      10,
      14,
      8,
      1,
      9,
      13,
      1,
      5,
      0,
      1,
      3,
      3,
      7,
      14,
      1,
      6,
      14,
      14,
      5,
      12,
      12,
      12,
      11,
      9,
      1,
      7,
      5,
      4,
      11,
      9,
      15,
      7,
      4,
      2,
      7,
      6,
      2,
      13,
      3,
      4,
      5
    ]
  },
  "熙山郡": {
    "time": [
      "06:15:06",
      "06:29:43",
      "06:43:55",
      "06:58:54",
      "07:14:19",
      "07:29:24",
      "07:43:59",
      "07:58:21",
      "08:13:24",
      "08:28:18",
      "08:44:02",
      "08:58:55",
      "09:14:41",
      "09:29:27",
      "09:44:17",
      "09:59:16",
      "10:13:38",
      "10:27:52",
      "10:42:42",
      "10:58:31",
      "11:13:37",
      "11:29:27",
      "11:44:32",
      "11:59:40",
      "12:14:38",
      "12:29:03",
      "12:43:20",
      "12:57:54",
      "13:13:15",
      "13:27:51",
      "13:43:11",
      "13:58:58",
      "14:14:38",
      "14:28:51",
      "14:44:33",
      "14:59:39",
      "15:14:30",
      "15:28:56",
      "15:43:47",
      "15:58:57",
      "16:14:06",
      "16:29:23",
      "16:44:34",
      "17:00:10",
      "17:14:24",
      "17:30:08",
      "17:45:01",
      "18:00:36",
      "18:15:37",
      "18:31:22",
      "18:45:41",
      "19:01:24",
      "19:16:51",
      "19:31:49",
      "19:47:16",
      "20:02:03",
      "20:16:21",
      "20:30:32",
      "20:45:19",
      "21:00:00",
      "21:14:58",
      "21:29:45",
      "21:45:13",
      "22:00:34"
    ],
    "board": [
      0,
      0,
      0,
      0,
      0,
      0,
      0,
      0,
      0,
      0,
      0,
      0,
      0,
      0,
      0,
      0,
      0,
      0,
      0,
      0,
      0,
      0,
      0,
      0,
      0,
      0,
      0,
      0,
      0,
      0,
      0,
      0,
      0,
      0,
      0,
      0,
      0,
      0,
      0,
      0,
      0,
      0,
      0,
      0,
      0,
      0,
      0,
      0,
      0,
      0,
      0,
      0,
      0,
      0,
      0,
      0,
      0,
      0,
      0,
      0,
      0,
      0,
      0,
      0
    ],
    "alight": [
      11,
      13,
      14,
      12,
      1,
      15,
      1,
      5,
      13,
      11,
      9,
      1,
      4,
      3,
      3,
      15,
      13,
      10,
      10,
      1,
      7,
      13,
      1,
      11,
      0,
      14,
      13,
      14,
      15,
      0,
      9,
      8,
      13,
      0,
      12,
      6,
      13,
      6,
      4,
      14,
      3,
      6,
      9,
      1,
      7,
      2,
      14,
      1,
      5,
      12,
      7,
      15,
      9,
      10,
      13,
      7,
      7,
      9,
      12,
      8,
      1,
      3,
      5,
      11
    ]
  },
  "牛一刀全牛馆(十二分店)": {
    "time": [
      "06:15:06",
      "06:29:43",
      "06:43:55",
      "06:58:54",
      "07:14:19",
      "07:29:24",
      "07:43:59",
      "07:58:21",
      "08:13:24",
      "08:28:18",
      "08:44:02",
      "08:58:55",
      "09:14:41",
      "09:29:27",
      "09:44:17",
      "09:59:16",
      "10:13:38",
      "10:27:52",
      "10:42:42",
      "10:58:31",
      "11:13:37",
      "11:29:27",
      "11:44:32",
      "11:59:40",
      "12:14:38",
      "12:29:03",
      "12:43:20",
      "12:57:54",
      "13:13:15",
      "13:27:51",
      "13:43:11",
      "13:58:58",
      "14:14:38",
      "14:28:51",
      "14:44:33",
      "14:59:39",
      "15:14:30",
      "15:28:56",
      "15:43:47",
      "15:58:57",
      "16:14:06",
      "16:29:23",
      "16:44:34",
      "17:00:10",
      "17:14:24",
      "17:30:08",
      "17:45:01",
      "18:00:36",
      "18:15:37",
      "18:31:22",
      "18:45:41",
      "19:01:24",
      "19:16:51",
      "19:31:49",
      "19:47:16",
      "20:02:03",
      "20:16:21",
      "20:30:32",
      "20:45:19",
      "21:00:00",
      "21:14:58",
      "21:29:45",
      "21:45:13",
      "22:00:34"
    ],
    "board": [
      0,
      0,
      0,
      0,
      0,
      0,
      0,
      0,
      0,
      0,
      0,
      0,
      0,
      0,
      0,
      0,
      0,
      0,
      0,
      0,
      0,
      0,
      0,
      0,
      0,
      0,
      0,
      0,
      0,
      0,
      0,
      0,
      0,
      0,
      0,
      0,
      0,
      0,
      0,
      0,
      0,
      0,
      0,
      0,
      0,
      0,
      0,
      0,
      0,
      0,
      0,
      0,
      0,
      0,
      0,
      0,
      0,
      0,
      0,
      0,
      0,
      0,
      0,
      0
    ],
    "alight": [
      6,
      7,
      14,
      10,
      13,
      8,
      11,
      11,
      10,
      12,
      15,
      6,
      1,
      4,
      9,
      10,
      4,
      6,
      3,
      8,
      15,
      6,
      2,
      0,
      1,
      9,
      2,
      10,
      15,
      2,
      9,
      10,
      2,
      2,
      1,
      10,
      12,
      6,
      12,
      13,
      8,
      9,
      10,
      1,
      5,
      1,
      14,
      15,
      14,
      8,
      4,
      0,
      10,
      0,
      15,
      4,
      2,
      11,
      3,
      12,
      3,
      9,
      1,
      13
    ]
  }
}