{
  "宝能新能源汽车产业园": 496,
  "骆驼蓄电池": 1217,
  "跨越大道": 931,
  "正威集团贵银产业园(建设中)": 476,
  "贵州金玖生物": 573,
  "BCL物联生态港": 726,
  "大洞口": 1686,
  "牛点牛肉粉店": 528,
  "跨贵新路公路立交桥": 619,
  "亿客便利店(甜蜜小镇店)": 1534,
  "沸沸椰子鸡螺蛳精酿酒馆": 686,
  "云岩区政务大厅办税服务窗口": 465,
  "北方暖通(未来方舟f1组团店)": 494,
  "童蕴拓思全脑思维": 424,
  "满足里修脚(未来方舟店)": 1412,
  "贵阳市筑东学校": 458,
  "豆米火锅(百花山登高路店)": 956,
  "宅学": 550,
  "成博高中生午托园": 455,
  "吴宫保黔菜馆": 504,
  "云岩吾悦广场(建设中)": 454,
  "黔灵山公园(南大门)": 512,
  "七冲路": 625,
  "黔春路消防救援站": 816,
  "圣泉水": 731,
  "云岩富民村镇银行三桥支行": 460,
  "绝味鸭脖(圣泉流云店)": 580,
  "贵阳曦悠酒店(贵州交通职业技术学院店)": 459,
  "感恩路": 671
}