{
  "林城口腔": 670,
  "感恩路": 458,
  "贵阳曦悠酒店(贵州交通职业技术学院店)": 579,
  "绝味鸭脖(圣泉流云店)": 459,
  "云岩富民村镇银行三桥支行": 730,
  "圣泉水": 815,
  "黔春路消防救援站": 624,
  "七冲路": 511,
  "黔灵山公园(南大门)": 453,
  "云岩吾悦广场(建设中)": 503,
  "吴宫保黔菜馆": 454,
  "成博高中生午托园": 549,
  "宅学": 955,
  "豆米火锅(百花山登高路店)": 457,
  "贵阳市筑东学校": 1411,
  "满足里修脚(未来方舟店)": 423,
  "童蕴拓思全脑思维": 493,
  "北方暖通(未来方舟f1组团店)": 464,
  "云岩区政务大厅办税服务窗口": 685,
  "沸沸椰子鸡螺蛳精酿酒馆": 1533,
  "亿客便利店(甜蜜小镇店)": 618,
  "跨贵新路公路立交桥": 527,
  "牛点牛肉粉店": 1685,
  "大洞口": 725,
  "BCL物联生态港": 572,
  "贵州金玖生物": 475,
  "正威集团贵银产业园(建设中)": 930,
  "跨越大道": 1216,
  "骆驼蓄电池": 495
}