{
  "up": {
    "1": "林城口腔",
    "2": "感恩路",
    "3": "贵阳曦悠酒店(贵州交通职业技术学院店)",
    "4": "绝味鸭脖(圣泉流云店)",
    "5": "云岩富民村镇银行三桥支行",
    "6": "圣泉水",
    "7": "黔春路消防救援站",
    "8": "七冲路",
    "9": "黔灵山公园(南大门)",
    "10": "云岩吾悦广场(建设中)",
    "11": "吴宫保黔菜馆",
    "12": "成博高中生午托园",
    "13": "宅学",
    "14": "豆米火锅(百花山登高路店)",
    "15": "贵阳市筑东学校",
    "16": "满足里修脚(未来方舟店)",
    "17": "童蕴拓思全脑思维",
    "18": "北方暖通(未来方舟f1组团店)",
    "19": "云岩区政务大厅办税服务窗口",
    "20": "沸沸椰子鸡螺蛳精酿酒馆",
    "21": "亿客便利店(甜蜜小镇店)",
    "22": "跨贵新路公路立交桥",
    "23": "牛点牛肉粉店",
    "24": "大洞口",
    "25": "BCL物联生态港",
    "26": "贵州金玖生物",
    "27": "正威集团贵银产业园(建设中)",
    "28": "跨越大道",
    "29": "骆驼蓄电池",
    "30": "宝能新能源汽车产业园"
  },
  "down": {
    "31": "宝能新能源汽车产业园",
    "32": "骆驼蓄电池",
    "33": "跨越大道",
    "34": "正威集团贵银产业园(建设中)",
    "35": "贵州金玖生物",
    "36": "BCL物联生态港",
    "37": "大洞口",
    "38": "牛点牛肉粉店",
    "39": "跨贵新路公路立交桥",
    "40": "亿客便利店(甜蜜小镇店)",
    "41": "沸沸椰子鸡螺蛳精酿酒馆",
    "42": "云岩区政务大厅办税服务窗口",
    "43": "北方暖通(未来方舟f1组团店)",
    "44": "童蕴拓思全脑思维",
    "45": "满足里修脚(未来方舟店)",
    "46": "贵阳市筑东学校",
    "47": "豆米火锅(百花山登高路店)",
    "48": "宅学",
    "49": "成博高中生午托园",
    "50": "吴宫保黔菜馆",
    "51": "云岩吾悦广场(建设中)",
    "52": "黔灵山公园(南大门)",
    "53": "七冲路",
    "54": "黔春路消防救援站",
    "55": "圣泉水",
    "56": "云岩富民村镇银行三桥支行",
    "57": "绝味鸭脖(圣泉流云店)",
    "58": "贵阳曦悠酒店(贵州交通职业技术学院店)",
    "59": "感恩路",
    "60": "林城口腔"
  }
}