{
  "up": {
    "林城口腔": 1,
    "感恩路": 2,
    "贵阳曦悠酒店(贵州交通职业技术学院店)": 3,
    "绝味鸭脖(圣泉流云店)": 4,
    "云岩富民村镇银行三桥支行": 5,
    "圣泉水": 6,
    "黔春路消防救援站": 7,
    "七冲路": 8,
    "黔灵山公园(南大门)": 9,
    "云岩吾悦广场(建设中)": 10,
    "吴宫保黔菜馆": 11,
    "成博高中生午托园": 12,
    "宅学": 13,
    "豆米火锅(百花山登高路店)": 14,
    "贵阳市筑东学校": 15,
    "满足里修脚(未来方舟店)": 16,
    "童蕴拓思全脑思维": 17,
    "北方暖通(未来方舟f1组团店)": 18,
    "云岩区政务大厅办税服务窗口": 19,
    "沸沸椰子鸡螺蛳精酿酒馆": 20,
    "亿客便利店(甜蜜小镇店)": 21,
    "跨贵新路公路立交桥": 22,
    "牛点牛肉粉店": 23,
    "大洞口": 24,
    "BCL物联生态港": 25,
    "贵州金玖生物": 26,
    "正威集团贵银产业园(建设中)": 27,
    "跨越大道": 28,
    "骆驼蓄电池": 29,
    "宝能新能源汽车产业园": 30
  },
  "down": {
    "宝能新能源汽车产业园": 31,
    "骆驼蓄电池": 32,
    "跨越大道": 33,
    "正威集团贵银产业园(建设中)": 34,
    "贵州金玖生物": 35,
    "BCL物联生态港": 36,
    "大洞口": 37,
    "牛点牛肉粉店": 38,
    "跨贵新路公路立交桥": 39,
    "亿客便利店(甜蜜小镇店)": 40,
    "沸沸椰子鸡螺蛳精酿酒馆": 41,
    "云岩区政务大厅办税服务窗口": 42,
    "北方暖通(未来方舟f1组团店)": 43,
    "童蕴拓思全脑思维": 44,
    "满足里修脚(未来方舟店)": 45,
    "贵阳市筑东学校": 46,
    "豆米火锅(百花山登高路店)": 47,
    "宅学": 48,
    "成博高中生午托园": 49,
    "吴宫保黔菜馆": 50,
    "云岩吾悦广场(建设中)": 51,
    "黔灵山公园(南大门)": 52,
    "七冲路": 53,
    "黔春路消防救援站": 54,
    "圣泉水": 55,
    "云岩富民村镇银行三桥支行": 56,
    "绝味鸭脖(圣泉流云店)": 57,
    "贵阳曦悠酒店(贵州交通职业技术学院店)": 58,
    "感恩路": 59,
    "林城口腔": 60
  }
}