{
  "up": {
    "晒得乐晾衣架贵阳营销中心": 1,
    "正新鸡排(三桥店)": 2,
    "滋味园食府(碧玉园店)": 3,
    "安顺红烧牛肉粉": 4,
    "国家城市能源计量中心(贵州)": 5,
    "贵州天怡豪生大酒店": 6,
    "陈老五鱿鱼炖土鸡": 7,
    "贵阳五中体育艺术中心": 8,
    "重庆谢记老火锅(虎门巷)(装修中)": 9,
    "中国建设银行(贵医街支行)": 10,
    "中移在线服务有限公司贵州培训中心": 11,
    "登高小区(登高路)": 12,
    "莱贝湾幼儿园": 13,
    "贵阳云岩昌贵青椒鱼(未来方舟店)": 14,
    "但家香酥鸭(未来方舟越界影城店)": 15,
    "羊小子水城羊肉粉(未来方舟店)": 16,
    "卡梦乐器培训": 17,
    "贵阳腾亚酒店": 18,
    "丽致琴行": 19,
    "白岩脚": 20,
    "大转湾": 21,
    "情人谷路": 22,
    "高枧1号大桥": 23,
    "农九品山庄": 24,
    "情人谷路口(公交站)": 25,
    "情人谷": 26,
    "情人谷月亮河山庄": 27,
    "乐湾国际山语林花园": 28,
    "嘉诚装饰部": 29,
    "东风镇中心幼儿园": 30,
    "铭鑫装饰建材": 31,
    "麦壤村路口(公交站)": 32,
    "贵州龙行畅游旅游客运有限公司": 33
  },
  "down": {
    "贵州龙行畅游旅游客运有限公司": 34,
    "麦壤村路口(公交站)": 35,
    "铭鑫装饰建材": 36,
    "东风镇中心幼儿园": 37,
    "嘉诚装饰部": 38,
    "乐湾国际山语林花园": 39,
    "情人谷月亮河山庄": 40,
    "情人谷": 41,
    "情人谷路口(公交站)": 42,
    "农九品山庄": 43,
    "高枧1号大桥": 44,
    "情人谷路": 45,
    "大转湾": 46,
    "白岩脚": 47,
    "丽致琴行": 48,
    "贵阳腾亚酒店": 49,
    "卡梦乐器培训": 50,
    "羊小子水城羊肉粉(未来方舟店)": 51,
    "但家香酥鸭(未来方舟越界影城店)": 52,
    "贵阳云岩昌贵青椒鱼(未来方舟店)": 53,
    "莱贝湾幼儿园": 54,
    "登高小区(登高路)": 55,
    "中移在线服务有限公司贵州培训中心": 56,
    "中国建设银行(贵医街支行)": 57,
    "重庆谢记老火锅(虎门巷)(装修中)": 58,
    "贵阳五中体育艺术中心": 59,
    "陈老五鱿鱼炖土鸡": 60,
    "贵州天怡豪生大酒店": 61,
    "国家城市能源计量中心(贵州)": 62,
    "安顺红烧牛肉粉": 63,
    "滋味园食府(碧玉园店)": 64,
    "正新鸡排(三桥店)": 65,
    "晒得乐晾衣架贵阳营销中心": 66
  }
}