{
  "晒得乐晾衣架贵阳营销中心": 467,
  "正新鸡排(三桥店)": 519,
  "滋味园食府(碧玉园店)": 794,
  "安顺红烧牛肉粉": 510,
  "国家城市能源计量中心(贵州)": 797,
  "贵州天怡豪生大酒店": 455,
  "陈老五鱿鱼炖土鸡": 476,
  "贵阳五中体育艺术中心": 683,
  "重庆谢记老火锅(虎门巷)(装修中)": 792,
  "中国建设银行(贵医街支行)": 584,
  "中移在线服务有限公司贵州培训中心": 740,
  "登高小区(登高路)": 457,
  "莱贝湾幼儿园": 1411,
  "贵阳云岩昌贵青椒鱼(未来方舟店)": 423,
  "但家香酥鸭(未来方舟越界影城店)": 493,
  "羊小子水城羊肉粉(未来方舟店)": 464,
  "卡梦乐器培训": 685,
  "贵阳腾亚酒店": 1533,
  "丽致琴行": 618,
  "白岩脚": 577,
  "大转湾": 563,
  "情人谷路": 429,
  "高枧1号大桥": 448,
  "农九品山庄": 455,
  "情人谷路口(公交站)": 950,
  "情人谷": 1370,
  "情人谷月亮河山庄": 1376,
  "乐湾国际山语林花园": 417,
  "嘉诚装饰部": 527,
  "东风镇中心幼儿园": 521,
  "铭鑫装饰建材": 492,
  "麦壤村路口(公交站)": 567
}