{
  "贵州龙行畅游旅游客运有限公司": 666,
  "麦壤村路口(公交站)": 591,
  "铭鑫装饰建材": 620,
  "东风镇中心幼儿园": 626,
  "嘉诚装饰部": 516,
  "乐湾国际山语林花园": 1475,
  "情人谷月亮河山庄": 1469,
  "情人谷": 1049,
  "情人谷路口(公交站)": 554,
  "农九品山庄": 547,
  "高枧1号大桥": 528,
  "情人谷路": 662,
  "大转湾": 676,
  "白岩脚": 717,
  "丽致琴行": 1632,
  "贵阳腾亚酒店": 784,
  "卡梦乐器培训": 563,
  "羊小子水城羊肉粉(未来方舟店)": 592,
  "但家香酥鸭(未来方舟越界影城店)": 522,
  "贵阳云岩昌贵青椒鱼(未来方舟店)": 1510,
  "莱贝湾幼儿园": 556,
  "登高小区(登高路)": 839,
  "中移在线服务有限公司贵州培训中心": 683,
  "中国建设银行(贵医街支行)": 891,
  "重庆谢记老火锅(虎门巷)(装修中)": 782,
  "贵阳五中体育艺术中心": 575,
  "陈老五鱿鱼炖土鸡": 554,
  "贵州天怡豪生大酒店": 896,
  "国家城市能源计量中心(贵州)": 609,
  "安顺红烧牛肉粉": 893,
  "滋味园食府(碧玉园店)": 618,
  "正新鸡排(三桥店)": 566
}