{
  "up": {
    "1": "晒得乐晾衣架贵阳营销中心",
    "2": "正新鸡排(三桥店)",
    "3": "滋味园食府(碧玉园店)",
    "4": "安顺红烧牛肉粉",
    "5": "国家城市能源计量中心(贵州)",
    "6": "贵州天怡豪生大酒店",
    "7": "陈老五鱿鱼炖土鸡",
    "8": "贵阳五中体育艺术中心",
    "9": "重庆谢记老火锅(虎门巷)(装修中)",
    "10": "中国建设银行(贵医街支行)",
    "11": "中移在线服务有限公司贵州培训中心",
    "12": "登高小区(登高路)",
    "13": "莱贝湾幼儿园",
    "14": "贵阳云岩昌贵青椒鱼(未来方舟店)",
    "15": "但家香酥鸭(未来方舟越界影城店)",
    "16": "羊小子水城羊肉粉(未来方舟店)",
    "17": "卡梦乐器培训",
    "18": "贵阳腾亚酒店",
    "19": "丽致琴行",
    "20": "白岩脚",
    "21": "大转湾",
    "22": "情人谷路",
    "23": "高枧1号大桥",
    "24": "农九品山庄",
    "25": "情人谷路口(公交站)",
    "26": "情人谷",
    "27": "情人谷月亮河山庄",
    "28": "乐湾国际山语林花园",
    "29": "嘉诚装饰部",
    "30": "东风镇中心幼儿园",
    "31": "铭鑫装饰建材",
    "32": "麦壤村路口(公交站)",
    "33": "贵州龙行畅游旅游客运有限公司"
  },
  "down": {
    "34": "贵州龙行畅游旅游客运有限公司",
    "35": "麦壤村路口(公交站)",
    "36": "铭鑫装饰建材",
    "37": "东风镇中心幼儿园",
    "38": "嘉诚装饰部",
    "39": "乐湾国际山语林花园",
    "40": "情人谷月亮河山庄",
    "41": "情人谷",
    "42": "情人谷路口(公交站)",
    "43": "农九品山庄",
    "44": "高枧1号大桥",
    "45": "情人谷路",
    "46": "大转湾",
    "47": "白岩脚",
    "48": "丽致琴行",
    "49": "贵阳腾亚酒店",
    "50": "卡梦乐器培训",
    "51": "羊小子水城羊肉粉(未来方舟店)",
    "52": "但家香酥鸭(未来方舟越界影城店)",
    "53": "贵阳云岩昌贵青椒鱼(未来方舟店)",
    "54": "莱贝湾幼儿园",
    "55": "登高小区(登高路)",
    "56": "中移在线服务有限公司贵州培训中心",
    "57": "中国建设银行(贵医街支行)",
    "58": "重庆谢记老火锅(虎门巷)(装修中)",
    "59": "贵阳五中体育艺术中心",
    "60": "陈老五鱿鱼炖土鸡",
    "61": "贵州天怡豪生大酒店",
    "62": "国家城市能源计量中心(贵州)",
    "63": "安顺红烧牛肉粉",
    "64": "滋味园食府(碧玉园店)",
    "65": "正新鸡排(三桥店)",
    "66": "晒得乐晾衣架贵阳营销中心"
  }
}