{
  "龙洞堡服务区": 611,
  "贵州达兴宏建材": 763,
  "双龙航空港经济区涉案车辆管理中心": 579,
  "贵广高铁": 818,
  "龙洞堡大道": 683,
  "东站路安置点小区(建设中)": 663,
  "贵阳悦途酒店": 665,
  "贵阳壹加陆酒店": 1243,
  "贵阳一中李端棻中学": 1247,
  "贵阳市第九中学(双龙校区)": 604,
  "谷立变": 2304,
  "嘉润路85号院": 653,
  "嘉润路站(快速公交站)": 619,
  "首钢贵州之光": 1525,
  "振华钢琴艺术中心": 683,
  "新华路派出所": 622,
  "贵阳市南明区农业农村和水利局": 612,
  "云舒酒店(贵阳甲秀楼中山西路地铁店)": 605,
  "雅芳口腔": 883,
  "格林作文": 626,
  "贵州中医药大学第一附属医院(第二门诊部)": 604,
  "约森龙虾": 633,
  "贵州天怡豪生大酒店": 975,
  "贵州省计量测试院": 688,
  "二桥": 721,
  "苏记烤鱼海鲜城": 770,
  "红牌铁板烧": 775,
  "回春堂理疗康复中心": 680,
  "三桥派出所警务室": 705,
  "贵阳市云岩区雅关幼儿园(云璟分园)": 671,
  "汽制服务站警务室": 842
}