{
  "金马路": 664,
  "汽制服务站警务室": 493,
  "贵阳市云岩区雅关幼儿园(云璟分园)": 527,
  "三桥派出所警务室": 502,
  "回春堂理疗康复中心": 597,
  "红牌铁板烧": 592,
  "苏记烤鱼海鲜城": 543,
  "二桥": 510,
  "贵州省计量测试院": 797,
  "贵州天怡豪生大酒店": 455,
  "约森龙虾": 426,
  "贵州中医药大学第一附属医院(第二门诊部)": 448,
  "格林作文": 705,
  "雅芳口腔": 427,
  "云舒酒店(贵阳甲秀楼中山西路地铁店)": 434,
  "贵阳市南明区农业农村和水利局": 444,
  "新华路派出所": 505,
  "振华钢琴艺术中心": 1347,
  "首钢贵州之光": 441,
  "嘉润路站(快速公交站)": 475,
  "嘉润路85号院": 2126,
  "谷立变": 426,
  "贵阳市第九中学(双龙校区)": 1069,
  "贵阳一中李端棻中学": 1065,
  "贵阳壹加陆酒店": 487,
  "贵阳悦途酒店": 485,
  "东站路安置点小区(建设中)": 505,
  "龙洞堡大道": 640,
  "贵广高铁": 401,
  "双龙航空港经济区涉案车辆管理中心": 585,
  "贵州达兴宏建材": 433
}