{
  "up": {
    "1": "金马路",
    "2": "汽制服务站警务室",
    "3": "贵阳市云岩区雅关幼儿园(云璟分园)",
    "4": "三桥派出所警务室",
    "5": "回春堂理疗康复中心",
    "6": "红牌铁板烧",
    "7": "苏记烤鱼海鲜城",
    "8": "二桥",
    "9": "贵州省计量测试院",
    "10": "贵州天怡豪生大酒店",
    "11": "约森龙虾",
    "12": "贵州中医药大学第一附属医院(第二门诊部)",
    "13": "格林作文",
    "14": "雅芳口腔",
    "15": "云舒酒店(贵阳甲秀楼中山西路地铁店)",
    "16": "贵阳市南明区农业农村和水利局",
    "17": "新华路派出所",
    "18": "振华钢琴艺术中心",
    "19": "首钢贵州之光",
    "20": "嘉润路站(快速公交站)",
    "21": "嘉润路85号院",
    "22": "谷立变",
    "23": "贵阳市第九中学(双龙校区)",
    "24": "贵阳一中李端棻中学",
    "25": "贵阳壹加陆酒店",
    "26": "贵阳悦途酒店",
    "27": "东站路安置点小区(建设中)",
    "28": "龙洞堡大道",
    "29": "贵广高铁",
    "30": "双龙航空港经济区涉案车辆管理中心",
    "31": "贵州达兴宏建材",
    "32": "龙洞堡服务区"
  },
  "down": {
    "33": "龙洞堡服务区",
    "34": "贵州达兴宏建材",
    "35": "双龙航空港经济区涉案车辆管理中心",
    "36": "贵广高铁",
    "37": "龙洞堡大道",
    "38": "东站路安置点小区(建设中)",
    "39": "贵阳悦途酒店",
    "40": "贵阳壹加陆酒店",
    "41": "贵阳一中李端棻中学",
    "42": "贵阳市第九中学(双龙校区)",
    "43": "谷立变",
    "44": "嘉润路85号院",
    "45": "嘉润路站(快速公交站)",
    "46": "首钢贵州之光",
    "47": "振华钢琴艺术中心",
    "48": "新华路派出所",
    "49": "贵阳市南明区农业农村和水利局",
    "50": "云舒酒店(贵阳甲秀楼中山西路地铁店)",
    "51": "雅芳口腔",
    "52": "格林作文",
    "53": "贵州中医药大学第一附属医院(第二门诊部)",
    "54": "约森龙虾",
    "55": "贵州天怡豪生大酒店",
    "56": "贵州省计量测试院",
    "57": "二桥",
    "58": "苏记烤鱼海鲜城",
    "59": "红牌铁板烧",
    "60": "回春堂理疗康复中心",
    "61": "三桥派出所警务室",
    "62": "贵阳市云岩区雅关幼儿园(云璟分园)",
    "63": "汽制服务站警务室",
    "64": "金马路"
  }
}