{
  "up": {
    "金马路": 1,
    "汽制服务站警务室": 2,
    "贵阳市云岩区雅关幼儿园(云璟分园)": 3,
    "三桥派出所警务室": 4,
    "回春堂理疗康复中心": 5,
    "红牌铁板烧": 6,
    "苏记烤鱼海鲜城": 7,
    "二桥": 8,
    "贵州省计量测试院": 9,
    "贵州天怡豪生大酒店": 10,
    "约森龙虾": 11,
    "贵州中医药大学第一附属医院(第二门诊部)": 12,
    "格林作文": 13,
    "雅芳口腔": 14,
    "云舒酒店(贵阳甲秀楼中山西路地铁店)": 15,
    "贵阳市南明区农业农村和水利局": 16,
    "新华路派出所": 17,
    "振华钢琴艺术中心": 18,
    "首钢贵州之光": 19,
    "嘉润路站(快速公交站)": 20,
    "嘉润路85号院": 21,
    "谷立变": 22,
    "贵阳市第九中学(双龙校区)": 23,
    "贵阳一中李端棻中学": 24,
    "贵阳壹加陆酒店": 25,
    "贵阳悦途酒店": 26,
    "东站路安置点小区(建设中)": 27,
    "龙洞堡大道": 28,
    "贵广高铁": 29,
    "双龙航空港经济区涉案车辆管理中心": 30,
    "贵州达兴宏建材": 31,
    "龙洞堡服务区": 32
  },
  "down": {
    "龙洞堡服务区": 33,
    "贵州达兴宏建材": 34,
    "双龙航空港经济区涉案车辆管理中心": 35,
    "贵广高铁": 36,
    "龙洞堡大道": 37,
    "东站路安置点小区(建设中)": 38,
    "贵阳悦途酒店": 39,
    "贵阳壹加陆酒店": 40,
    "贵阳一中李端棻中学": 41,
    "贵阳市第九中学(双龙校区)": 42,
    "谷立变": 43,
    "嘉润路85号院": 44,
    "嘉润路站(快速公交站)": 45,
    "首钢贵州之光": 46,
    "振华钢琴艺术中心": 47,
    "新华路派出所": 48,
    "贵阳市南明区农业农村和水利局": 49,
    "云舒酒店(贵阳甲秀楼中山西路地铁店)": 50,
    "雅芳口腔": 51,
    "格林作文": 52,
    "贵州中医药大学第一附属医院(第二门诊部)": 53,
    "约森龙虾": 54,
    "贵州天怡豪生大酒店": 55,
    "贵州省计量测试院": 56,
    "二桥": 57,
    "苏记烤鱼海鲜城": 58,
    "红牌铁板烧": 59,
    "回春堂理疗康复中心": 60,
    "三桥派出所警务室": 61,
    "贵阳市云岩区雅关幼儿园(云璟分园)": 62,
    "汽制服务站警务室": 63,
    "金马路": 64
  }
}