{
  "贵阳天和宏达建筑设备有限公司": {
    "time": [
      "06:15:42",
      "06:31:15",
      "06:45:30",
      "06:59:42",
      "07:15:23",
      "07:29:53",
      "07:44:49",
      "08:00:35",
      "08:14:48",
      "08:29:22",
      "08:45:02",
      "08:59:14",
      "09:13:27",
      "09:28:29",
      "09:44:15",
      "09:59:59",
      "10:15:42",
      "10:31:25",
      "10:47:11",
      "11:02:44",
      "11:18:15",
      "11:32:51",
      "11:47:55",
      "12:03:04",
      "12:18:26",
      "12:33:23",
      "12:48:28",
      "13:02:51",
      "13:17:55",
      "13:32:51",
      "13:48:17",
      "14:02:45",
      "14:17:54",
      "14:32:39",
      "14:47:32",
      "15:03:02",
      "15:18:48",
      "15:33:24",
      "15:48:52",
      "16:03:11",
      "16:17:25",
      "16:33:04",
      "16:48:19",
      "17:02:38",
      "17:18:01",
      "17:33:31",
      "17:48:17",
      "18:02:28",
      "18:18:08",
      "18:33:18",
      "18:48:46",
      "19:03:48",
      "19:18:56",
      "19:33:47",
      "19:49:31",
      "20:04:50",
      "20:19:19",
      "20:34:38",
      "20:48:52",
      "21:04:17",
      "21:18:59",
      "21:33:59",
      "21:49:20",
      "22:04:53"
    ],
    "board": [
      12,
      3,
      13,
      6,
      0,
      13,
      13,
      2,
      15,
      7,
      12,
      6,
      9,
      3,
      6,
      2,
      9,
      7,
      0,
      5,
      4,
      6,
      11,
      12,
      0,
      7,
      8,
      5,
      4,
      10,
      5,
      6,
      15,
      9,
      13,
      5,
      8,
      3,
      7,
      1,
      14,
      11,
      7,
      2,
      9,
      6,
      5,
      0,
      9,
      11,
      13,
      4,
      14,
      12,
      3,
      4,
      0,
      10,
      8,
      6,
      2,
      7,
      13,
      4
    ],
    "alight": [
      0,
      0,
      0,
      0,
      0,
      0,
      0,
      0,
      0,
      0,
      0,
      0,
      0,
      0,
      0,
      0,
      0,
      0,
      0,
      0,
      0,
      0,
      0,
      0,
      0,
      0,
      0,
      0,
      0,
      0,
      0,
      0,
      0,
      0,
      0,
      0,
      0,
      0,
      0,
      0,
      0,
      0,
      0,
      0,
      0,
      0,
      0,
      0,
      0,
      0,
      0,
      0,
      0,
      0,
      0,
      0,
      0,
      0,
      0,
      0,
      0,
      0,
      0,
      0
    ]
  },
  "邢氏兄弟斗车加工厂": {
    "time": [
      "06:15:42",
      "06:31:15",
      "06:45:30",
      "06:59:42",
      "07:15:23",
      "07:29:53",
      "07:44:49",
      "08:00:35",
      "08:14:48",
      "08:29:22",
      "08:45:02",
      "08:59:14",
      "09:13:27",
      "09:28:29",
      "09:44:15",
      "09:59:59",
      "10:15:42",
      "10:31:25",
      "10:47:11",
      "11:02:44",
      "11:18:15",
      "11:32:51",
      "11:47:55",
      "12:03:04",
      "12:18:26",
      "12:33:23",
      "12:48:28",
      "13:02:51",
      "13:17:55",
      "13:32:51",
      "13:48:17",
      "14:02:45",
      "14:17:54",
      "14:32:39",
      "14:47:32",
      "15:03:02",
      "15:18:48",
      "15:33:24",
      "15:48:52",
      "16:03:11",
      "16:17:25",
      "16:33:04",
      "16:48:19",
      "17:02:38",
      "17:18:01",
      "17:33:31",
      "17:48:17",
      "18:02:28",
      "18:18:08",
      "18:33:18",
      "18:48:46",
      "19:03:48",
      "19:18:56",
      "19:33:47",
      "19:49:31",
      "20:04:50",
      "20:19:19",
      "20:34:38",
      "20:48:52",
      "21:04:17",
      "21:18:59",
      "21:33:59",
      "21:49:20",
      "22:04:53"
    ],
    "board": [
      10,
      10,
      13,
      0,
      12,
      12,
      9,
      15,
      7,
      10,
      13,
      8,
      0,
      12,
      6,
      2,
      6,
      3,
      13,
      6,
      12,
      0,
      1,
      13,
      13,
      12,
      5,
      14,
      3,
      4,
      9,
      5,
      13,
      14,
      14,
      9,
      4,
      6,
      8,
      12,
      4,
      15,
      8,
      8,
      2,
      9,
      3,
      9,
      7,
      13,
      6,
      6,
      4,
      7,
      1,
      9,
      6,
      7,
      11,
      1,
      15,
      1,
      5,
      13
    ],
    "alight": [
      0,
      0,
      0,
      0,
      0,
      0,
      0,
      0,
      0,
      0,
      0,
      0,
      0,
      0,
      0,
      0,
      0,
      0,
      0,
      0,
      0,
      0,
      0,
      0,
      0,
      0,
      0,
      0,
      0,
      0,
      0,
      0,
      0,
      0,
      0,
      0,
      0,
      0,
      0,
      0,
      0,
      0,
      0,
      0,
      0,
      0,
      0,
      0,
      0,
      0,
      0,
      0,
      0,
      0,
      0,
      0,
      0,
      0,
      0,
      0,
      0,
      0,
      0,
      0
    ]
  },
  "蒿芝塘": {
    "time": [
      "06:15:42",
      "06:31:15",
      "06:45:30",
      "06:59:42",
      "07:15:23",
      "07:29:53",
      "07:44:49",
      "08:00:35",
      "08:14:48",
      "08:29:22",
      "08:45:02",
      "08:59:14",
      "09:13:27",
      "09:28:29",
      "09:44:15",
      "09:59:59",
      "10:15:42",
      "10:31:25",
      "10:47:11",
      "11:02:44",
      "11:18:15",
      "11:32:51",
      "11:47:55",
      "12:03:04",
      "12:18:26",
      "12:33:23",
      "12:48:28",
      "13:02:51",
      "13:17:55",
      "13:32:51",
      "13:48:17",
      "14:02:45",
      "14:17:54",
      "14:32:39",
      "14:47:32",
      "15:03:02",
      "15:18:48",
      "15:33:24",
      "15:48:52",
      "16:03:11",
      "16:17:25",
      "16:33:04",
      "16:48:19",
      "17:02:38",
      "17:18:01",
      "17:33:31",
      "17:48:17",
      "18:02:28",
      "18:18:08",
      "18:33:18",
      "18:48:46",
      "19:03:48",
      "19:18:56",
      "19:33:47",
      "19:49:31",
      "20:04:50",
      "20:19:19",
      "20:34:38",
      "20:48:52",
      "21:04:17",
      "21:18:59",
      "21:33:59",
      "21:49:20",
      "22:04:53"
    ],
    "board": [
      15,
      9,
      0,
      1,
      3,
      0,
      12,
      5,
      3,
      4,
      8,
      15,
      6,
      15,
      5,
      10,
      9,
      11,
      4,
      7,
      8,
      8,
      14,
      8,
      3,
      5,
      1,
      7,
      8,
      14,
      14,
      12,
      10,
      5,
      7,
      9,
      14,
      7,
      8,
      15,
      6,
      2,
      6,
      11,
      15,
      3,
      11,
      14,
      4,
      9,
      4,
      9,
      7,
      9,
      6,
      0,
      2,
      12,
      8,
      14,
      0,
      4,
      15,
      9
    ],
    "alight": [
      0,
      0,
      0,
      0,
      0,
      0,
      0,
      0,
      0,
      0,
      0,
      0,
      0,
      0,
      0,
      0,
      0,
      0,
      0,
      0,
      0,
      0,
      0,
      0,
      0,
      0,
      0,
      0,
      0,
      0,
      0,
      0,
      0,
      0,
      0,
      2,
      0,
      0,
      0,
      0,
      0,
      0,
      0,
      0,
      0,
      0,
      0,
      0,
      0,
      0,
      0,
      0,
      0,
      0,
      0,
      0,
      0,
      0,
      0,
      0,
      0,
      0,
      0,
      0
    ]
  },
  "042村道": {
    "time": [
      "06:15:42",
      "06:31:15",
      "06:45:30",
      "06:59:42",
      "07:15:23",
      "07:29:53",
      "07:44:49",
      "08:00:35",
      "08:14:48",
      "08:29:22",
      "08:45:02",
      "08:59:14",
      "09:13:27",
      "09:28:29",
      "09:44:15",
      "09:59:59",
      "10:15:42",
      "10:31:25",
      "10:47:11",
      "11:02:44",
      "11:18:15",
      "11:32:51",
      "11:47:55",
      "12:03:04",
      "12:18:26",
      "12:33:23",
      "12:48:28",
      "13:02:51",
      "13:17:55",
      "13:32:51",
      "13:48:17",
      "14:02:45",
      "14:17:54",
      "14:32:39",
      "14:47:32",
      "15:03:02",
      "15:18:48",
      "15:33:24",
      "15:48:52",
      "16:03:11",
      "16:17:25",
      "16:33:04",
      "16:48:19",
      "17:02:38",
      "17:18:01",
      "17:33:31",
      "17:48:17",
      "18:02:28",
      "18:18:08",
      "18:33:18",
      "18:48:46",
      "19:03:48",
      "19:18:56",
      "19:33:47",
      "19:49:31",
      "20:04:50",
      "20:19:19",
      "20:34:38",
      "20:48:52",
      "21:04:17",
      "21:18:59",
      "21:33:59",
      "21:49:20",
      "22:04:53"
    ],
    "board": [
      1,
      13,
      1,
      13,
      6,
      13,
      1,
      0,
      1,
      8,
      5,
      8,
      9,
      5,
      7,
      3,
      5,
      14,
      12,
      8,
      4,
      5,
      12,
      7,
      12,
      8,
      2,
      3,
      7,
      11,
      2,
      10,
      0,
      10,
      7,
      0,
      3,
      8,
      8,
      6,
      2,
      0,
      15,
      13,
      12,
      3,
      3,
      8,
      3,
      1,
      14,
      14,
      13,
      5,
      10,
      4,
      8,
      4,
      15,
      13,
      15,
      9,
      5,
      11
    ],
    "alight": [
      0,
      0,
      0,
      0,
      0,
      0,
      0,
      0,
      0,
      0,
      0,
      0,
      3,
      0,
      0,
      0,
      0,
      0,
      0,
      0,
      0,
      4,
      0,
      0,
      0,
      0,
      0,
      0,
      0,
      0,
      0,
      0,
      0,
      0,
      0,
      0,
      0,
      0,
      0,
      0,
      3,
      0,
      0,
      0,
      0,
      0,
      0,
      0,
      0,
      0,
      0,
      0,
      0,
      0,
      0,
      0,
      0,
      0,
      0,
      0,
      0,
      0,
      0,
      0
    ]
  },
  "蒿芝村七彩双语幼儿园": {
    "time": [
      "06:15:42",
      "06:31:15",
      "06:45:30",
      "06:59:42",
      "07:15:23",
      "07:29:53",
      "07:44:49",
      "08:00:35",
      "08:14:48",
      "08:29:22",
      "08:45:02",
      "08:59:14",
      "09:13:27",
      "09:28:29",
      "09:44:15",
      "09:59:59",
      "10:15:42",
      "10:31:25",
      "10:47:11",
      "11:02:44",
      "11:18:15",
      "11:32:51",
      "11:47:55",
      "12:03:04",
      "12:18:26",
      "12:33:23",
      "12:48:28",
      "13:02:51",
      "13:17:55",
      "13:32:51",
      "13:48:17",
      "14:02:45",
      "14:17:54",
      "14:32:39",
      "14:47:32",
      "15:03:02",
      "15:18:48",
      "15:33:24",
      "15:48:52",
      "16:03:11",
      "16:17:25",
      "16:33:04",
      "16:48:19",
      "17:02:38",
      "17:18:01",
      "17:33:31",
      "17:48:17",
      "18:02:28",
      "18:18:08",
      "18:33:18",
      "18:48:46",
      "19:03:48",
      "19:18:56",
      "19:33:47",
      "19:49:31",
      "20:04:50",
      "20:19:19",
      "20:34:38",
      "20:48:52",
      "21:04:17",
      "21:18:59",
      "21:33:59",
      "21:49:20",
      "22:04:53"
    ],
    "board": [
      4,
      7,
      6,
      9,
      15,
      5,
      12,
      10,
      12,
      2,
      15,
      5,
      2,
      2,
      6,
      14,
      10,
      10,
      9,
      15,
      15,
      14,
      5,
      1,
      11,
      7,
      3,
      6,
      11,
      4,
      0,
      12,
      15,
      9,
      2,
      13,
      9,
      7,
      1,
      2,
      12,
      11,
      4,
      9,
      10,
      2,
      2,
      0,
      2,
      13,
      11,
      0,
      10,
      6,
      3,
      13,
      5,
      4,
      8,
      9,
      2,
      1,
      15,
      6
    ],
    "alight": [
      14,
      4,
      15,
      10,
      10,
      0,
      8,
      13,
      10,
      3,
      14,
      14,
      4,
      9,
      4,
      0,
      2,
      4,
      15,
      12,
      14,
      14,
      8,
      6,
      14,
      13,
      9,
      13,
      4,
      2,
      0,
      3,
      8,
      15,
      11,
      0,
      6,
      9,
      4,
      12,
      5,
      2,
      5,
      7,
      6,
      5,
      9,
      15,
      2,
      4,
      3,
      0,
      9,
      10,
      14,
      5,
      11,
      13,
      12,
      14,
      13,
      1,
      8,
      9
    ]
  },
  "方盛": {
    "time": [
      "06:15:42",
      "06:31:15",
      "06:45:30",
      "06:59:42",
      "07:15:23",
      "07:29:53",
      "07:44:49",
      "08:00:35",
      "08:14:48",
      "08:29:22",
      "08:45:02",
      "08:59:14",
      "09:13:27",
      "09:28:29",
      "09:44:15",
      "09:59:59",
      "10:15:42",
      "10:31:25",
      "10:47:11",
      "11:02:44",
      "11:18:15",
      "11:32:51",
      "11:47:55",
      "12:03:04",
      "12:18:26",
      "12:33:23",
      "12:48:28",
      "13:02:51",
      "13:17:55",
      "13:32:51",
      "13:48:17",
      "14:02:45",
      "14:17:54",
      "14:32:39",
      "14:47:32",
      "15:03:02",
      "15:18:48",
      "15:33:24",
      "15:48:52",
      "16:03:11",
      "16:17:25",
      "16:33:04",
      "16:48:19",
      "17:02:38",
      "17:18:01",
      "17:33:31",
      "17:48:17",
      "18:02:28",
      "18:18:08",
      "18:33:18",
      "18:48:46",
      "19:03:48",
      "19:18:56",
      "19:33:47",
      "19:49:31",
      "20:04:50",
      "20:19:19",
      "20:34:38",
      "20:48:52",
      "21:04:17",
      "21:18:59",
      "21:33:59",
      "21:49:20",
      "22:04:53"
    ],
    "board": [
      5,
      8,
      0,
      2,
      7,
      8,
      11,
      7,
      5,
      14,
      7,
      9,
      9,
      4,
      3,
      4,
      14,
      2,
      8,
      4,
      11,
      3,
      9,
      6,
      2,
      8,
      11,
      6,
      14,
      7,
      4,
      1,
      5,
      14,
      12,
      1,
      2,
      14,
      13,
      4,
      12,
      5,
      12,
      11,
      13,
      11,
      5,
      4,
      15,
      5,
      10,
      6,
      15,
      8,
      4,
      10,
      15,
      3,
      9,
      0,
      6,
      0,
      2,
      0
    ],
    "alight": [
      1,
      7,
      7,
      8,
      14,
      4,
      7,
      1,
      0,
      5,
      5,
      12,
      9,
      14,
      2,
      1,
      14,
      1,
      6,
      1,
      10,
      1,
      14,
      0,
      12,
      5,
      10,
      4,
      14,
      11,
      13,
      7,
      10,
      10,
      15,
      8,
      1,
      3,
      5,
      9,
      8,
      2,
      10,
      14,
      8,
      9,
      1,
      0,
      4,
      2,
      12,
      2,
      5,
      3,
      9,
      3,
      13,
      11,
      5,
      10,
      8,
      1,
      0,
      3
    ]
  },
  "心邻小屋-何官小学心理服务站": {
    "time": [
      "06:15:42",
      "06:31:15",
      "06:45:30",
      "06:59:42",
      "07:15:23",
      "07:29:53",
      "07:44:49",
      "08:00:35",
      "08:14:48",
      "08:29:22",
      "08:45:02",
      "08:59:14",
      "09:13:27",
      "09:28:29",
      "09:44:15",
      "09:59:59",
      "10:15:42",
      "10:31:25",
      "10:47:11",
      "11:02:44",
      "11:18:15",
      "11:32:51",
      "11:47:55",
      "12:03:04",
      "12:18:26",
      "12:33:23",
      "12:48:28",
      "13:02:51",
      "13:17:55",
      "13:32:51",
      "13:48:17",
      "14:02:45",
      "14:17:54",
      "14:32:39",
      "14:47:32",
      "15:03:02",
      "15:18:48",
      "15:33:24",
      "15:48:52",
      "16:03:11",
      "16:17:25",
      "16:33:04",
      "16:48:19",
      "17:02:38",
      "17:18:01",
      "17:33:31",
      "17:48:17",
      "18:02:28",
      "18:18:08",
      "18:33:18",
      "18:48:46",
      "19:03:48",
      "19:18:56",
      "19:33:47",
      "19:49:31",
      "20:04:50",
      "20:19:19",
      "20:34:38",
      "20:48:52",
      "21:04:17",
      "21:18:59",
      "21:33:59",
      "21:49:20",
      "22:04:53"
    ],
    "board": [
      4,
      11,
      10,
      12,
      6,
      0,
      2,
      2,
      5,
      15,
      8,
      2,
      12,
      1,
      0,
      6,
      3,
      11,
      10,
      15,
      6,
      3,
      5,
      6,
      13,
      15,
      1,
      6,
      2,
      10,
      11,
      1,
      2,
      2,
      8,
      11,
      7,
      8,
      2,
      13,
      15,
      13,
      10,
      14,
      10,
      2,
      8,
      8,
      10,
      6,
      11,
      12,
      5,
      9,
      5,
      14,
      0,
      6,
      4,
      8,
      4,
      15,
      0,
      10
    ],
    "alight": [
      12,
      2,
      13,
      5,
      4,
      4,
      15,
      9,
      11,
      10,
      10,
      12,
      12,
      11,
      5,
      10,
      1,
      14,
      4,
      8,
      1,
      11,
      3,
      8,
      11,
      2,
      2,
      3,
      10,
      12,
      2,
      4,
      10,
      8,
      11,
      12,
      4,
      13,
      3,
      5,
      9,
      0,
      10,
      7,
      0,
      7,
      13,
      10,
      13,
      2,
      4,
      12,
      7,
      1,
      1,
      3,
      12,
      15,
      13,
      5,
      7,
      13,
      13,
      7
    ]
  },
  "贵西能源金清加油站": {
    "time": [
      "06:15:42",
      "06:31:15",
      "06:45:30",
      "06:59:42",
      "07:15:23",
      "07:29:53",
      "07:44:49",
      "08:00:35",
      "08:14:48",
      "08:29:22",
      "08:45:02",
      "08:59:14",
      "09:13:27",
      "09:28:29",
      "09:44:15",
      "09:59:59",
      "10:15:42",
      "10:31:25",
      "10:47:11",
      "11:02:44",
      "11:18:15",
      "11:32:51",
      "11:47:55",
      "12:03:04",
      "12:18:26",
      "12:33:23",
      "12:48:28",
      "13:02:51",
      "13:17:55",
      "13:32:51",
      "13:48:17",
      "14:02:45",
      "14:17:54",
      "14:32:39",
      "14:47:32",
      "15:03:02",
      "15:18:48",
      "15:33:24",
      "15:48:52",
      "16:03:11",
      "16:17:25",
      "16:33:04",
      "16:48:19",
      "17:02:38",
      "17:18:01",
      "17:33:31",
      "17:48:17",
      "18:02:28",
      "18:18:08",
      "18:33:18",
      "18:48:46",
      "19:03:48",
      "19:18:56",
      "19:33:47",
      "19:49:31",
      "20:04:50",
      "20:19:19",
      "20:34:38",
      "20:48:52",
      "21:04:17",
      "21:18:59",
      "21:33:59",
      "21:49:20",
      "22:04:53"
    ],
    "board": [
      7,
      6,
      13,
      8,
      1,
      4,
      8,
      7,
      13,
      5,
      12,
      13,
      5,
      3,
      5,
      12,
      9,
      14,
      13,
      15,
      14,
      9,
      2,
      13,
      1,
      4,
      0,
      6,
      9,
      0,
      13,
      3,
      15,
      12,
      9,
      15,
      5,
      7,
      7,
      9,
      8,
      5,
      15,
      6,
      5,
      7,
      11,
      15,
      12,
      6,
      13,
      11,
      13,
      8,
      15,
      8,
      5,
      3,
      12,
      13,
      0,
      1,
      9,
      15
    ],
    "alight": [
      14,
      7,
      2,
      5,
      14,
      2,
      1,
      5,
      9,
      4,
      12,
      7,
      1,
      3,
      8,
      12,
      7,
      7,
      1,
      13,
      0,
      9,
      0,
      8,
      8,
      3,
      5,
      9,
      10,
      10,
      10,
      11,
      9,
      8,
      13,
      5,
      9,
      11,
      8,
      5,
      14,
      14,
      0,
      6,
      1,
      3,
      3,
      1,
      3,
      2,
      4,
      15,
      6,
      5,
      1,
      1,
      13,
      0,
      12,
      7,
      11,
      6,
      13,
      15
    ]
  },
  "黄土坡": {
    "time": [
      "06:15:42",
      "06:31:15",
      "06:45:30",
      "06:59:42",
      "07:15:23",
      "07:29:53",
      "07:44:49",
      "08:00:35",
      "08:14:48",
      "08:29:22",
      "08:45:02",
      "08:59:14",
      "09:13:27",
      "09:28:29",
      "09:44:15",
      "09:59:59",
      "10:15:42",
      "10:31:25",
      "10:47:11",
      "11:02:44",
      "11:18:15",
      "11:32:51",
      "11:47:55",
      "12:03:04",
      "12:18:26",
      "12:33:23",
      "12:48:28",
      "13:02:51",
      "13:17:55",
      "13:32:51",
      "13:48:17",
      "14:02:45",
      "14:17:54",
      "14:32:39",
      "14:47:32",
      "15:03:02",
      "15:18:48",
      "15:33:24",
      "15:48:52",
      "16:03:11",
      "16:17:25",
      "16:33:04",
      "16:48:19",
      "17:02:38",
      "17:18:01",
      "17:33:31",
      "17:48:17",
      "18:02:28",
      "18:18:08",
      "18:33:18",
      "18:48:46",
      "19:03:48",
      "19:18:56",
      "19:33:47",
      "19:49:31",
      "20:04:50",
      "20:19:19",
      "20:34:38",
      "20:48:52",
      "21:04:17",
      "21:18:59",
      "21:33:59",
      "21:49:20",
      "22:04:53"
    ],
    "board": [
      5,
      13,
      12,
      9,
      11,
      1,
      0,
      13,
      2,
      8,
      11,
      7,
      15,
      9,
      9,
      13,
      10,
      0,
      9,
      4,
      15,
      6,
      11,
      14,
      0,
      3,
      9,
      4,
      11,
      6,
      7,
      10,
      11,
      6,
      6,
      4,
      1,
      2,
      4,
      0,
      11,
      15,
      8,
      8,
      1,
      4,
      6,
      6,
      5,
      13,
      10,
      10,
      5,
      6,
      4,
      7,
      15,
      4,
      13,
      8,
      2,
      13,
      14,
      8
    ],
    "alight": [
      0,
      2,
      9,
      5,
      12,
      9,
      7,
      0,
      15,
      14,
      6,
      12,
      0,
      1,
      3,
      2,
      5,
      3,
      6,
      8,
      2,
      6,
      12,
      8,
      14,
      12,
      12,
      15,
      2,
      10,
      15,
      8,
      8,
      2,
      6,
      3,
      4,
      15,
      3,
      0,
      3,
      2,
      2,
      9,
      11,
      14,
      6,
      12,
      10,
      4,
      14,
      11,
      6,
      6,
      15,
      3,
      14,
      4,
      12,
      11,
      15,
      8,
      11,
      1
    ]
  },
  "北京西路": {
    "time": [
      "06:15:42",
      "06:31:15",
      "06:45:30",
      "06:59:42",
      "07:15:23",
      "07:29:53",
      "07:44:49",
      "08:00:35",
      "08:14:48",
      "08:29:22",
      "08:45:02",
      "08:59:14",
      "09:13:27",
      "09:28:29",
      "09:44:15",
      "09:59:59",
      "10:15:42",
      "10:31:25",
      "10:47:11",
      "11:02:44",
      "11:18:15",
      "11:32:51",
      "11:47:55",
      "12:03:04",
      "12:18:26",
      "12:33:23",
      "12:48:28",
      "13:02:51",
      "13:17:55",
      "13:32:51",
      "13:48:17",
      "14:02:45",
      "14:17:54",
      "14:32:39",
      "14:47:32",
      "15:03:02",
      "15:18:48",
      "15:33:24",
      "15:48:52",
      "16:03:11",
      "16:17:25",
      "16:33:04",
      "16:48:19",
      "17:02:38",
      "17:18:01",
      "17:33:31",
      "17:48:17",
      "18:02:28",
      "18:18:08",
      "18:33:18",
      "18:48:46",
      "19:03:48",
      "19:18:56",
      "19:33:47",
      "19:49:31",
      "20:04:50",
      "20:19:19",
      "20:34:38",
      "20:48:52",
      "21:04:17",
      "21:18:59",
      "21:33:59",
      "21:49:20",
      "22:04:53"
    ],
    "board": [
      13,
      13,
      15,
      8,
      12,
      1,
      10,
      4,
      2,
      7,
      8,
      1,
      11,
      7,
      8,
      2,
      9,
      7,
      12,
      10,
      0,
      6,
      0,
      9,
      2,
      15,
      4,
      5,
      14,
      3,
      0,
      3,
      13,
      11,
      15,
      4,
      9,
      1,
      1,
      7,
      13,
      7,
      11,
      9,
      5,
      5,
      6,
      15,
      13,
      3,
      1,
      3,
      6,
      10,
      13,
      0,
      13,
      1,
      4,
      2,
      4,
      12,
      12,
      6
    ],
    "alight": [
      0,
      5,
      1,
      6,
      4,
      6,
      3,
      5,
      10,
      13,
      11,
      6,
      11,
      10,
      14,
      10,
      8,
      7,
      13,
      1,
      4,
      4,
      11,
      8,
      6,
      5,
      9,
      11,
      12,
      0,
      4,
      6,
      4,
      5,
      9,
      13,
      7,
      15,
      10,
      7,
      11,
      2,
      6,
      9,
      9,
      10,
      0,
      13,
      13,
      15,
      1,
      13,
      3,
      7,
      8,
      2,
      11,
      7,
      6,
      14,
      7,
      5,
      15,
      4
    ]
  },
  "商城西路": {
    "time": [
      "06:15:42",
      "06:31:15",
      "06:45:30",
      "06:59:42",
      "07:15:23",
      "07:29:53",
      "07:44:49",
      "08:00:35",
      "08:14:48",
      "08:29:22",
      "08:45:02",
      "08:59:14",
      "09:13:27",
      "09:28:29",
      "09:44:15",
      "09:59:59",
      "10:15:42",
      "10:31:25",
      "10:47:11",
      "11:02:44",
      "11:18:15",
      "11:32:51",
      "11:47:55",
      "12:03:04",
      "12:18:26",
      "12:33:23",
      "12:48:28",
      "13:02:51",
      "13:17:55",
      "13:32:51",
      "13:48:17",
      "14:02:45",
      "14:17:54",
      "14:32:39",
      "14:47:32",
      "15:03:02",
      "15:18:48",
      "15:33:24",
      "15:48:52",
      "16:03:11",
      "16:17:25",
      "16:33:04",
      "16:48:19",
      "17:02:38",
      "17:18:01",
      "17:33:31",
      "17:48:17",
      "18:02:28",
      "18:18:08",
      "18:33:18",
      "18:48:46",
      "19:03:48",
      "19:18:56",
      "19:33:47",
      "19:49:31",
      "20:04:50",
      "20:19:19",
      "20:34:38",
      "20:48:52",
      "21:04:17",
      "21:18:59",
      "21:33:59",
      "21:49:20",
      "22:04:53"
    ],
    "board": [
      5,
      0,
      0,
      1,
      13,
      0,
      10,
      12,
      9,
      5,
      15,
      0,
      0,
      10,
      3,
      12,
      7,
      6,
      13,
      1,
      13,
      3,
      12,
      0,
      10,
      14,
      10,
      8,
      15,
      13,
      1,
      10,
      3,
      0,
      14,
      15,
      2,
      10,
      15,
      11,
      9,
      3,
      6,
      6,
      14,
      10,
      6,
      9,
      2,
      3,
      14,
      10,
      7,
      6,
      11,
      2,
      10,
      5,
      7,
      11,
      6,
      8,
      15,
      5
    ],
    "alight": [
      14,
      10,
      10,
      9,
      13,
      8,
      11,
      5,
      13,
      0,
      9,
      10,
      9,
      1,
      11,
      4,
      6,
      11,
      15,
      12,
      8,
      8,
      10,
      12,
      5,
      14,
      11,
      9,
      3,
      10,
      8,
      14,
      15,
      5,
      14,
      1,
      10,
      3,
      13,
      5,
      15,
      1,
      13,
      11,
      9,
      11,
      10,
      14,
      14,
      15,
      11,
      13,
      8,
      5,
      10,
      8,
      12,
      9,
      7,
      12,
      5,
      15,
      3,
      10
    ]
  },
  "豆腐皮火锅": {
    "time": [
      "06:15:42",
      "06:31:15",
      "06:45:30",
      "06:59:42",
      "07:15:23",
      "07:29:53",
      "07:44:49",
      "08:00:35",
      "08:14:48",
      "08:29:22",
      "08:45:02",
      "08:59:14",
      "09:13:27",
      "09:28:29",
      "09:44:15",
      "09:59:59",
      "10:15:42",
      "10:31:25",
      "10:47:11",
      "11:02:44",
      "11:18:15",
      "11:32:51",
      "11:47:55",
      "12:03:04",
      "12:18:26",
      "12:33:23",
      "12:48:28",
      "13:02:51",
      "13:17:55",
      "13:32:51",
      "13:48:17",
      "14:02:45",
      "14:17:54",
      "14:32:39",
      "14:47:32",
      "15:03:02",
      "15:18:48",
      "15:33:24",
      "15:48:52",
      "16:03:11",
      "16:17:25",
      "16:33:04",
      "16:48:19",
      "17:02:38",
      "17:18:01",
      "17:33:31",
      "17:48:17",
      "18:02:28",
      "18:18:08",
      "18:33:18",
      "18:48:46",
      "19:03:48",
      "19:18:56",
      "19:33:47",
      "19:49:31",
      "20:04:50",
      "20:19:19",
      "20:34:38",
      "20:48:52",
      "21:04:17",
      "21:18:59",
      "21:33:59",
      "21:49:20",
      "22:04:53"
    ],
    "board": [
      11,
      14,
      3,
      9,
      4,
      6,
      5,
      6,
      7,
      15,
      5,
      11,
      11,
      1,
      8,
      11,
      10,
      10,
      5,
      12,
      7,
      2,
      4,
      11,
      7,
      5,
      11,
      13,
      6,
      0,
      15,
      3,
      2,
      10,
      12,
      10,
      2,
      15,
      2,
      4,
      4,
      12,
      13,
      3,
      10,
      2,
      14,
      15,
      1,
      9,
      7,
      12,
      7,
      3,
      15,
      10,
      11,
      1,
      10,
      9,
      6,
      9,
      11,
      1
    ],
    "alight": [
      15,
      13,
      11,
      9,
      10,
      2,
      7,
      4,
      3,
      9,
      15,
      2,
      14,
      3,
      10,
      2,
      14,
      3,
      1,
      7,
      7,
      0,
      13,
      13,
      3,
      0,
      8,
      9,
      3,
      8,
      13,
      1,
      12,
      3,
      11,
      6,
      6,
      3,
      9,
      14,
      14,
      9,
      12,
      2,
      15,
      8,
      4,
      13,
      9,
      13,
      9,
      6,
      8,
      0,
      0,
      7,
      4,
      2,
      9,
      1,
      7,
      8,
      14,
      15
    ]
  },
  "鸿韵黔霸原汤牛肉粉": {
    "time": [
      "06:15:42",
      "06:31:15",
      "06:45:30",
      "06:59:42",
      "07:15:23",
      "07:29:53",
      "07:44:49",
      "08:00:35",
      "08:14:48",
      "08:29:22",
      "08:45:02",
      "08:59:14",
      "09:13:27",
      "09:28:29",
      "09:44:15",
      "09:59:59",
      "10:15:42",
      "10:31:25",
      "10:47:11",
      "11:02:44",
      "11:18:15",
      "11:32:51",
      "11:47:55",
      "12:03:04",
      "12:18:26",
      "12:33:23",
      "12:48:28",
      "13:02:51",
      "13:17:55",
      "13:32:51",
      "13:48:17",
      "14:02:45",
      "14:17:54",
      "14:32:39",
      "14:47:32",
      "15:03:02",
      "15:18:48",
      "15:33:24",
      "15:48:52",
      "16:03:11",
      "16:17:25",
      "16:33:04",
      "16:48:19",
      "17:02:38",
      "17:18:01",
      "17:33:31",
      "17:48:17",
      "18:02:28",
      "18:18:08",
      "18:33:18",
      "18:48:46",
      "19:03:48",
      "19:18:56",
      "19:33:47",
      "19:49:31",
      "20:04:50",
      "20:19:19",
      "20:34:38",
      "20:48:52",
      "21:04:17",
      "21:18:59",
      "21:33:59",
      "21:49:20",
      "22:04:53"
    ],
    "board": [
      12,
      13,
      14,
      1,
      11,
      8,
      9,
      15,
      4,
      6,
      7,
      14,
      9,
      6,
      5,
      13,
      11,
      14,
      3,
      13,
      8,
      1,
      14,
      2,
      6,
      13,
      8,
      5,
      13,
      6,
      12,
      13,
      7,
      14,
      7,
      9,
      0,
      14,
      8,
      13,
      14,
      14,
      10,
      12,
      9,
      14,
      6,
      11,
      9,
      4,
      12,
      6,
      15,
      5,
      9,
      4,
      12,
      2,
      10,
      4,
      7,
      9,
      4,
      2
    ],
    "alight": [
      3,
      5,
      7,
      3,
      1,
      10,
      10,
      13,
      5,
      14,
      10,
      11,
      5,
      4,
      7,
      13,
      15,
      13,
      4,
      8,
      10,
      14,
      13,
      6,
      0,
      5,
      15,
      3,
      0,
      13,
      2,
      2,
      4,
      5,
      6,
      7,
      0,
      10,
      3,
      4,
      8,
      3,
      1,
      15,
      2,
      4,
      8,
      2,
      10,
      14,
      14,
      1,
      13,
      10,
      4,
      8,
      15,
      11,
      3,
      15,
      7,
      12,
      1,
      13
    ]
  },
  "金龙路": {
    "time": [
      "06:15:42",
      "06:31:15",
      "06:45:30",
      "06:59:42",
      "07:15:23",
      "07:29:53",
      "07:44:49",
      "08:00:35",
      "08:14:48",
      "08:29:22",
      "08:45:02",
      "08:59:14",
      "09:13:27",
      "09:28:29",
      "09:44:15",
      "09:59:59",
      "10:15:42",
      "10:31:25",
      "10:47:11",
      "11:02:44",
      "11:18:15",
      "11:32:51",
      "11:47:55",
      "12:03:04",
      "12:18:26",
      "12:33:23",
      "12:48:28",
      "13:02:51",
      "13:17:55",
      "13:32:51",
      "13:48:17",
      "14:02:45",
      "14:17:54",
      "14:32:39",
      "14:47:32",
      "15:03:02",
      "15:18:48",
      "15:33:24",
      "15:48:52",
      "16:03:11",
      "16:17:25",
      "16:33:04",
      "16:48:19",
      "17:02:38",
      "17:18:01",
      "17:33:31",
      "17:48:17",
      "18:02:28",
      "18:18:08",
      "18:33:18",
      "18:48:46",
      "19:03:48",
      "19:18:56",
      "19:33:47",
      "19:49:31",
      "20:04:50",
      "20:19:19",
      "20:34:38",
      "20:48:52",
      "21:04:17",
      "21:18:59",
      "21:33:59",
      "21:49:20",
      "22:04:53"
    ],
    "board": [
      12,
      2,
      1,
      0,
      15,
      5,
      0,
      13,
      14,
      1,
      14,
      0,
      11,
      12,
      15,
      15,
      1,
      7,
      15,
      0,
      0,
      6,
      3,
      5,
      7,
      14,
      15,
      9,
      6,
      3,
      4,
      6,
      8,
      4,
      11,
      8,
      15,
      14,
      9,
      2,
      15,
      15,
      5,
      7,
      10,
      10,
      1,
      5,
      8,
      11,
      4,
      12,
      0,
      5,
      7,
      6,
      10,
      0,
      8,
      13,
      9,
      5,
      1,
      14
    ],
    "alight": [
      11,
      3,
      2,
      1,
      15,
      2,
      7,
      7,
      10,
      8,
      6,
      5,
      12,
      1,
      1,
      12,
      4,
      8,
      15,
      3,
      11,
      3,
      11,
      12,
      14,
      9,
      14,
      6,
      11,
      1,
      3,
      6,
      8,
      12,
      12,
      6,
      14,
      2,
      4,
      8,
      2,
      4,
      13,
      12,
      6,
      0,
      6,
      2,
      4,
      10,
      8,
      0,
      5,
      6,
      8,
      3,
      7,
      5,
      2,
      1,
      0,
      1,
      0,
      7
    ]
  },
  "贵州金阳武馆": {
    "time": [
      "06:15:42",
      "06:31:15",
      "06:45:30",
      "06:59:42",
      "07:15:23",
      "07:29:53",
      "07:44:49",
      "08:00:35",
      "08:14:48",
      "08:29:22",
      "08:45:02",
      "08:59:14",
      "09:13:27",
      "09:28:29",
      "09:44:15",
      "09:59:59",
      "10:15:42",
      "10:31:25",
      "10:47:11",
      "11:02:44",
      "11:18:15",
      "11:32:51",
      "11:47:55",
      "12:03:04",
      "12:18:26",
      "12:33:23",
      "12:48:28",
      "13:02:51",
      "13:17:55",
      "13:32:51",
      "13:48:17",
      "14:02:45",
      "14:17:54",
      "14:32:39",
      "14:47:32",
      "15:03:02",
      "15:18:48",
      "15:33:24",
      "15:48:52",
      "16:03:11",
      "16:17:25",
      "16:33:04",
      "16:48:19",
      "17:02:38",
      "17:18:01",
      "17:33:31",
      "17:48:17",
      "18:02:28",
      "18:18:08",
      "18:33:18",
      "18:48:46",
      "19:03:48",
      "19:18:56",
      "19:33:47",
      "19:49:31",
      "20:04:50",
      "20:19:19",
      "20:34:38",
      "20:48:52",
      "21:04:17",
      "21:18:59",
      "21:33:59",
      "21:49:20",
      "22:04:53"
    ],
    "board": [
      11,
      6,
      6,
      7,
      7,
      8,
      13,
      2,
      3,
      1,
      3,
      9,
      2,
      1,
      9,
      10,
      12,
      13,
      2,
      1,
      6,
      6,
      4,
      6,
      8,
      4,
      14,
      1,
      3,
      11,
      1,
      14,
      15,
      15,
      13,
      0,
      14,
      9,
      5,
      12,
      13,
      0,
      14,
      11,
      3,
      7,
      7,
      8,
      10,
      4,
      2,
      1,
      4,
      14,
      10,
      5,
      6,
      11,
      10,
      1,
      11,
      4,
      5,
      0
    ],
    "alight": [
      6,
      3,
      12,
      7,
      8,
      12,
      3,
      13,
      8,
      13,
      2,
      2,
      6,
      14,
      3,
      11,
      6,
      8,
      14,
      2,
      1,
      14,
      1,
      2,
      0,
      15,
      14,
      12,
      1,
      3,
      0,
      3,
      3,
      12,
      13,
      6,
      7,
      7,
      5,
      8,
      3,
      15,
      1,
      3,
      15,
      10,
      0,
      14,
      0,
      8,
      8,
      1,
      1,
      1,
      4,
      12,
      8,
      6,
      0,
      14,
      12,
      11,
      0,
      13
    ]
  },
  "司马烤鱼香辣虾(中铁·逸都国际店)": {
    "time": [
      "06:15:42",
      "06:31:15",
      "06:45:30",
      "06:59:42",
      "07:15:23",
      "07:29:53",
      "07:44:49",
      "08:00:35",
      "08:14:48",
      "08:29:22",
      "08:45:02",
      "08:59:14",
      "09:13:27",
      "09:28:29",
      "09:44:15",
      "09:59:59",
      "10:15:42",
      "10:31:25",
      "10:47:11",
      "11:02:44",
      "11:18:15",
      "11:32:51",
      "11:47:55",
      "12:03:04",
      "12:18:26",
      "12:33:23",
      "12:48:28",
      "13:02:51",
      "13:17:55",
      "13:32:51",
      "13:48:17",
      "14:02:45",
      "14:17:54",
      "14:32:39",
      "14:47:32",
      "15:03:02",
      "15:18:48",
      "15:33:24",
      "15:48:52",
      "16:03:11",
      "16:17:25",
      "16:33:04",
      "16:48:19",
      "17:02:38",
      "17:18:01",
      "17:33:31",
      "17:48:17",
      "18:02:28",
      "18:18:08",
      "18:33:18",
      "18:48:46",
      "19:03:48",
      "19:18:56",
      "19:33:47",
      "19:49:31",
      "20:04:50",
      "20:19:19",
      "20:34:38",
      "20:48:52",
      "21:04:17",
      "21:18:59",
      "21:33:59",
      "21:49:20",
      "22:04:53"
    ],
    "board": [
      12,
      6,
      13,
      4,
      7,
      0,
      2,
      13,
      0,
      5,
      0,
      4,
      0,
      6,
      5,
      10,
      14,
      4,
      12,
      9,
      12,
      6,
      1,
      14,
      14,
      5,
      15,
      0,
      13,
      2,
      0,
      10,
      10,
      1,
      5,
      4,
      2,
      5,
      5,
      9,
      9,
      14,
      7,
      4,
      5,
      3,
      13,
      6,
      2,
      4,
      3,
      0,
      0,
      11,
      3,
      12,
      10,
      3,
      5,
      5,
      6,
      10,
      0,
      6
    ],
    "alight": [
      1,
      1,
      6,
      8,
      5,
      8,
      8,
      2,
      8,
      13,
      15,
      12,
      5,
      14,
      9,
      5,
      13,
      3,
      13,
      12,
      3,
      15,
      2,
      7,
      10,
      12,
      13,
      9,
      3,
      6,
      12,
      8,
      0,
      7,
      14,
      6,
      3,
      0,
      11,
      8,
      12,
      11,
      8,
      7,
      14,
      1,
      14,
      12,
      4,
      12,
      7,
      1,
      3,
      9,
      9,
      10,
      8,
      10,
      0,
      1,
      6,
      11,
      9,
      6
    ]
  },
  "和煦酒店(贵阳观山湖金阳医院地铁站店)": {
    "time": [
      "06:15:42",
      "06:31:15",
      "06:45:30",
      "06:59:42",
      "07:15:23",
      "07:29:53",
      "07:44:49",
      "08:00:35",
      "08:14:48",
      "08:29:22",
      "08:45:02",
      "08:59:14",
      "09:13:27",
      "09:28:29",
      "09:44:15",
      "09:59:59",
      "10:15:42",
      "10:31:25",
      "10:47:11",
      "11:02:44",
      "11:18:15",
      "11:32:51",
      "11:47:55",
      "12:03:04",
      "12:18:26",
      "12:33:23",
      "12:48:28",
      "13:02:51",
      "13:17:55",
      "13:32:51",
      "13:48:17",
      "14:02:45",
      "14:17:54",
      "14:32:39",
      "14:47:32",
      "15:03:02",
      "15:18:48",
      "15:33:24",
      "15:48:52",
      "16:03:11",
      "16:17:25",
      "16:33:04",
      "16:48:19",
      "17:02:38",
      "17:18:01",
      "17:33:31",
      "17:48:17",
      "18:02:28",
      "18:18:08",
      "18:33:18",
      "18:48:46",
      "19:03:48",
      "19:18:56",
      "19:33:47",
      "19:49:31",
      "20:04:50",
      "20:19:19",
      "20:34:38",
      "20:48:52",
      "21:04:17",
      "21:18:59",
      "21:33:59",
      "21:49:20",
      "22:04:53"
    ],
    "board": [
      13,
      3,
      11,
      4,
      3,
      2,
      15,
      11,
      10,
      14,
      1,
      10,
      15,
      10,
      11,
      1,
      14,
      15,
      7,
      0,
      15,
      11,
      2,
      6,
      12,
      0,
      8,
      4,
      14,
      0,
      13,
      12,
      11,
      8,
      15,
      2,
      12,
      10,
      12,
      5,
      15,
      5,
      8,
      11,
      11,
      9,
      4,
      12,
      15,
      13,
      1,
      12,
      13,
      2,
      5,
      2,
      15,
      8,
      2,
      5,
      13,
      11,
      12,
      7
    ],
    "alight": [
      14,
      15,
      6,
      8,
      12,
      9,
      10,
      13,
      13,
      7,
      9,
      13,
      6,
      7,
      8,
      8,
      11,
      8,
      1,
      4,
      4,
      9,
      9,
      6,
      12,
      14,
      2,
      0,
      2,
      14,
      3,
      15,
      12,
      2,
      1,
      8,
      2,
      1,
      12,
      13,
      2,
      5,
      15,
      11,
      10,
      11,
      5,
      8,
      14,
      0,
      9,
      3,
      12,
      6,
      5,
      7,
      7,
      4,
      7,
      9,
      4,
      1,
      8,
      2
    ]
  },
  "金阳南路(地铁站)": {
    "time": [
      "06:15:42",
      "06:31:15",
      "06:45:30",
      "06:59:42",
      "07:15:23",
      "07:29:53",
      "07:44:49",
      "08:00:35",
      "08:14:48",
      "08:29:22",
      "08:45:02",
      "08:59:14",
      "09:13:27",
      "09:28:29",
      "09:44:15",
      "09:59:59",
      "10:15:42",
      "10:31:25",
      "10:47:11",
      "11:02:44",
      "11:18:15",
      "11:32:51",
      "11:47:55",
      "12:03:04",
      "12:18:26",
      "12:33:23",
      "12:48:28",
      "13:02:51",
      "13:17:55",
      "13:32:51",
      "13:48:17",
      "14:02:45",
      "14:17:54",
      "14:32:39",
      "14:47:32",
      "15:03:02",
      "15:18:48",
      "15:33:24",
      "15:48:52",
      "16:03:11",
      "16:17:25",
      "16:33:04",
      "16:48:19",
      "17:02:38",
      "17:18:01",
      "17:33:31",
      "17:48:17",
      "18:02:28",
      "18:18:08",
      "18:33:18",
      "18:48:46",
      "19:03:48",
      "19:18:56",
      "19:33:47",
      "19:49:31",
      "20:04:50",
      "20:19:19",
      "20:34:38",
      "20:48:52",
      "21:04:17",
      "21:18:59",
      "21:33:59",
      "21:49:20",
      "22:04:53"
    ],
    "board": [
      6,
      8,
      6,
      2,
      10,
      14,
      8,
      11,
      11,
      8,
      1,
      5,
      8,
      7,
      4,
      14,
      12,
      9,
      2,
      5,
      8,
      12,
      14,
      2,
      2,
      12,
      6,
      9,
      11,
      5,
      0,
      14,
      8,
      1,
      8,
      15,
      12,
      0,
      9,
      11,
      5,
      8,
      3,
      6,
      1,
      9,
      10,
      15,
      1,
      4,
      9,
      5,
      4,
      15,
      6,
      13,
      2,
      5,
      14,
      14,
      10,
      0,
      11,
      5
    ],
    "alight": [
      15,
      1,
      11,
      15,
      0,
      5,
      11,
      10,
      13,
      6,
      7,
      7,
      15,
      3,
      0,
      9,
      4,
      13,
      1,
      15,
      11,
      6,
      0,
      3,
      10,
      9,
      8,
      14,
      10,
      0,
      10,
      15,
      14,
      8,
      11,
      7,
      4,
      6,
      14,
      11,
      9,
      10,
      3,
      4,
      15,
      11,
      1,
      10,
      11,
      1,
      0,
      14,
      8,
      15,
      13,
      10,
      6,
      8,
      6,
      1,
      15,
      15,
      14,
      7
    ]
  },
  "牛如世家(贵阳世纪城龙吉苑店)": {
    "time": [
      "06:15:42",
      "06:31:15",
      "06:45:30",
      "06:59:42",
      "07:15:23",
      "07:29:53",
      "07:44:49",
      "08:00:35",
      "08:14:48",
      "08:29:22",
      "08:45:02",
      "08:59:14",
      "09:13:27",
      "09:28:29",
      "09:44:15",
      "09:59:59",
      "10:15:42",
      "10:31:25",
      "10:47:11",
      "11:02:44",
      "11:18:15",
      "11:32:51",
      "11:47:55",
      "12:03:04",
      "12:18:26",
      "12:33:23",
      "12:48:28",
      "13:02:51",
      "13:17:55",
      "13:32:51",
      "13:48:17",
      "14:02:45",
      "14:17:54",
      "14:32:39",
      "14:47:32",
      "15:03:02",
      "15:18:48",
      "15:33:24",
      "15:48:52",
      "16:03:11",
      "16:17:25",
      "16:33:04",
      "16:48:19",
      "17:02:38",
      "17:18:01",
      "17:33:31",
      "17:48:17",
      "18:02:28",
      "18:18:08",
      "18:33:18",
      "18:48:46",
      "19:03:48",
      "19:18:56",
      "19:33:47",
      "19:49:31",
      "20:04:50",
      "20:19:19",
      "20:34:38",
      "20:48:52",
      "21:04:17",
      "21:18:59",
      "21:33:59",
      "21:49:20",
      "22:04:53"
    ],
    "board": [
      9,
      2,
      6,
      15,
      13,
      2,
      0,
      9,
      12,
      5,
      9,
      4,
      4,
      12,
      15,
      1,
      15,
      0,
      4,
      6,
      3,
      4,
      9,
      11,
      11,
      4,
      3,
      13,
      1,
      12,
      8,
      1,
      1,
      8,
      13,
      4,
      4,
      3,
      13,
      6,
      9,
      15,
      1,
      13,
      9,
      12,
      6,
      12,
      3,
      7,
      13,
      10,
      2,
      4,
      9,
      8,
      11,
      5,
      10,
      15,
      8,
      1,
      3,
      7
    ],
    "alight": [
      10,
      7,
      13,
      15,
      14,
      15,
      6,
      9,
      10,
      1,
      14,
      12,
      6,
      15,
      11,
      5,
      9,
      2,
      12,
      5,
      6,
      7,
      0,
      5,
      1,
      9,
      8,
      13,
      13,
      1,
      0,
      9,
      6,
      13,
      1,
      3,
      2,
      3,
      6,
      12,
      15,
      8,
      0,
      0,
      4,
      15,
      14,
      0,
      3,
      15,
      9,
      5,
      6,
      1,
      7,
      6,
      2,
      4,
      8,
      13,
      1,
      9,
      12,
      9
    ]
  },
  "黔晓教育(世纪城校区)": {
    "time": [
      "06:15:42",
      "06:31:15",
      "06:45:30",
      "06:59:42",
      "07:15:23",
      "07:29:53",
      "07:44:49",
      "08:00:35",
      "08:14:48",
      "08:29:22",
      "08:45:02",
      "08:59:14",
      "09:13:27",
      "09:28:29",
      "09:44:15",
      "09:59:59",
      "10:15:42",
      "10:31:25",
      "10:47:11",
      "11:02:44",
      "11:18:15",
      "11:32:51",
      "11:47:55",
      "12:03:04",
      "12:18:26",
      "12:33:23",
      "12:48:28",
      "13:02:51",
      "13:17:55",
      "13:32:51",
      "13:48:17",
      "14:02:45",
      "14:17:54",
      "14:32:39",
      "14:47:32",
      "15:03:02",
      "15:18:48",
      "15:33:24",
      "15:48:52",
      "16:03:11",
      "16:17:25",
      "16:33:04",
      "16:48:19",
      "17:02:38",
      "17:18:01",
      "17:33:31",
      "17:48:17",
      "18:02:28",
      "18:18:08",
      "18:33:18",
      "18:48:46",
      "19:03:48",
      "19:18:56",
      "19:33:47",
      "19:49:31",
      "20:04:50",
      "20:19:19",
      "20:34:38",
      "20:48:52",
      "21:04:17",
      "21:18:59",
      "21:33:59",
      "21:49:20",
      "22:04:53"
    ],
    "board": [
      4,
      0,
      2,
      9,
      0,
      12,
      3,
      7,
      15,
      2,
      14,
      4,
      3,
      0,
      10,
      12,
      4,
      12,
      5,
      5,
      9,
      11,
      9,
      11,
      12,
      1,
      11,
      0,
      2,
      13,
      6,
      4,
      15,
      1,
      4,
      12,
      2,
      3,
      14,
      9,
      6,
      10,
      8,
      10,
      10,
      15,
      8,
      1,
      1,
      2,
      4,
      13,
      13,
      6,
      11,
      2,
      15,
      14,
      14,
      12,
      0,
      15,
      14,
      6
    ],
    "alight": [
      3,
      5,
      14,
      15,
      10,
      5,
      0,
      1,
      15,
      14,
      14,
      0,
      5,
      9,
      7,
      11,
      12,
      12,
      13,
      10,
      1,
      10,
      15,
      0,
      15,
      3,
      14,
      13,
      8,
      7,
      4,
      14,
      1,
      2,
      8,
      11,
      10,
      4,
      11,
      15,
      9,
      2,
      7,
      6,
      8,
      10,
      15,
      13,
      4,
      10,
      6,
      2,
      14,
      10,
      11,
      3,
      13,
      0,
      0,
      1,
      3,
      14,
      11,
      4
    ]
  },
  "饿大头糯米饭(世纪城店)": {
    "time": [
      "06:15:42",
      "06:31:15",
      "06:45:30",
      "06:59:42",
      "07:15:23",
      "07:29:53",
      "07:44:49",
      "08:00:35",
      "08:14:48",
      "08:29:22",
      "08:45:02",
      "08:59:14",
      "09:13:27",
      "09:28:29",
      "09:44:15",
      "09:59:59",
      "10:15:42",
      "10:31:25",
      "10:47:11",
      "11:02:44",
      "11:18:15",
      "11:32:51",
      "11:47:55",
      "12:03:04",
      "12:18:26",
      "12:33:23",
      "12:48:28",
      "13:02:51",
      "13:17:55",
      "13:32:51",
      "13:48:17",
      "14:02:45",
      "14:17:54",
      "14:32:39",
      "14:47:32",
      "15:03:02",
      "15:18:48",
      "15:33:24",
      "15:48:52",
      "16:03:11",
      "16:17:25",
      "16:33:04",
      "16:48:19",
      "17:02:38",
      "17:18:01",
      "17:33:31",
      "17:48:17",
      "18:02:28",
      "18:18:08",
      "18:33:18",
      "18:48:46",
      "19:03:48",
      "19:18:56",
      "19:33:47",
      "19:49:31",
      "20:04:50",
      "20:19:19",
      "20:34:38",
      "20:48:52",
      "21:04:17",
      "21:18:59",
      "21:33:59",
      "21:49:20",
      "22:04:53"
    ],
    "board": [
      14,
      8,
      8,
      14,
      4,
      7,
      9,
      3,
      14,
      9,
      13,
      10,
      3,
      9,
      7,
      14,
      11,
      7,
      1,
      3,
      14,
      11,
      7,
      9,
      6,
      2,
      7,
      12,
      13,
      0,
      6,
      12,
      9,
      15,
      14,
      14,
      2,
      0,
      1,
      8,
      7,
      2,
      3,
      6,
      12,
      5,
      9,
      4,
      14,
      6,
      10,
      14,
      5,
      12,
      12,
      10,
      9,
      11,
      3,
      12,
      9,
      2,
      7,
      13
    ],
    "alight": [
      11,
      11,
      1,
      6,
      4,
      2,
      3,
      5,
      4,
      4,
      3,
      13,
      7,
      3,
      0,
      2,
      11,
      12,
      15,
      8,
      4,
      7,
      14,
      0,
      7,
      15,
      0,
      1,
      8,
      6,
      13,
      7,
      7,
      2,
      15,
      3,
      2,
      5,
      11,
      3,
      8,
      13,
      9,
      9,
      2,
      15,
      5,
      7,
      0,
      10,
      7,
      10,
      11,
      15,
      11,
      5,
      6,
      3,
      11,
      2,
      8,
      8,
      11,
      8
    ]
  },
  "龙锦路": {
    "time": [
      "06:15:42",
      "06:31:15",
      "06:45:30",
      "06:59:42",
      "07:15:23",
      "07:29:53",
      "07:44:49",
      "08:00:35",
      "08:14:48",
      "08:29:22",
      "08:45:02",
      "08:59:14",
      "09:13:27",
      "09:28:29",
      "09:44:15",
      "09:59:59",
      "10:15:42",
      "10:31:25",
      "10:47:11",
      "11:02:44",
      "11:18:15",
      "11:32:51",
      "11:47:55",
      "12:03:04",
      "12:18:26",
      "12:33:23",
      "12:48:28",
      "13:02:51",
      "13:17:55",
      "13:32:51",
      "13:48:17",
      "14:02:45",
      "14:17:54",
      "14:32:39",
      "14:47:32",
      "15:03:02",
      "15:18:48",
      "15:33:24",
      "15:48:52",
      "16:03:11",
      "16:17:25",
      "16:33:04",
      "16:48:19",
      "17:02:38",
      "17:18:01",
      "17:33:31",
      "17:48:17",
      "18:02:28",
      "18:18:08",
      "18:33:18",
      "18:48:46",
      "19:03:48",
      "19:18:56",
      "19:33:47",
      "19:49:31",
      "20:04:50",
      "20:19:19",
      "20:34:38",
      "20:48:52",
      "21:04:17",
      "21:18:59",
      "21:33:59",
      "21:49:20",
      "22:04:53"
    ],
    "board": [
      2,
      13,
      3,
      2,
      5,
      7,
      14,
      10,
      11,
      13,
      5,
      2,
      14,
      2,
      7,
      3,
      11,
      8,
      0,
      12,
      0,
      1,
      8,
      11,
      4,
      1,
      13,
      0,
      10,
      14,
      10,
      0,
      4,
      15,
      14,
      2,
      9,
      13,
      3,
      10,
      5,
      13,
      6,
      12,
      15,
      13,
      6,
      8,
      15,
      13,
      11,
      10,
      5,
      3,
      11,
      9,
      9,
      11,
      2,
      7,
      13,
      12,
      11,
      14
    ],
    "alight": [
      5,
      7,
      9,
      0,
      0,
      5,
      9,
      13,
      11,
      12,
      7,
      8,
      10,
      12,
      8,
      1,
      7,
      1,
      11,
      14,
      9,
      1,
      4,
      12,
      15,
      13,
      8,
      7,
      0,
      4,
      14,
      0,
      8,
      10,
      13,
      3,
      0,
      3,
      8,
      14,
      4,
      8,
      1,
      11,
      4,
      3,
      12,
      3,
      7,
      1,
      5,
      15,
      14,
      8,
      1,
      4,
      5,
      6,
      5,
      2,
      9,
      8,
      7,
      10
    ]
  },
  "贵阳悦程医院住院部": {
    "time": [
      "06:15:42",
      "06:31:15",
      "06:45:30",
      "06:59:42",
      "07:15:23",
      "07:29:53",
      "07:44:49",
      "08:00:35",
      "08:14:48",
      "08:29:22",
      "08:45:02",
      "08:59:14",
      "09:13:27",
      "09:28:29",
      "09:44:15",
      "09:59:59",
      "10:15:42",
      "10:31:25",
      "10:47:11",
      "11:02:44",
      "11:18:15",
      "11:32:51",
      "11:47:55",
      "12:03:04",
      "12:18:26",
      "12:33:23",
      "12:48:28",
      "13:02:51",
      "13:17:55",
      "13:32:51",
      "13:48:17",
      "14:02:45",
      "14:17:54",
      "14:32:39",
      "14:47:32",
      "15:03:02",
      "15:18:48",
      "15:33:24",
      "15:48:52",
      "16:03:11",
      "16:17:25",
      "16:33:04",
      "16:48:19",
      "17:02:38",
      "17:18:01",
      "17:33:31",
      "17:48:17",
      "18:02:28",
      "18:18:08",
      "18:33:18",
      "18:48:46",
      "19:03:48",
      "19:18:56",
      "19:33:47",
      "19:49:31",
      "20:04:50",
      "20:19:19",
      "20:34:38",
      "20:48:52",
      "21:04:17",
      "21:18:59",
      "21:33:59",
      "21:49:20",
      "22:04:53"
    ],
    "board": [
      14,
      6,
      6,
      7,
      3,
      4,
      9,
      3,
      8,
      3,
      10,
      9,
      7,
      4,
      4,
      3,
      13,
      11,
      2,
      12,
      8,
      0,
      6,
      6,
      4,
      15,
      15,
      14,
      4,
      2,
      6,
      15,
      13,
      11,
      2,
      12,
      10,
      14,
      10,
      5,
      9,
      12,
      15,
      1,
      8,
      4,
      2,
      12,
      12,
      7,
      12,
      6,
      13,
      6,
      9,
      2,
      1,
      1,
      9,
      3,
      8,
      7,
      7,
      14
    ],
    "alight": [
      1,
      1,
      7,
      3,
      5,
      4,
      11,
      10,
      7,
      9,
      1,
      10,
      6,
      12,
      3,
      15,
      3,
      6,
      13,
      12,
      1,
      9,
      13,
      6,
      12,
      15,
      4,
      9,
      3,
      8,
      9,
      14,
      2,
      9,
      10,
      5,
      1,
      11,
      13,
      11,
      8,
      7,
      11,
      1,
      10,
      8,
      3,
      8,
      0,
      2,
      4,
      13,
      9,
      5,
      11,
      15,
      14,
      14,
      5,
      8,
      9,
      12,
      12,
      0
    ]
  },
  "齐记小笼包(恒大滨河左岸店)": {
    "time": [
      "06:15:42",
      "06:31:15",
      "06:45:30",
      "06:59:42",
      "07:15:23",
      "07:29:53",
      "07:44:49",
      "08:00:35",
      "08:14:48",
      "08:29:22",
      "08:45:02",
      "08:59:14",
      "09:13:27",
      "09:28:29",
      "09:44:15",
      "09:59:59",
      "10:15:42",
      "10:31:25",
      "10:47:11",
      "11:02:44",
      "11:18:15",
      "11:32:51",
      "11:47:55",
      "12:03:04",
      "12:18:26",
      "12:33:23",
      "12:48:28",
      "13:02:51",
      "13:17:55",
      "13:32:51",
      "13:48:17",
      "14:02:45",
      "14:17:54",
      "14:32:39",
      "14:47:32",
      "15:03:02",
      "15:18:48",
      "15:33:24",
      "15:48:52",
      "16:03:11",
      "16:17:25",
      "16:33:04",
      "16:48:19",
      "17:02:38",
      "17:18:01",
      "17:33:31",
      "17:48:17",
      "18:02:28",
      "18:18:08",
      "18:33:18",
      "18:48:46",
      "19:03:48",
      "19:18:56",
      "19:33:47",
      "19:49:31",
      "20:04:50",
      "20:19:19",
      "20:34:38",
      "20:48:52",
      "21:04:17",
      "21:18:59",
      "21:33:59",
      "21:49:20",
      "22:04:53"
    ],
    "board": [
      15,
      0,
      7,
      3,
      10,
      5,
      7,
      8,
      1,
      6,
      3,
      12,
      14,
      0,
      4,
      1,
      0,
      4,
      1,
      14,
      2,
      11,
      9,
      7,
      0,
      15,
      14,
      15,
      1,
      7,
      6,
      7,
      6,
      10,
      12,
      10,
      14,
      12,
      5,
      6,
      11,
      5,
      6,
      7,
      12,
      4,
      13,
      12,
      6,
      6,
      3,
      4,
      0,
      4,
      13,
      5,
      9,
      2,
      0,
      3,
      8,
      4,
      7,
      10
    ],
    "alight": [
      4,
      5,
      3,
      11,
      6,
      4,
      0,
      8,
      8,
      5,
      15,
      8,
      4,
      6,
      0,
      11,
      7,
      6,
      12,
      10,
      6,
      7,
      12,
      14,
      4,
      11,
      7,
      14,
      15,
      9,
      11,
      1,
      13,
      0,
      12,
      3,
      11,
      6,
      11,
      12,
      13,
      8,
      6,
      3,
      4,
      13,
      4,
      1,
      8,
      7,
      7,
      3,
      15,
      4,
      3,
      4,
      3,
      5,
      6,
      10,
      5,
      9,
      2,
      3
    ]
  },
  "友山基金大厦": {
    "time": [
      "06:15:42",
      "06:31:15",
      "06:45:30",
      "06:59:42",
      "07:15:23",
      "07:29:53",
      "07:44:49",
      "08:00:35",
      "08:14:48",
      "08:29:22",
      "08:45:02",
      "08:59:14",
      "09:13:27",
      "09:28:29",
      "09:44:15",
      "09:59:59",
      "10:15:42",
      "10:31:25",
      "10:47:11",
      "11:02:44",
      "11:18:15",
      "11:32:51",
      "11:47:55",
      "12:03:04",
      "12:18:26",
      "12:33:23",
      "12:48:28",
      "13:02:51",
      "13:17:55",
      "13:32:51",
      "13:48:17",
      "14:02:45",
      "14:17:54",
      "14:32:39",
      "14:47:32",
      "15:03:02",
      "15:18:48",
      "15:33:24",
      "15:48:52",
      "16:03:11",
      "16:17:25",
      "16:33:04",
      "16:48:19",
      "17:02:38",
      "17:18:01",
      "17:33:31",
      "17:48:17",
      "18:02:28",
      "18:18:08",
      "18:33:18",
      "18:48:46",
      "19:03:48",
      "19:18:56",
      "19:33:47",
      "19:49:31",
      "20:04:50",
      "20:19:19",
      "20:34:38",
      "20:48:52",
      "21:04:17",
      "21:18:59",
      "21:33:59",
      "21:49:20",
      "22:04:53"
    ],
    "board": [
      14,
      9,
      5,
      4,
      0,
      13,
      10,
      1,
      5,
      6,
      13,
      5,
      7,
      8,
      11,
      5,
      7,
      9,
      5,
      12,
      3,
      9,
      7,
      5,
      14,
      0,
      1,
      3,
      6,
      2,
      4,
      3,
      7,
      7,
      7,
      14,
      15,
      14,
      9,
      3,
      4,
      10,
      2,
      9,
      12,
      3,
      12,
      13,
      4,
      1,
      12,
      1,
      8,
      9,
      0,
      0,
      0,
      0,
      7,
      12,
      10,
      6,
      3,
      13
    ],
    "alight": [
      1,
      14,
      9,
      3,
      2,
      8,
      13,
      8,
      4,
      4,
      7,
      3,
      3,
      3,
      4,
      12,
      9,
      9,
      12,
      2,
      3,
      14,
      13,
      0,
      13,
      13,
      5,
      1,
      11,
      4,
      14,
      9,
      1,
      9,
      6,
      6,
      10,
      7,
      1,
      6,
      4,
      10,
      10,
      6,
      13,
      13,
      9,
      7,
      15,
      14,
      4,
      3,
      14,
      12,
      5,
      7,
      14,
      12,
      14,
      1,
      9,
      10,
      14,
      7
    ]
  },
  "泛特尔细胞": {
    "time": [
      "06:15:42",
      "06:31:15",
      "06:45:30",
      "06:59:42",
      "07:15:23",
      "07:29:53",
      "07:44:49",
      "08:00:35",
      "08:14:48",
      "08:29:22",
      "08:45:02",
      "08:59:14",
      "09:13:27",
      "09:28:29",
      "09:44:15",
      "09:59:59",
      "10:15:42",
      "10:31:25",
      "10:47:11",
      "11:02:44",
      "11:18:15",
      "11:32:51",
      "11:47:55",
      "12:03:04",
      "12:18:26",
      "12:33:23",
      "12:48:28",
      "13:02:51",
      "13:17:55",
      "13:32:51",
      "13:48:17",
      "14:02:45",
      "14:17:54",
      "14:32:39",
      "14:47:32",
      "15:03:02",
      "15:18:48",
      "15:33:24",
      "15:48:52",
      "16:03:11",
      "16:17:25",
      "16:33:04",
      "16:48:19",
      "17:02:38",
      "17:18:01",
      "17:33:31",
      "17:48:17",
      "18:02:28",
      "18:18:08",
      "18:33:18",
      "18:48:46",
      "19:03:48",
      "19:18:56",
      "19:33:47",
      "19:49:31",
      "20:04:50",
      "20:19:19",
      "20:34:38",
      "20:48:52",
      "21:04:17",
      "21:18:59",
      "21:33:59",
      "21:49:20",
      "22:04:53"
    ],
    "board": [
      2,
      7,
      6,
      9,
      6,
      15,
      5,
      13,
      15,
      8,
      2,
      12,
      10,
      14,
      10,
      4,
      14,
      1,
      10,
      4,
      0,
      2,
      7,
      13,
      5,
      0,
      10,
      12,
      12,
      9,
      2,
      7,
      0,
      2,
      9,
      10,
      4,
      3,
      4,
      3,
      1,
      11,
      3,
      3,
      14,
      8,
      5,
      11,
      13,
      0,
      12,
      14,
      7,
      7,
      2,
      12,
      15,
      14,
      7,
      1,
      8,
      14,
      8,
      1
    ],
    "alight": [
      3,
      1,
      11,
      4,
      10,
      0,
      1,
      8,
      10,
      11,
      9,
      12,
      14,
      9,
      10,
      5,
      5,
      12,
      11,
      10,
      9,
      3,
      10,
      0,
      1,
      10,
      9,
      13,
      4,
      12,
      15,
      6,
      3,
      3,
      13,
      15,
      6,
      7,
      13,
      1,
      1,
      7,
      4,
      13,
      5,
      13,
      15,
      0,
      4,
      15,
      2,
      8,
      13,
      11,
      5,
      0,
      7,
      13,
      5,
      10,
      14,
      1,
      6,
      0
    ]
  },
  "小鹿(贵阳站)民宿(凯里路分店)": {
    "time": [
      "06:15:42",
      "06:31:15",
      "06:45:30",
      "06:59:42",
      "07:15:23",
      "07:29:53",
      "07:44:49",
      "08:00:35",
      "08:14:48",
      "08:29:22",
      "08:45:02",
      "08:59:14",
      "09:13:27",
      "09:28:29",
      "09:44:15",
      "09:59:59",
      "10:15:42",
      "10:31:25",
      "10:47:11",
      "11:02:44",
      "11:18:15",
      "11:32:51",
      "11:47:55",
      "12:03:04",
      "12:18:26",
      "12:33:23",
      "12:48:28",
      "13:02:51",
      "13:17:55",
      "13:32:51",
      "13:48:17",
      "14:02:45",
      "14:17:54",
      "14:32:39",
      "14:47:32",
      "15:03:02",
      "15:18:48",
      "15:33:24",
      "15:48:52",
      "16:03:11",
      "16:17:25",
      "16:33:04",
      "16:48:19",
      "17:02:38",
      "17:18:01",
      "17:33:31",
      "17:48:17",
      "18:02:28",
      "18:18:08",
      "18:33:18",
      "18:48:46",
      "19:03:48",
      "19:18:56",
      "19:33:47",
      "19:49:31",
      "20:04:50",
      "20:19:19",
      "20:34:38",
      "20:48:52",
      "21:04:17",
      "21:18:59",
      "21:33:59",
      "21:49:20",
      "22:04:53"
    ],
    "board": [
      13,
      1,
      7,
      14,
      9,
      10,
      0,
      1,
      2,
      14,
      14,
      8,
      5,
      6,
      14,
      9,
      3,
      3,
      15,
      9,
      4,
      1,
      8,
      11,
      11,
      9,
      3,
      15,
      0,
      11,
      10,
      13,
      3,
      4,
      14,
      4,
      12,
      10,
      15,
      9,
      4,
      15,
      11,
      11,
      3,
      9,
      8,
      1,
      8,
      2,
      13,
      7,
      3,
      1,
      8,
      5,
      7,
      10,
      12,
      14,
      9,
      10,
      7,
      8
    ],
    "alight": [
      11,
      5,
      7,
      4,
      3,
      1,
      2,
      0,
      3,
      11,
      2,
      5,
      12,
      2,
      14,
      5,
      3,
      5,
      1,
      8,
      12,
      7,
      15,
      14,
      5,
      14,
      14,
      5,
      2,
      7,
      6,
      8,
      5,
      7,
      14,
      11,
      8,
      12,
      15,
      12,
      4,
      7,
      3,
      11,
      6,
      7,
      3,
      3,
      0,
      3,
      2,
      7,
      1,
      3,
      3,
      6,
      1,
      9,
      11,
      11,
      9,
      5,
      5,
      4
    ]
  },
  "如家酒店(贵阳高铁北站店)": {
    "time": [
      "06:15:42",
      "06:31:15",
      "06:45:30",
      "06:59:42",
      "07:15:23",
      "07:29:53",
      "07:44:49",
      "08:00:35",
      "08:14:48",
      "08:29:22",
      "08:45:02",
      "08:59:14",
      "09:13:27",
      "09:28:29",
      "09:44:15",
      "09:59:59",
      "10:15:42",
      "10:31:25",
      "10:47:11",
      "11:02:44",
      "11:18:15",
      "11:32:51",
      "11:47:55",
      "12:03:04",
      "12:18:26",
      "12:33:23",
      "12:48:28",
      "13:02:51",
      "13:17:55",
      "13:32:51",
      "13:48:17",
      "14:02:45",
      "14:17:54",
      "14:32:39",
      "14:47:32",
      "15:03:02",
      "15:18:48",
      "15:33:24",
      "15:48:52",
      "16:03:11",
      "16:17:25",
      "16:33:04",
      "16:48:19",
      "17:02:38",
      "17:18:01",
      "17:33:31",
      "17:48:17",
      "18:02:28",
      "18:18:08",
      "18:33:18",
      "18:48:46",
      "19:03:48",
      "19:18:56",
      "19:33:47",
      "19:49:31",
      "20:04:50",
      "20:19:19",
      "20:34:38",
      "20:48:52",
      "21:04:17",
      "21:18:59",
      "21:33:59",
      "21:49:20",
      "22:04:53"
    ],
    "board": [
      0,
      0,
      0,
      0,
      0,
      0,
      0,
      0,
      0,
      3,
      0,
      0,
      0,
      0,
      0,
      0,
      0,
      0,
      0,
      0,
      1,
      0,
      0,
      0,
      0,
      0,
      0,
      0,
      0,
      0,
      1,
      0,
      0,
      0,
      0,
      4,
      5,
      0,
      0,
      0,
      0,
      4,
      0,
      0,
      0,
      0,
      0,
      0,
      5,
      0,
      0,
      0,
      0,
      0,
      0,
      0,
      0,
      0,
      0,
      0,
      0,
      0,
      0,
      0
    ],
    "alight": [
      7,
      13,
      11,
      1,
      9,
      3,
      2,
      0,
      13,
      15,
      3,
      1,
      7,
      2,
      2,
      1,
      4,
      7,
      10,
      6,
      7,
      2,
      0,
      10,
      10,
      7,
      6,
      12,
      10,
      2,
      12,
      0,
      9,
      9,
      7,
      4,
      5,
      10,
      0,
      12,
      13,
      13,
      14,
      13,
      2,
      11,
      2,
      7,
      9,
      10,
      11,
      6,
      15,
      11,
      10,
      1,
      2,
      6,
      14,
      15,
      13,
      3,
      7,
      3
    ]
  },
  "西二环": {
    "time": [
      "06:15:42",
      "06:31:15",
      "06:45:30",
      "06:59:42",
      "07:15:23",
      "07:29:53",
      "07:44:49",
      "08:00:35",
      "08:14:48",
      "08:29:22",
      "08:45:02",
      "08:59:14",
      "09:13:27",
      "09:28:29",
      "09:44:15",
      "09:59:59",
      "10:15:42",
      "10:31:25",
      "10:47:11",
      "11:02:44",
      "11:18:15",
      "11:32:51",
      "11:47:55",
      "12:03:04",
      "12:18:26",
      "12:33:23",
      "12:48:28",
      "13:02:51",
      "13:17:55",
      "13:32:51",
      "13:48:17",
      "14:02:45",
      "14:17:54",
      "14:32:39",
      "14:47:32",
      "15:03:02",
      "15:18:48",
      "15:33:24",
      "15:48:52",
      "16:03:11",
      "16:17:25",
      "16:33:04",
      "16:48:19",
      "17:02:38",
      "17:18:01",
      "17:33:31",
      "17:48:17",
      "18:02:28",
      "18:18:08",
      "18:33:18",
      "18:48:46",
      "19:03:48",
      "19:18:56",
      "19:33:47",
      "19:49:31",
      "20:04:50",
      "20:19:19",
      "20:34:38",
      "20:48:52",
      "21:04:17",
      "21:18:59",
      "21:33:59",
      "21:49:20",
      "22:04:53"
    ],
    "board": [
      0,
      0,
      0,
      0,
      0,
      0,
      0,
      0,
      0,
      0,
      2,
      0,
      0,
      0,
      0,
      0,
      0,
      0,
      0,
      0,
      0,
      0,
      0,
      0,
      0,
      0,
      0,
      0,
      0,
      0,
      0,
      0,
      2,
      0,
      4,
      0,
      0,
      0,
      0,
      0,
      0,
      0,
      0,
      0,
      0,
      0,
      0,
      0,
      0,
      0,
      0,
      0,
      0,
      0,
      0,
      0,
      0,
      0,
      0,
      2,
      0,
      0,
      0,
      0
    ],
    "alight": [
      11,
      14,
      8,
      6,
      10,
      1,
      3,
      9,
      5,
      3,
      12,
      12,
      15,
      7,
      9,
      7,
      11,
      15,
      5,
      11,
      5,
      13,
      10,
      1,
      7,
      6,
      2,
      11,
      11,
      7,
      3,
      4,
      14,
      3,
      5,
      15,
      7,
      11,
      6,
      0,
      13,
      9,
      8,
      3,
      9,
      12,
      15,
      1,
      8,
      11,
      6,
      3,
      5,
      8,
      3,
      2,
      5,
      9,
      9,
      2,
      15,
      7,
      4,
      7
    ]
  },
  "猫咔咔·主题猫咖(北大资源梦想城店)": {
    "time": [
      "06:15:42",
      "06:31:15",
      "06:45:30",
      "06:59:42",
      "07:15:23",
      "07:29:53",
      "07:44:49",
      "08:00:35",
      "08:14:48",
      "08:29:22",
      "08:45:02",
      "08:59:14",
      "09:13:27",
      "09:28:29",
      "09:44:15",
      "09:59:59",
      "10:15:42",
      "10:31:25",
      "10:47:11",
      "11:02:44",
      "11:18:15",
      "11:32:51",
      "11:47:55",
      "12:03:04",
      "12:18:26",
      "12:33:23",
      "12:48:28",
      "13:02:51",
      "13:17:55",
      "13:32:51",
      "13:48:17",
      "14:02:45",
      "14:17:54",
      "14:32:39",
      "14:47:32",
      "15:03:02",
      "15:18:48",
      "15:33:24",
      "15:48:52",
      "16:03:11",
      "16:17:25",
      "16:33:04",
      "16:48:19",
      "17:02:38",
      "17:18:01",
      "17:33:31",
      "17:48:17",
      "18:02:28",
      "18:18:08",
      "18:33:18",
      "18:48:46",
      "19:03:48",
      "19:18:56",
      "19:33:47",
      "19:49:31",
      "20:04:50",
      "20:19:19",
      "20:34:38",
      "20:48:52",
      "21:04:17",
      "21:18:59",
      "21:33:59",
      "21:49:20",
      "22:04:53"
    ],
    "board": [
      0,
      0,
      0,
      0,
      0,
      0,
      0,
      0,
      0,
      0,
      3,
      0,
      0,
      0,
      0,
      0,
      0,
      0,
      0,
      0,
      2,
      0,
      0,
      0,
      0,
      3,
      0,
      0,
      0,
      0,
      0,
      0,
      0,
      0,
      0,
      0,
      0,
      0,
      0,
      0,
      0,
      0,
      0,
      0,
      1,
      0,
      0,
      3,
      0,
      0,
      0,
      0,
      0,
      0,
      0,
      0,
      0,
      0,
      0,
      0,
      0,
      0,
      0,
      0
    ],
    "alight": [
      7,
      7,
      10,
      8,
      7,
      0,
      14,
      1,
      13,
      15,
      11,
      9,
      3,
      9,
      12,
      0,
      1,
      14,
      9,
      6,
      1,
      14,
      4,
      2,
      4,
      4,
      10,
      0,
      1,
      4,
      5,
      2,
      5,
      3,
      13,
      8,
      0,
      9,
      7,
      6,
      5,
      1,
      11,
      11,
      11,
      9,
      0,
      12,
      12,
      5,
      11,
      1,
      8,
      9,
      10,
      5,
      15,
      3,
      12,
      1,
      5,
      12,
      1,
      13
    ]
  },
  "亚特斯酒店(贵阳高铁北站店)": {
    "time": [
      "06:15:42",
      "06:31:15",
      "06:45:30",
      "06:59:42",
      "07:15:23",
      "07:29:53",
      "07:44:49",
      "08:00:35",
      "08:14:48",
      "08:29:22",
      "08:45:02",
      "08:59:14",
      "09:13:27",
      "09:28:29",
      "09:44:15",
      "09:59:59",
      "10:15:42",
      "10:31:25",
      "10:47:11",
      "11:02:44",
      "11:18:15",
      "11:32:51",
      "11:47:55",
      "12:03:04",
      "12:18:26",
      "12:33:23",
      "12:48:28",
      "13:02:51",
      "13:17:55",
      "13:32:51",
      "13:48:17",
      "14:02:45",
      "14:17:54",
      "14:32:39",
      "14:47:32",
      "15:03:02",
      "15:18:48",
      "15:33:24",
      "15:48:52",
      "16:03:11",
      "16:17:25",
      "16:33:04",
      "16:48:19",
      "17:02:38",
      "17:18:01",
      "17:33:31",
      "17:48:17",
      "18:02:28",
      "18:18:08",
      "18:33:18",
      "18:48:46",
      "19:03:48",
      "19:18:56",
      "19:33:47",
      "19:49:31",
      "20:04:50",
      "20:19:19",
      "20:34:38",
      "20:48:52",
      "21:04:17",
      "21:18:59",
      "21:33:59",
      "21:49:20",
      "22:04:53"
    ],
    "board": [
      0,
      0,
      0,
      0,
      0,
      0,
      0,
      0,
      0,
      0,
      0,
      0,
      0,
      0,
      0,
      0,
      0,
      0,
      0,
      0,
      0,
      0,
      0,
      0,
      0,
      0,
      0,
      0,
      0,
      0,
      0,
      0,
      0,
      0,
      0,
      0,
      0,
      0,
      0,
      0,
      0,
      0,
      0,
      0,
      0,
      0,
      0,
      0,
      0,
      0,
      0,
      0,
      0,
      0,
      0,
      0,
      0,
      0,
      0,
      0,
      0,
      0,
      0,
      0
    ],
    "alight": [
      6,
      2,
      11,
      13,
      3,
      0,
      11,
      6,
      11,
      1,
      9,
      11,
      12,
      2,
      6,
      8,
      14,
      13,
      8,
      10,
      0,
      3,
      2,
      9,
      7,
      12,
      3,
      2,
      15,
      3,
      0,
      12,
      14,
      11,
      1,
      1,
      7,
      2,
      13,
      6,
      13,
      1,
      10,
      10,
      1,
      14,
      7,
      2,
      13,
      8,
      14,
      12,
      9,
      3,
      8,
      6,
      8,
      9,
      2,
      15,
      2,
      13,
      13,
      13
    ]
  },
  "贵阳布舍智慧酒店": {
    "time": [
      "06:15:42",
      "06:31:15",
      "06:45:30",
      "06:59:42",
      "07:15:23",
      "07:29:53",
      "07:44:49",
      "08:00:35",
      "08:14:48",
      "08:29:22",
      "08:45:02",
      "08:59:14",
      "09:13:27",
      "09:28:29",
      "09:44:15",
      "09:59:59",
      "10:15:42",
      "10:31:25",
      "10:47:11",
      "11:02:44",
      "11:18:15",
      "11:32:51",
      "11:47:55",
      "12:03:04",
      "12:18:26",
      "12:33:23",
      "12:48:28",
      "13:02:51",
      "13:17:55",
      "13:32:51",
      "13:48:17",
      "14:02:45",
      "14:17:54",
      "14:32:39",
      "14:47:32",
      "15:03:02",
      "15:18:48",
      "15:33:24",
      "15:48:52",
      "16:03:11",
      "16:17:25",
      "16:33:04",
      "16:48:19",
      "17:02:38",
      "17:18:01",
      "17:33:31",
      "17:48:17",
      "18:02:28",
      "18:18:08",
      "18:33:18",
      "18:48:46",
      "19:03:48",
      "19:18:56",
      "19:33:47",
      "19:49:31",
      "20:04:50",
      "20:19:19",
      "20:34:38",
      "20:48:52",
      "21:04:17",
      "21:18:59",
      "21:33:59",
      "21:49:20",
      "22:04:53"
    ],
    "board": [
      0,
      0,
      0,
      0,
      0,
      0,
      0,
      0,
      0,
      0,
      0,
      0,
      0,
      0,
      0,
      0,
      0,
      0,
      0,
      0,
      0,
      0,
      0,
      0,
      0,
      0,
      0,
      0,
      0,
      0,
      0,
      0,
      0,
      0,
      0,
      0,
      0,
      0,
      0,
      0,
      0,
      0,
      0,
      0,
      0,
      0,
      0,
      0,
      0,
      0,
      0,
      0,
      0,
      0,
      0,
      0,
      0,
      0,
      0,
      0,
      0,
      0,
      0,
      0
    ],
    "alight": [
      8,
      11,
      6,
      3,
      7,
      2,
      14,
      3,
      4,
      7,
      5,
      12,
      13,
      12,
      13,
      13,
      7,
      14,
      10,
      9,
      7,
      7,
      7,
      13,
      4,
      1,
      12,
      5,
      2,
      11,
      15,
      0,
      0,
      0,
      0,
      7,
      10,
      8,
      4,
      6,
      14,
      5,
      3,
      3,
      7,
      5,
      13,
      15,
      1,
      9,
      1,
      0,
      15,
      12,
      12,
      10,
      1,
      9,
      5,
      13,
      14,
      1,
      15,
      5
    ]
  }
}