{
  "up": {
    "诚根教育": 1,
    "贵州扶贫馆": 2,
    "贵阳市云岩区圣源学校": 3,
    "北京西路": 4,
    "云岩区黔春居民委员会": 5,
    "二桥": 6,
    "泡椒牛肉粉": 7,
    "徐氏苗家砂锅酸汤(贵阳店)": 8,
    "智慧树国际幼儿园": 9,
    "贵阳市城市综合执法支队南明区大队(遵义中路)": 10,
    "新疆正宗烧烤店": 11,
    "三月未来教育": 12,
    "贵州理工学院易班发展中心": 13,
    "乡村私房菜(下坝路店)": 14,
    "在水一方秘境": 15,
    "贵阳市南华学校": 16,
    "甲秀南路": 17,
    "贵阳农科院春晖苑": 18,
    "隆平路": 19,
    "油料研究所": 20,
    "仁睦工贸有限公司": 21,
    "权健自然医学调理中心": 22,
    "贵安大道": 23,
    "贵州千乡原电子商务有限公司": 24,
    "康打路": 25,
    "月租房": 26,
    "石板镇卫生院新冠疫苗接种点": 27,
    "桂花园农庄": 28,
    "贵州石联共鑫钢化玻璃": 29,
    "一品鹅庄": 30,
    "001县道": 31
  },
  "down": {
    "001县道": 32,
    "一品鹅庄": 33,
    "贵州石联共鑫钢化玻璃": 34,
    "桂花园农庄": 35,
    "石板镇卫生院新冠疫苗接种点": 36,
    "月租房": 37,
    "康打路": 38,
    "贵州千乡原电子商务有限公司": 39,
    "贵安大道": 40,
    "权健自然医学调理中心": 41,
    "仁睦工贸有限公司": 42,
    "油料研究所": 43,
    "隆平路": 44,
    "贵阳农科院春晖苑": 45,
    "甲秀南路": 46,
    "贵阳市南华学校": 47,
    "在水一方秘境": 48,
    "乡村私房菜(下坝路店)": 49,
    "贵州理工学院易班发展中心": 50,
    "三月未来教育": 51,
    "新疆正宗烧烤店": 52,
    "贵阳市城市综合执法支队南明区大队(遵义中路)": 53,
    "智慧树国际幼儿园": 54,
    "徐氏苗家砂锅酸汤(贵阳店)": 55,
    "泡椒牛肉粉": 56,
    "二桥": 57,
    "云岩区黔春居民委员会": 58,
    "北京西路": 59,
    "贵阳市云岩区圣源学校": 60,
    "贵州扶贫馆": 61,
    "诚根教育": 62
  }
}