{
  "001县道": 733,
  "一品鹅庄": 776,
  "贵州石联共鑫钢化玻璃": 776,
  "桂花园农庄": 1014,
  "石板镇卫生院新冠疫苗接种点": 1432,
  "月租房": 592,
  "康打路": 1150,
  "贵州千乡原电子商务有限公司": 940,
  "贵安大道": 1155,
  "权健自然医学调理中心": 2411,
  "仁睦工贸有限公司": 1591,
  "油料研究所": 620,
  "隆平路": 600,
  "贵阳农科院春晖苑": 1662,
  "甲秀南路": 2303,
  "贵阳市南华学校": 955,
  "在水一方秘境": 737,
  "乡村私房菜(下坝路店)": 804,
  "贵州理工学院易班发展中心": 791,
  "三月未来教育": 836,
  "新疆正宗烧烤店": 749,
  "贵阳市城市综合执法支队南明区大队(遵义中路)": 668,
  "智慧树国际幼儿园": 621,
  "徐氏苗家砂锅酸汤(贵阳店)": 971,
  "泡椒牛肉粉": 673,
  "二桥": 804,
  "云岩区黔春居民委员会": 609,
  "北京西路": 828,
  "贵阳市云岩区圣源学校": 893,
  "贵州扶贫馆": 674
}