{
  "up": {
    "1": "诚根教育",
    "2": "贵州扶贫馆",
    "3": "贵阳市云岩区圣源学校",
    "4": "北京西路",
    "5": "云岩区黔春居民委员会",
    "6": "二桥",
    "7": "泡椒牛肉粉",
    "8": "徐氏苗家砂锅酸汤(贵阳店)",
    "9": "智慧树国际幼儿园",
    "10": "贵阳市城市综合执法支队南明区大队(遵义中路)",
    "11": "新疆正宗烧烤店",
    "12": "三月未来教育",
    "13": "贵州理工学院易班发展中心",
    "14": "乡村私房菜(下坝路店)",
    "15": "在水一方秘境",
    "16": "贵阳市南华学校",
    "17": "甲秀南路",
    "18": "贵阳农科院春晖苑",
    "19": "隆平路",
    "20": "油料研究所",
    "21": "仁睦工贸有限公司",
    "22": "权健自然医学调理中心",
    "23": "贵安大道",
    "24": "贵州千乡原电子商务有限公司",
    "25": "康打路",
    "26": "月租房",
    "27": "石板镇卫生院新冠疫苗接种点",
    "28": "桂花园农庄",
    "29": "贵州石联共鑫钢化玻璃",
    "30": "一品鹅庄",
    "31": "001县道"
  },
  "down": {
    "32": "001县道",
    "33": "一品鹅庄",
    "34": "贵州石联共鑫钢化玻璃",
    "35": "桂花园农庄",
    "36": "石板镇卫生院新冠疫苗接种点",
    "37": "月租房",
    "38": "康打路",
    "39": "贵州千乡原电子商务有限公司",
    "40": "贵安大道",
    "41": "权健自然医学调理中心",
    "42": "仁睦工贸有限公司",
    "43": "油料研究所",
    "44": "隆平路",
    "45": "贵阳农科院春晖苑",
    "46": "甲秀南路",
    "47": "贵阳市南华学校",
    "48": "在水一方秘境",
    "49": "乡村私房菜(下坝路店)",
    "50": "贵州理工学院易班发展中心",
    "51": "三月未来教育",
    "52": "新疆正宗烧烤店",
    "53": "贵阳市城市综合执法支队南明区大队(遵义中路)",
    "54": "智慧树国际幼儿园",
    "55": "徐氏苗家砂锅酸汤(贵阳店)",
    "56": "泡椒牛肉粉",
    "57": "二桥",
    "58": "云岩区黔春居民委员会",
    "59": "北京西路",
    "60": "贵阳市云岩区圣源学校",
    "61": "贵州扶贫馆",
    "62": "诚根教育"
  }
}