{
  "诚根教育": 490,
  "贵州扶贫馆": 709,
  "贵阳市云岩区圣源学校": 644,
  "北京西路": 425,
  "云岩区黔春居民委员会": 620,
  "二桥": 489,
  "泡椒牛肉粉": 787,
  "徐氏苗家砂锅酸汤(贵阳店)": 437,
  "智慧树国际幼儿园": 484,
  "贵阳市城市综合执法支队南明区大队(遵义中路)": 565,
  "新疆正宗烧烤店": 652,
  "三月未来教育": 607,
  "贵州理工学院易班发展中心": 620,
  "乡村私房菜(下坝路店)": 553,
  "在水一方秘境": 771,
  "贵阳市南华学校": 2119,
  "甲秀南路": 1478,
  "贵阳农科院春晖苑": 416,
  "隆平路": 436,
  "油料研究所": 1407,
  "仁睦工贸有限公司": 2227,
  "权健自然医学调理中心": 971,
  "贵安大道": 756,
  "贵州千乡原电子商务有限公司": 966,
  "康打路": 408,
  "月租房": 1248,
  "石板镇卫生院新冠疫苗接种点": 830,
  "桂花园农庄": 592,
  "贵州石联共鑫钢化玻璃": 592,
  "一品鹅庄": 549
}