{
  "腊妹滩": 675,
  "沪昆线": 584,
  "贵州盛润再生资源回收有限公司": 1662,
  "天河潭(地铁站)": 622,
  "格林森门窗有限公司": 665,
  "喜天城·雅筑酒店(贵阳天河潭景区店)": 665,
  "修理摩托车": 903,
  "新艺家具厂": 1321,
  "贵州东诚达汽车销售服务有限公司": 481,
  "中国农业银行(石板分理处)": 1039,
  "贵州三合正达汽车销售服务有限公司": 829,
  "贵阳景观石": 1044,
  "贵安大道": 2300,
  "贵贤幼儿园": 1480,
  "贵州省农科院附属中学": 509,
  "春晖苑小区": 489,
  "农业科学院附属中学小学部": 1551,
  "南明区中坝卫生服务中心南明区人民医院分院": 2192,
  "中铁城建集团有限公司兰草坝项目部": 844,
  "后院匠者文化": 626,
  "贵阳我的家公寓": 693,
  "贵州旺民职业技术学校(装修中)": 561,
  "三月未来教育": 581,
  "书亦烧仙草(花果园U1区店)": 1574,
  "贵州天鼎新能源加注站": 594,
  "云岩区三桥瀑布啤酒二厂宿舍": 675,
  "北京实美职业学校": 999,
  "熙园菜馆(骐正天骄北苑店)": 478,
  "广信四季家园": 556
}