{
  "贵阳聚鑫源宾馆(北京西路地铁站店)": 483,
  "广信四季家园": 405,
  "熙园菜馆(骐正天骄北苑店)": 926,
  "北京实美职业学校": 602,
  "云岩区三桥瀑布啤酒二厂宿舍": 521,
  "贵州天鼎新能源加注站": 1501,
  "书亦烧仙草(花果园U1区店)": 508,
  "三月未来教育": 488,
  "贵州旺民职业技术学校(装修中)": 620,
  "贵阳我的家公寓": 553,
  "后院匠者文化": 771,
  "中铁城建集团有限公司兰草坝项目部": 2119,
  "南明区中坝卫生服务中心南明区人民医院分院": 1478,
  "农业科学院附属中学小学部": 416,
  "春晖苑小区": 436,
  "贵州省农科院附属中学": 1407,
  "贵贤幼儿园": 2227,
  "贵安大道": 971,
  "贵阳景观石": 756,
  "贵州三合正达汽车销售服务有限公司": 966,
  "中国农业银行(石板分理处)": 408,
  "贵州东诚达汽车销售服务有限公司": 1248,
  "新艺家具厂": 830,
  "修理摩托车": 592,
  "喜天城·雅筑酒店(贵阳天河潭景区店)": 592,
  "格林森门窗有限公司": 549,
  "天河潭(地铁站)": 1589,
  "贵州盛润再生资源回收有限公司": 511,
  "沪昆线": 602
}