{
  "up": {
    "贵阳聚鑫源宾馆(北京西路地铁站店)": 1,
    "广信四季家园": 2,
    "熙园菜馆(骐正天骄北苑店)": 3,
    "北京实美职业学校": 4,
    "云岩区三桥瀑布啤酒二厂宿舍": 5,
    "贵州天鼎新能源加注站": 6,
    "书亦烧仙草(花果园U1区店)": 7,
    "三月未来教育": 8,
    "贵州旺民职业技术学校(装修中)": 9,
    "贵阳我的家公寓": 10,
    "后院匠者文化": 11,
    "中铁城建集团有限公司兰草坝项目部": 12,
    "南明区中坝卫生服务中心南明区人民医院分院": 13,
    "农业科学院附属中学小学部": 14,
    "春晖苑小区": 15,
    "贵州省农科院附属中学": 16,
    "贵贤幼儿园": 17,
    "贵安大道": 18,
    "贵阳景观石": 19,
    "贵州三合正达汽车销售服务有限公司": 20,
    "中国农业银行(石板分理处)": 21,
    "贵州东诚达汽车销售服务有限公司": 22,
    "新艺家具厂": 23,
    "修理摩托车": 24,
    "喜天城·雅筑酒店(贵阳天河潭景区店)": 25,
    "格林森门窗有限公司": 26,
    "天河潭(地铁站)": 27,
    "贵州盛润再生资源回收有限公司": 28,
    "沪昆线": 29,
    "腊妹滩": 30
  },
  "down": {
    "腊妹滩": 31,
    "沪昆线": 32,
    "贵州盛润再生资源回收有限公司": 33,
    "天河潭(地铁站)": 34,
    "格林森门窗有限公司": 35,
    "喜天城·雅筑酒店(贵阳天河潭景区店)": 36,
    "修理摩托车": 37,
    "新艺家具厂": 38,
    "贵州东诚达汽车销售服务有限公司": 39,
    "中国农业银行(石板分理处)": 40,
    "贵州三合正达汽车销售服务有限公司": 41,
    "贵阳景观石": 42,
    "贵安大道": 43,
    "贵贤幼儿园": 44,
    "贵州省农科院附属中学": 45,
    "春晖苑小区": 46,
    "农业科学院附属中学小学部": 47,
    "南明区中坝卫生服务中心南明区人民医院分院": 48,
    "中铁城建集团有限公司兰草坝项目部": 49,
    "后院匠者文化": 50,
    "贵阳我的家公寓": 51,
    "贵州旺民职业技术学校(装修中)": 52,
    "三月未来教育": 53,
    "书亦烧仙草(花果园U1区店)": 54,
    "贵州天鼎新能源加注站": 55,
    "云岩区三桥瀑布啤酒二厂宿舍": 56,
    "北京实美职业学校": 57,
    "熙园菜馆(骐正天骄北苑店)": 58,
    "广信四季家园": 59,
    "贵阳聚鑫源宾馆(北京西路地铁站店)": 60
  }
}