{
  "up": {
    "1": "贵阳聚鑫源宾馆(北京西路地铁站店)",
    "2": "广信四季家园",
    "3": "熙园菜馆(骐正天骄北苑店)",
    "4": "北京实美职业学校",
    "5": "云岩区三桥瀑布啤酒二厂宿舍",
    "6": "贵州天鼎新能源加注站",
    "7": "书亦烧仙草(花果园U1区店)",
    "8": "三月未来教育",
    "9": "贵州旺民职业技术学校(装修中)",
    "10": "贵阳我的家公寓",
    "11": "后院匠者文化",
    "12": "中铁城建集团有限公司兰草坝项目部",
    "13": "南明区中坝卫生服务中心南明区人民医院分院",
    "14": "农业科学院附属中学小学部",
    "15": "春晖苑小区",
    "16": "贵州省农科院附属中学",
    "17": "贵贤幼儿园",
    "18": "贵安大道",
    "19": "贵阳景观石",
    "20": "贵州三合正达汽车销售服务有限公司",
    "21": "中国农业银行(石板分理处)",
    "22": "贵州东诚达汽车销售服务有限公司",
    "23": "新艺家具厂",
    "24": "修理摩托车",
    "25": "喜天城·雅筑酒店(贵阳天河潭景区店)",
    "26": "格林森门窗有限公司",
    "27": "天河潭(地铁站)",
    "28": "贵州盛润再生资源回收有限公司",
    "29": "沪昆线",
    "30": "腊妹滩"
  },
  "down": {
    "31": "腊妹滩",
    "32": "沪昆线",
    "33": "贵州盛润再生资源回收有限公司",
    "34": "天河潭(地铁站)",
    "35": "格林森门窗有限公司",
    "36": "喜天城·雅筑酒店(贵阳天河潭景区店)",
    "37": "修理摩托车",
    "38": "新艺家具厂",
    "39": "贵州东诚达汽车销售服务有限公司",
    "40": "中国农业银行(石板分理处)",
    "41": "贵州三合正达汽车销售服务有限公司",
    "42": "贵阳景观石",
    "43": "贵安大道",
    "44": "贵贤幼儿园",
    "45": "贵州省农科院附属中学",
    "46": "春晖苑小区",
    "47": "农业科学院附属中学小学部",
    "48": "南明区中坝卫生服务中心南明区人民医院分院",
    "49": "中铁城建集团有限公司兰草坝项目部",
    "50": "后院匠者文化",
    "51": "贵阳我的家公寓",
    "52": "贵州旺民职业技术学校(装修中)",
    "53": "三月未来教育",
    "54": "书亦烧仙草(花果园U1区店)",
    "55": "贵州天鼎新能源加注站",
    "56": "云岩区三桥瀑布啤酒二厂宿舍",
    "57": "北京实美职业学校",
    "58": "熙园菜馆(骐正天骄北苑店)",
    "59": "广信四季家园",
    "60": "贵阳聚鑫源宾馆(北京西路地铁站店)"
  }
}