{
  "久安高效茶叶示范园区": 2029,
  "012乡道": 572,
  "茫父艺术中心": 1649,
  "G60沪昆高速": 1242,
  "牛角坡": 961,
  "狗场派出所": 361,
  "凯艺艺术中心": 331,
  "小韩铁板烧": 294,
  "金华镇村镇建设服务中心": 844,
  "中共干井村支部委员会": 385,
  "金阳客车站候车大厅": 570,
  "G6002贵阳绕城高速": 382,
  "亲香豆花面": 410,
  "贵阳温泉度假村酒店": 1366,
  "贵阳义生隆水泥制品厂": 406,
  "煜兴盛汽车服务有限公司": 853,
  "白岩关": 471,
  "煮意餐厅": 403,
  "上麦西": 1099,
  "观山西路": 472,
  "观山湖区第八中学": 547,
  "陕西老碗面": 351,
  "贵阳金阳怡豪酒店": 595,
  "观山湖公园爱心妈妈小屋": 401,
  "贵厨酸汤牛肉(会展城店)": 337,
  "中天会展城A7组团": 324,
  "贵阳银行(贵阳会展城支行)": 519,
  "贵阳市观山湖区新星学校": 344,
  "苗族蒋氏祖传康复店": 600,
  "阳关村": 436,
  "贵阳市就业小额贷款担保中心": 409,
  "北站公寓(黔灵山路分店)": 388
}