{
  "up": {
    "1": "陆航酒店(贵阳北站梦想城店)",
    "2": "北站公寓(黔灵山路分店)",
    "3": "贵阳市就业小额贷款担保中心",
    "4": "阳关村",
    "5": "苗族蒋氏祖传康复店",
    "6": "贵阳市观山湖区新星学校",
    "7": "贵阳银行(贵阳会展城支行)",
    "8": "中天会展城A7组团",
    "9": "贵厨酸汤牛肉(会展城店)",
    "10": "观山湖公园爱心妈妈小屋",
    "11": "贵阳金阳怡豪酒店",
    "12": "陕西老碗面",
    "13": "观山湖区第八中学",
    "14": "观山西路",
    "15": "上麦西",
    "16": "煮意餐厅",
    "17": "白岩关",
    "18": "煜兴盛汽车服务有限公司",
    "19": "贵阳义生隆水泥制品厂",
    "20": "贵阳温泉度假村酒店",
    "21": "亲香豆花面",
    "22": "G6002贵阳绕城高速",
    "23": "金阳客车站候车大厅",
    "24": "中共干井村支部委员会",
    "25": "金华镇村镇建设服务中心",
    "26": "小韩铁板烧",
    "27": "凯艺艺术中心",
    "28": "狗场派出所",
    "29": "牛角坡",
    "30": "G60沪昆高速",
    "31": "茫父艺术中心",
    "32": "012乡道",
    "33": "久安高效茶叶示范园区"
  },
  "down": {
    "34": "久安高效茶叶示范园区",
    "35": "012乡道",
    "36": "茫父艺术中心",
    "37": "G60沪昆高速",
    "38": "牛角坡",
    "39": "狗场派出所",
    "40": "凯艺艺术中心",
    "41": "小韩铁板烧",
    "42": "金华镇村镇建设服务中心",
    "43": "中共干井村支部委员会",
    "44": "金阳客车站候车大厅",
    "45": "G6002贵阳绕城高速",
    "46": "亲香豆花面",
    "47": "贵阳温泉度假村酒店",
    "48": "贵阳义生隆水泥制品厂",
    "49": "煜兴盛汽车服务有限公司",
    "50": "白岩关",
    "51": "煮意餐厅",
    "52": "上麦西",
    "53": "观山西路",
    "54": "观山湖区第八中学",
    "55": "陕西老碗面",
    "56": "贵阳金阳怡豪酒店",
    "57": "观山湖公园爱心妈妈小屋",
    "58": "贵厨酸汤牛肉(会展城店)",
    "59": "中天会展城A7组团",
    "60": "贵阳银行(贵阳会展城支行)",
    "61": "贵阳市观山湖区新星学校",
    "62": "苗族蒋氏祖传康复店",
    "63": "阳关村",
    "64": "贵阳市就业小额贷款担保中心",
    "65": "北站公寓(黔灵山路分店)",
    "66": "陆航酒店(贵阳北站梦想城店)"
  }
}