{
  "up": {
    "陆航酒店(贵阳北站梦想城店)": 1,
    "北站公寓(黔灵山路分店)": 2,
    "贵阳市就业小额贷款担保中心": 3,
    "阳关村": 4,
    "苗族蒋氏祖传康复店": 5,
    "贵阳市观山湖区新星学校": 6,
    "贵阳银行(贵阳会展城支行)": 7,
    "中天会展城A7组团": 8,
    "贵厨酸汤牛肉(会展城店)": 9,
    "观山湖公园爱心妈妈小屋": 10,
    "贵阳金阳怡豪酒店": 11,
    "陕西老碗面": 12,
    "观山湖区第八中学": 13,
    "观山西路": 14,
    "上麦西": 15,
    "煮意餐厅": 16,
    "白岩关": 17,
    "煜兴盛汽车服务有限公司": 18,
    "贵阳义生隆水泥制品厂": 19,
    "贵阳温泉度假村酒店": 20,
    "亲香豆花面": 21,
    "G6002贵阳绕城高速": 22,
    "金阳客车站候车大厅": 23,
    "中共干井村支部委员会": 24,
    "金华镇村镇建设服务中心": 25,
    "小韩铁板烧": 26,
    "凯艺艺术中心": 27,
    "狗场派出所": 28,
    "牛角坡": 29,
    "G60沪昆高速": 30,
    "茫父艺术中心": 31,
    "012乡道": 32,
    "久安高效茶叶示范园区": 33
  },
  "down": {
    "久安高效茶叶示范园区": 34,
    "012乡道": 35,
    "茫父艺术中心": 36,
    "G60沪昆高速": 37,
    "牛角坡": 38,
    "狗场派出所": 39,
    "凯艺艺术中心": 40,
    "小韩铁板烧": 41,
    "金华镇村镇建设服务中心": 42,
    "中共干井村支部委员会": 43,
    "金阳客车站候车大厅": 44,
    "G6002贵阳绕城高速": 45,
    "亲香豆花面": 46,
    "贵阳温泉度假村酒店": 47,
    "贵阳义生隆水泥制品厂": 48,
    "煜兴盛汽车服务有限公司": 49,
    "白岩关": 50,
    "煮意餐厅": 51,
    "上麦西": 52,
    "观山西路": 53,
    "观山湖区第八中学": 54,
    "陕西老碗面": 55,
    "贵阳金阳怡豪酒店": 56,
    "观山湖公园爱心妈妈小屋": 57,
    "贵厨酸汤牛肉(会展城店)": 58,
    "中天会展城A7组团": 59,
    "贵阳银行(贵阳会展城支行)": 60,
    "贵阳市观山湖区新星学校": 61,
    "苗族蒋氏祖传康复店": 62,
    "阳关村": 63,
    "贵阳市就业小额贷款担保中心": 64,
    "北站公寓(黔灵山路分店)": 65,
    "陆航酒店(贵阳北站梦想城店)": 66
  }
}