{
  "陆航酒店(贵阳北站梦想城店)": 504,
  "北站公寓(黔灵山路分店)": 525,
  "贵阳市就业小额贷款担保中心": 552,
  "阳关村": 716,
  "苗族蒋氏祖传康复店": 460,
  "贵阳市观山湖区新星学校": 635,
  "贵阳银行(贵阳会展城支行)": 440,
  "中天会展城A7组团": 453,
  "贵厨酸汤牛肉(会展城店)": 517,
  "观山湖公园爱心妈妈小屋": 711,
  "贵阳金阳怡豪酒店": 467,
  "陕西老碗面": 663,
  "观山湖区第八中学": 588,
  "观山西路": 1215,
  "上麦西": 519,
  "煮意餐厅": 587,
  "白岩关": 969,
  "煜兴盛汽车服务有限公司": 522,
  "贵阳义生隆水泥制品厂": 1482,
  "贵阳温泉度假村酒店": 526,
  "亲香豆花面": 498,
  "G6002贵阳绕城高速": 686,
  "金阳客车站候车大厅": 501,
  "中共干井村支部委员会": 960,
  "金华镇村镇建设服务中心": 410,
  "小韩铁板烧": 447,
  "凯艺艺术中心": 477,
  "狗场派出所": 1077,
  "牛角坡": 1358,
  "G60沪昆高速": 1765,
  "茫父艺术中心": 688,
  "012乡道": 2145
}