{
  "up": {
    "1": "贵州省干细胞与组织工程技术研究中心",
    "2": "白鹭湖地铁站C口",
    "3": "都匀路",
    "4": "凯里路",
    "5": "中坝路",
    "6": "蜜雪冰城(中坝路店)",
    "7": "党建文化进百院啤酒厂宿舍",
    "8": "三桥社区党建文化进百院",
    "9": "花果园U区南区",
    "10": "美食城",
    "11": "楷瑞酒店",
    "12": "彭厨(风雨桥店)",
    "13": "二十六号屋顶自助烧烤",
    "14": "侗寨风雨桥",
    "15": "南明区第二实验幼儿园",
    "16": "中共贵州省水稻研究所委员会(东南门)",
    "17": "油料研究所",
    "18": "贵州省土壤肥料研究所",
    "19": "徐哥带皮牛肉粉(烂泥沟分店)",
    "20": "盈克家居批发中心",
    "21": "都勇明装饰工程有限公司",
    "22": "贵安大道",
    "23": "永发电子秤",
    "24": "中国邮政储蓄银行24小时自助银行(花石路支行)",
    "25": "石板镇",
    "26": "108县道",
    "27": "龙治",
    "28": "甘水井(招呼站)(公交站)",
    "29": "王陆坝",
    "30": "人民大道辅路",
    "31": "桃子洼(公交站)"
  },
  "down": {
    "32": "桃子洼(公交站)",
    "33": "人民大道辅路",
    "34": "王陆坝",
    "35": "甘水井(招呼站)(公交站)",
    "36": "龙治",
    "37": "108县道",
    "38": "石板镇",
    "39": "中国邮政储蓄银行24小时自助银行(花石路支行)",
    "40": "永发电子秤",
    "41": "贵安大道",
    "42": "都勇明装饰工程有限公司",
    "43": "盈克家居批发中心",
    "44": "徐哥带皮牛肉粉(烂泥沟分店)",
    "45": "贵州省土壤肥料研究所",
    "46": "油料研究所",
    "47": "中共贵州省水稻研究所委员会(东南门)",
    "48": "南明区第二实验幼儿园",
    "49": "侗寨风雨桥",
    "50": "二十六号屋顶自助烧烤",
    "51": "彭厨(风雨桥店)",
    "52": "楷瑞酒店",
    "53": "美食城",
    "54": "花果园U区南区",
    "55": "三桥社区党建文化进百院",
    "56": "党建文化进百院啤酒厂宿舍",
    "57": "蜜雪冰城(中坝路店)",
    "58": "中坝路",
    "59": "凯里路",
    "60": "都匀路",
    "61": "白鹭湖地铁站C口",
    "62": "贵州省干细胞与组织工程技术研究中心"
  }
}