{
  "up": {
    "贵州省干细胞与组织工程技术研究中心": 1,
    "白鹭湖地铁站C口": 2,
    "都匀路": 3,
    "凯里路": 4,
    "中坝路": 5,
    "蜜雪冰城(中坝路店)": 6,
    "党建文化进百院啤酒厂宿舍": 7,
    "三桥社区党建文化进百院": 8,
    "花果园U区南区": 9,
    "美食城": 10,
    "楷瑞酒店": 11,
    "彭厨(风雨桥店)": 12,
    "二十六号屋顶自助烧烤": 13,
    "侗寨风雨桥": 14,
    "南明区第二实验幼儿园": 15,
    "中共贵州省水稻研究所委员会(东南门)": 16,
    "油料研究所": 17,
    "贵州省土壤肥料研究所": 18,
    "徐哥带皮牛肉粉(烂泥沟分店)": 19,
    "盈克家居批发中心": 20,
    "都勇明装饰工程有限公司": 21,
    "贵安大道": 22,
    "永发电子秤": 23,
    "中国邮政储蓄银行24小时自助银行(花石路支行)": 24,
    "石板镇": 25,
    "108县道": 26,
    "龙治": 27,
    "甘水井(招呼站)(公交站)": 28,
    "王陆坝": 29,
    "人民大道辅路": 30,
    "桃子洼(公交站)": 31
  },
  "down": {
    "桃子洼(公交站)": 32,
    "人民大道辅路": 33,
    "王陆坝": 34,
    "甘水井(招呼站)(公交站)": 35,
    "龙治": 36,
    "108县道": 37,
    "石板镇": 38,
    "中国邮政储蓄银行24小时自助银行(花石路支行)": 39,
    "永发电子秤": 40,
    "贵安大道": 41,
    "都勇明装饰工程有限公司": 42,
    "盈克家居批发中心": 43,
    "徐哥带皮牛肉粉(烂泥沟分店)": 44,
    "贵州省土壤肥料研究所": 45,
    "油料研究所": 46,
    "中共贵州省水稻研究所委员会(东南门)": 47,
    "南明区第二实验幼儿园": 48,
    "侗寨风雨桥": 49,
    "二十六号屋顶自助烧烤": 50,
    "彭厨(风雨桥店)": 51,
    "楷瑞酒店": 52,
    "美食城": 53,
    "花果园U区南区": 54,
    "三桥社区党建文化进百院": 55,
    "党建文化进百院啤酒厂宿舍": 56,
    "蜜雪冰城(中坝路店)": 57,
    "中坝路": 58,
    "凯里路": 59,
    "都匀路": 60,
    "白鹭湖地铁站C口": 61,
    "贵州省干细胞与组织工程技术研究中心": 62
  }
}