{
  "桃子洼(公交站)": 1104,
  "人民大道辅路": 492,
  "王陆坝": 1671,
  "甘水井(招呼站)(公交站)": 883,
  "龙治": 690,
  "108县道": 482,
  "石板镇": 1249,
  "中国邮政储蓄银行24小时自助银行(花石路支行)": 409,
  "永发电子秤": 967,
  "贵安大道": 757,
  "都勇明装饰工程有限公司": 972,
  "盈克家居批发中心": 2228,
  "徐哥带皮牛肉粉(烂泥沟分店)": 1408,
  "贵州省土壤肥料研究所": 437,
  "油料研究所": 417,
  "中共贵州省水稻研究所委员会(东南门)": 1479,
  "南明区第二实验幼儿园": 2120,
  "侗寨风雨桥": 772,
  "二十六号屋顶自助烧烤": 554,
  "彭厨(风雨桥店)": 621,
  "楷瑞酒店": 489,
  "美食城": 509,
  "花果园U区南区": 1502,
  "三桥社区党建文化进百院": 887,
  "党建文化进百院啤酒厂宿舍": 1277,
  "蜜雪冰城(中坝路店)": 556,
  "中坝路": 765,
  "凯里路": 631,
  "都匀路": 470,
  "白鹭湖地铁站C口": 470
}