{
  "贵州省干细胞与组织工程技术研究中心": 469,
  "白鹭湖地铁站C口": 469,
  "都匀路": 630,
  "凯里路": 764,
  "中坝路": 555,
  "蜜雪冰城(中坝路店)": 1276,
  "党建文化进百院啤酒厂宿舍": 886,
  "三桥社区党建文化进百院": 1501,
  "花果园U区南区": 508,
  "美食城": 488,
  "楷瑞酒店": 620,
  "彭厨(风雨桥店)": 553,
  "二十六号屋顶自助烧烤": 771,
  "侗寨风雨桥": 2119,
  "南明区第二实验幼儿园": 1478,
  "中共贵州省水稻研究所委员会(东南门)": 416,
  "油料研究所": 436,
  "贵州省土壤肥料研究所": 1407,
  "徐哥带皮牛肉粉(烂泥沟分店)": 2227,
  "盈克家居批发中心": 971,
  "都勇明装饰工程有限公司": 756,
  "贵安大道": 966,
  "永发电子秤": 408,
  "中国邮政储蓄银行24小时自助银行(花石路支行)": 1248,
  "石板镇": 481,
  "108县道": 689,
  "龙治": 882,
  "甘水井(招呼站)(公交站)": 1670,
  "王陆坝": 491,
  "人民大道辅路": 1103
}