{
  "up": {
    "幺妹大方豆豉火锅": 1,
    "贵阳金福源时尚酒店": 2,
    "贵阳市长城职业学校": 3,
    "金关巷": 4,
    "金阳学校": 5,
    "秘招专治颈椎": 6,
    "宏业·康馨园": 7,
    "僖悦舞蹈": 8,
    "金小厨全牛宴(万科云岩大都会店)": 9,
    "北京华联超市(二桥黔春路店)": 10,
    "贵安新区·金街": 11,
    "双峰南巷": 12,
    "6斤狗肉": 13,
    "雅斯特酒店(贵阳紫林庵地铁站山林路店)": 14,
    "南华商厦(市西滨河商业街店)": 15,
    "DQ(国恒百货店)": 16,
    "中国工商银行(大十字智能银行)": 17,
    "羊城西饼(省医店)": 18,
    "云岩李氏口腔二诊所": 19,
    "渝来鱼香烤鱼(蟠桃宫路)": 20,
    "红岩幼儿园": 21,
    "佳园小区": 22,
    "中天香邸": 23,
    "现代驾校科二考场": 24,
    "贵州武警总队医院男科": 25,
    "龙大哥风味馆(一分店)": 26,
    "贵州望家欢农业发展有限公司": 27,
    "落宝寨": 28,
    "贵州医科大学神奇民族医药学院春华楼A栋": 29,
    "宝信捷制造产业园": 30,
    "贵阳精彩数字印刷有限公司": 31,
    "跳墩河": 32,
    "贵州省公安厅机场公安局": 33
  },
  "down": {
    "贵州省公安厅机场公安局": 34,
    "跳墩河": 35,
    "贵阳精彩数字印刷有限公司": 36,
    "宝信捷制造产业园": 37,
    "贵州医科大学神奇民族医药学院春华楼A栋": 38,
    "落宝寨": 39,
    "贵州望家欢农业发展有限公司": 40,
    "龙大哥风味馆(一分店)": 41,
    "贵州武警总队医院男科": 42,
    "现代驾校科二考场": 43,
    "中天香邸": 44,
    "佳园小区": 45,
    "红岩幼儿园": 46,
    "渝来鱼香烤鱼(蟠桃宫路)": 47,
    "云岩李氏口腔二诊所": 48,
    "羊城西饼(省医店)": 49,
    "中国工商银行(大十字智能银行)": 50,
    "DQ(国恒百货店)": 51,
    "南华商厦(市西滨河商业街店)": 52,
    "雅斯特酒店(贵阳紫林庵地铁站山林路店)": 53,
    "6斤狗肉": 54,
    "双峰南巷": 55,
    "贵安新区·金街": 56,
    "北京华联超市(二桥黔春路店)": 57,
    "金小厨全牛宴(万科云岩大都会店)": 58,
    "僖悦舞蹈": 59,
    "宏业·康馨园": 60,
    "秘招专治颈椎": 61,
    "金阳学校": 62,
    "金关巷": 63,
    "贵阳市长城职业学校": 64,
    "贵阳金福源时尚酒店": 65,
    "幺妹大方豆豉火锅": 66
  }
}