{
  "up": {
    "1": "幺妹大方豆豉火锅",
    "2": "贵阳金福源时尚酒店",
    "3": "贵阳市长城职业学校",
    "4": "金关巷",
    "5": "金阳学校",
    "6": "秘招专治颈椎",
    "7": "宏业·康馨园",
    "8": "僖悦舞蹈",
    "9": "金小厨全牛宴(万科云岩大都会店)",
    "10": "北京华联超市(二桥黔春路店)",
    "11": "贵安新区·金街",
    "12": "双峰南巷",
    "13": "6斤狗肉",
    "14": "雅斯特酒店(贵阳紫林庵地铁站山林路店)",
    "15": "南华商厦(市西滨河商业街店)",
    "16": "DQ(国恒百货店)",
    "17": "中国工商银行(大十字智能银行)",
    "18": "羊城西饼(省医店)",
    "19": "云岩李氏口腔二诊所",
    "20": "渝来鱼香烤鱼(蟠桃宫路)",
    "21": "红岩幼儿园",
    "22": "佳园小区",
    "23": "中天香邸",
    "24": "现代驾校科二考场",
    "25": "贵州武警总队医院男科",
    "26": "龙大哥风味馆(一分店)",
    "27": "贵州望家欢农业发展有限公司",
    "28": "落宝寨",
    "29": "贵州医科大学神奇民族医药学院春华楼A栋",
    "30": "宝信捷制造产业园",
    "31": "贵阳精彩数字印刷有限公司",
    "32": "跳墩河",
    "33": "贵州省公安厅机场公安局"
  },
  "down": {
    "34": "贵州省公安厅机场公安局",
    "35": "跳墩河",
    "36": "贵阳精彩数字印刷有限公司",
    "37": "宝信捷制造产业园",
    "38": "贵州医科大学神奇民族医药学院春华楼A栋",
    "39": "落宝寨",
    "40": "贵州望家欢农业发展有限公司",
    "41": "龙大哥风味馆(一分店)",
    "42": "贵州武警总队医院男科",
    "43": "现代驾校科二考场",
    "44": "中天香邸",
    "45": "佳园小区",
    "46": "红岩幼儿园",
    "47": "渝来鱼香烤鱼(蟠桃宫路)",
    "48": "云岩李氏口腔二诊所",
    "49": "羊城西饼(省医店)",
    "50": "中国工商银行(大十字智能银行)",
    "51": "DQ(国恒百货店)",
    "52": "南华商厦(市西滨河商业街店)",
    "53": "雅斯特酒店(贵阳紫林庵地铁站山林路店)",
    "54": "6斤狗肉",
    "55": "双峰南巷",
    "56": "贵安新区·金街",
    "57": "北京华联超市(二桥黔春路店)",
    "58": "金小厨全牛宴(万科云岩大都会店)",
    "59": "僖悦舞蹈",
    "60": "宏业·康馨园",
    "61": "秘招专治颈椎",
    "62": "金阳学校",
    "63": "金关巷",
    "64": "贵阳市长城职业学校",
    "65": "贵阳金福源时尚酒店",
    "66": "幺妹大方豆豉火锅"
  }
}