{
  "贵州省公安厅机场公安局": 491,
  "跳墩河": 579,
  "贵阳精彩数字印刷有限公司": 636,
  "宝信捷制造产业园": 573,
  "贵州医科大学神奇民族医药学院春华楼A栋": 465,
  "落宝寨": 517,
  "贵州望家欢农业发展有限公司": 929,
  "龙大哥风味馆(一分店)": 439,
  "贵州武警总队医院男科": 758,
  "现代驾校科二考场": 579,
  "中天香邸": 457,
  "佳园小区": 506,
  "红岩幼儿园": 939,
  "渝来鱼香烤鱼(蟠桃宫路)": 661,
  "云岩李氏口腔二诊所": 684,
  "羊城西饼(省医店)": 609,
  "中国工商银行(大十字智能银行)": 515,
  "DQ(国恒百货店)": 554,
  "南华商厦(市西滨河商业街店)": 475,
  "雅斯特酒店(贵阳紫林庵地铁站山林路店)": 453,
  "6斤狗肉": 482,
  "双峰南巷": 824,
  "贵安新区·金街": 537,
  "北京华联超市(二桥黔春路店)": 570,
  "金小厨全牛宴(万科云岩大都会店)": 619,
  "僖悦舞蹈": 624,
  "宏业·康馨园": 460,
  "秘招专治颈椎": 1149,
  "金阳学校": 596,
  "金关巷": 491,
  "贵阳市长城职业学校": 464,
  "贵阳金福源时尚酒店": 1097
}