{
  "幺妹大方豆豉火锅": 1070,
  "贵阳金福源时尚酒店": 437,
  "贵阳市长城职业学校": 464,
  "金关巷": 569,
  "金阳学校": 1122,
  "秘招专治颈椎": 433,
  "宏业·康馨园": 597,
  "僖悦舞蹈": 592,
  "金小厨全牛宴(万科云岩大都会店)": 543,
  "北京华联超市(二桥黔春路店)": 510,
  "贵安新区·金街": 797,
  "双峰南巷": 455,
  "6斤狗肉": 426,
  "雅斯特酒店(贵阳紫林庵地铁站山林路店)": 448,
  "南华商厦(市西滨河商业街店)": 527,
  "DQ(国恒百货店)": 488,
  "中国工商银行(大十字智能银行)": 582,
  "羊城西饼(省医店)": 657,
  "云岩李氏口腔二诊所": 634,
  "渝来鱼香烤鱼(蟠桃宫路)": 912,
  "红岩幼儿园": 479,
  "佳园小区": 430,
  "中天香邸": 552,
  "现代驾校科二考场": 731,
  "贵州武警总队医院男科": 412,
  "龙大哥风味馆(一分店)": 902,
  "贵州望家欢农业发展有限公司": 490,
  "落宝寨": 438,
  "贵州医科大学神奇民族医药学院春华楼A栋": 546,
  "宝信捷制造产业园": 609,
  "贵阳精彩数字印刷有限公司": 552,
  "跳墩河": 464
}