{
  "壹家菜(北大资源梦想城店)": 419,
  "贵阳福运酒店": 452,
  "贵州青年城": 495,
  "如家酒店(贵阳高铁北站店)": 451,
  "白鹭湖地铁站B口": 439,
  "侗家老贵州黔菜馆": 445,
  "贵阳高新开发区标准厂房警务室": 436,
  "喜喜月子": 725,
  "贵州省环保科技园": 513,
  "仁心堂厚朴养生馆": 824,
  "星健康服务": 414,
  "谷香鸡运营中心": 428,
  "沪上阿姨鲜果茶(贵阳金阳南路店)": 759,
  "蒋家肠旺面馆(龙瑞路店)": 410,
  "金阳南路地铁站A口": 600,
  "杨氏大竹签烤肉": 1016,
  "凯苗酸汤牛肉火锅(逸都店)": 829,
  "满意烙锅": 489,
  "观山湖区外国语实验中学·南校区": 428,
  "杀活鱼火锅": 455,
  "商城东路": 505,
  "贵阳盛鑫商务宾馆": 448,
  "西南宾馆(贵阳新客车站店)": 428,
  "鸿云宾馆(新金阳客车站店)": 647,
  "德朗盾安全门": 725,
  "吉利汽车贵阳制造基地": 1155,
  "金华派出所": 468,
  "武汉嘉华贵阳分公司": 510,
  "广大城": 416,
  "博雅幼儿园": 412,
  "320国道": 540
}