{
  "up": {
    "壹家菜(北大资源梦想城店)": 1,
    "贵阳福运酒店": 2,
    "贵州青年城": 3,
    "如家酒店(贵阳高铁北站店)": 4,
    "白鹭湖地铁站B口": 5,
    "侗家老贵州黔菜馆": 6,
    "贵阳高新开发区标准厂房警务室": 7,
    "喜喜月子": 8,
    "贵州省环保科技园": 9,
    "仁心堂厚朴养生馆": 10,
    "星健康服务": 11,
    "谷香鸡运营中心": 12,
    "沪上阿姨鲜果茶(贵阳金阳南路店)": 13,
    "蒋家肠旺面馆(龙瑞路店)": 14,
    "金阳南路地铁站A口": 15,
    "杨氏大竹签烤肉": 16,
    "凯苗酸汤牛肉火锅(逸都店)": 17,
    "满意烙锅": 18,
    "观山湖区外国语实验中学·南校区": 19,
    "杀活鱼火锅": 20,
    "商城东路": 21,
    "贵阳盛鑫商务宾馆": 22,
    "西南宾馆(贵阳新客车站店)": 23,
    "鸿云宾馆(新金阳客车站店)": 24,
    "德朗盾安全门": 25,
    "吉利汽车贵阳制造基地": 26,
    "金华派出所": 27,
    "武汉嘉华贵阳分公司": 28,
    "广大城": 29,
    "博雅幼儿园": 30,
    "320国道": 31,
    "全通驾校观山湖区二考场": 32
  },
  "down": {
    "全通驾校观山湖区二考场": 33,
    "320国道": 34,
    "博雅幼儿园": 35,
    "广大城": 36,
    "武汉嘉华贵阳分公司": 37,
    "金华派出所": 38,
    "吉利汽车贵阳制造基地": 39,
    "德朗盾安全门": 40,
    "鸿云宾馆(新金阳客车站店)": 41,
    "西南宾馆(贵阳新客车站店)": 42,
    "贵阳盛鑫商务宾馆": 43,
    "商城东路": 44,
    "杀活鱼火锅": 45,
    "观山湖区外国语实验中学·南校区": 46,
    "满意烙锅": 47,
    "凯苗酸汤牛肉火锅(逸都店)": 48,
    "杨氏大竹签烤肉": 49,
    "金阳南路地铁站A口": 50,
    "蒋家肠旺面馆(龙瑞路店)": 51,
    "沪上阿姨鲜果茶(贵阳金阳南路店)": 52,
    "谷香鸡运营中心": 53,
    "星健康服务": 54,
    "仁心堂厚朴养生馆": 55,
    "贵州省环保科技园": 56,
    "喜喜月子": 57,
    "贵阳高新开发区标准厂房警务室": 58,
    "侗家老贵州黔菜馆": 59,
    "白鹭湖地铁站B口": 60,
    "如家酒店(贵阳高铁北站店)": 61,
    "贵州青年城": 62,
    "贵阳福运酒店": 63,
    "壹家菜(北大资源梦想城店)": 64
  }
}