{
  "全通驾校观山湖区二考场": 778,
  "320国道": 650,
  "博雅幼儿园": 654,
  "广大城": 748,
  "武汉嘉华贵阳分公司": 706,
  "金华派出所": 1393,
  "吉利汽车贵阳制造基地": 963,
  "德朗盾安全门": 885,
  "鸿云宾馆(新金阳客车站店)": 666,
  "西南宾馆(贵阳新客车站店)": 686,
  "贵阳盛鑫商务宾馆": 743,
  "商城东路": 693,
  "杀活鱼火锅": 666,
  "观山湖区外国语实验中学·南校区": 727,
  "满意烙锅": 1067,
  "凯苗酸汤牛肉火锅(逸都店)": 1254,
  "杨氏大竹签烤肉": 838,
  "金阳南路地铁站A口": 648,
  "蒋家肠旺面馆(龙瑞路店)": 997,
  "沪上阿姨鲜果茶(贵阳金阳南路店)": 666,
  "谷香鸡运营中心": 652,
  "星健康服务": 1062,
  "仁心堂厚朴养生馆": 751,
  "贵州省环保科技园": 963,
  "喜喜月子": 674,
  "贵阳高新开发区标准厂房警务室": 683,
  "侗家老贵州黔菜馆": 677,
  "白鹭湖地铁站B口": 689,
  "如家酒店(贵阳高铁北站店)": 733,
  "贵州青年城": 690,
  "贵阳福运酒店": 657
}