{
  "up": {
    "1": "壹家菜(北大资源梦想城店)",
    "2": "贵阳福运酒店",
    "3": "贵州青年城",
    "4": "如家酒店(贵阳高铁北站店)",
    "5": "白鹭湖地铁站B口",
    "6": "侗家老贵州黔菜馆",
    "7": "贵阳高新开发区标准厂房警务室",
    "8": "喜喜月子",
    "9": "贵州省环保科技园",
    "10": "仁心堂厚朴养生馆",
    "11": "星健康服务",
    "12": "谷香鸡运营中心",
    "13": "沪上阿姨鲜果茶(贵阳金阳南路店)",
    "14": "蒋家肠旺面馆(龙瑞路店)",
    "15": "金阳南路地铁站A口",
    "16": "杨氏大竹签烤肉",
    "17": "凯苗酸汤牛肉火锅(逸都店)",
    "18": "满意烙锅",
    "19": "观山湖区外国语实验中学·南校区",
    "20": "杀活鱼火锅",
    "21": "商城东路",
    "22": "贵阳盛鑫商务宾馆",
    "23": "西南宾馆(贵阳新客车站店)",
    "24": "鸿云宾馆(新金阳客车站店)",
    "25": "德朗盾安全门",
    "26": "吉利汽车贵阳制造基地",
    "27": "金华派出所",
    "28": "武汉嘉华贵阳分公司",
    "29": "广大城",
    "30": "博雅幼儿园",
    "31": "320国道",
    "32": "全通驾校观山湖区二考场"
  },
  "down": {
    "33": "全通驾校观山湖区二考场",
    "34": "320国道",
    "35": "博雅幼儿园",
    "36": "广大城",
    "37": "武汉嘉华贵阳分公司",
    "38": "金华派出所",
    "39": "吉利汽车贵阳制造基地",
    "40": "德朗盾安全门",
    "41": "鸿云宾馆(新金阳客车站店)",
    "42": "西南宾馆(贵阳新客车站店)",
    "43": "贵阳盛鑫商务宾馆",
    "44": "商城东路",
    "45": "杀活鱼火锅",
    "46": "观山湖区外国语实验中学·南校区",
    "47": "满意烙锅",
    "48": "凯苗酸汤牛肉火锅(逸都店)",
    "49": "杨氏大竹签烤肉",
    "50": "金阳南路地铁站A口",
    "51": "蒋家肠旺面馆(龙瑞路店)",
    "52": "沪上阿姨鲜果茶(贵阳金阳南路店)",
    "53": "谷香鸡运营中心",
    "54": "星健康服务",
    "55": "仁心堂厚朴养生馆",
    "56": "贵州省环保科技园",
    "57": "喜喜月子",
    "58": "贵阳高新开发区标准厂房警务室",
    "59": "侗家老贵州黔菜馆",
    "60": "白鹭湖地铁站B口",
    "61": "如家酒店(贵阳高铁北站店)",
    "62": "贵州青年城",
    "63": "贵阳福运酒店",
    "64": "壹家菜(北大资源梦想城店)"
  }
}