{
  "up": {
    "贵州医泰耳穴疗法研究所": 1,
    "佬来嗑(三桥综合批发市场店)": 2,
    "松坡路": 3,
    "茶百道(三桥万科店)": 4,
    "韩飞丽酒楼(三桥北路店)": 5,
    "特百惠(北京华联二桥专卖店)": 6,
    "中共海马居委会支部委员会": 7,
    "苗家祖传秘方": 8,
    "蔡记红汤丝娃娃": 9,
    "红辣椒(汇金星力城店)": 10,
    "格林作文": 11,
    "中国建设银行(贵阳河滨支行)": 12,
    "河滨公园(地铁站)": 13,
    "贵阳凯旋龙公寓": 14,
    "鸿兴招待所(贵阳彭家巷)": 15,
    "林城大白鲨渔港": 16,
    "北京安贞医院专家远程诊疗医院": 17,
    "永江厂职工宿舍管委会": 18,
    "贵州省武警总队医院白癜风诊疗中心急诊科": 19,
    "贵阳社会主义学院": 20,
    "南明区龙洞堡社区卫生服务中心": 21,
    "二零六小区": 22,
    "庭宜小区": 23,
    "乡村基(太升餐厅)": 24,
    "芹记湘遇(砂之船奥特莱斯店)": 25,
    "东盟商贸城": 26,
    "萃膳华府酒楼": 27,
    "1958文化创意园-9号表演点": 28,
    "多彩名人蜡像馆": 29,
    "多彩贵州城温泉小镇": 30,
    "交通警察": 31,
    "下坝大桥": 32
  },
  "down": {
    "下坝大桥": 33,
    "交通警察": 34,
    "多彩贵州城温泉小镇": 35,
    "多彩名人蜡像馆": 36,
    "1958文化创意园-9号表演点": 37,
    "萃膳华府酒楼": 38,
    "东盟商贸城": 39,
    "芹记湘遇(砂之船奥特莱斯店)": 40,
    "乡村基(太升餐厅)": 41,
    "庭宜小区": 42,
    "二零六小区": 43,
    "南明区龙洞堡社区卫生服务中心": 44,
    "贵阳社会主义学院": 45,
    "贵州省武警总队医院白癜风诊疗中心急诊科": 46,
    "永江厂职工宿舍管委会": 47,
    "北京安贞医院专家远程诊疗医院": 48,
    "林城大白鲨渔港": 49,
    "鸿兴招待所(贵阳彭家巷)": 50,
    "贵阳凯旋龙公寓": 51,
    "河滨公园(地铁站)": 52,
    "中国建设银行(贵阳河滨支行)": 53,
    "格林作文": 54,
    "红辣椒(汇金星力城店)": 55,
    "蔡记红汤丝娃娃": 56,
    "苗家祖传秘方": 57,
    "中共海马居委会支部委员会": 58,
    "特百惠(北京华联二桥专卖店)": 59,
    "韩飞丽酒楼(三桥北路店)": 60,
    "茶百道(三桥万科店)": 61,
    "松坡路": 62,
    "佬来嗑(三桥综合批发市场店)": 63,
    "贵州医泰耳穴疗法研究所": 64
  }
}