{
  "贵州医泰耳穴疗法研究所": 441,
  "佬来嗑(三桥综合批发市场店)": 570,
  "松坡路": 597,
  "茶百道(三桥万科店)": 592,
  "韩飞丽酒楼(三桥北路店)": 543,
  "特百惠(北京华联二桥专卖店)": 510,
  "中共海马居委会支部委员会": 797,
  "苗家祖传秘方": 455,
  "蔡记红汤丝娃娃": 426,
  "红辣椒(汇金星力城店)": 448,
  "格林作文": 705,
  "中国建设银行(贵阳河滨支行)": 427,
  "河滨公园(地铁站)": 434,
  "贵阳凯旋龙公寓": 444,
  "鸿兴招待所(贵阳彭家巷)": 482,
  "林城大白鲨渔港": 1151,
  "北京安贞医院专家远程诊疗医院": 462,
  "永江厂职工宿舍管委会": 1849,
  "贵州省武警总队医院白癜风诊疗中心急诊科": 675,
  "贵阳社会主义学院": 444,
  "南明区龙洞堡社区卫生服务中心": 598,
  "二零六小区": 426,
  "庭宜小区": 521,
  "乡村基(太升餐厅)": 645,
  "芹记湘遇(砂之船奥特莱斯店)": 717,
  "东盟商贸城": 411,
  "萃膳华府酒楼": 587,
  "1958文化创意园-9号表演点": 472,
  "多彩名人蜡像馆": 446,
  "多彩贵州城温泉小镇": 455,
  "交通警察": 573
}