{
  "up": {
    "1": "贵州医泰耳穴疗法研究所",
    "2": "佬来嗑(三桥综合批发市场店)",
    "3": "松坡路",
    "4": "茶百道(三桥万科店)",
    "5": "韩飞丽酒楼(三桥北路店)",
    "6": "特百惠(北京华联二桥专卖店)",
    "7": "中共海马居委会支部委员会",
    "8": "苗家祖传秘方",
    "9": "蔡记红汤丝娃娃",
    "10": "红辣椒(汇金星力城店)",
    "11": "格林作文",
    "12": "中国建设银行(贵阳河滨支行)",
    "13": "河滨公园(地铁站)",
    "14": "贵阳凯旋龙公寓",
    "15": "鸿兴招待所(贵阳彭家巷)",
    "16": "林城大白鲨渔港",
    "17": "北京安贞医院专家远程诊疗医院",
    "18": "永江厂职工宿舍管委会",
    "19": "贵州省武警总队医院白癜风诊疗中心急诊科",
    "20": "贵阳社会主义学院",
    "21": "南明区龙洞堡社区卫生服务中心",
    "22": "二零六小区",
    "23": "庭宜小区",
    "24": "乡村基(太升餐厅)",
    "25": "芹记湘遇(砂之船奥特莱斯店)",
    "26": "东盟商贸城",
    "27": "萃膳华府酒楼",
    "28": "1958文化创意园-9号表演点",
    "29": "多彩名人蜡像馆",
    "30": "多彩贵州城温泉小镇",
    "31": "交通警察",
    "32": "下坝大桥"
  },
  "down": {
    "33": "下坝大桥",
    "34": "交通警察",
    "35": "多彩贵州城温泉小镇",
    "36": "多彩名人蜡像馆",
    "37": "1958文化创意园-9号表演点",
    "38": "萃膳华府酒楼",
    "39": "东盟商贸城",
    "40": "芹记湘遇(砂之船奥特莱斯店)",
    "41": "乡村基(太升餐厅)",
    "42": "庭宜小区",
    "43": "二零六小区",
    "44": "南明区龙洞堡社区卫生服务中心",
    "45": "贵阳社会主义学院",
    "46": "贵州省武警总队医院白癜风诊疗中心急诊科",
    "47": "永江厂职工宿舍管委会",
    "48": "北京安贞医院专家远程诊疗医院",
    "49": "林城大白鲨渔港",
    "50": "鸿兴招待所(贵阳彭家巷)",
    "51": "贵阳凯旋龙公寓",
    "52": "河滨公园(地铁站)",
    "53": "中国建设银行(贵阳河滨支行)",
    "54": "格林作文",
    "55": "红辣椒(汇金星力城店)",
    "56": "蔡记红汤丝娃娃",
    "57": "苗家祖传秘方",
    "58": "中共海马居委会支部委员会",
    "59": "特百惠(北京华联二桥专卖店)",
    "60": "韩飞丽酒楼(三桥北路店)",
    "61": "茶百道(三桥万科店)",
    "62": "松坡路",
    "63": "佬来嗑(三桥综合批发市场店)",
    "64": "贵州医泰耳穴疗法研究所"
  }
}