{
  "下坝大桥": 581,
  "交通警察": 463,
  "多彩贵州城温泉小镇": 454,
  "多彩名人蜡像馆": 480,
  "1958文化创意园-9号表演点": 595,
  "萃膳华府酒楼": 419,
  "东盟商贸城": 725,
  "芹记湘遇(砂之船奥特莱斯店)": 653,
  "乡村基(太升餐厅)": 529,
  "庭宜小区": 434,
  "二零六小区": 606,
  "南明区龙洞堡社区卫生服务中心": 452,
  "贵阳社会主义学院": 683,
  "贵州省武警总队医院白癜风诊疗中心急诊科": 1857,
  "永江厂职工宿舍管委会": 470,
  "北京安贞医院专家远程诊疗医院": 1159,
  "林城大白鲨渔港": 490,
  "鸿兴招待所(贵阳彭家巷)": 452,
  "贵阳凯旋龙公寓": 442,
  "河滨公园(地铁站)": 435,
  "中国建设银行(贵阳河滨支行)": 713,
  "格林作文": 456,
  "红辣椒(汇金星力城店)": 434,
  "蔡记红汤丝娃娃": 463,
  "苗家祖传秘方": 805,
  "中共海马居委会支部委员会": 518,
  "特百惠(北京华联二桥专卖店)": 551,
  "韩飞丽酒楼(三桥北路店)": 600,
  "茶百道(三桥万科店)": 605,
  "松坡路": 578,
  "佬来嗑(三桥综合批发市场店)": 449
}