{
  "林泉路": {
    "time": [
      "06:14:44",
      "06:29:45",
      "06:44:51",
      "07:00:36",
      "07:16:00",
      "07:30:39",
      "07:45:52",
      "08:00:08",
      "08:14:54",
      "08:30:27",
      "08:45:32",
      "09:01:03",
      "09:16:40",
      "09:31:46",
      "09:47:04",
      "10:01:56",
      "10:17:44",
      "10:32:54",
      "10:47:10",
      "11:02:03",
      "11:17:24",
      "11:33:02",
      "11:47:45",
      "12:03:08",
      "12:17:26",
      "12:33:12",
      "12:47:44",
      "13:03:17",
      "13:18:45",
      "13:34:05",
      "13:49:38",
      "14:04:59",
      "14:19:44",
      "14:34:08",
      "14:49:35",
      "15:03:45",
      "15:18:56",
      "15:33:23",
      "15:48:37",
      "16:02:47",
      "16:18:37",
      "16:34:22",
      "16:50:03",
      "17:05:52",
      "17:20:44",
      "17:36:31",
      "17:51:06",
      "18:06:30",
      "18:20:56",
      "18:36:28",
      "18:52:05",
      "19:07:06",
      "19:22:19",
      "19:37:02",
      "19:51:26",
      "20:05:59",
      "20:20:14",
      "20:34:31",
      "20:48:47",
      "21:03:01",
      "21:17:50",
      "21:32:23",
      "21:47:41",
      "22:02:04"
    ],
    "board": [
      6,
      9,
      4,
      9,
      5,
      0,
      12,
      15,
      10,
      5,
      5,
      11,
      4,
      14,
      5,
      2,
      7,
      2,
      7,
      3,
      13,
      15,
      4,
      0,
      6,
      0,
      13,
      9,
      2,
      11,
      5,
      3,
      3,
      15,
      0,
      6,
      6,
      11,
      4,
      3,
      8,
      6,
      13,
      15,
      13,
      15,
      15,
      8,
      7,
      9,
      1,
      13,
      13,
      1,
      7,
      10,
      2,
      0,
      6,
      0,
      8,
      0,
      12,
      7
    ],
    "alight": [
      0,
      0,
      0,
      0,
      0,
      0,
      0,
      0,
      0,
      0,
      0,
      0,
      0,
      0,
      0,
      0,
      0,
      0,
      0,
      0,
      0,
      0,
      0,
      0,
      0,
      0,
      0,
      0,
      0,
      0,
      0,
      0,
      0,
      0,
      0,
      0,
      0,
      0,
      0,
      0,
      0,
      0,
      0,
      0,
      0,
      0,
      0,
      0,
      0,
      0,
      0,
      0,
      0,
      0,
      0,
      0,
      0,
      0,
      0,
      0,
      0,
      0,
      0,
      0
    ]
  },
  "贵阳市云岩区未来小学": {
    "time": [
      "06:14:44",
      "06:29:45",
      "06:44:51",
      "07:00:36",
      "07:16:00",
      "07:30:39",
      "07:45:52",
      "08:00:08",
      "08:14:54",
      "08:30:27",
      "08:45:32",
      "09:01:03",
      "09:16:40",
      "09:31:46",
      "09:47:04",
      "10:01:56",
      "10:17:44",
      "10:32:54",
      "10:47:10",
      "11:02:03",
      "11:17:24",
      "11:33:02",
      "11:47:45",
      "12:03:08",
      "12:17:26",
      "12:33:12",
      "12:47:44",
      "13:03:17",
      "13:18:45",
      "13:34:05",
      "13:49:38",
      "14:04:59",
      "14:19:44",
      "14:34:08",
      "14:49:35",
      "15:03:45",
      "15:18:56",
      "15:33:23",
      "15:48:37",
      "16:02:47",
      "16:18:37",
      "16:34:22",
      "16:50:03",
      "17:05:52",
      "17:20:44",
      "17:36:31",
      "17:51:06",
      "18:06:30",
      "18:20:56",
      "18:36:28",
      "18:52:05",
      "19:07:06",
      "19:22:19",
      "19:37:02",
      "19:51:26",
      "20:05:59",
      "20:20:14",
      "20:34:31",
      "20:48:47",
      "21:03:01",
      "21:17:50",
      "21:32:23",
      "21:47:41",
      "22:02:04"
    ],
    "board": [
      15,
      2,
      11,
      3,
      1,
      3,
      1,
      5,
      15,
      9,
      13,
      3,
      12,
      5,
      5,
      8,
      11,
      1,
      12,
      0,
      7,
      3,
      13,
      2,
      3,
      8,
      5,
      8,
      1,
      11,
      8,
      3,
      10,
      1,
      15,
      12,
      1,
      15,
      10,
      3,
      8,
      14,
      10,
      12,
      2,
      12,
      9,
      13,
      2,
      14,
      9,
      10,
      12,
      15,
      11,
      12,
      12,
      8,
      15,
      12,
      5,
      3,
      14,
      4
    ],
    "alight": [
      0,
      0,
      0,
      0,
      0,
      0,
      0,
      0,
      0,
      0,
      0,
      0,
      0,
      0,
      0,
      0,
      0,
      0,
      0,
      0,
      0,
      0,
      0,
      0,
      0,
      0,
      0,
      0,
      0,
      0,
      0,
      0,
      0,
      0,
      0,
      0,
      0,
      0,
      0,
      0,
      0,
      0,
      0,
      0,
      0,
      0,
      0,
      0,
      0,
      0,
      0,
      0,
      0,
      0,
      0,
      0,
      0,
      0,
      0,
      0,
      0,
      0,
      0,
      0
    ]
  },
  "纽绅教育·枫丹白鹭中英文幼儿园": {
    "time": [
      "06:14:44",
      "06:29:45",
      "06:44:51",
      "07:00:36",
      "07:16:00",
      "07:30:39",
      "07:45:52",
      "08:00:08",
      "08:14:54",
      "08:30:27",
      "08:45:32",
      "09:01:03",
      "09:16:40",
      "09:31:46",
      "09:47:04",
      "10:01:56",
      "10:17:44",
      "10:32:54",
      "10:47:10",
      "11:02:03",
      "11:17:24",
      "11:33:02",
      "11:47:45",
      "12:03:08",
      "12:17:26",
      "12:33:12",
      "12:47:44",
      "13:03:17",
      "13:18:45",
      "13:34:05",
      "13:49:38",
      "14:04:59",
      "14:19:44",
      "14:34:08",
      "14:49:35",
      "15:03:45",
      "15:18:56",
      "15:33:23",
      "15:48:37",
      "16:02:47",
      "16:18:37",
      "16:34:22",
      "16:50:03",
      "17:05:52",
      "17:20:44",
      "17:36:31",
      "17:51:06",
      "18:06:30",
      "18:20:56",
      "18:36:28",
      "18:52:05",
      "19:07:06",
      "19:22:19",
      "19:37:02",
      "19:51:26",
      "20:05:59",
      "20:20:14",
      "20:34:31",
      "20:48:47",
      "21:03:01",
      "21:17:50",
      "21:32:23",
      "21:47:41",
      "22:02:04"
    ],
    "board": [
      14,
      5,
      6,
      13,
      3,
      1,
      1,
      9,
      2,
      9,
      12,
      6,
      2,
      4,
      12,
      12,
      9,
      0,
      6,
      10,
      12,
      8,
      0,
      0,
      6,
      7,
      6,
      6,
      2,
      9,
      14,
      13,
      13,
      12,
      6,
      15,
      6,
      9,
      14,
      12,
      12,
      3,
      0,
      1,
      11,
      14,
      9,
      11,
      3,
      7,
      1,
      1,
      9,
      4,
      14,
      2,
      10,
      4,
      2,
      3,
      1,
      14,
      0,
      11
    ],
    "alight": [
      0,
      0,
      0,
      0,
      0,
      0,
      0,
      0,
      0,
      0,
      0,
      0,
      0,
      1,
      1,
      0,
      0,
      0,
      0,
      0,
      0,
      0,
      0,
      0,
      0,
      0,
      0,
      0,
      0,
      0,
      0,
      1,
      0,
      0,
      1,
      0,
      0,
      0,
      0,
      0,
      0,
      0,
      0,
      0,
      0,
      0,
      2,
      0,
      0,
      0,
      0,
      0,
      0,
      0,
      0,
      1,
      0,
      0,
      0,
      3,
      0,
      0,
      0,
      0
    ]
  },
  "贵阳成豪大酒店": {
    "time": [
      "06:14:44",
      "06:29:45",
      "06:44:51",
      "07:00:36",
      "07:16:00",
      "07:30:39",
      "07:45:52",
      "08:00:08",
      "08:14:54",
      "08:30:27",
      "08:45:32",
      "09:01:03",
      "09:16:40",
      "09:31:46",
      "09:47:04",
      "10:01:56",
      "10:17:44",
      "10:32:54",
      "10:47:10",
      "11:02:03",
      "11:17:24",
      "11:33:02",
      "11:47:45",
      "12:03:08",
      "12:17:26",
      "12:33:12",
      "12:47:44",
      "13:03:17",
      "13:18:45",
      "13:34:05",
      "13:49:38",
      "14:04:59",
      "14:19:44",
      "14:34:08",
      "14:49:35",
      "15:03:45",
      "15:18:56",
      "15:33:23",
      "15:48:37",
      "16:02:47",
      "16:18:37",
      "16:34:22",
      "16:50:03",
      "17:05:52",
      "17:20:44",
      "17:36:31",
      "17:51:06",
      "18:06:30",
      "18:20:56",
      "18:36:28",
      "18:52:05",
      "19:07:06",
      "19:22:19",
      "19:37:02",
      "19:51:26",
      "20:05:59",
      "20:20:14",
      "20:34:31",
      "20:48:47",
      "21:03:01",
      "21:17:50",
      "21:32:23",
      "21:47:41",
      "22:02:04"
    ],
    "board": [
      6,
      3,
      4,
      15,
      2,
      3,
      1,
      3,
      10,
      9,
      14,
      10,
      11,
      4,
      4,
      2,
      15,
      2,
      13,
      13,
      0,
      8,
      4,
      11,
      7,
      3,
      11,
      5,
      12,
      15,
      11,
      0,
      5,
      15,
      7,
      15,
      6,
      15,
      3,
      14,
      1,
      8,
      10,
      14,
      0,
      1,
      9,
      15,
      5,
      1,
      7,
      10,
      14,
      2,
      3,
      5,
      5,
      5,
      11,
      1,
      15,
      13,
      3,
      5
    ],
    "alight": [
      1,
      4,
      0,
      0,
      0,
      0,
      0,
      0,
      0,
      0,
      0,
      0,
      0,
      0,
      0,
      0,
      0,
      0,
      0,
      0,
      3,
      0,
      0,
      0,
      0,
      0,
      0,
      0,
      0,
      0,
      0,
      0,
      1,
      0,
      0,
      0,
      0,
      0,
      0,
      0,
      3,
      2,
      0,
      1,
      0,
      0,
      0,
      0,
      0,
      0,
      0,
      3,
      0,
      0,
      0,
      0,
      0,
      0,
      0,
      0,
      0,
      0,
      1,
      0
    ]
  },
  "白花坝": {
    "time": [
      "06:14:44",
      "06:29:45",
      "06:44:51",
      "07:00:36",
      "07:16:00",
      "07:30:39",
      "07:45:52",
      "08:00:08",
      "08:14:54",
      "08:30:27",
      "08:45:32",
      "09:01:03",
      "09:16:40",
      "09:31:46",
      "09:47:04",
      "10:01:56",
      "10:17:44",
      "10:32:54",
      "10:47:10",
      "11:02:03",
      "11:17:24",
      "11:33:02",
      "11:47:45",
      "12:03:08",
      "12:17:26",
      "12:33:12",
      "12:47:44",
      "13:03:17",
      "13:18:45",
      "13:34:05",
      "13:49:38",
      "14:04:59",
      "14:19:44",
      "14:34:08",
      "14:49:35",
      "15:03:45",
      "15:18:56",
      "15:33:23",
      "15:48:37",
      "16:02:47",
      "16:18:37",
      "16:34:22",
      "16:50:03",
      "17:05:52",
      "17:20:44",
      "17:36:31",
      "17:51:06",
      "18:06:30",
      "18:20:56",
      "18:36:28",
      "18:52:05",
      "19:07:06",
      "19:22:19",
      "19:37:02",
      "19:51:26",
      "20:05:59",
      "20:20:14",
      "20:34:31",
      "20:48:47",
      "21:03:01",
      "21:17:50",
      "21:32:23",
      "21:47:41",
      "22:02:04"
    ],
    "board": [
      7,
      3,
      14,
      13,
      0,
      9,
      13,
      12,
      2,
      0,
      14,
      2,
      15,
      15,
      1,
      0,
      14,
      0,
      4,
      1,
      14,
      4,
      7,
      7,
      8,
      1,
      4,
      5,
      2,
      4,
      7,
      1,
      2,
      13,
      9,
      8,
      6,
      6,
      7,
      3,
      3,
      8,
      13,
      10,
      11,
      0,
      6,
      12,
      12,
      13,
      3,
      15,
      1,
      12,
      7,
      0,
      9,
      15,
      12,
      11,
      4,
      8,
      12,
      6
    ],
    "alight": [
      0,
      10,
      6,
      11,
      8,
      5,
      2,
      8,
      11,
      7,
      9,
      14,
      9,
      6,
      14,
      15,
      4,
      2,
      2,
      0,
      1,
      11,
      8,
      0,
      9,
      0,
      2,
      13,
      10,
      13,
      8,
      0,
      4,
      2,
      15,
      7,
      4,
      15,
      8,
      2,
      13,
      8,
      15,
      2,
      12,
      7,
      8,
      1,
      7,
      13,
      13,
      3,
      8,
      11,
      4,
      6,
      15,
      3,
      10,
      14,
      10,
      15,
      10,
      3
    ]
  },
  "小小饮吧(新街店)": {
    "time": [
      "06:14:44",
      "06:29:45",
      "06:44:51",
      "07:00:36",
      "07:16:00",
      "07:30:39",
      "07:45:52",
      "08:00:08",
      "08:14:54",
      "08:30:27",
      "08:45:32",
      "09:01:03",
      "09:16:40",
      "09:31:46",
      "09:47:04",
      "10:01:56",
      "10:17:44",
      "10:32:54",
      "10:47:10",
      "11:02:03",
      "11:17:24",
      "11:33:02",
      "11:47:45",
      "12:03:08",
      "12:17:26",
      "12:33:12",
      "12:47:44",
      "13:03:17",
      "13:18:45",
      "13:34:05",
      "13:49:38",
      "14:04:59",
      "14:19:44",
      "14:34:08",
      "14:49:35",
      "15:03:45",
      "15:18:56",
      "15:33:23",
      "15:48:37",
      "16:02:47",
      "16:18:37",
      "16:34:22",
      "16:50:03",
      "17:05:52",
      "17:20:44",
      "17:36:31",
      "17:51:06",
      "18:06:30",
      "18:20:56",
      "18:36:28",
      "18:52:05",
      "19:07:06",
      "19:22:19",
      "19:37:02",
      "19:51:26",
      "20:05:59",
      "20:20:14",
      "20:34:31",
      "20:48:47",
      "21:03:01",
      "21:17:50",
      "21:32:23",
      "21:47:41",
      "22:02:04"
    ],
    "board": [
      10,
      13,
      5,
      9,
      5,
      15,
      3,
      12,
      3,
      0,
      6,
      8,
      11,
      7,
      9,
      10,
      10,
      7,
      12,
      5,
      8,
      0,
      10,
      5,
      4,
      10,
      12,
      3,
      10,
      0,
      1,
      11,
      6,
      5,
      9,
      6,
      10,
      2,
      7,
      5,
      11,
      1,
      3,
      4,
      1,
      12,
      14,
      9,
      2,
      0,
      10,
      14,
      0,
      13,
      0,
      1,
      1,
      4,
      9,
      15,
      15,
      10,
      9,
      7
    ],
    "alight": [
      15,
      12,
      5,
      14,
      6,
      11,
      12,
      8,
      2,
      7,
      2,
      9,
      7,
      7,
      10,
      12,
      11,
      12,
      5,
      3,
      11,
      7,
      7,
      1,
      2,
      15,
      2,
      12,
      8,
      10,
      0,
      9,
      1,
      9,
      3,
      10,
      5,
      12,
      15,
      13,
      6,
      7,
      6,
      14,
      0,
      0,
      7,
      5,
      0,
      2,
      5,
      15,
      13,
      8,
      2,
      10,
      1,
      4,
      9,
      12,
      5,
      11,
      12,
      8
    ]
  },
  "特色香脆小辣椒": {
    "time": [
      "06:14:44",
      "06:29:45",
      "06:44:51",
      "07:00:36",
      "07:16:00",
      "07:30:39",
      "07:45:52",
      "08:00:08",
      "08:14:54",
      "08:30:27",
      "08:45:32",
      "09:01:03",
      "09:16:40",
      "09:31:46",
      "09:47:04",
      "10:01:56",
      "10:17:44",
      "10:32:54",
      "10:47:10",
      "11:02:03",
      "11:17:24",
      "11:33:02",
      "11:47:45",
      "12:03:08",
      "12:17:26",
      "12:33:12",
      "12:47:44",
      "13:03:17",
      "13:18:45",
      "13:34:05",
      "13:49:38",
      "14:04:59",
      "14:19:44",
      "14:34:08",
      "14:49:35",
      "15:03:45",
      "15:18:56",
      "15:33:23",
      "15:48:37",
      "16:02:47",
      "16:18:37",
      "16:34:22",
      "16:50:03",
      "17:05:52",
      "17:20:44",
      "17:36:31",
      "17:51:06",
      "18:06:30",
      "18:20:56",
      "18:36:28",
      "18:52:05",
      "19:07:06",
      "19:22:19",
      "19:37:02",
      "19:51:26",
      "20:05:59",
      "20:20:14",
      "20:34:31",
      "20:48:47",
      "21:03:01",
      "21:17:50",
      "21:32:23",
      "21:47:41",
      "22:02:04"
    ],
    "board": [
      13,
      11,
      10,
      9,
      2,
      4,
      0,
      10,
      1,
      0,
      7,
      14,
      14,
      6,
      6,
      7,
      15,
      13,
      5,
      0,
      3,
      10,
      11,
      9,
      13,
      4,
      5,
      15,
      3,
      9,
      13,
      8,
      12,
      5,
      8,
      10,
      13,
      3,
      5,
      13,
      5,
      14,
      14,
      15,
      11,
      3,
      1,
      15,
      14,
      8,
      11,
      7,
      14,
      11,
      4,
      12,
      5,
      12,
      5,
      5,
      15,
      1,
      1,
      3
    ],
    "alight": [
      13,
      7,
      15,
      11,
      15,
      0,
      1,
      5,
      9,
      4,
      10,
      7,
      12,
      10,
      5,
      0,
      0,
      0,
      1,
      13,
      5,
      8,
      4,
      4,
      11,
      10,
      9,
      5,
      5,
      13,
      7,
      2,
      5,
      13,
      5,
      7,
      0,
      14,
      9,
      9,
      4,
      11,
      1,
      2,
      10,
      6,
      14,
      15,
      6,
      3,
      11,
      3,
      10,
      15,
      3,
      0,
      13,
      2,
      14,
      7,
      9,
      11,
      10,
      8
    ]
  },
  "熊氏养身煨汤(和尚坡店)": {
    "time": [
      "06:14:44",
      "06:29:45",
      "06:44:51",
      "07:00:36",
      "07:16:00",
      "07:30:39",
      "07:45:52",
      "08:00:08",
      "08:14:54",
      "08:30:27",
      "08:45:32",
      "09:01:03",
      "09:16:40",
      "09:31:46",
      "09:47:04",
      "10:01:56",
      "10:17:44",
      "10:32:54",
      "10:47:10",
      "11:02:03",
      "11:17:24",
      "11:33:02",
      "11:47:45",
      "12:03:08",
      "12:17:26",
      "12:33:12",
      "12:47:44",
      "13:03:17",
      "13:18:45",
      "13:34:05",
      "13:49:38",
      "14:04:59",
      "14:19:44",
      "14:34:08",
      "14:49:35",
      "15:03:45",
      "15:18:56",
      "15:33:23",
      "15:48:37",
      "16:02:47",
      "16:18:37",
      "16:34:22",
      "16:50:03",
      "17:05:52",
      "17:20:44",
      "17:36:31",
      "17:51:06",
      "18:06:30",
      "18:20:56",
      "18:36:28",
      "18:52:05",
      "19:07:06",
      "19:22:19",
      "19:37:02",
      "19:51:26",
      "20:05:59",
      "20:20:14",
      "20:34:31",
      "20:48:47",
      "21:03:01",
      "21:17:50",
      "21:32:23",
      "21:47:41",
      "22:02:04"
    ],
    "board": [
      12,
      15,
      0,
      5,
      13,
      4,
      3,
      12,
      12,
      11,
      8,
      2,
      6,
      3,
      4,
      1,
      11,
      9,
      15,
      15,
      7,
      6,
      13,
      15,
      11,
      1,
      11,
      10,
      11,
      3,
      5,
      15,
      9,
      2,
      6,
      0,
      14,
      15,
      15,
      14,
      2,
      0,
      1,
      13,
      8,
      1,
      13,
      1,
      13,
      1,
      13,
      7,
      13,
      13,
      11,
      13,
      15,
      15,
      14,
      6,
      15,
      5,
      9,
      12
    ],
    "alight": [
      5,
      4,
      12,
      13,
      1,
      12,
      0,
      14,
      1,
      5,
      6,
      7,
      13,
      8,
      6,
      0,
      0,
      0,
      9,
      14,
      14,
      0,
      1,
      14,
      8,
      3,
      2,
      3,
      8,
      8,
      3,
      11,
      11,
      10,
      11,
      7,
      14,
      12,
      5,
      1,
      6,
      13,
      12,
      15,
      2,
      12,
      6,
      7,
      5,
      10,
      10,
      5,
      8,
      3,
      7,
      2,
      2,
      2,
      1,
      11,
      6,
      12,
      4,
      11
    ]
  },
  "经典原味小分脆哨": {
    "time": [
      "06:14:44",
      "06:29:45",
      "06:44:51",
      "07:00:36",
      "07:16:00",
      "07:30:39",
      "07:45:52",
      "08:00:08",
      "08:14:54",
      "08:30:27",
      "08:45:32",
      "09:01:03",
      "09:16:40",
      "09:31:46",
      "09:47:04",
      "10:01:56",
      "10:17:44",
      "10:32:54",
      "10:47:10",
      "11:02:03",
      "11:17:24",
      "11:33:02",
      "11:47:45",
      "12:03:08",
      "12:17:26",
      "12:33:12",
      "12:47:44",
      "13:03:17",
      "13:18:45",
      "13:34:05",
      "13:49:38",
      "14:04:59",
      "14:19:44",
      "14:34:08",
      "14:49:35",
      "15:03:45",
      "15:18:56",
      "15:33:23",
      "15:48:37",
      "16:02:47",
      "16:18:37",
      "16:34:22",
      "16:50:03",
      "17:05:52",
      "17:20:44",
      "17:36:31",
      "17:51:06",
      "18:06:30",
      "18:20:56",
      "18:36:28",
      "18:52:05",
      "19:07:06",
      "19:22:19",
      "19:37:02",
      "19:51:26",
      "20:05:59",
      "20:20:14",
      "20:34:31",
      "20:48:47",
      "21:03:01",
      "21:17:50",
      "21:32:23",
      "21:47:41",
      "22:02:04"
    ],
    "board": [
      4,
      5,
      12,
      9,
      7,
      10,
      15,
      11,
      6,
      15,
      3,
      14,
      14,
      1,
      7,
      2,
      7,
      2,
      9,
      15,
      12,
      15,
      15,
      8,
      14,
      8,
      14,
      4,
      15,
      1,
      15,
      3,
      1,
      13,
      8,
      4,
      0,
      3,
      7,
      1,
      0,
      1,
      1,
      7,
      14,
      3,
      1,
      15,
      3,
      13,
      5,
      2,
      13,
      2,
      9,
      11,
      3,
      8,
      0,
      14,
      9,
      6,
      14,
      12
    ],
    "alight": [
      2,
      9,
      4,
      1,
      12,
      0,
      8,
      0,
      1,
      4,
      2,
      8,
      14,
      1,
      8,
      13,
      0,
      0,
      14,
      13,
      7,
      1,
      9,
      4,
      0,
      4,
      12,
      7,
      11,
      3,
      10,
      4,
      13,
      12,
      14,
      7,
      14,
      2,
      11,
      8,
      10,
      2,
      7,
      9,
      2,
      8,
      15,
      6,
      14,
      5,
      4,
      10,
      1,
      15,
      15,
      6,
      3,
      4,
      4,
      0,
      15,
      3,
      4,
      12
    ]
  },
  "金鸭派出所": {
    "time": [
      "06:14:44",
      "06:29:45",
      "06:44:51",
      "07:00:36",
      "07:16:00",
      "07:30:39",
      "07:45:52",
      "08:00:08",
      "08:14:54",
      "08:30:27",
      "08:45:32",
      "09:01:03",
      "09:16:40",
      "09:31:46",
      "09:47:04",
      "10:01:56",
      "10:17:44",
      "10:32:54",
      "10:47:10",
      "11:02:03",
      "11:17:24",
      "11:33:02",
      "11:47:45",
      "12:03:08",
      "12:17:26",
      "12:33:12",
      "12:47:44",
      "13:03:17",
      "13:18:45",
      "13:34:05",
      "13:49:38",
      "14:04:59",
      "14:19:44",
      "14:34:08",
      "14:49:35",
      "15:03:45",
      "15:18:56",
      "15:33:23",
      "15:48:37",
      "16:02:47",
      "16:18:37",
      "16:34:22",
      "16:50:03",
      "17:05:52",
      "17:20:44",
      "17:36:31",
      "17:51:06",
      "18:06:30",
      "18:20:56",
      "18:36:28",
      "18:52:05",
      "19:07:06",
      "19:22:19",
      "19:37:02",
      "19:51:26",
      "20:05:59",
      "20:20:14",
      "20:34:31",
      "20:48:47",
      "21:03:01",
      "21:17:50",
      "21:32:23",
      "21:47:41",
      "22:02:04"
    ],
    "board": [
      13,
      2,
      3,
      9,
      1,
      15,
      7,
      7,
      3,
      3,
      3,
      10,
      1,
      5,
      2,
      11,
      5,
      1,
      6,
      3,
      10,
      4,
      3,
      2,
      4,
      0,
      0,
      10,
      3,
      2,
      8,
      13,
      10,
      12,
      8,
      3,
      12,
      7,
      4,
      12,
      15,
      7,
      5,
      15,
      8,
      1,
      6,
      1,
      3,
      4,
      11,
      12,
      7,
      3,
      12,
      15,
      12,
      10,
      10,
      1,
      13,
      3,
      6,
      11
    ],
    "alight": [
      14,
      11,
      4,
      1,
      3,
      10,
      1,
      4,
      0,
      4,
      3,
      3,
      8,
      6,
      14,
      10,
      8,
      0,
      8,
      12,
      14,
      2,
      6,
      7,
      5,
      15,
      9,
      6,
      9,
      2,
      6,
      9,
      13,
      9,
      15,
      7,
      2,
      1,
      2,
      0,
      8,
      14,
      14,
      12,
      13,
      5,
      12,
      10,
      2,
      6,
      8,
      9,
      10,
      0,
      10,
      13,
      8,
      1,
      9,
      8,
      2,
      8,
      9,
      6
    ]
  },
  "吉隆主题酒店": {
    "time": [
      "06:14:44",
      "06:29:45",
      "06:44:51",
      "07:00:36",
      "07:16:00",
      "07:30:39",
      "07:45:52",
      "08:00:08",
      "08:14:54",
      "08:30:27",
      "08:45:32",
      "09:01:03",
      "09:16:40",
      "09:31:46",
      "09:47:04",
      "10:01:56",
      "10:17:44",
      "10:32:54",
      "10:47:10",
      "11:02:03",
      "11:17:24",
      "11:33:02",
      "11:47:45",
      "12:03:08",
      "12:17:26",
      "12:33:12",
      "12:47:44",
      "13:03:17",
      "13:18:45",
      "13:34:05",
      "13:49:38",
      "14:04:59",
      "14:19:44",
      "14:34:08",
      "14:49:35",
      "15:03:45",
      "15:18:56",
      "15:33:23",
      "15:48:37",
      "16:02:47",
      "16:18:37",
      "16:34:22",
      "16:50:03",
      "17:05:52",
      "17:20:44",
      "17:36:31",
      "17:51:06",
      "18:06:30",
      "18:20:56",
      "18:36:28",
      "18:52:05",
      "19:07:06",
      "19:22:19",
      "19:37:02",
      "19:51:26",
      "20:05:59",
      "20:20:14",
      "20:34:31",
      "20:48:47",
      "21:03:01",
      "21:17:50",
      "21:32:23",
      "21:47:41",
      "22:02:04"
    ],
    "board": [
      1,
      8,
      11,
      15,
      9,
      3,
      8,
      10,
      8,
      12,
      5,
      1,
      12,
      3,
      4,
      11,
      1,
      9,
      3,
      2,
      1,
      0,
      12,
      7,
      14,
      10,
      12,
      7,
      12,
      1,
      15,
      5,
      11,
      6,
      3,
      14,
      14,
      5,
      2,
      7,
      13,
      11,
      8,
      1,
      9,
      12,
      2,
      1,
      6,
      5,
      1,
      6,
      6,
      12,
      6,
      8,
      0,
      1,
      2,
      4,
      3,
      12,
      7,
      1
    ],
    "alight": [
      10,
      6,
      12,
      15,
      0,
      6,
      11,
      12,
      3,
      8,
      1,
      2,
      9,
      8,
      13,
      4,
      2,
      13,
      3,
      12,
      11,
      9,
      10,
      2,
      2,
      11,
      14,
      4,
      5,
      15,
      9,
      5,
      8,
      0,
      9,
      6,
      3,
      11,
      3,
      8,
      3,
      2,
      14,
      5,
      14,
      1,
      1,
      7,
      5,
      1,
      10,
      8,
      3,
      3,
      10,
      3,
      12,
      6,
      12,
      9,
      0,
      15,
      1,
      13
    ]
  },
  "盛成宾馆": {
    "time": [
      "06:14:44",
      "06:29:45",
      "06:44:51",
      "07:00:36",
      "07:16:00",
      "07:30:39",
      "07:45:52",
      "08:00:08",
      "08:14:54",
      "08:30:27",
      "08:45:32",
      "09:01:03",
      "09:16:40",
      "09:31:46",
      "09:47:04",
      "10:01:56",
      "10:17:44",
      "10:32:54",
      "10:47:10",
      "11:02:03",
      "11:17:24",
      "11:33:02",
      "11:47:45",
      "12:03:08",
      "12:17:26",
      "12:33:12",
      "12:47:44",
      "13:03:17",
      "13:18:45",
      "13:34:05",
      "13:49:38",
      "14:04:59",
      "14:19:44",
      "14:34:08",
      "14:49:35",
      "15:03:45",
      "15:18:56",
      "15:33:23",
      "15:48:37",
      "16:02:47",
      "16:18:37",
      "16:34:22",
      "16:50:03",
      "17:05:52",
      "17:20:44",
      "17:36:31",
      "17:51:06",
      "18:06:30",
      "18:20:56",
      "18:36:28",
      "18:52:05",
      "19:07:06",
      "19:22:19",
      "19:37:02",
      "19:51:26",
      "20:05:59",
      "20:20:14",
      "20:34:31",
      "20:48:47",
      "21:03:01",
      "21:17:50",
      "21:32:23",
      "21:47:41",
      "22:02:04"
    ],
    "board": [
      5,
      14,
      9,
      10,
      11,
      9,
      14,
      3,
      15,
      13,
      1,
      7,
      12,
      14,
      14,
      9,
      3,
      0,
      14,
      0,
      11,
      3,
      7,
      15,
      9,
      6,
      8,
      3,
      6,
      10,
      7,
      1,
      14,
      0,
      15,
      0,
      11,
      3,
      15,
      7,
      15,
      0,
      1,
      6,
      6,
      9,
      8,
      5,
      8,
      1,
      9,
      3,
      10,
      7,
      7,
      1,
      15,
      3,
      6,
      8,
      11,
      2,
      10,
      4
    ],
    "alight": [
      5,
      5,
      3,
      15,
      6,
      0,
      9,
      12,
      10,
      4,
      11,
      0,
      7,
      13,
      15,
      6,
      2,
      15,
      7,
      15,
      5,
      8,
      12,
      0,
      0,
      0,
      1,
      11,
      0,
      3,
      1,
      5,
      4,
      1,
      14,
      8,
      13,
      2,
      2,
      6,
      9,
      6,
      0,
      5,
      3,
      13,
      15,
      2,
      14,
      10,
      4,
      10,
      13,
      0,
      10,
      6,
      4,
      13,
      1,
      8,
      11,
      2,
      13,
      7
    ]
  },
  "滨湖盛泉餐厅(俊发滨湖俊园店)": {
    "time": [
      "06:14:44",
      "06:29:45",
      "06:44:51",
      "07:00:36",
      "07:16:00",
      "07:30:39",
      "07:45:52",
      "08:00:08",
      "08:14:54",
      "08:30:27",
      "08:45:32",
      "09:01:03",
      "09:16:40",
      "09:31:46",
      "09:47:04",
      "10:01:56",
      "10:17:44",
      "10:32:54",
      "10:47:10",
      "11:02:03",
      "11:17:24",
      "11:33:02",
      "11:47:45",
      "12:03:08",
      "12:17:26",
      "12:33:12",
      "12:47:44",
      "13:03:17",
      "13:18:45",
      "13:34:05",
      "13:49:38",
      "14:04:59",
      "14:19:44",
      "14:34:08",
      "14:49:35",
      "15:03:45",
      "15:18:56",
      "15:33:23",
      "15:48:37",
      "16:02:47",
      "16:18:37",
      "16:34:22",
      "16:50:03",
      "17:05:52",
      "17:20:44",
      "17:36:31",
      "17:51:06",
      "18:06:30",
      "18:20:56",
      "18:36:28",
      "18:52:05",
      "19:07:06",
      "19:22:19",
      "19:37:02",
      "19:51:26",
      "20:05:59",
      "20:20:14",
      "20:34:31",
      "20:48:47",
      "21:03:01",
      "21:17:50",
      "21:32:23",
      "21:47:41",
      "22:02:04"
    ],
    "board": [
      9,
      7,
      7,
      3,
      15,
      10,
      6,
      12,
      14,
      3,
      0,
      8,
      15,
      15,
      10,
      6,
      7,
      3,
      5,
      8,
      3,
      9,
      7,
      2,
      5,
      15,
      11,
      12,
      4,
      7,
      10,
      12,
      8,
      3,
      4,
      7,
      10,
      6,
      8,
      11,
      11,
      7,
      12,
      11,
      11,
      6,
      10,
      15,
      8,
      14,
      9,
      11,
      13,
      9,
      7,
      3,
      1,
      4,
      0,
      3,
      5,
      14,
      10,
      15
    ],
    "alight": [
      3,
      14,
      2,
      0,
      7,
      10,
      1,
      14,
      10,
      3,
      15,
      4,
      11,
      10,
      0,
      6,
      0,
      4,
      0,
      7,
      7,
      1,
      15,
      11,
      5,
      5,
      2,
      2,
      6,
      4,
      6,
      12,
      7,
      9,
      3,
      12,
      7,
      2,
      11,
      2,
      2,
      9,
      5,
      6,
      5,
      6,
      4,
      14,
      0,
      14,
      12,
      8,
      13,
      9,
      1,
      6,
      5,
      14,
      5,
      3,
      10,
      7,
      5,
      7
    ]
  },
  "中国电建集团贵阳勘测设计研究院有限公司工程科研院": {
    "time": [
      "06:14:44",
      "06:29:45",
      "06:44:51",
      "07:00:36",
      "07:16:00",
      "07:30:39",
      "07:45:52",
      "08:00:08",
      "08:14:54",
      "08:30:27",
      "08:45:32",
      "09:01:03",
      "09:16:40",
      "09:31:46",
      "09:47:04",
      "10:01:56",
      "10:17:44",
      "10:32:54",
      "10:47:10",
      "11:02:03",
      "11:17:24",
      "11:33:02",
      "11:47:45",
      "12:03:08",
      "12:17:26",
      "12:33:12",
      "12:47:44",
      "13:03:17",
      "13:18:45",
      "13:34:05",
      "13:49:38",
      "14:04:59",
      "14:19:44",
      "14:34:08",
      "14:49:35",
      "15:03:45",
      "15:18:56",
      "15:33:23",
      "15:48:37",
      "16:02:47",
      "16:18:37",
      "16:34:22",
      "16:50:03",
      "17:05:52",
      "17:20:44",
      "17:36:31",
      "17:51:06",
      "18:06:30",
      "18:20:56",
      "18:36:28",
      "18:52:05",
      "19:07:06",
      "19:22:19",
      "19:37:02",
      "19:51:26",
      "20:05:59",
      "20:20:14",
      "20:34:31",
      "20:48:47",
      "21:03:01",
      "21:17:50",
      "21:32:23",
      "21:47:41",
      "22:02:04"
    ],
    "board": [
      8,
      14,
      12,
      8,
      1,
      7,
      8,
      7,
      11,
      8,
      1,
      13,
      15,
      4,
      6,
      9,
      7,
      5,
      10,
      4,
      8,
      4,
      11,
      12,
      0,
      0,
      12,
      1,
      10,
      0,
      7,
      9,
      11,
      4,
      10,
      15,
      15,
      10,
      8,
      3,
      8,
      3,
      3,
      7,
      13,
      2,
      3,
      2,
      2,
      3,
      10,
      12,
      4,
      4,
      4,
      2,
      10,
      9,
      3,
      11,
      3,
      2,
      0,
      6
    ],
    "alight": [
      15,
      11,
      12,
      11,
      5,
      14,
      2,
      13,
      11,
      6,
      10,
      12,
      12,
      2,
      10,
      9,
      5,
      5,
      4,
      9,
      13,
      13,
      10,
      11,
      4,
      8,
      5,
      0,
      12,
      5,
      1,
      6,
      4,
      7,
      10,
      4,
      11,
      0,
      10,
      1,
      10,
      0,
      3,
      6,
      4,
      12,
      7,
      11,
      0,
      7,
      12,
      7,
      13,
      0,
      5,
      2,
      7,
      4,
      10,
      8,
      2,
      9,
      14,
      6
    ]
  },
  "维尔斯酒店(贵阳北站店)": {
    "time": [
      "06:14:44",
      "06:29:45",
      "06:44:51",
      "07:00:36",
      "07:16:00",
      "07:30:39",
      "07:45:52",
      "08:00:08",
      "08:14:54",
      "08:30:27",
      "08:45:32",
      "09:01:03",
      "09:16:40",
      "09:31:46",
      "09:47:04",
      "10:01:56",
      "10:17:44",
      "10:32:54",
      "10:47:10",
      "11:02:03",
      "11:17:24",
      "11:33:02",
      "11:47:45",
      "12:03:08",
      "12:17:26",
      "12:33:12",
      "12:47:44",
      "13:03:17",
      "13:18:45",
      "13:34:05",
      "13:49:38",
      "14:04:59",
      "14:19:44",
      "14:34:08",
      "14:49:35",
      "15:03:45",
      "15:18:56",
      "15:33:23",
      "15:48:37",
      "16:02:47",
      "16:18:37",
      "16:34:22",
      "16:50:03",
      "17:05:52",
      "17:20:44",
      "17:36:31",
      "17:51:06",
      "18:06:30",
      "18:20:56",
      "18:36:28",
      "18:52:05",
      "19:07:06",
      "19:22:19",
      "19:37:02",
      "19:51:26",
      "20:05:59",
      "20:20:14",
      "20:34:31",
      "20:48:47",
      "21:03:01",
      "21:17:50",
      "21:32:23",
      "21:47:41",
      "22:02:04"
    ],
    "board": [
      4,
      8,
      11,
      7,
      15,
      0,
      7,
      6,
      1,
      8,
      0,
      0,
      7,
      15,
      5,
      1,
      10,
      10,
      7,
      10,
      12,
      4,
      13,
      7,
      12,
      7,
      13,
      4,
      8,
      15,
      7,
      9,
      5,
      9,
      2,
      9,
      15,
      13,
      14,
      3,
      11,
      7,
      12,
      14,
      4,
      1,
      5,
      11,
      6,
      5,
      9,
      12,
      1,
      1,
      2,
      3,
      15,
      9,
      1,
      8,
      2,
      7,
      9,
      2
    ],
    "alight": [
      5,
      10,
      15,
      9,
      15,
      8,
      3,
      10,
      11,
      7,
      11,
      10,
      10,
      5,
      15,
      0,
      11,
      14,
      5,
      1,
      14,
      9,
      11,
      12,
      1,
      8,
      11,
      14,
      8,
      4,
      7,
      5,
      8,
      8,
      11,
      1,
      8,
      0,
      11,
      8,
      4,
      14,
      3,
      8,
      3,
      13,
      4,
      3,
      5,
      11,
      3,
      12,
      14,
      3,
      15,
      4,
      2,
      5,
      0,
      3,
      6,
      14,
      3,
      15
    ]
  },
  "长岭北路": {
    "time": [
      "06:14:44",
      "06:29:45",
      "06:44:51",
      "07:00:36",
      "07:16:00",
      "07:30:39",
      "07:45:52",
      "08:00:08",
      "08:14:54",
      "08:30:27",
      "08:45:32",
      "09:01:03",
      "09:16:40",
      "09:31:46",
      "09:47:04",
      "10:01:56",
      "10:17:44",
      "10:32:54",
      "10:47:10",
      "11:02:03",
      "11:17:24",
      "11:33:02",
      "11:47:45",
      "12:03:08",
      "12:17:26",
      "12:33:12",
      "12:47:44",
      "13:03:17",
      "13:18:45",
      "13:34:05",
      "13:49:38",
      "14:04:59",
      "14:19:44",
      "14:34:08",
      "14:49:35",
      "15:03:45",
      "15:18:56",
      "15:33:23",
      "15:48:37",
      "16:02:47",
      "16:18:37",
      "16:34:22",
      "16:50:03",
      "17:05:52",
      "17:20:44",
      "17:36:31",
      "17:51:06",
      "18:06:30",
      "18:20:56",
      "18:36:28",
      "18:52:05",
      "19:07:06",
      "19:22:19",
      "19:37:02",
      "19:51:26",
      "20:05:59",
      "20:20:14",
      "20:34:31",
      "20:48:47",
      "21:03:01",
      "21:17:50",
      "21:32:23",
      "21:47:41",
      "22:02:04"
    ],
    "board": [
      6,
      5,
      6,
      8,
      1,
      15,
      1,
      13,
      1,
      9,
      15,
      2,
      14,
      0,
      3,
      4,
      8,
      7,
      10,
      7,
      0,
      13,
      9,
      0,
      4,
      11,
      15,
      15,
      0,
      1,
      4,
      15,
      9,
      0,
      6,
      12,
      3,
      13,
      12,
      6,
      8,
      14,
      0,
      12,
      15,
      1,
      10,
      9,
      6,
      12,
      11,
      6,
      3,
      7,
      9,
      12,
      1,
      15,
      2,
      11,
      7,
      12,
      13,
      5
    ],
    "alight": [
      2,
      0,
      5,
      12,
      8,
      9,
      2,
      15,
      4,
      5,
      0,
      9,
      8,
      3,
      2,
      7,
      2,
      1,
      10,
      7,
      4,
      12,
      11,
      11,
      8,
      12,
      5,
      3,
      2,
      0,
      11,
      7,
      13,
      15,
      2,
      15,
      11,
      6,
      10,
      5,
      13,
      15,
      6,
      6,
      1,
      11,
      8,
      4,
      2,
      2,
      13,
      1,
      10,
      8,
      10,
      11,
      12,
      10,
      5,
      7,
      8,
      0,
      4,
      3
    ]
  },
  "麦丁钢琴学校(美的店)": {
    "time": [
      "06:14:44",
      "06:29:45",
      "06:44:51",
      "07:00:36",
      "07:16:00",
      "07:30:39",
      "07:45:52",
      "08:00:08",
      "08:14:54",
      "08:30:27",
      "08:45:32",
      "09:01:03",
      "09:16:40",
      "09:31:46",
      "09:47:04",
      "10:01:56",
      "10:17:44",
      "10:32:54",
      "10:47:10",
      "11:02:03",
      "11:17:24",
      "11:33:02",
      "11:47:45",
      "12:03:08",
      "12:17:26",
      "12:33:12",
      "12:47:44",
      "13:03:17",
      "13:18:45",
      "13:34:05",
      "13:49:38",
      "14:04:59",
      "14:19:44",
      "14:34:08",
      "14:49:35",
      "15:03:45",
      "15:18:56",
      "15:33:23",
      "15:48:37",
      "16:02:47",
      "16:18:37",
      "16:34:22",
      "16:50:03",
      "17:05:52",
      "17:20:44",
      "17:36:31",
      "17:51:06",
      "18:06:30",
      "18:20:56",
      "18:36:28",
      "18:52:05",
      "19:07:06",
      "19:22:19",
      "19:37:02",
      "19:51:26",
      "20:05:59",
      "20:20:14",
      "20:34:31",
      "20:48:47",
      "21:03:01",
      "21:17:50",
      "21:32:23",
      "21:47:41",
      "22:02:04"
    ],
    "board": [
      7,
      0,
      6,
      13,
      15,
      13,
      8,
      5,
      10,
      4,
      9,
      2,
      14,
      5,
      14,
      9,
      0,
      14,
      5,
      13,
      0,
      7,
      11,
      11,
      7,
      8,
      10,
      13,
      0,
      13,
      12,
      9,
      11,
      7,
      1,
      15,
      1,
      15,
      0,
      13,
      11,
      8,
      5,
      8,
      11,
      9,
      6,
      15,
      14,
      0,
      0,
      11,
      7,
      4,
      15,
      9,
      14,
      3,
      12,
      15,
      12,
      12,
      8,
      0
    ],
    "alight": [
      9,
      13,
      5,
      3,
      0,
      2,
      10,
      11,
      1,
      0,
      8,
      12,
      1,
      15,
      7,
      11,
      3,
      6,
      14,
      4,
      3,
      0,
      15,
      5,
      0,
      10,
      10,
      15,
      12,
      14,
      8,
      15,
      5,
      10,
      12,
      9,
      6,
      4,
      0,
      2,
      5,
      10,
      0,
      15,
      9,
      8,
      5,
      15,
      9,
      15,
      10,
      12,
      7,
      3,
      10,
      3,
      4,
      3,
      6,
      6,
      12,
      11,
      14,
      11
    ]
  },
  "老凯里酸汤鱼(会展城店)": {
    "time": [
      "06:14:44",
      "06:29:45",
      "06:44:51",
      "07:00:36",
      "07:16:00",
      "07:30:39",
      "07:45:52",
      "08:00:08",
      "08:14:54",
      "08:30:27",
      "08:45:32",
      "09:01:03",
      "09:16:40",
      "09:31:46",
      "09:47:04",
      "10:01:56",
      "10:17:44",
      "10:32:54",
      "10:47:10",
      "11:02:03",
      "11:17:24",
      "11:33:02",
      "11:47:45",
      "12:03:08",
      "12:17:26",
      "12:33:12",
      "12:47:44",
      "13:03:17",
      "13:18:45",
      "13:34:05",
      "13:49:38",
      "14:04:59",
      "14:19:44",
      "14:34:08",
      "14:49:35",
      "15:03:45",
      "15:18:56",
      "15:33:23",
      "15:48:37",
      "16:02:47",
      "16:18:37",
      "16:34:22",
      "16:50:03",
      "17:05:52",
      "17:20:44",
      "17:36:31",
      "17:51:06",
      "18:06:30",
      "18:20:56",
      "18:36:28",
      "18:52:05",
      "19:07:06",
      "19:22:19",
      "19:37:02",
      "19:51:26",
      "20:05:59",
      "20:20:14",
      "20:34:31",
      "20:48:47",
      "21:03:01",
      "21:17:50",
      "21:32:23",
      "21:47:41",
      "22:02:04"
    ],
    "board": [
      11,
      11,
      10,
      3,
      14,
      9,
      15,
      3,
      10,
      8,
      14,
      6,
      5,
      0,
      1,
      1,
      11,
      9,
      5,
      0,
      9,
      6,
      8,
      3,
      10,
      15,
      1,
      0,
      8,
      12,
      15,
      13,
      12,
      5,
      3,
      10,
      9,
      12,
      6,
      13,
      15,
      3,
      7,
      13,
      9,
      12,
      6,
      11,
      9,
      3,
      9,
      5,
      12,
      6,
      8,
      2,
      10,
      9,
      11,
      6,
      13,
      7,
      7,
      11
    ],
    "alight": [
      14,
      4,
      13,
      14,
      0,
      10,
      2,
      15,
      6,
      7,
      15,
      0,
      4,
      12,
      6,
      14,
      9,
      11,
      14,
      5,
      9,
      6,
      7,
      10,
      7,
      5,
      3,
      10,
      6,
      7,
      8,
      6,
      1,
      2,
      1,
      10,
      2,
      2,
      0,
      11,
      2,
      6,
      4,
      5,
      11,
      8,
      15,
      9,
      9,
      11,
      4,
      10,
      2,
      10,
      2,
      1,
      5,
      0,
      15,
      13,
      7,
      10,
      5,
      10
    ]
  },
  "解忧炸鸡啤酒屋(长岭阳光店)": {
    "time": [
      "06:14:44",
      "06:29:45",
      "06:44:51",
      "07:00:36",
      "07:16:00",
      "07:30:39",
      "07:45:52",
      "08:00:08",
      "08:14:54",
      "08:30:27",
      "08:45:32",
      "09:01:03",
      "09:16:40",
      "09:31:46",
      "09:47:04",
      "10:01:56",
      "10:17:44",
      "10:32:54",
      "10:47:10",
      "11:02:03",
      "11:17:24",
      "11:33:02",
      "11:47:45",
      "12:03:08",
      "12:17:26",
      "12:33:12",
      "12:47:44",
      "13:03:17",
      "13:18:45",
      "13:34:05",
      "13:49:38",
      "14:04:59",
      "14:19:44",
      "14:34:08",
      "14:49:35",
      "15:03:45",
      "15:18:56",
      "15:33:23",
      "15:48:37",
      "16:02:47",
      "16:18:37",
      "16:34:22",
      "16:50:03",
      "17:05:52",
      "17:20:44",
      "17:36:31",
      "17:51:06",
      "18:06:30",
      "18:20:56",
      "18:36:28",
      "18:52:05",
      "19:07:06",
      "19:22:19",
      "19:37:02",
      "19:51:26",
      "20:05:59",
      "20:20:14",
      "20:34:31",
      "20:48:47",
      "21:03:01",
      "21:17:50",
      "21:32:23",
      "21:47:41",
      "22:02:04"
    ],
    "board": [
      13,
      15,
      15,
      12,
      0,
      8,
      2,
      7,
      1,
      9,
      9,
      3,
      12,
      12,
      13,
      8,
      3,
      8,
      6,
      11,
      8,
      15,
      3,
      10,
      9,
      1,
      2,
      6,
      1,
      9,
      7,
      13,
      15,
      11,
      10,
      0,
      14,
      15,
      8,
      8,
      11,
      15,
      6,
      12,
      0,
      6,
      8,
      7,
      14,
      8,
      4,
      3,
      8,
      11,
      6,
      0,
      11,
      1,
      7,
      14,
      12,
      3,
      6,
      14
    ],
    "alight": [
      6,
      4,
      7,
      9,
      4,
      5,
      8,
      14,
      12,
      12,
      5,
      0,
      3,
      14,
      3,
      13,
      3,
      1,
      0,
      3,
      14,
      11,
      13,
      4,
      11,
      11,
      0,
      13,
      9,
      5,
      5,
      2,
      1,
      14,
      3,
      6,
      1,
      3,
      6,
      4,
      12,
      15,
      3,
      2,
      7,
      14,
      13,
      9,
      1,
      11,
      14,
      2,
      12,
      7,
      10,
      7,
      3,
      7,
      9,
      6,
      14,
      12,
      5,
      6
    ]
  },
  "烧烤(长岭阳光店)": {
    "time": [
      "06:14:44",
      "06:29:45",
      "06:44:51",
      "07:00:36",
      "07:16:00",
      "07:30:39",
      "07:45:52",
      "08:00:08",
      "08:14:54",
      "08:30:27",
      "08:45:32",
      "09:01:03",
      "09:16:40",
      "09:31:46",
      "09:47:04",
      "10:01:56",
      "10:17:44",
      "10:32:54",
      "10:47:10",
      "11:02:03",
      "11:17:24",
      "11:33:02",
      "11:47:45",
      "12:03:08",
      "12:17:26",
      "12:33:12",
      "12:47:44",
      "13:03:17",
      "13:18:45",
      "13:34:05",
      "13:49:38",
      "14:04:59",
      "14:19:44",
      "14:34:08",
      "14:49:35",
      "15:03:45",
      "15:18:56",
      "15:33:23",
      "15:48:37",
      "16:02:47",
      "16:18:37",
      "16:34:22",
      "16:50:03",
      "17:05:52",
      "17:20:44",
      "17:36:31",
      "17:51:06",
      "18:06:30",
      "18:20:56",
      "18:36:28",
      "18:52:05",
      "19:07:06",
      "19:22:19",
      "19:37:02",
      "19:51:26",
      "20:05:59",
      "20:20:14",
      "20:34:31",
      "20:48:47",
      "21:03:01",
      "21:17:50",
      "21:32:23",
      "21:47:41",
      "22:02:04"
    ],
    "board": [
      4,
      5,
      13,
      15,
      15,
      6,
      11,
      15,
      10,
      10,
      9,
      2,
      7,
      8,
      7,
      5,
      6,
      15,
      9,
      0,
      3,
      10,
      5,
      14,
      0,
      14,
      5,
      5,
      3,
      13,
      7,
      0,
      8,
      9,
      0,
      15,
      9,
      3,
      15,
      12,
      10,
      1,
      10,
      7,
      11,
      6,
      11,
      12,
      10,
      2,
      12,
      15,
      0,
      3,
      3,
      5,
      15,
      11,
      10,
      10,
      10,
      7,
      15,
      12
    ],
    "alight": [
      1,
      10,
      7,
      11,
      11,
      3,
      7,
      3,
      10,
      14,
      3,
      15,
      4,
      7,
      13,
      5,
      15,
      9,
      5,
      1,
      0,
      5,
      2,
      10,
      0,
      15,
      11,
      9,
      9,
      4,
      12,
      8,
      4,
      10,
      5,
      13,
      14,
      7,
      9,
      7,
      4,
      0,
      11,
      7,
      14,
      2,
      0,
      2,
      9,
      9,
      14,
      15,
      2,
      4,
      15,
      14,
      1,
      10,
      5,
      11,
      5,
      15,
      14,
      11
    ]
  },
  "临街院门(临街院门)": {
    "time": [
      "06:14:44",
      "06:29:45",
      "06:44:51",
      "07:00:36",
      "07:16:00",
      "07:30:39",
      "07:45:52",
      "08:00:08",
      "08:14:54",
      "08:30:27",
      "08:45:32",
      "09:01:03",
      "09:16:40",
      "09:31:46",
      "09:47:04",
      "10:01:56",
      "10:17:44",
      "10:32:54",
      "10:47:10",
      "11:02:03",
      "11:17:24",
      "11:33:02",
      "11:47:45",
      "12:03:08",
      "12:17:26",
      "12:33:12",
      "12:47:44",
      "13:03:17",
      "13:18:45",
      "13:34:05",
      "13:49:38",
      "14:04:59",
      "14:19:44",
      "14:34:08",
      "14:49:35",
      "15:03:45",
      "15:18:56",
      "15:33:23",
      "15:48:37",
      "16:02:47",
      "16:18:37",
      "16:34:22",
      "16:50:03",
      "17:05:52",
      "17:20:44",
      "17:36:31",
      "17:51:06",
      "18:06:30",
      "18:20:56",
      "18:36:28",
      "18:52:05",
      "19:07:06",
      "19:22:19",
      "19:37:02",
      "19:51:26",
      "20:05:59",
      "20:20:14",
      "20:34:31",
      "20:48:47",
      "21:03:01",
      "21:17:50",
      "21:32:23",
      "21:47:41",
      "22:02:04"
    ],
    "board": [
      9,
      8,
      14,
      4,
      15,
      2,
      0,
      3,
      0,
      1,
      13,
      14,
      4,
      3,
      10,
      9,
      11,
      0,
      11,
      3,
      2,
      13,
      1,
      0,
      0,
      6,
      4,
      2,
      2,
      13,
      11,
      13,
      8,
      7,
      5,
      3,
      0,
      8,
      11,
      3,
      6,
      15,
      5,
      7,
      11,
      0,
      14,
      2,
      2,
      9,
      11,
      8,
      2,
      4,
      0,
      4,
      12,
      12,
      5,
      9,
      15,
      10,
      3,
      5
    ],
    "alight": [
      3,
      15,
      1,
      15,
      4,
      13,
      11,
      14,
      10,
      12,
      10,
      3,
      0,
      0,
      8,
      1,
      15,
      9,
      13,
      0,
      3,
      1,
      12,
      5,
      1,
      15,
      1,
      7,
      2,
      13,
      14,
      10,
      0,
      0,
      1,
      5,
      15,
      0,
      2,
      8,
      9,
      14,
      3,
      5,
      7,
      15,
      8,
      0,
      11,
      1,
      7,
      12,
      0,
      13,
      14,
      14,
      5,
      2,
      1,
      1,
      4,
      8,
      8,
      13
    ]
  },
  "东风启辰白云专营店": {
    "time": [
      "06:14:44",
      "06:29:45",
      "06:44:51",
      "07:00:36",
      "07:16:00",
      "07:30:39",
      "07:45:52",
      "08:00:08",
      "08:14:54",
      "08:30:27",
      "08:45:32",
      "09:01:03",
      "09:16:40",
      "09:31:46",
      "09:47:04",
      "10:01:56",
      "10:17:44",
      "10:32:54",
      "10:47:10",
      "11:02:03",
      "11:17:24",
      "11:33:02",
      "11:47:45",
      "12:03:08",
      "12:17:26",
      "12:33:12",
      "12:47:44",
      "13:03:17",
      "13:18:45",
      "13:34:05",
      "13:49:38",
      "14:04:59",
      "14:19:44",
      "14:34:08",
      "14:49:35",
      "15:03:45",
      "15:18:56",
      "15:33:23",
      "15:48:37",
      "16:02:47",
      "16:18:37",
      "16:34:22",
      "16:50:03",
      "17:05:52",
      "17:20:44",
      "17:36:31",
      "17:51:06",
      "18:06:30",
      "18:20:56",
      "18:36:28",
      "18:52:05",
      "19:07:06",
      "19:22:19",
      "19:37:02",
      "19:51:26",
      "20:05:59",
      "20:20:14",
      "20:34:31",
      "20:48:47",
      "21:03:01",
      "21:17:50",
      "21:32:23",
      "21:47:41",
      "22:02:04"
    ],
    "board": [
      3,
      1,
      8,
      2,
      12,
      14,
      6,
      12,
      3,
      5,
      12,
      0,
      9,
      9,
      1,
      6,
      1,
      15,
      15,
      8,
      9,
      5,
      1,
      5,
      2,
      12,
      11,
      6,
      8,
      12,
      7,
      10,
      14,
      12,
      11,
      1,
      14,
      4,
      14,
      4,
      10,
      2,
      6,
      10,
      2,
      10,
      1,
      11,
      11,
      12,
      9,
      0,
      9,
      13,
      1,
      12,
      5,
      8,
      13,
      12,
      6,
      8,
      7,
      5
    ],
    "alight": [
      10,
      3,
      10,
      14,
      6,
      5,
      6,
      3,
      4,
      15,
      5,
      3,
      13,
      0,
      13,
      10,
      14,
      2,
      12,
      10,
      5,
      12,
      15,
      5,
      3,
      14,
      3,
      15,
      9,
      6,
      12,
      6,
      15,
      6,
      15,
      2,
      5,
      5,
      7,
      9,
      1,
      13,
      10,
      2,
      6,
      13,
      0,
      13,
      9,
      10,
      5,
      1,
      15,
      15,
      9,
      15,
      14,
      8,
      6,
      0,
      2,
      10,
      8,
      5
    ]
  },
  "老凯里牛滚烫(云城尚品店)": {
    "time": [
      "06:14:44",
      "06:29:45",
      "06:44:51",
      "07:00:36",
      "07:16:00",
      "07:30:39",
      "07:45:52",
      "08:00:08",
      "08:14:54",
      "08:30:27",
      "08:45:32",
      "09:01:03",
      "09:16:40",
      "09:31:46",
      "09:47:04",
      "10:01:56",
      "10:17:44",
      "10:32:54",
      "10:47:10",
      "11:02:03",
      "11:17:24",
      "11:33:02",
      "11:47:45",
      "12:03:08",
      "12:17:26",
      "12:33:12",
      "12:47:44",
      "13:03:17",
      "13:18:45",
      "13:34:05",
      "13:49:38",
      "14:04:59",
      "14:19:44",
      "14:34:08",
      "14:49:35",
      "15:03:45",
      "15:18:56",
      "15:33:23",
      "15:48:37",
      "16:02:47",
      "16:18:37",
      "16:34:22",
      "16:50:03",
      "17:05:52",
      "17:20:44",
      "17:36:31",
      "17:51:06",
      "18:06:30",
      "18:20:56",
      "18:36:28",
      "18:52:05",
      "19:07:06",
      "19:22:19",
      "19:37:02",
      "19:51:26",
      "20:05:59",
      "20:20:14",
      "20:34:31",
      "20:48:47",
      "21:03:01",
      "21:17:50",
      "21:32:23",
      "21:47:41",
      "22:02:04"
    ],
    "board": [
      4,
      9,
      6,
      11,
      13,
      0,
      3,
      5,
      8,
      3,
      5,
      12,
      15,
      10,
      9,
      13,
      8,
      10,
      11,
      14,
      11,
      8,
      10,
      9,
      11,
      7,
      11,
      10,
      9,
      9,
      9,
      7,
      13,
      7,
      6,
      8,
      1,
      2,
      15,
      13,
      12,
      10,
      6,
      5,
      11,
      11,
      2,
      5,
      11,
      4,
      10,
      14,
      9,
      0,
      12,
      5,
      15,
      4,
      14,
      13,
      6,
      10,
      2,
      9
    ],
    "alight": [
      1,
      11,
      8,
      11,
      14,
      10,
      15,
      10,
      11,
      15,
      4,
      14,
      8,
      2,
      13,
      1,
      12,
      3,
      15,
      5,
      9,
      11,
      12,
      1,
      0,
      1,
      7,
      12,
      0,
      1,
      5,
      10,
      11,
      12,
      10,
      12,
      11,
      13,
      10,
      7,
      6,
      15,
      4,
      9,
      8,
      12,
      6,
      10,
      7,
      1,
      14,
      11,
      15,
      11,
      8,
      4,
      10,
      6,
      15,
      5,
      12,
      10,
      6,
      8
    ]
  },
  "七冶博盛泰和大厦项目部": {
    "time": [
      "06:14:44",
      "06:29:45",
      "06:44:51",
      "07:00:36",
      "07:16:00",
      "07:30:39",
      "07:45:52",
      "08:00:08",
      "08:14:54",
      "08:30:27",
      "08:45:32",
      "09:01:03",
      "09:16:40",
      "09:31:46",
      "09:47:04",
      "10:01:56",
      "10:17:44",
      "10:32:54",
      "10:47:10",
      "11:02:03",
      "11:17:24",
      "11:33:02",
      "11:47:45",
      "12:03:08",
      "12:17:26",
      "12:33:12",
      "12:47:44",
      "13:03:17",
      "13:18:45",
      "13:34:05",
      "13:49:38",
      "14:04:59",
      "14:19:44",
      "14:34:08",
      "14:49:35",
      "15:03:45",
      "15:18:56",
      "15:33:23",
      "15:48:37",
      "16:02:47",
      "16:18:37",
      "16:34:22",
      "16:50:03",
      "17:05:52",
      "17:20:44",
      "17:36:31",
      "17:51:06",
      "18:06:30",
      "18:20:56",
      "18:36:28",
      "18:52:05",
      "19:07:06",
      "19:22:19",
      "19:37:02",
      "19:51:26",
      "20:05:59",
      "20:20:14",
      "20:34:31",
      "20:48:47",
      "21:03:01",
      "21:17:50",
      "21:32:23",
      "21:47:41",
      "22:02:04"
    ],
    "board": [
      4,
      14,
      4,
      3,
      9,
      6,
      9,
      0,
      8,
      10,
      2,
      2,
      10,
      8,
      9,
      13,
      5,
      10,
      2,
      7,
      13,
      9,
      10,
      5,
      1,
      2,
      14,
      8,
      12,
      11,
      7,
      11,
      11,
      2,
      5,
      6,
      9,
      3,
      6,
      4,
      1,
      12,
      12,
      9,
      11,
      11,
      4,
      2,
      1,
      15,
      13,
      8,
      10,
      4,
      10,
      0,
      1,
      8,
      1,
      7,
      5,
      15,
      2,
      0
    ],
    "alight": [
      6,
      14,
      3,
      9,
      5,
      12,
      14,
      14,
      5,
      11,
      5,
      8,
      5,
      4,
      4,
      3,
      12,
      9,
      13,
      8,
      7,
      14,
      5,
      14,
      3,
      15,
      7,
      4,
      11,
      0,
      7,
      11,
      8,
      5,
      15,
      10,
      14,
      1,
      2,
      1,
      12,
      2,
      10,
      9,
      9,
      3,
      13,
      1,
      9,
      14,
      6,
      12,
      5,
      5,
      5,
      6,
      6,
      9,
      13,
      8,
      9,
      3,
      6,
      12
    ]
  },
  "恒兴商业广场": {
    "time": [
      "06:14:44",
      "06:29:45",
      "06:44:51",
      "07:00:36",
      "07:16:00",
      "07:30:39",
      "07:45:52",
      "08:00:08",
      "08:14:54",
      "08:30:27",
      "08:45:32",
      "09:01:03",
      "09:16:40",
      "09:31:46",
      "09:47:04",
      "10:01:56",
      "10:17:44",
      "10:32:54",
      "10:47:10",
      "11:02:03",
      "11:17:24",
      "11:33:02",
      "11:47:45",
      "12:03:08",
      "12:17:26",
      "12:33:12",
      "12:47:44",
      "13:03:17",
      "13:18:45",
      "13:34:05",
      "13:49:38",
      "14:04:59",
      "14:19:44",
      "14:34:08",
      "14:49:35",
      "15:03:45",
      "15:18:56",
      "15:33:23",
      "15:48:37",
      "16:02:47",
      "16:18:37",
      "16:34:22",
      "16:50:03",
      "17:05:52",
      "17:20:44",
      "17:36:31",
      "17:51:06",
      "18:06:30",
      "18:20:56",
      "18:36:28",
      "18:52:05",
      "19:07:06",
      "19:22:19",
      "19:37:02",
      "19:51:26",
      "20:05:59",
      "20:20:14",
      "20:34:31",
      "20:48:47",
      "21:03:01",
      "21:17:50",
      "21:32:23",
      "21:47:41",
      "22:02:04"
    ],
    "board": [
      5,
      6,
      7,
      4,
      10,
      4,
      9,
      14,
      6,
      13,
      7,
      9,
      4,
      7,
      2,
      5,
      6,
      0,
      0,
      0,
      11,
      10,
      14,
      8,
      0,
      4,
      9,
      3,
      9,
      0,
      11,
      7,
      1,
      3,
      11,
      6,
      8,
      5,
      12,
      3,
      7,
      6,
      7,
      5,
      10,
      6,
      11,
      14,
      1,
      0,
      10,
      13,
      5,
      15,
      14,
      10,
      8,
      15,
      9,
      10,
      10,
      14,
      3,
      13
    ],
    "alight": [
      4,
      7,
      1,
      1,
      0,
      7,
      5,
      8,
      10,
      1,
      10,
      1,
      15,
      15,
      13,
      13,
      4,
      11,
      4,
      5,
      0,
      9,
      0,
      3,
      6,
      11,
      7,
      9,
      1,
      3,
      1,
      2,
      5,
      11,
      14,
      6,
      9,
      2,
      12,
      1,
      2,
      11,
      6,
      10,
      0,
      8,
      1,
      6,
      0,
      0,
      12,
      15,
      14,
      10,
      0,
      6,
      10,
      7,
      13,
      6,
      9,
      13,
      13,
      14
    ]
  },
  "南湖幼儿园(育才路)": {
    "time": [
      "06:14:44",
      "06:29:45",
      "06:44:51",
      "07:00:36",
      "07:16:00",
      "07:30:39",
      "07:45:52",
      "08:00:08",
      "08:14:54",
      "08:30:27",
      "08:45:32",
      "09:01:03",
      "09:16:40",
      "09:31:46",
      "09:47:04",
      "10:01:56",
      "10:17:44",
      "10:32:54",
      "10:47:10",
      "11:02:03",
      "11:17:24",
      "11:33:02",
      "11:47:45",
      "12:03:08",
      "12:17:26",
      "12:33:12",
      "12:47:44",
      "13:03:17",
      "13:18:45",
      "13:34:05",
      "13:49:38",
      "14:04:59",
      "14:19:44",
      "14:34:08",
      "14:49:35",
      "15:03:45",
      "15:18:56",
      "15:33:23",
      "15:48:37",
      "16:02:47",
      "16:18:37",
      "16:34:22",
      "16:50:03",
      "17:05:52",
      "17:20:44",
      "17:36:31",
      "17:51:06",
      "18:06:30",
      "18:20:56",
      "18:36:28",
      "18:52:05",
      "19:07:06",
      "19:22:19",
      "19:37:02",
      "19:51:26",
      "20:05:59",
      "20:20:14",
      "20:34:31",
      "20:48:47",
      "21:03:01",
      "21:17:50",
      "21:32:23",
      "21:47:41",
      "22:02:04"
    ],
    "board": [
      0,
      0,
      0,
      0,
      0,
      0,
      0,
      0,
      0,
      0,
      0,
      0,
      5,
      0,
      0,
      0,
      0,
      0,
      0,
      0,
      0,
      0,
      0,
      0,
      0,
      3,
      0,
      0,
      0,
      0,
      0,
      0,
      0,
      0,
      0,
      0,
      0,
      1,
      0,
      0,
      0,
      3,
      0,
      0,
      0,
      0,
      0,
      0,
      0,
      0,
      0,
      0,
      0,
      5,
      0,
      0,
      0,
      0,
      0,
      0,
      0,
      0,
      0,
      0
    ],
    "alight": [
      12,
      0,
      2,
      8,
      11,
      8,
      9,
      14,
      14,
      14,
      3,
      13,
      15,
      2,
      15,
      6,
      10,
      2,
      9,
      3,
      4,
      3,
      3,
      9,
      5,
      10,
      12,
      7,
      10,
      6,
      7,
      5,
      4,
      5,
      8,
      13,
      3,
      8,
      4,
      14,
      12,
      1,
      5,
      3,
      5,
      13,
      3,
      12,
      8,
      12,
      3,
      5,
      3,
      6,
      14,
      15,
      1,
      5,
      3,
      7,
      14,
      14,
      15,
      5
    ]
  },
  "贵阳市白云区城市管理局": {
    "time": [
      "06:14:44",
      "06:29:45",
      "06:44:51",
      "07:00:36",
      "07:16:00",
      "07:30:39",
      "07:45:52",
      "08:00:08",
      "08:14:54",
      "08:30:27",
      "08:45:32",
      "09:01:03",
      "09:16:40",
      "09:31:46",
      "09:47:04",
      "10:01:56",
      "10:17:44",
      "10:32:54",
      "10:47:10",
      "11:02:03",
      "11:17:24",
      "11:33:02",
      "11:47:45",
      "12:03:08",
      "12:17:26",
      "12:33:12",
      "12:47:44",
      "13:03:17",
      "13:18:45",
      "13:34:05",
      "13:49:38",
      "14:04:59",
      "14:19:44",
      "14:34:08",
      "14:49:35",
      "15:03:45",
      "15:18:56",
      "15:33:23",
      "15:48:37",
      "16:02:47",
      "16:18:37",
      "16:34:22",
      "16:50:03",
      "17:05:52",
      "17:20:44",
      "17:36:31",
      "17:51:06",
      "18:06:30",
      "18:20:56",
      "18:36:28",
      "18:52:05",
      "19:07:06",
      "19:22:19",
      "19:37:02",
      "19:51:26",
      "20:05:59",
      "20:20:14",
      "20:34:31",
      "20:48:47",
      "21:03:01",
      "21:17:50",
      "21:32:23",
      "21:47:41",
      "22:02:04"
    ],
    "board": [
      0,
      0,
      0,
      0,
      0,
      0,
      0,
      0,
      0,
      0,
      0,
      0,
      0,
      0,
      0,
      0,
      0,
      0,
      0,
      0,
      0,
      0,
      0,
      0,
      1,
      0,
      0,
      0,
      0,
      0,
      0,
      0,
      0,
      0,
      0,
      0,
      0,
      0,
      0,
      0,
      0,
      0,
      0,
      0,
      0,
      0,
      0,
      0,
      3,
      0,
      0,
      0,
      0,
      0,
      0,
      0,
      0,
      0,
      0,
      0,
      0,
      0,
      0,
      0
    ],
    "alight": [
      0,
      2,
      7,
      13,
      12,
      3,
      14,
      3,
      11,
      9,
      1,
      1,
      12,
      3,
      15,
      1,
      11,
      3,
      14,
      0,
      6,
      1,
      13,
      2,
      3,
      2,
      2,
      10,
      4,
      1,
      12,
      7,
      8,
      5,
      7,
      11,
      13,
      7,
      15,
      5,
      7,
      0,
      7,
      9,
      0,
      4,
      0,
      14,
      5,
      14,
      10,
      11,
      4,
      10,
      13,
      11,
      0,
      7,
      3,
      4,
      3,
      13,
      14,
      6
    ]
  },
  "警邮交通管理服务站": {
    "time": [
      "06:14:44",
      "06:29:45",
      "06:44:51",
      "07:00:36",
      "07:16:00",
      "07:30:39",
      "07:45:52",
      "08:00:08",
      "08:14:54",
      "08:30:27",
      "08:45:32",
      "09:01:03",
      "09:16:40",
      "09:31:46",
      "09:47:04",
      "10:01:56",
      "10:17:44",
      "10:32:54",
      "10:47:10",
      "11:02:03",
      "11:17:24",
      "11:33:02",
      "11:47:45",
      "12:03:08",
      "12:17:26",
      "12:33:12",
      "12:47:44",
      "13:03:17",
      "13:18:45",
      "13:34:05",
      "13:49:38",
      "14:04:59",
      "14:19:44",
      "14:34:08",
      "14:49:35",
      "15:03:45",
      "15:18:56",
      "15:33:23",
      "15:48:37",
      "16:02:47",
      "16:18:37",
      "16:34:22",
      "16:50:03",
      "17:05:52",
      "17:20:44",
      "17:36:31",
      "17:51:06",
      "18:06:30",
      "18:20:56",
      "18:36:28",
      "18:52:05",
      "19:07:06",
      "19:22:19",
      "19:37:02",
      "19:51:26",
      "20:05:59",
      "20:20:14",
      "20:34:31",
      "20:48:47",
      "21:03:01",
      "21:17:50",
      "21:32:23",
      "21:47:41",
      "22:02:04"
    ],
    "board": [
      0,
      0,
      0,
      0,
      0,
      0,
      0,
      0,
      0,
      0,
      0,
      0,
      0,
      0,
      0,
      0,
      0,
      0,
      0,
      0,
      0,
      0,
      0,
      0,
      1,
      0,
      0,
      0,
      3,
      0,
      0,
      0,
      0,
      0,
      0,
      0,
      0,
      0,
      0,
      0,
      0,
      0,
      0,
      0,
      0,
      0,
      0,
      0,
      0,
      0,
      0,
      0,
      0,
      0,
      0,
      0,
      0,
      0,
      3,
      0,
      0,
      0,
      0,
      0
    ],
    "alight": [
      8,
      12,
      13,
      10,
      1,
      6,
      6,
      0,
      12,
      1,
      13,
      5,
      11,
      12,
      3,
      1,
      15,
      3,
      7,
      4,
      13,
      10,
      14,
      5,
      3,
      0,
      3,
      2,
      10,
      10,
      3,
      2,
      7,
      0,
      6,
      3,
      4,
      14,
      6,
      10,
      6,
      10,
      12,
      2,
      1,
      7,
      14,
      3,
      2,
      12,
      9,
      9,
      15,
      9,
      7,
      1,
      15,
      7,
      10,
      6,
      2,
      4,
      9,
      1
    ]
  },
  "息烽阳朗辣子鸡(马掌坡店)": {
    "time": [
      "06:14:44",
      "06:29:45",
      "06:44:51",
      "07:00:36",
      "07:16:00",
      "07:30:39",
      "07:45:52",
      "08:00:08",
      "08:14:54",
      "08:30:27",
      "08:45:32",
      "09:01:03",
      "09:16:40",
      "09:31:46",
      "09:47:04",
      "10:01:56",
      "10:17:44",
      "10:32:54",
      "10:47:10",
      "11:02:03",
      "11:17:24",
      "11:33:02",
      "11:47:45",
      "12:03:08",
      "12:17:26",
      "12:33:12",
      "12:47:44",
      "13:03:17",
      "13:18:45",
      "13:34:05",
      "13:49:38",
      "14:04:59",
      "14:19:44",
      "14:34:08",
      "14:49:35",
      "15:03:45",
      "15:18:56",
      "15:33:23",
      "15:48:37",
      "16:02:47",
      "16:18:37",
      "16:34:22",
      "16:50:03",
      "17:05:52",
      "17:20:44",
      "17:36:31",
      "17:51:06",
      "18:06:30",
      "18:20:56",
      "18:36:28",
      "18:52:05",
      "19:07:06",
      "19:22:19",
      "19:37:02",
      "19:51:26",
      "20:05:59",
      "20:20:14",
      "20:34:31",
      "20:48:47",
      "21:03:01",
      "21:17:50",
      "21:32:23",
      "21:47:41",
      "22:02:04"
    ],
    "board": [
      0,
      0,
      0,
      0,
      0,
      0,
      0,
      0,
      0,
      0,
      0,
      0,
      0,
      0,
      0,
      0,
      0,
      0,
      0,
      0,
      0,
      0,
      0,
      0,
      0,
      0,
      0,
      0,
      0,
      0,
      0,
      0,
      0,
      0,
      0,
      0,
      0,
      0,
      0,
      0,
      0,
      0,
      0,
      0,
      0,
      0,
      0,
      0,
      0,
      0,
      0,
      0,
      0,
      0,
      0,
      0,
      0,
      0,
      0,
      0,
      0,
      0,
      0,
      0
    ],
    "alight": [
      15,
      4,
      12,
      13,
      12,
      8,
      4,
      2,
      11,
      0,
      3,
      14,
      0,
      15,
      6,
      6,
      6,
      15,
      15,
      0,
      9,
      5,
      2,
      3,
      12,
      10,
      15,
      6,
      7,
      4,
      6,
      1,
      0,
      15,
      3,
      15,
      2,
      5,
      8,
      9,
      9,
      8,
      0,
      14,
      2,
      6,
      5,
      10,
      0,
      4,
      10,
      12,
      8,
      9,
      2,
      7,
      1,
      13,
      10,
      8,
      1,
      9,
      15,
      11
    ]
  },
  "贵众合力蛋糕(伊顿公馆十五分店)": {
    "time": [
      "06:14:44",
      "06:29:45",
      "06:44:51",
      "07:00:36",
      "07:16:00",
      "07:30:39",
      "07:45:52",
      "08:00:08",
      "08:14:54",
      "08:30:27",
      "08:45:32",
      "09:01:03",
      "09:16:40",
      "09:31:46",
      "09:47:04",
      "10:01:56",
      "10:17:44",
      "10:32:54",
      "10:47:10",
      "11:02:03",
      "11:17:24",
      "11:33:02",
      "11:47:45",
      "12:03:08",
      "12:17:26",
      "12:33:12",
      "12:47:44",
      "13:03:17",
      "13:18:45",
      "13:34:05",
      "13:49:38",
      "14:04:59",
      "14:19:44",
      "14:34:08",
      "14:49:35",
      "15:03:45",
      "15:18:56",
      "15:33:23",
      "15:48:37",
      "16:02:47",
      "16:18:37",
      "16:34:22",
      "16:50:03",
      "17:05:52",
      "17:20:44",
      "17:36:31",
      "17:51:06",
      "18:06:30",
      "18:20:56",
      "18:36:28",
      "18:52:05",
      "19:07:06",
      "19:22:19",
      "19:37:02",
      "19:51:26",
      "20:05:59",
      "20:20:14",
      "20:34:31",
      "20:48:47",
      "21:03:01",
      "21:17:50",
      "21:32:23",
      "21:47:41",
      "22:02:04"
    ],
    "board": [
      0,
      0,
      0,
      0,
      0,
      0,
      0,
      0,
      0,
      0,
      0,
      0,
      0,
      0,
      0,
      0,
      0,
      0,
      0,
      0,
      0,
      0,
      0,
      0,
      0,
      0,
      0,
      0,
      0,
      0,
      0,
      0,
      0,
      0,
      0,
      0,
      0,
      0,
      0,
      0,
      0,
      0,
      0,
      0,
      0,
      0,
      0,
      0,
      0,
      0,
      0,
      0,
      0,
      0,
      0,
      0,
      0,
      0,
      0,
      0,
      0,
      0,
      0,
      0
    ],
    "alight": [
      8,
      0,
      4,
      0,
      2,
      6,
      14,
      0,
      5,
      4,
      7,
      0,
      15,
      5,
      14,
      10,
      10,
      14,
      10,
      12,
      2,
      5,
      4,
      6,
      10,
      15,
      12,
      9,
      2,
      2,
      12,
      5,
      10,
      5,
      10,
      15,
      2,
      10,
      4,
      9,
      9,
      10,
      2,
      5,
      11,
      6,
      7,
      5,
      11,
      14,
      12,
      7,
      13,
      9,
      12,
      9,
      9,
      1,
      3,
      5,
      10,
      5,
      11,
      15
    ]
  }
}