{
  "up": {
    "1": "贵遵路",
    "2": "夏木公园",
    "3": "云岩富民村镇银行三桥支行",
    "4": "金叶物流市场",
    "5": "党建文化进百院啤酒厂宿舍",
    "6": "中国建设银行(三桥支行)",
    "7": "书亦烧仙草(花果园U1区店)",
    "8": "美食城",
    "9": "栖凤路",
    "10": "圣德汽修(东南门)",
    "11": "侗寨风雨桥",
    "12": "贵阳阿哈湖国家湿地公园-杜鹃花谷",
    "13": "贵州新世纪中专挖掘机学校",
    "14": "贵州省水稻研究所",
    "15": "盘山路",
    "16": "贵州省农业科学院现代农业发展研究所",
    "17": "贵阳市花溪区三合中学教师办公室",
    "18": "贵安大道",
    "19": "贵安大道辅路",
    "20": "联塑管道(贵安大道店)",
    "21": "金东国际",
    "22": "贵阳阳静园宾馆",
    "23": "石板镇人民政府",
    "24": "隆昌坡",
    "25": "天河潭(地铁站)",
    "26": "太阳广场",
    "27": "摆顶",
    "28": "贵州海砼商品混凝土有限公司",
    "29": "001县道",
    "30": "车田铁路桥"
  },
  "down": {
    "31": "车田铁路桥",
    "32": "001县道",
    "33": "贵州海砼商品混凝土有限公司",
    "34": "摆顶",
    "35": "太阳广场",
    "36": "天河潭(地铁站)",
    "37": "隆昌坡",
    "38": "石板镇人民政府",
    "39": "贵阳阳静园宾馆",
    "40": "金东国际",
    "41": "联塑管道(贵安大道店)",
    "42": "贵安大道辅路",
    "43": "贵安大道",
    "44": "贵阳市花溪区三合中学教师办公室",
    "45": "贵州省农业科学院现代农业发展研究所",
    "46": "盘山路",
    "47": "贵州省水稻研究所",
    "48": "贵州新世纪中专挖掘机学校",
    "49": "贵阳阿哈湖国家湿地公园-杜鹃花谷",
    "50": "侗寨风雨桥",
    "51": "圣德汽修(东南门)",
    "52": "栖凤路",
    "53": "美食城",
    "54": "书亦烧仙草(花果园U1区店)",
    "55": "中国建设银行(三桥支行)",
    "56": "党建文化进百院啤酒厂宿舍",
    "57": "金叶物流市场",
    "58": "云岩富民村镇银行三桥支行",
    "59": "夏木公园",
    "60": "贵遵路"
  }
}