{
  "贵遵路": 690,
  "夏木公园": 405,
  "云岩富民村镇银行三桥支行": 926,
  "金叶物流市场": 602,
  "党建文化进百院啤酒厂宿舍": 521,
  "中国建设银行(三桥支行)": 1501,
  "书亦烧仙草(花果园U1区店)": 508,
  "美食城": 488,
  "栖凤路": 620,
  "圣德汽修(东南门)": 553,
  "侗寨风雨桥": 771,
  "贵阳阿哈湖国家湿地公园-杜鹃花谷": 2119,
  "贵州新世纪中专挖掘机学校": 1478,
  "贵州省水稻研究所": 416,
  "盘山路": 436,
  "贵州省农业科学院现代农业发展研究所": 1407,
  "贵阳市花溪区三合中学教师办公室": 2227,
  "贵安大道": 971,
  "贵安大道辅路": 756,
  "联塑管道(贵安大道店)": 966,
  "金东国际": 408,
  "贵阳阳静园宾馆": 1248,
  "石板镇人民政府": 830,
  "隆昌坡": 592,
  "天河潭(地铁站)": 592,
  "太阳广场": 549,
  "摆顶": 1589,
  "贵州海砼商品混凝土有限公司": 511,
  "001县道": 602
}