{
  "up": {
    "贵遵路": 1,
    "夏木公园": 2,
    "云岩富民村镇银行三桥支行": 3,
    "金叶物流市场": 4,
    "党建文化进百院啤酒厂宿舍": 5,
    "中国建设银行(三桥支行)": 6,
    "书亦烧仙草(花果园U1区店)": 7,
    "美食城": 8,
    "栖凤路": 9,
    "圣德汽修(东南门)": 10,
    "侗寨风雨桥": 11,
    "贵阳阿哈湖国家湿地公园-杜鹃花谷": 12,
    "贵州新世纪中专挖掘机学校": 13,
    "贵州省水稻研究所": 14,
    "盘山路": 15,
    "贵州省农业科学院现代农业发展研究所": 16,
    "贵阳市花溪区三合中学教师办公室": 17,
    "贵安大道": 18,
    "贵安大道辅路": 19,
    "联塑管道(贵安大道店)": 20,
    "金东国际": 21,
    "贵阳阳静园宾馆": 22,
    "石板镇人民政府": 23,
    "隆昌坡": 24,
    "天河潭(地铁站)": 25,
    "太阳广场": 26,
    "摆顶": 27,
    "贵州海砼商品混凝土有限公司": 28,
    "001县道": 29,
    "车田铁路桥": 30
  },
  "down": {
    "车田铁路桥": 31,
    "001县道": 32,
    "贵州海砼商品混凝土有限公司": 33,
    "摆顶": 34,
    "太阳广场": 35,
    "天河潭(地铁站)": 36,
    "隆昌坡": 37,
    "石板镇人民政府": 38,
    "贵阳阳静园宾馆": 39,
    "金东国际": 40,
    "联塑管道(贵安大道店)": 41,
    "贵安大道辅路": 42,
    "贵安大道": 43,
    "贵阳市花溪区三合中学教师办公室": 44,
    "贵州省农业科学院现代农业发展研究所": 45,
    "盘山路": 46,
    "贵州省水稻研究所": 47,
    "贵州新世纪中专挖掘机学校": 48,
    "贵阳阿哈湖国家湿地公园-杜鹃花谷": 49,
    "侗寨风雨桥": 50,
    "圣德汽修(东南门)": 51,
    "栖凤路": 52,
    "美食城": 53,
    "书亦烧仙草(花果园U1区店)": 54,
    "中国建设银行(三桥支行)": 55,
    "党建文化进百院啤酒厂宿舍": 56,
    "金叶物流市场": 57,
    "云岩富民村镇银行三桥支行": 58,
    "夏木公园": 59,
    "贵遵路": 60
  }
}