{
  "车田铁路桥": 675,
  "001县道": 584,
  "贵州海砼商品混凝土有限公司": 1662,
  "摆顶": 622,
  "太阳广场": 665,
  "天河潭(地铁站)": 665,
  "隆昌坡": 903,
  "石板镇人民政府": 1321,
  "贵阳阳静园宾馆": 481,
  "金东国际": 1039,
  "联塑管道(贵安大道店)": 829,
  "贵安大道辅路": 1044,
  "贵安大道": 2300,
  "贵阳市花溪区三合中学教师办公室": 1480,
  "贵州省农业科学院现代农业发展研究所": 509,
  "盘山路": 489,
  "贵州省水稻研究所": 1551,
  "贵州新世纪中专挖掘机学校": 2192,
  "贵阳阿哈湖国家湿地公园-杜鹃花谷": 844,
  "侗寨风雨桥": 626,
  "圣德汽修(东南门)": 693,
  "栖凤路": 561,
  "美食城": 581,
  "书亦烧仙草(花果园U1区店)": 1574,
  "中国建设银行(三桥支行)": 594,
  "党建文化进百院啤酒厂宿舍": 675,
  "金叶物流市场": 999,
  "云岩富民村镇银行三桥支行": 478,
  "夏木公园": 763
}