{
  "乡村小厨": 531,
  "精灵幼儿园": 529,
  "广东石磨肠粉": 622,
  "美食城": 719,
  "盛世旅社": 620,
  "羊城西饼(小车河店)": 553,
  "侗寨风雨桥": 771,
  "贵阳市渣土管理处": 2119,
  "恒达传媒工程部": 1478,
  "油料研究所": 416,
  "齿轮厂家属区": 436,
  "中共贵州省旱粮(高粱)研究所委员会": 1407,
  "东方驾校科目三考场": 2227,
  "花溪区石板镇羊龙小学": 971,
  "郁金香智能健康晾衣机": 756,
  "贵州富力门配装饰材料有限公司": 966,
  "超众电子秤厂家直销": 408,
  "贵安大道辅路": 1248,
  "中共花溪第四中学支部委员会": 481,
  "优品驿站供应链有限公司": 689,
  "贵州科特成保温建材有限公司": 882,
  "朱大侠农场": 1670,
  "天河大道口(招呼站)(公交站)": 491,
  "产投高科创新孵化中心": 589,
  "贵州产投贵安新区科技产业园建设投资有限公司": 945,
  "桃子洼(公交站)": 605,
  "溪婷生态草莓园": 2037,
  "北京师范大学贵安新区附属学校": 414,
  "贵安山语城": 536,
  "贵安时代城市花园": 637,
  "中国铁建花语墅": 601,
  "贵州医科大学附属医院贵安医院(南门)": 1196,
  "人民大道": 3669
}