{
  "up": {
    "乡村小厨": 1,
    "精灵幼儿园": 2,
    "广东石磨肠粉": 3,
    "美食城": 4,
    "盛世旅社": 5,
    "羊城西饼(小车河店)": 6,
    "侗寨风雨桥": 7,
    "贵阳市渣土管理处": 8,
    "恒达传媒工程部": 9,
    "油料研究所": 10,
    "齿轮厂家属区": 11,
    "中共贵州省旱粮(高粱)研究所委员会": 12,
    "东方驾校科目三考场": 13,
    "花溪区石板镇羊龙小学": 14,
    "郁金香智能健康晾衣机": 15,
    "贵州富力门配装饰材料有限公司": 16,
    "超众电子秤厂家直销": 17,
    "贵安大道辅路": 18,
    "中共花溪第四中学支部委员会": 19,
    "优品驿站供应链有限公司": 20,
    "贵州科特成保温建材有限公司": 21,
    "朱大侠农场": 22,
    "天河大道口(招呼站)(公交站)": 23,
    "产投高科创新孵化中心": 24,
    "贵州产投贵安新区科技产业园建设投资有限公司": 25,
    "桃子洼(公交站)": 26,
    "溪婷生态草莓园": 27,
    "北京师范大学贵安新区附属学校": 28,
    "贵安山语城": 29,
    "贵安时代城市花园": 30,
    "中国铁建花语墅": 31,
    "贵州医科大学附属医院贵安医院(南门)": 32,
    "人民大道": 33,
    "贵州青正汽车驾驶员培训学校": 34
  },
  "down": {
    "贵州青正汽车驾驶员培训学校": 35,
    "人民大道": 36,
    "贵州医科大学附属医院贵安医院(南门)": 37,
    "中国铁建花语墅": 38,
    "贵安时代城市花园": 39,
    "贵安山语城": 40,
    "北京师范大学贵安新区附属学校": 41,
    "溪婷生态草莓园": 42,
    "桃子洼(公交站)": 43,
    "贵州产投贵安新区科技产业园建设投资有限公司": 44,
    "产投高科创新孵化中心": 45,
    "天河大道口(招呼站)(公交站)": 46,
    "朱大侠农场": 47,
    "贵州科特成保温建材有限公司": 48,
    "优品驿站供应链有限公司": 49,
    "中共花溪第四中学支部委员会": 50,
    "贵安大道辅路": 51,
    "超众电子秤厂家直销": 52,
    "贵州富力门配装饰材料有限公司": 53,
    "郁金香智能健康晾衣机": 54,
    "花溪区石板镇羊龙小学": 55,
    "东方驾校科目三考场": 56,
    "中共贵州省旱粮(高粱)研究所委员会": 57,
    "齿轮厂家属区": 58,
    "油料研究所": 59,
    "恒达传媒工程部": 60,
    "贵阳市渣土管理处": 61,
    "侗寨风雨桥": 62,
    "羊城西饼(小车河店)": 63,
    "盛世旅社": 64,
    "美食城": 65,
    "广东石磨肠粉": 66,
    "精灵幼儿园": 67,
    "乡村小厨": 68
  }
}