{
  "贵州青正汽车驾驶员培训学校": 3479,
  "人民大道": 1006,
  "贵州医科大学附属医院贵安医院(南门)": 411,
  "中国铁建花语墅": 447,
  "贵安时代城市花园": 346,
  "贵安山语城": 224,
  "北京师范大学贵安新区附属学校": 1847,
  "溪婷生态草莓园": 415,
  "桃子洼(公交站)": 755,
  "贵州产投贵安新区科技产业园建设投资有限公司": 399,
  "产投高科创新孵化中心": 301,
  "天河大道口(招呼站)(公交站)": 1480,
  "朱大侠农场": 692,
  "贵州科特成保温建材有限公司": 499,
  "优品驿站供应链有限公司": 291,
  "中共花溪第四中学支部委员会": 1058,
  "贵安大道辅路": 218,
  "超众电子秤厂家直销": 776,
  "贵州富力门配装饰材料有限公司": 566,
  "郁金香智能健康晾衣机": 781,
  "花溪区石板镇羊龙小学": 2037,
  "东方驾校科目三考场": 1217,
  "中共贵州省旱粮(高粱)研究所委员会": 246,
  "齿轮厂家属区": 226,
  "油料研究所": 1288,
  "恒达传媒工程部": 1929,
  "贵阳市渣土管理处": 581,
  "侗寨风雨桥": 363,
  "羊城西饼(小车河店)": 430,
  "盛世旅社": 529,
  "美食城": 432,
  "广东石磨肠粉": 339,
  "精灵幼儿园": 341
}