{
  "up": {
    "1": "乡村小厨",
    "2": "精灵幼儿园",
    "3": "广东石磨肠粉",
    "4": "美食城",
    "5": "盛世旅社",
    "6": "羊城西饼(小车河店)",
    "7": "侗寨风雨桥",
    "8": "贵阳市渣土管理处",
    "9": "恒达传媒工程部",
    "10": "油料研究所",
    "11": "齿轮厂家属区",
    "12": "中共贵州省旱粮(高粱)研究所委员会",
    "13": "东方驾校科目三考场",
    "14": "花溪区石板镇羊龙小学",
    "15": "郁金香智能健康晾衣机",
    "16": "贵州富力门配装饰材料有限公司",
    "17": "超众电子秤厂家直销",
    "18": "贵安大道辅路",
    "19": "中共花溪第四中学支部委员会",
    "20": "优品驿站供应链有限公司",
    "21": "贵州科特成保温建材有限公司",
    "22": "朱大侠农场",
    "23": "天河大道口(招呼站)(公交站)",
    "24": "产投高科创新孵化中心",
    "25": "贵州产投贵安新区科技产业园建设投资有限公司",
    "26": "桃子洼(公交站)",
    "27": "溪婷生态草莓园",
    "28": "北京师范大学贵安新区附属学校",
    "29": "贵安山语城",
    "30": "贵安时代城市花园",
    "31": "中国铁建花语墅",
    "32": "贵州医科大学附属医院贵安医院(南门)",
    "33": "人民大道",
    "34": "贵州青正汽车驾驶员培训学校"
  },
  "down": {
    "35": "贵州青正汽车驾驶员培训学校",
    "36": "人民大道",
    "37": "贵州医科大学附属医院贵安医院(南门)",
    "38": "中国铁建花语墅",
    "39": "贵安时代城市花园",
    "40": "贵安山语城",
    "41": "北京师范大学贵安新区附属学校",
    "42": "溪婷生态草莓园",
    "43": "桃子洼(公交站)",
    "44": "贵州产投贵安新区科技产业园建设投资有限公司",
    "45": "产投高科创新孵化中心",
    "46": "天河大道口(招呼站)(公交站)",
    "47": "朱大侠农场",
    "48": "贵州科特成保温建材有限公司",
    "49": "优品驿站供应链有限公司",
    "50": "中共花溪第四中学支部委员会",
    "51": "贵安大道辅路",
    "52": "超众电子秤厂家直销",
    "53": "贵州富力门配装饰材料有限公司",
    "54": "郁金香智能健康晾衣机",
    "55": "花溪区石板镇羊龙小学",
    "56": "东方驾校科目三考场",
    "57": "中共贵州省旱粮(高粱)研究所委员会",
    "58": "齿轮厂家属区",
    "59": "油料研究所",
    "60": "恒达传媒工程部",
    "61": "贵阳市渣土管理处",
    "62": "侗寨风雨桥",
    "63": "羊城西饼(小车河店)",
    "64": "盛世旅社",
    "65": "美食城",
    "66": "广东石磨肠粉",
    "67": "精灵幼儿园",
    "68": "乡村小厨"
  }
}