{
  "up": {
    "1": "良家文庭酒店(黔灵山公园店)",
    "2": "铝镁佳苑",
    "3": "北京路社区",
    "4": "烙锅筒子骨烫菜",
    "5": "中共海马居委会支部委员会",
    "6": "三桥南路",
    "7": "铳PRO",
    "8": "五柳街三十号大院",
    "9": "贝地·卢加诺",
    "10": "you家厨房(花果园U区店)",
    "11": "白猫警长宠物事务所",
    "12": "七彩双语幼儿园(下寨路)",
    "13": "豆豆实验室",
    "14": "苗圃一号隧道",
    "15": "贵阳阿哈湖国家湿地公园",
    "16": "侗族人的鼓楼",
    "17": "南明区第二实验幼儿园",
    "18": "贵州省植物保护研究所",
    "19": "贵州省园艺研究所",
    "20": "金竹路",
    "21": "金竹立交高架桥",
    "22": "周胖子总店",
    "23": "徐记小吃素粉",
    "24": "滥泥湾",
    "25": "石板农贸市场",
    "26": "贵州三合正达汽车销售服务有限公司",
    "27": "石板镇妇幼保健计划生育服务站",
    "28": "隆昌坡",
    "29": "贵州洲煜实业有限公司",
    "30": "喜天城·雅筑酒店(贵阳天河潭景区店)",
    "31": "天河潭旅游度假区2号停车场"
  },
  "down": {
    "32": "天河潭旅游度假区2号停车场",
    "33": "喜天城·雅筑酒店(贵阳天河潭景区店)",
    "34": "贵州洲煜实业有限公司",
    "35": "隆昌坡",
    "36": "石板镇妇幼保健计划生育服务站",
    "37": "贵州三合正达汽车销售服务有限公司",
    "38": "石板农贸市场",
    "39": "滥泥湾",
    "40": "徐记小吃素粉",
    "41": "周胖子总店",
    "42": "金竹立交高架桥",
    "43": "金竹路",
    "44": "贵州省园艺研究所",
    "45": "贵州省植物保护研究所",
    "46": "南明区第二实验幼儿园",
    "47": "侗族人的鼓楼",
    "48": "贵阳阿哈湖国家湿地公园",
    "49": "苗圃一号隧道",
    "50": "豆豆实验室",
    "51": "七彩双语幼儿园(下寨路)",
    "52": "白猫警长宠物事务所",
    "53": "you家厨房(花果园U区店)",
    "54": "贝地·卢加诺",
    "55": "五柳街三十号大院",
    "56": "铳PRO",
    "57": "三桥南路",
    "58": "中共海马居委会支部委员会",
    "59": "烙锅筒子骨烫菜",
    "60": "北京路社区",
    "61": "铝镁佳苑",
    "62": "良家文庭酒店(黔灵山公园店)"
  }
}