{
  "天河潭旅游度假区2号停车场": 686,
  "喜天城·雅筑酒店(贵阳天河潭景区店)": 729,
  "贵州洲煜实业有限公司": 729,
  "隆昌坡": 967,
  "石板镇妇幼保健计划生育服务站": 1385,
  "贵州三合正达汽车销售服务有限公司": 545,
  "石板农贸市场": 1103,
  "滥泥湾": 893,
  "徐记小吃素粉": 1108,
  "周胖子总店": 2364,
  "金竹立交高架桥": 1544,
  "金竹路": 573,
  "贵州省园艺研究所": 553,
  "贵州省植物保护研究所": 1615,
  "南明区第二实验幼儿园": 2256,
  "侗族人的鼓楼": 908,
  "贵阳阿哈湖国家湿地公园": 690,
  "苗圃一号隧道": 757,
  "豆豆实验室": 744,
  "七彩双语幼儿园(下寨路)": 789,
  "白猫警长宠物事务所": 702,
  "you家厨房(花果园U区店)": 621,
  "贝地·卢加诺": 574,
  "五柳街三十号大院": 595,
  "铳PRO": 543,
  "三桥南路": 596,
  "中共海马居委会支部委员会": 573,
  "烙锅筒子骨烫菜": 871,
  "北京路社区": 612,
  "铝镁佳苑": 561
}