{
  "up": {
    "良家文庭酒店(黔灵山公园店)": 1,
    "铝镁佳苑": 2,
    "北京路社区": 3,
    "烙锅筒子骨烫菜": 4,
    "中共海马居委会支部委员会": 5,
    "三桥南路": 6,
    "铳PRO": 7,
    "五柳街三十号大院": 8,
    "贝地·卢加诺": 9,
    "you家厨房(花果园U区店)": 10,
    "白猫警长宠物事务所": 11,
    "七彩双语幼儿园(下寨路)": 12,
    "豆豆实验室": 13,
    "苗圃一号隧道": 14,
    "贵阳阿哈湖国家湿地公园": 15,
    "侗族人的鼓楼": 16,
    "南明区第二实验幼儿园": 17,
    "贵州省植物保护研究所": 18,
    "贵州省园艺研究所": 19,
    "金竹路": 20,
    "金竹立交高架桥": 21,
    "周胖子总店": 22,
    "徐记小吃素粉": 23,
    "滥泥湾": 24,
    "石板农贸市场": 25,
    "贵州三合正达汽车销售服务有限公司": 26,
    "石板镇妇幼保健计划生育服务站": 27,
    "隆昌坡": 28,
    "贵州洲煜实业有限公司": 29,
    "喜天城·雅筑酒店(贵阳天河潭景区店)": 30,
    "天河潭旅游度假区2号停车场": 31
  },
  "down": {
    "天河潭旅游度假区2号停车场": 32,
    "喜天城·雅筑酒店(贵阳天河潭景区店)": 33,
    "贵州洲煜实业有限公司": 34,
    "隆昌坡": 35,
    "石板镇妇幼保健计划生育服务站": 36,
    "贵州三合正达汽车销售服务有限公司": 37,
    "石板农贸市场": 38,
    "滥泥湾": 39,
    "徐记小吃素粉": 40,
    "周胖子总店": 41,
    "金竹立交高架桥": 42,
    "金竹路": 43,
    "贵州省园艺研究所": 44,
    "贵州省植物保护研究所": 45,
    "南明区第二实验幼儿园": 46,
    "侗族人的鼓楼": 47,
    "贵阳阿哈湖国家湿地公园": 48,
    "苗圃一号隧道": 49,
    "豆豆实验室": 50,
    "七彩双语幼儿园(下寨路)": 51,
    "白猫警长宠物事务所": 52,
    "you家厨房(花果园U区店)": 53,
    "贝地·卢加诺": 54,
    "五柳街三十号大院": 55,
    "铳PRO": 56,
    "三桥南路": 57,
    "中共海马居委会支部委员会": 58,
    "烙锅筒子骨烫菜": 59,
    "北京路社区": 60,
    "铝镁佳苑": 61,
    "良家文庭酒店(黔灵山公园店)": 62
  }
}