{
  "良家文庭酒店(黔灵山公园店)": 424,
  "铝镁佳苑": 475,
  "北京路社区": 734,
  "烙锅筒子骨烫菜": 436,
  "中共海马居委会支部委员会": 459,
  "三桥南路": 406,
  "铳PRO": 458,
  "五柳街三十号大院": 437,
  "贝地·卢加诺": 484,
  "you家厨房(花果园U区店)": 565,
  "白猫警长宠物事务所": 652,
  "七彩双语幼儿园(下寨路)": 607,
  "豆豆实验室": 620,
  "苗圃一号隧道": 553,
  "贵阳阿哈湖国家湿地公园": 771,
  "侗族人的鼓楼": 2119,
  "南明区第二实验幼儿园": 1478,
  "贵州省植物保护研究所": 416,
  "贵州省园艺研究所": 436,
  "金竹路": 1407,
  "金竹立交高架桥": 2227,
  "周胖子总店": 971,
  "徐记小吃素粉": 756,
  "滥泥湾": 966,
  "石板农贸市场": 408,
  "贵州三合正达汽车销售服务有限公司": 1248,
  "石板镇妇幼保健计划生育服务站": 830,
  "隆昌坡": 592,
  "贵州洲煜实业有限公司": 592,
  "喜天城·雅筑酒店(贵阳天河潭景区店)": 549
}