{
  "正宗金沙黑山羊牛": 761,
  "赵记添凰汽配经营部": 916,
  "高笋塘": 3263,
  "观山湖区百花湖镇竹林村支部委员会": 4347,
  "蚂蝗街(公交站)": 2347,
  "叉平线": 539,
  "G6002贵阳绕城高速": 1049,
  "观山湖区孝先酱爆竹签烤肉": 1350,
  "观山湖区金华园街道金麦花园社区卫生服务站": 375,
  "中共观山湖区下麦村支部委员会": 1219,
  "乐转书房(阅山湖一花一期店)": 402,
  "悦湖": 736,
  "碧海红湖": 379,
  "泽谷堂": 516,
  "碧海南路": 468,
  "山海音乐": 740,
  "金谷苑": 430,
  "观山小区": 454,
  "省环科院": 326,
  "华贵保险大厦": 588,
  "婆婆妈妈牛肉加工基地": 324,
  "白鹭湖地铁站D口": 365,
  "iu酒店(贵阳北站梦想城店)": 420,
  "创新东路": 918,
  "大关村二组": 945,
  "中国建设银行": 351,
  "景湖苑": 500,
  "水电九局住宿区": 467,
  "凯里酸汤鱼(中环路北段)": 479,
  "马鞍山隧道": 742
}