{
  "up": {
    "1": "半山·贵庐",
    "2": "马鞍山隧道",
    "3": "凯里酸汤鱼(中环路北段)",
    "4": "水电九局住宿区",
    "5": "景湖苑",
    "6": "中国建设银行",
    "7": "大关村二组",
    "8": "创新东路",
    "9": "iu酒店(贵阳北站梦想城店)",
    "10": "白鹭湖地铁站D口",
    "11": "婆婆妈妈牛肉加工基地",
    "12": "华贵保险大厦",
    "13": "省环科院",
    "14": "观山小区",
    "15": "金谷苑",
    "16": "山海音乐",
    "17": "碧海南路",
    "18": "泽谷堂",
    "19": "碧海红湖",
    "20": "悦湖",
    "21": "乐转书房(阅山湖一花一期店)",
    "22": "中共观山湖区下麦村支部委员会",
    "23": "观山湖区金华园街道金麦花园社区卫生服务站",
    "24": "观山湖区孝先酱爆竹签烤肉",
    "25": "G6002贵阳绕城高速",
    "26": "叉平线",
    "27": "蚂蝗街(公交站)",
    "28": "观山湖区百花湖镇竹林村支部委员会",
    "29": "高笋塘",
    "30": "赵记添凰汽配经营部",
    "31": "正宗金沙黑山羊牛"
  },
  "down": {
    "32": "正宗金沙黑山羊牛",
    "33": "赵记添凰汽配经营部",
    "34": "高笋塘",
    "35": "观山湖区百花湖镇竹林村支部委员会",
    "36": "蚂蝗街(公交站)",
    "37": "叉平线",
    "38": "G6002贵阳绕城高速",
    "39": "观山湖区孝先酱爆竹签烤肉",
    "40": "观山湖区金华园街道金麦花园社区卫生服务站",
    "41": "中共观山湖区下麦村支部委员会",
    "42": "乐转书房(阅山湖一花一期店)",
    "43": "悦湖",
    "44": "碧海红湖",
    "45": "泽谷堂",
    "46": "碧海南路",
    "47": "山海音乐",
    "48": "金谷苑",
    "49": "观山小区",
    "50": "省环科院",
    "51": "华贵保险大厦",
    "52": "婆婆妈妈牛肉加工基地",
    "53": "白鹭湖地铁站D口",
    "54": "iu酒店(贵阳北站梦想城店)",
    "55": "创新东路",
    "56": "大关村二组",
    "57": "中国建设银行",
    "58": "景湖苑",
    "59": "水电九局住宿区",
    "60": "凯里酸汤鱼(中环路北段)",
    "61": "马鞍山隧道",
    "62": "半山·贵庐"
  }
}