{
  "up": {
    "半山·贵庐": 1,
    "马鞍山隧道": 2,
    "凯里酸汤鱼(中环路北段)": 3,
    "水电九局住宿区": 4,
    "景湖苑": 5,
    "中国建设银行": 6,
    "大关村二组": 7,
    "创新东路": 8,
    "iu酒店(贵阳北站梦想城店)": 9,
    "白鹭湖地铁站D口": 10,
    "婆婆妈妈牛肉加工基地": 11,
    "华贵保险大厦": 12,
    "省环科院": 13,
    "观山小区": 14,
    "金谷苑": 15,
    "山海音乐": 16,
    "碧海南路": 17,
    "泽谷堂": 18,
    "碧海红湖": 19,
    "悦湖": 20,
    "乐转书房(阅山湖一花一期店)": 21,
    "中共观山湖区下麦村支部委员会": 22,
    "观山湖区金华园街道金麦花园社区卫生服务站": 23,
    "观山湖区孝先酱爆竹签烤肉": 24,
    "G6002贵阳绕城高速": 25,
    "叉平线": 26,
    "蚂蝗街(公交站)": 27,
    "观山湖区百花湖镇竹林村支部委员会": 28,
    "高笋塘": 29,
    "赵记添凰汽配经营部": 30,
    "正宗金沙黑山羊牛": 31
  },
  "down": {
    "正宗金沙黑山羊牛": 32,
    "赵记添凰汽配经营部": 33,
    "高笋塘": 34,
    "观山湖区百花湖镇竹林村支部委员会": 35,
    "蚂蝗街(公交站)": 36,
    "叉平线": 37,
    "G6002贵阳绕城高速": 38,
    "观山湖区孝先酱爆竹签烤肉": 39,
    "观山湖区金华园街道金麦花园社区卫生服务站": 40,
    "中共观山湖区下麦村支部委员会": 41,
    "乐转书房(阅山湖一花一期店)": 42,
    "悦湖": 43,
    "碧海红湖": 44,
    "泽谷堂": 45,
    "碧海南路": 46,
    "山海音乐": 47,
    "金谷苑": 48,
    "观山小区": 49,
    "省环科院": 50,
    "华贵保险大厦": 51,
    "婆婆妈妈牛肉加工基地": 52,
    "白鹭湖地铁站D口": 53,
    "iu酒店(贵阳北站梦想城店)": 54,
    "创新东路": 55,
    "大关村二组": 56,
    "中国建设银行": 57,
    "景湖苑": 58,
    "水电九局住宿区": 59,
    "凯里酸汤鱼(中环路北段)": 60,
    "马鞍山隧道": 61,
    "半山·贵庐": 62
  }
}