{
  "半山·贵庐": 838,
  "马鞍山隧道": 575,
  "凯里酸汤鱼(中环路北段)": 563,
  "水电九局住宿区": 596,
  "景湖苑": 447,
  "中国建设银行": 1041,
  "大关村二组": 1014,
  "创新东路": 516,
  "iu酒店(贵阳北站梦想城店)": 461,
  "白鹭湖地铁站D口": 420,
  "婆婆妈妈牛肉加工基地": 684,
  "华贵保险大厦": 422,
  "省环科院": 550,
  "观山小区": 526,
  "金谷苑": 836,
  "山海音乐": 564,
  "碧海南路": 612,
  "泽谷堂": 475,
  "碧海红湖": 832,
  "悦湖": 498,
  "乐转书房(阅山湖一花一期店)": 1315,
  "中共观山湖区下麦村支部委员会": 471,
  "观山湖区金华园街道金麦花园社区卫生服务站": 1446,
  "观山湖区孝先酱爆竹签烤肉": 1145,
  "G6002贵阳绕城高速": 635,
  "叉平线": 2443,
  "蚂蝗街(公交站)": 4443,
  "观山湖区百花湖镇竹林村支部委员会": 3359,
  "高笋塘": 1012,
  "赵记添凰汽配经营部": 857
}