{
  "贵阳市公安局云岩分局刑侦大队金鸭中队": {
    "time": [
      "06:15:34",
      "06:31:14",
      "06:46:37",
      "07:02:20",
      "07:16:45",
      "07:31:23",
      "07:46:38",
      "08:01:47",
      "08:16:08",
      "08:31:00",
      "08:45:47",
      "09:00:37",
      "09:14:54",
      "09:29:57",
      "09:45:46",
      "10:01:34",
      "10:16:17",
      "10:31:09",
      "10:45:26",
      "11:01:03",
      "11:16:00",
      "11:30:52",
      "11:45:23",
      "12:00:15",
      "12:14:50",
      "12:29:58",
      "12:45:40",
      "13:00:03",
      "13:15:28",
      "13:29:54",
      "13:45:01",
      "14:00:40",
      "14:16:20",
      "14:32:02",
      "14:46:40",
      "15:01:00",
      "15:16:37",
      "15:31:36",
      "15:46:53",
      "16:02:37",
      "16:17:11",
      "16:32:23",
      "16:47:48",
      "17:02:37",
      "17:17:23",
      "17:31:46",
      "17:47:20",
      "18:01:44",
      "18:16:14",
      "18:30:46",
      "18:46:16",
      "19:00:59",
      "19:15:29",
      "19:29:39",
      "19:44:06",
      "19:59:11",
      "20:14:32",
      "20:28:44",
      "20:42:57",
      "20:57:08",
      "21:11:35",
      "21:26:04",
      "21:40:40",
      "21:56:20",
      "22:11:02"
    ],
    "board": [
      7,
      7,
      5,
      3,
      7,
      7,
      1,
      6,
      5,
      12,
      12,
      1,
      9,
      10,
      11,
      8,
      14,
      11,
      12,
      14,
      9,
      11,
      4,
      7,
      11,
      3,
      13,
      11,
      0,
      10,
      8,
      3,
      11,
      14,
      8,
      0,
      13,
      3,
      3,
      15,
      7,
      14,
      3,
      9,
      12,
      0,
      5,
      14,
      6,
      9,
      1,
      14,
      2,
      7,
      0,
      4,
      10,
      9,
      7,
      2,
      15,
      5,
      7,
      15,
      6
    ],
    "alight": [
      0,
      0,
      0,
      0,
      0,
      0,
      0,
      0,
      0,
      0,
      0,
      0,
      0,
      0,
      0,
      0,
      0,
      0,
      0,
      0,
      0,
      0,
      0,
      0,
      0,
      0,
      0,
      0,
      0,
      0,
      0,
      0,
      0,
      0,
      0,
      0,
      0,
      0,
      0,
      0,
      0,
      0,
      0,
      0,
      0,
      0,
      0,
      0,
      0,
      0,
      0,
      0,
      0,
      0,
      0,
      0,
      0,
      0,
      0,
      0,
      0,
      0,
      0,
      0,
      0
    ]
  },
  "天然居": {
    "time": [
      "06:15:34",
      "06:31:14",
      "06:46:37",
      "07:02:20",
      "07:16:45",
      "07:31:23",
      "07:46:38",
      "08:01:47",
      "08:16:08",
      "08:31:00",
      "08:45:47",
      "09:00:37",
      "09:14:54",
      "09:29:57",
      "09:45:46",
      "10:01:34",
      "10:16:17",
      "10:31:09",
      "10:45:26",
      "11:01:03",
      "11:16:00",
      "11:30:52",
      "11:45:23",
      "12:00:15",
      "12:14:50",
      "12:29:58",
      "12:45:40",
      "13:00:03",
      "13:15:28",
      "13:29:54",
      "13:45:01",
      "14:00:40",
      "14:16:20",
      "14:32:02",
      "14:46:40",
      "15:01:00",
      "15:16:37",
      "15:31:36",
      "15:46:53",
      "16:02:37",
      "16:17:11",
      "16:32:23",
      "16:47:48",
      "17:02:37",
      "17:17:23",
      "17:31:46",
      "17:47:20",
      "18:01:44",
      "18:16:14",
      "18:30:46",
      "18:46:16",
      "19:00:59",
      "19:15:29",
      "19:29:39",
      "19:44:06",
      "19:59:11",
      "20:14:32",
      "20:28:44",
      "20:42:57",
      "20:57:08",
      "21:11:35",
      "21:26:04",
      "21:40:40",
      "21:56:20",
      "22:11:02"
    ],
    "board": [
      3,
      15,
      14,
      9,
      12,
      4,
      4,
      10,
      1,
      2,
      10,
      15,
      5,
      8,
      0,
      9,
      15,
      2,
      12,
      4,
      3,
      5,
      0,
      8,
      11,
      1,
      8,
      5,
      4,
      6,
      7,
      9,
      7,
      7,
      8,
      9,
      13,
      15,
      12,
      15,
      9,
      5,
      8,
      14,
      9,
      13,
      8,
      7,
      0,
      6,
      13,
      1,
      5,
      13,
      15,
      5,
      9,
      2,
      6,
      9,
      8,
      0,
      3,
      4,
      2
    ],
    "alight": [
      0,
      0,
      0,
      0,
      0,
      0,
      0,
      0,
      0,
      0,
      0,
      0,
      0,
      0,
      0,
      0,
      0,
      0,
      0,
      0,
      0,
      0,
      0,
      0,
      0,
      0,
      0,
      0,
      0,
      0,
      0,
      0,
      0,
      0,
      0,
      0,
      0,
      0,
      0,
      0,
      0,
      0,
      0,
      0,
      0,
      0,
      0,
      0,
      0,
      0,
      0,
      0,
      0,
      0,
      0,
      0,
      0,
      0,
      0,
      0,
      0,
      0,
      0,
      0,
      0
    ]
  },
  "秘招专治颈椎": {
    "time": [
      "06:15:34",
      "06:31:14",
      "06:46:37",
      "07:02:20",
      "07:16:45",
      "07:31:23",
      "07:46:38",
      "08:01:47",
      "08:16:08",
      "08:31:00",
      "08:45:47",
      "09:00:37",
      "09:14:54",
      "09:29:57",
      "09:45:46",
      "10:01:34",
      "10:16:17",
      "10:31:09",
      "10:45:26",
      "11:01:03",
      "11:16:00",
      "11:30:52",
      "11:45:23",
      "12:00:15",
      "12:14:50",
      "12:29:58",
      "12:45:40",
      "13:00:03",
      "13:15:28",
      "13:29:54",
      "13:45:01",
      "14:00:40",
      "14:16:20",
      "14:32:02",
      "14:46:40",
      "15:01:00",
      "15:16:37",
      "15:31:36",
      "15:46:53",
      "16:02:37",
      "16:17:11",
      "16:32:23",
      "16:47:48",
      "17:02:37",
      "17:17:23",
      "17:31:46",
      "17:47:20",
      "18:01:44",
      "18:16:14",
      "18:30:46",
      "18:46:16",
      "19:00:59",
      "19:15:29",
      "19:29:39",
      "19:44:06",
      "19:59:11",
      "20:14:32",
      "20:28:44",
      "20:42:57",
      "20:57:08",
      "21:11:35",
      "21:26:04",
      "21:40:40",
      "21:56:20",
      "22:11:02"
    ],
    "board": [
      14,
      14,
      6,
      4,
      15,
      2,
      15,
      6,
      3,
      0,
      8,
      14,
      9,
      10,
      11,
      12,
      9,
      15,
      11,
      2,
      15,
      3,
      14,
      11,
      12,
      2,
      5,
      9,
      0,
      3,
      9,
      2,
      6,
      13,
      5,
      6,
      14,
      4,
      2,
      10,
      0,
      7,
      3,
      6,
      6,
      1,
      2,
      9,
      5,
      12,
      2,
      8,
      7,
      6,
      5,
      2,
      2,
      2,
      3,
      5,
      14,
      6,
      5,
      9,
      6
    ],
    "alight": [
      0,
      0,
      0,
      0,
      0,
      0,
      0,
      0,
      0,
      0,
      0,
      0,
      0,
      0,
      0,
      0,
      0,
      0,
      0,
      0,
      0,
      0,
      0,
      0,
      0,
      0,
      0,
      0,
      0,
      0,
      0,
      0,
      0,
      0,
      0,
      0,
      0,
      0,
      0,
      0,
      0,
      0,
      0,
      0,
      0,
      0,
      0,
      0,
      0,
      0,
      0,
      0,
      0,
      0,
      0,
      1,
      0,
      0,
      0,
      0,
      0,
      0,
      0,
      0,
      0
    ]
  },
  "三桥综合批发市场-南区": {
    "time": [
      "06:15:34",
      "06:31:14",
      "06:46:37",
      "07:02:20",
      "07:16:45",
      "07:31:23",
      "07:46:38",
      "08:01:47",
      "08:16:08",
      "08:31:00",
      "08:45:47",
      "09:00:37",
      "09:14:54",
      "09:29:57",
      "09:45:46",
      "10:01:34",
      "10:16:17",
      "10:31:09",
      "10:45:26",
      "11:01:03",
      "11:16:00",
      "11:30:52",
      "11:45:23",
      "12:00:15",
      "12:14:50",
      "12:29:58",
      "12:45:40",
      "13:00:03",
      "13:15:28",
      "13:29:54",
      "13:45:01",
      "14:00:40",
      "14:16:20",
      "14:32:02",
      "14:46:40",
      "15:01:00",
      "15:16:37",
      "15:31:36",
      "15:46:53",
      "16:02:37",
      "16:17:11",
      "16:32:23",
      "16:47:48",
      "17:02:37",
      "17:17:23",
      "17:31:46",
      "17:47:20",
      "18:01:44",
      "18:16:14",
      "18:30:46",
      "18:46:16",
      "19:00:59",
      "19:15:29",
      "19:29:39",
      "19:44:06",
      "19:59:11",
      "20:14:32",
      "20:28:44",
      "20:42:57",
      "20:57:08",
      "21:11:35",
      "21:26:04",
      "21:40:40",
      "21:56:20",
      "22:11:02"
    ],
    "board": [
      0,
      10,
      10,
      10,
      9,
      13,
      11,
      6,
      9,
      12,
      10,
      10,
      10,
      2,
      9,
      15,
      0,
      1,
      1,
      3,
      1,
      6,
      3,
      1,
      4,
      3,
      11,
      10,
      4,
      7,
      6,
      4,
      12,
      7,
      3,
      10,
      9,
      3,
      15,
      9,
      13,
      11,
      3,
      9,
      4,
      5,
      6,
      14,
      5,
      13,
      2,
      1,
      8,
      13,
      1,
      0,
      10,
      6,
      13,
      12,
      8,
      11,
      5,
      6,
      10
    ],
    "alight": [
      0,
      0,
      4,
      0,
      0,
      0,
      0,
      0,
      0,
      0,
      0,
      0,
      0,
      0,
      0,
      0,
      0,
      0,
      0,
      0,
      0,
      0,
      0,
      2,
      0,
      0,
      0,
      0,
      0,
      0,
      0,
      0,
      0,
      0,
      1,
      0,
      0,
      0,
      0,
      0,
      0,
      0,
      3,
      0,
      0,
      4,
      0,
      0,
      0,
      4,
      0,
      0,
      0,
      0,
      0,
      0,
      0,
      0,
      0,
      0,
      0,
      0,
      0,
      0,
      0
    ]
  },
  "改茶大道": {
    "time": [
      "06:15:34",
      "06:31:14",
      "06:46:37",
      "07:02:20",
      "07:16:45",
      "07:31:23",
      "07:46:38",
      "08:01:47",
      "08:16:08",
      "08:31:00",
      "08:45:47",
      "09:00:37",
      "09:14:54",
      "09:29:57",
      "09:45:46",
      "10:01:34",
      "10:16:17",
      "10:31:09",
      "10:45:26",
      "11:01:03",
      "11:16:00",
      "11:30:52",
      "11:45:23",
      "12:00:15",
      "12:14:50",
      "12:29:58",
      "12:45:40",
      "13:00:03",
      "13:15:28",
      "13:29:54",
      "13:45:01",
      "14:00:40",
      "14:16:20",
      "14:32:02",
      "14:46:40",
      "15:01:00",
      "15:16:37",
      "15:31:36",
      "15:46:53",
      "16:02:37",
      "16:17:11",
      "16:32:23",
      "16:47:48",
      "17:02:37",
      "17:17:23",
      "17:31:46",
      "17:47:20",
      "18:01:44",
      "18:16:14",
      "18:30:46",
      "18:46:16",
      "19:00:59",
      "19:15:29",
      "19:29:39",
      "19:44:06",
      "19:59:11",
      "20:14:32",
      "20:28:44",
      "20:42:57",
      "20:57:08",
      "21:11:35",
      "21:26:04",
      "21:40:40",
      "21:56:20",
      "22:11:02"
    ],
    "board": [
      1,
      0,
      12,
      4,
      2,
      2,
      15,
      1,
      1,
      8,
      0,
      10,
      12,
      2,
      12,
      14,
      15,
      10,
      5,
      12,
      15,
      3,
      7,
      6,
      13,
      13,
      1,
      3,
      4,
      11,
      1,
      11,
      5,
      2,
      15,
      12,
      10,
      15,
      7,
      7,
      15,
      10,
      0,
      1,
      10,
      14,
      13,
      8,
      9,
      6,
      8,
      3,
      10,
      2,
      2,
      15,
      4,
      2,
      14,
      8,
      14,
      7,
      13,
      1,
      13
    ],
    "alight": [
      4,
      11,
      1,
      5,
      12,
      7,
      12,
      11,
      2,
      7,
      4,
      14,
      0,
      8,
      11,
      13,
      10,
      9,
      5,
      6,
      4,
      3,
      12,
      2,
      4,
      13,
      13,
      7,
      3,
      7,
      9,
      14,
      7,
      7,
      6,
      12,
      11,
      7,
      8,
      7,
      0,
      14,
      3,
      3,
      1,
      4,
      11,
      14,
      15,
      1,
      4,
      5,
      6,
      10,
      6,
      0,
      3,
      2,
      5,
      13,
      14,
      8,
      12,
      12,
      4
    ]
  },
  "贵阳市南明区苗苗实验学校": {
    "time": [
      "06:15:34",
      "06:31:14",
      "06:46:37",
      "07:02:20",
      "07:16:45",
      "07:31:23",
      "07:46:38",
      "08:01:47",
      "08:16:08",
      "08:31:00",
      "08:45:47",
      "09:00:37",
      "09:14:54",
      "09:29:57",
      "09:45:46",
      "10:01:34",
      "10:16:17",
      "10:31:09",
      "10:45:26",
      "11:01:03",
      "11:16:00",
      "11:30:52",
      "11:45:23",
      "12:00:15",
      "12:14:50",
      "12:29:58",
      "12:45:40",
      "13:00:03",
      "13:15:28",
      "13:29:54",
      "13:45:01",
      "14:00:40",
      "14:16:20",
      "14:32:02",
      "14:46:40",
      "15:01:00",
      "15:16:37",
      "15:31:36",
      "15:46:53",
      "16:02:37",
      "16:17:11",
      "16:32:23",
      "16:47:48",
      "17:02:37",
      "17:17:23",
      "17:31:46",
      "17:47:20",
      "18:01:44",
      "18:16:14",
      "18:30:46",
      "18:46:16",
      "19:00:59",
      "19:15:29",
      "19:29:39",
      "19:44:06",
      "19:59:11",
      "20:14:32",
      "20:28:44",
      "20:42:57",
      "20:57:08",
      "21:11:35",
      "21:26:04",
      "21:40:40",
      "21:56:20",
      "22:11:02"
    ],
    "board": [
      1,
      9,
      6,
      6,
      11,
      12,
      12,
      12,
      6,
      14,
      15,
      5,
      7,
      13,
      10,
      1,
      11,
      12,
      8,
      10,
      3,
      13,
      2,
      5,
      15,
      8,
      6,
      12,
      2,
      2,
      8,
      1,
      15,
      0,
      4,
      0,
      8,
      5,
      7,
      6,
      15,
      14,
      0,
      10,
      3,
      1,
      2,
      13,
      4,
      14,
      13,
      4,
      7,
      14,
      1,
      1,
      3,
      3,
      9,
      10,
      9,
      4,
      0,
      9,
      4
    ],
    "alight": [
      6,
      12,
      2,
      14,
      10,
      7,
      11,
      2,
      6,
      5,
      8,
      6,
      9,
      5,
      11,
      7,
      4,
      6,
      12,
      15,
      15,
      6,
      2,
      2,
      4,
      13,
      0,
      3,
      4,
      12,
      7,
      11,
      7,
      2,
      1,
      7,
      0,
      4,
      0,
      1,
      3,
      12,
      12,
      3,
      6,
      15,
      2,
      4,
      5,
      0,
      7,
      14,
      14,
      6,
      13,
      9,
      3,
      1,
      13,
      4,
      14,
      12,
      9,
      3,
      14
    ]
  },
  "贵阳睿缘旅社": {
    "time": [
      "06:15:34",
      "06:31:14",
      "06:46:37",
      "07:02:20",
      "07:16:45",
      "07:31:23",
      "07:46:38",
      "08:01:47",
      "08:16:08",
      "08:31:00",
      "08:45:47",
      "09:00:37",
      "09:14:54",
      "09:29:57",
      "09:45:46",
      "10:01:34",
      "10:16:17",
      "10:31:09",
      "10:45:26",
      "11:01:03",
      "11:16:00",
      "11:30:52",
      "11:45:23",
      "12:00:15",
      "12:14:50",
      "12:29:58",
      "12:45:40",
      "13:00:03",
      "13:15:28",
      "13:29:54",
      "13:45:01",
      "14:00:40",
      "14:16:20",
      "14:32:02",
      "14:46:40",
      "15:01:00",
      "15:16:37",
      "15:31:36",
      "15:46:53",
      "16:02:37",
      "16:17:11",
      "16:32:23",
      "16:47:48",
      "17:02:37",
      "17:17:23",
      "17:31:46",
      "17:47:20",
      "18:01:44",
      "18:16:14",
      "18:30:46",
      "18:46:16",
      "19:00:59",
      "19:15:29",
      "19:29:39",
      "19:44:06",
      "19:59:11",
      "20:14:32",
      "20:28:44",
      "20:42:57",
      "20:57:08",
      "21:11:35",
      "21:26:04",
      "21:40:40",
      "21:56:20",
      "22:11:02"
    ],
    "board": [
      0,
      8,
      11,
      0,
      1,
      4,
      9,
      12,
      8,
      4,
      4,
      12,
      12,
      14,
      0,
      3,
      15,
      4,
      7,
      0,
      15,
      2,
      8,
      14,
      8,
      6,
      9,
      2,
      15,
      5,
      2,
      3,
      1,
      11,
      12,
      6,
      15,
      15,
      13,
      9,
      2,
      5,
      10,
      0,
      5,
      10,
      13,
      5,
      10,
      5,
      15,
      10,
      15,
      11,
      5,
      5,
      14,
      3,
      9,
      8,
      3,
      7,
      4,
      8,
      0
    ],
    "alight": [
      2,
      9,
      3,
      0,
      6,
      11,
      15,
      7,
      6,
      13,
      10,
      4,
      7,
      3,
      9,
      9,
      7,
      3,
      15,
      15,
      7,
      5,
      3,
      12,
      4,
      2,
      13,
      11,
      9,
      15,
      6,
      15,
      0,
      7,
      13,
      8,
      9,
      0,
      1,
      11,
      5,
      11,
      4,
      15,
      2,
      3,
      7,
      5,
      3,
      7,
      1,
      4,
      15,
      7,
      1,
      5,
      0,
      6,
      4,
      1,
      14,
      1,
      14,
      3,
      14
    ]
  },
  "贵州旺民职业技术学校(装修中)": {
    "time": [
      "06:15:34",
      "06:31:14",
      "06:46:37",
      "07:02:20",
      "07:16:45",
      "07:31:23",
      "07:46:38",
      "08:01:47",
      "08:16:08",
      "08:31:00",
      "08:45:47",
      "09:00:37",
      "09:14:54",
      "09:29:57",
      "09:45:46",
      "10:01:34",
      "10:16:17",
      "10:31:09",
      "10:45:26",
      "11:01:03",
      "11:16:00",
      "11:30:52",
      "11:45:23",
      "12:00:15",
      "12:14:50",
      "12:29:58",
      "12:45:40",
      "13:00:03",
      "13:15:28",
      "13:29:54",
      "13:45:01",
      "14:00:40",
      "14:16:20",
      "14:32:02",
      "14:46:40",
      "15:01:00",
      "15:16:37",
      "15:31:36",
      "15:46:53",
      "16:02:37",
      "16:17:11",
      "16:32:23",
      "16:47:48",
      "17:02:37",
      "17:17:23",
      "17:31:46",
      "17:47:20",
      "18:01:44",
      "18:16:14",
      "18:30:46",
      "18:46:16",
      "19:00:59",
      "19:15:29",
      "19:29:39",
      "19:44:06",
      "19:59:11",
      "20:14:32",
      "20:28:44",
      "20:42:57",
      "20:57:08",
      "21:11:35",
      "21:26:04",
      "21:40:40",
      "21:56:20",
      "22:11:02"
    ],
    "board": [
      2,
      12,
      14,
      4,
      7,
      7,
      11,
      15,
      3,
      5,
      14,
      9,
      9,
      4,
      11,
      3,
      3,
      12,
      3,
      13,
      5,
      0,
      13,
      5,
      8,
      3,
      1,
      8,
      10,
      13,
      7,
      2,
      7,
      3,
      1,
      10,
      12,
      10,
      6,
      10,
      11,
      12,
      2,
      1,
      12,
      5,
      15,
      12,
      9,
      6,
      9,
      12,
      4,
      8,
      15,
      10,
      11,
      13,
      5,
      1,
      9,
      5,
      1,
      14,
      1
    ],
    "alight": [
      6,
      8,
      4,
      4,
      7,
      8,
      9,
      6,
      1,
      5,
      9,
      7,
      8,
      8,
      15,
      8,
      8,
      6,
      2,
      10,
      8,
      15,
      10,
      8,
      2,
      1,
      4,
      14,
      4,
      6,
      7,
      9,
      14,
      14,
      8,
      2,
      7,
      1,
      0,
      10,
      13,
      1,
      9,
      2,
      0,
      5,
      13,
      2,
      7,
      12,
      5,
      15,
      10,
      14,
      8,
      1,
      1,
      15,
      14,
      9,
      14,
      2,
      5,
      10,
      9
    ]
  },
  "贵阳市南明区人民法院花果园社区巡回法庭": {
    "time": [
      "06:15:34",
      "06:31:14",
      "06:46:37",
      "07:02:20",
      "07:16:45",
      "07:31:23",
      "07:46:38",
      "08:01:47",
      "08:16:08",
      "08:31:00",
      "08:45:47",
      "09:00:37",
      "09:14:54",
      "09:29:57",
      "09:45:46",
      "10:01:34",
      "10:16:17",
      "10:31:09",
      "10:45:26",
      "11:01:03",
      "11:16:00",
      "11:30:52",
      "11:45:23",
      "12:00:15",
      "12:14:50",
      "12:29:58",
      "12:45:40",
      "13:00:03",
      "13:15:28",
      "13:29:54",
      "13:45:01",
      "14:00:40",
      "14:16:20",
      "14:32:02",
      "14:46:40",
      "15:01:00",
      "15:16:37",
      "15:31:36",
      "15:46:53",
      "16:02:37",
      "16:17:11",
      "16:32:23",
      "16:47:48",
      "17:02:37",
      "17:17:23",
      "17:31:46",
      "17:47:20",
      "18:01:44",
      "18:16:14",
      "18:30:46",
      "18:46:16",
      "19:00:59",
      "19:15:29",
      "19:29:39",
      "19:44:06",
      "19:59:11",
      "20:14:32",
      "20:28:44",
      "20:42:57",
      "20:57:08",
      "21:11:35",
      "21:26:04",
      "21:40:40",
      "21:56:20",
      "22:11:02"
    ],
    "board": [
      15,
      13,
      3,
      2,
      7,
      9,
      2,
      10,
      1,
      6,
      10,
      5,
      14,
      3,
      12,
      15,
      11,
      13,
      7,
      15,
      11,
      4,
      1,
      7,
      2,
      12,
      12,
      3,
      13,
      1,
      15,
      9,
      9,
      7,
      9,
      0,
      3,
      9,
      7,
      2,
      14,
      3,
      1,
      11,
      11,
      0,
      11,
      9,
      10,
      12,
      3,
      13,
      1,
      3,
      6,
      2,
      14,
      3,
      5,
      13,
      14,
      9,
      7,
      15,
      7
    ],
    "alight": [
      12,
      6,
      8,
      3,
      0,
      4,
      12,
      12,
      6,
      11,
      0,
      9,
      15,
      8,
      8,
      13,
      5,
      12,
      13,
      0,
      3,
      1,
      13,
      4,
      1,
      13,
      11,
      0,
      11,
      6,
      0,
      10,
      0,
      12,
      4,
      5,
      1,
      8,
      10,
      13,
      7,
      1,
      7,
      15,
      6,
      13,
      12,
      1,
      12,
      11,
      4,
      10,
      5,
      8,
      2,
      7,
      2,
      15,
      11,
      2,
      2,
      2,
      10,
      3,
      5
    ]
  },
  "金竹路": {
    "time": [
      "06:15:34",
      "06:31:14",
      "06:46:37",
      "07:02:20",
      "07:16:45",
      "07:31:23",
      "07:46:38",
      "08:01:47",
      "08:16:08",
      "08:31:00",
      "08:45:47",
      "09:00:37",
      "09:14:54",
      "09:29:57",
      "09:45:46",
      "10:01:34",
      "10:16:17",
      "10:31:09",
      "10:45:26",
      "11:01:03",
      "11:16:00",
      "11:30:52",
      "11:45:23",
      "12:00:15",
      "12:14:50",
      "12:29:58",
      "12:45:40",
      "13:00:03",
      "13:15:28",
      "13:29:54",
      "13:45:01",
      "14:00:40",
      "14:16:20",
      "14:32:02",
      "14:46:40",
      "15:01:00",
      "15:16:37",
      "15:31:36",
      "15:46:53",
      "16:02:37",
      "16:17:11",
      "16:32:23",
      "16:47:48",
      "17:02:37",
      "17:17:23",
      "17:31:46",
      "17:47:20",
      "18:01:44",
      "18:16:14",
      "18:30:46",
      "18:46:16",
      "19:00:59",
      "19:15:29",
      "19:29:39",
      "19:44:06",
      "19:59:11",
      "20:14:32",
      "20:28:44",
      "20:42:57",
      "20:57:08",
      "21:11:35",
      "21:26:04",
      "21:40:40",
      "21:56:20",
      "22:11:02"
    ],
    "board": [
      10,
      3,
      8,
      12,
      5,
      5,
      5,
      15,
      8,
      14,
      4,
      14,
      0,
      7,
      8,
      4,
      10,
      9,
      0,
      1,
      9,
      7,
      11,
      12,
      5,
      11,
      13,
      12,
      7,
      11,
      14,
      7,
      13,
      2,
      0,
      9,
      4,
      4,
      14,
      2,
      3,
      11,
      6,
      6,
      13,
      5,
      10,
      8,
      14,
      8,
      4,
      8,
      14,
      4,
      9,
      11,
      14,
      11,
      6,
      14,
      15,
      0,
      5,
      4,
      10
    ],
    "alight": [
      0,
      9,
      0,
      11,
      2,
      3,
      6,
      15,
      6,
      9,
      13,
      8,
      0,
      0,
      7,
      2,
      9,
      3,
      2,
      8,
      14,
      3,
      5,
      4,
      7,
      2,
      6,
      3,
      8,
      10,
      6,
      13,
      0,
      8,
      5,
      12,
      9,
      3,
      2,
      6,
      15,
      1,
      11,
      13,
      11,
      3,
      15,
      8,
      14,
      7,
      1,
      0,
      2,
      11,
      10,
      14,
      6,
      5,
      3,
      0,
      5,
      2,
      12,
      14,
      8
    ]
  },
  "侗寨风雨桥": {
    "time": [
      "06:15:34",
      "06:31:14",
      "06:46:37",
      "07:02:20",
      "07:16:45",
      "07:31:23",
      "07:46:38",
      "08:01:47",
      "08:16:08",
      "08:31:00",
      "08:45:47",
      "09:00:37",
      "09:14:54",
      "09:29:57",
      "09:45:46",
      "10:01:34",
      "10:16:17",
      "10:31:09",
      "10:45:26",
      "11:01:03",
      "11:16:00",
      "11:30:52",
      "11:45:23",
      "12:00:15",
      "12:14:50",
      "12:29:58",
      "12:45:40",
      "13:00:03",
      "13:15:28",
      "13:29:54",
      "13:45:01",
      "14:00:40",
      "14:16:20",
      "14:32:02",
      "14:46:40",
      "15:01:00",
      "15:16:37",
      "15:31:36",
      "15:46:53",
      "16:02:37",
      "16:17:11",
      "16:32:23",
      "16:47:48",
      "17:02:37",
      "17:17:23",
      "17:31:46",
      "17:47:20",
      "18:01:44",
      "18:16:14",
      "18:30:46",
      "18:46:16",
      "19:00:59",
      "19:15:29",
      "19:29:39",
      "19:44:06",
      "19:59:11",
      "20:14:32",
      "20:28:44",
      "20:42:57",
      "20:57:08",
      "21:11:35",
      "21:26:04",
      "21:40:40",
      "21:56:20",
      "22:11:02"
    ],
    "board": [
      8,
      1,
      8,
      13,
      1,
      9,
      7,
      8,
      0,
      1,
      6,
      8,
      4,
      6,
      3,
      6,
      9,
      6,
      1,
      13,
      6,
      15,
      5,
      8,
      5,
      10,
      12,
      3,
      7,
      14,
      12,
      1,
      1,
      4,
      3,
      1,
      9,
      14,
      7,
      1,
      15,
      12,
      13,
      13,
      13,
      1,
      0,
      1,
      3,
      10,
      3,
      6,
      5,
      6,
      9,
      4,
      12,
      13,
      14,
      12,
      11,
      1,
      13,
      10,
      8
    ],
    "alight": [
      11,
      6,
      3,
      12,
      14,
      5,
      3,
      12,
      1,
      7,
      6,
      7,
      8,
      7,
      15,
      3,
      12,
      8,
      13,
      7,
      9,
      11,
      12,
      12,
      10,
      13,
      15,
      2,
      15,
      15,
      1,
      15,
      9,
      14,
      9,
      12,
      3,
      14,
      3,
      15,
      5,
      5,
      9,
      10,
      6,
      2,
      15,
      4,
      7,
      8,
      5,
      15,
      4,
      1,
      9,
      6,
      7,
      5,
      10,
      15,
      14,
      15,
      7,
      2,
      6
    ]
  },
  "中坝卫生服务中心新冠疫苗接种点": {
    "time": [
      "06:15:34",
      "06:31:14",
      "06:46:37",
      "07:02:20",
      "07:16:45",
      "07:31:23",
      "07:46:38",
      "08:01:47",
      "08:16:08",
      "08:31:00",
      "08:45:47",
      "09:00:37",
      "09:14:54",
      "09:29:57",
      "09:45:46",
      "10:01:34",
      "10:16:17",
      "10:31:09",
      "10:45:26",
      "11:01:03",
      "11:16:00",
      "11:30:52",
      "11:45:23",
      "12:00:15",
      "12:14:50",
      "12:29:58",
      "12:45:40",
      "13:00:03",
      "13:15:28",
      "13:29:54",
      "13:45:01",
      "14:00:40",
      "14:16:20",
      "14:32:02",
      "14:46:40",
      "15:01:00",
      "15:16:37",
      "15:31:36",
      "15:46:53",
      "16:02:37",
      "16:17:11",
      "16:32:23",
      "16:47:48",
      "17:02:37",
      "17:17:23",
      "17:31:46",
      "17:47:20",
      "18:01:44",
      "18:16:14",
      "18:30:46",
      "18:46:16",
      "19:00:59",
      "19:15:29",
      "19:29:39",
      "19:44:06",
      "19:59:11",
      "20:14:32",
      "20:28:44",
      "20:42:57",
      "20:57:08",
      "21:11:35",
      "21:26:04",
      "21:40:40",
      "21:56:20",
      "22:11:02"
    ],
    "board": [
      15,
      11,
      13,
      10,
      15,
      15,
      5,
      0,
      5,
      1,
      9,
      15,
      14,
      14,
      3,
      5,
      14,
      9,
      0,
      12,
      11,
      15,
      12,
      1,
      2,
      14,
      7,
      15,
      8,
      10,
      10,
      0,
      7,
      1,
      13,
      8,
      8,
      3,
      2,
      5,
      0,
      3,
      12,
      1,
      4,
      1,
      13,
      15,
      9,
      8,
      1,
      13,
      14,
      8,
      8,
      4,
      12,
      2,
      15,
      10,
      3,
      12,
      13,
      7,
      7
    ],
    "alight": [
      14,
      4,
      12,
      8,
      7,
      2,
      8,
      7,
      4,
      5,
      1,
      7,
      12,
      13,
      12,
      0,
      10,
      12,
      8,
      5,
      6,
      6,
      9,
      3,
      14,
      3,
      5,
      3,
      5,
      3,
      12,
      0,
      15,
      7,
      9,
      6,
      4,
      8,
      13,
      9,
      13,
      1,
      15,
      0,
      14,
      11,
      5,
      2,
      10,
      5,
      11,
      15,
      2,
      5,
      8,
      9,
      4,
      11,
      10,
      12,
      0,
      3,
      7,
      11,
      15
    ]
  },
  "贵州省农业科学院现代农业发展研究所": {
    "time": [
      "06:15:34",
      "06:31:14",
      "06:46:37",
      "07:02:20",
      "07:16:45",
      "07:31:23",
      "07:46:38",
      "08:01:47",
      "08:16:08",
      "08:31:00",
      "08:45:47",
      "09:00:37",
      "09:14:54",
      "09:29:57",
      "09:45:46",
      "10:01:34",
      "10:16:17",
      "10:31:09",
      "10:45:26",
      "11:01:03",
      "11:16:00",
      "11:30:52",
      "11:45:23",
      "12:00:15",
      "12:14:50",
      "12:29:58",
      "12:45:40",
      "13:00:03",
      "13:15:28",
      "13:29:54",
      "13:45:01",
      "14:00:40",
      "14:16:20",
      "14:32:02",
      "14:46:40",
      "15:01:00",
      "15:16:37",
      "15:31:36",
      "15:46:53",
      "16:02:37",
      "16:17:11",
      "16:32:23",
      "16:47:48",
      "17:02:37",
      "17:17:23",
      "17:31:46",
      "17:47:20",
      "18:01:44",
      "18:16:14",
      "18:30:46",
      "18:46:16",
      "19:00:59",
      "19:15:29",
      "19:29:39",
      "19:44:06",
      "19:59:11",
      "20:14:32",
      "20:28:44",
      "20:42:57",
      "20:57:08",
      "21:11:35",
      "21:26:04",
      "21:40:40",
      "21:56:20",
      "22:11:02"
    ],
    "board": [
      13,
      0,
      10,
      3,
      1,
      5,
      1,
      9,
      13,
      12,
      5,
      7,
      15,
      13,
      0,
      13,
      5,
      11,
      13,
      4,
      5,
      15,
      3,
      1,
      15,
      8,
      1,
      0,
      0,
      11,
      10,
      8,
      13,
      12,
      13,
      10,
      12,
      7,
      8,
      6,
      11,
      3,
      13,
      0,
      1,
      10,
      3,
      8,
      12,
      0,
      6,
      10,
      5,
      15,
      13,
      7,
      8,
      14,
      10,
      7,
      4,
      5,
      10,
      9,
      6
    ],
    "alight": [
      0,
      12,
      0,
      3,
      10,
      10,
      10,
      4,
      2,
      7,
      14,
      3,
      7,
      3,
      14,
      14,
      1,
      7,
      6,
      6,
      3,
      14,
      13,
      6,
      11,
      8,
      4,
      1,
      5,
      2,
      2,
      11,
      6,
      9,
      7,
      10,
      8,
      15,
      5,
      4,
      10,
      4,
      14,
      13,
      13,
      15,
      9,
      8,
      15,
      0,
      8,
      0,
      6,
      7,
      1,
      14,
      7,
      7,
      1,
      15,
      13,
      9,
      10,
      12,
      7
    ]
  },
  "贵阳农科院春晖苑": {
    "time": [
      "06:15:34",
      "06:31:14",
      "06:46:37",
      "07:02:20",
      "07:16:45",
      "07:31:23",
      "07:46:38",
      "08:01:47",
      "08:16:08",
      "08:31:00",
      "08:45:47",
      "09:00:37",
      "09:14:54",
      "09:29:57",
      "09:45:46",
      "10:01:34",
      "10:16:17",
      "10:31:09",
      "10:45:26",
      "11:01:03",
      "11:16:00",
      "11:30:52",
      "11:45:23",
      "12:00:15",
      "12:14:50",
      "12:29:58",
      "12:45:40",
      "13:00:03",
      "13:15:28",
      "13:29:54",
      "13:45:01",
      "14:00:40",
      "14:16:20",
      "14:32:02",
      "14:46:40",
      "15:01:00",
      "15:16:37",
      "15:31:36",
      "15:46:53",
      "16:02:37",
      "16:17:11",
      "16:32:23",
      "16:47:48",
      "17:02:37",
      "17:17:23",
      "17:31:46",
      "17:47:20",
      "18:01:44",
      "18:16:14",
      "18:30:46",
      "18:46:16",
      "19:00:59",
      "19:15:29",
      "19:29:39",
      "19:44:06",
      "19:59:11",
      "20:14:32",
      "20:28:44",
      "20:42:57",
      "20:57:08",
      "21:11:35",
      "21:26:04",
      "21:40:40",
      "21:56:20",
      "22:11:02"
    ],
    "board": [
      15,
      15,
      5,
      10,
      14,
      1,
      11,
      4,
      0,
      1,
      6,
      10,
      7,
      6,
      10,
      11,
      14,
      0,
      4,
      10,
      11,
      15,
      11,
      6,
      15,
      5,
      12,
      13,
      0,
      13,
      8,
      14,
      6,
      11,
      7,
      10,
      2,
      5,
      2,
      13,
      3,
      0,
      15,
      1,
      14,
      14,
      14,
      0,
      15,
      12,
      10,
      12,
      6,
      3,
      9,
      15,
      14,
      1,
      12,
      10,
      1,
      13,
      15,
      6,
      6
    ],
    "alight": [
      13,
      9,
      9,
      5,
      14,
      2,
      14,
      1,
      1,
      12,
      14,
      11,
      15,
      2,
      4,
      6,
      15,
      5,
      12,
      0,
      15,
      13,
      10,
      9,
      0,
      3,
      3,
      4,
      0,
      5,
      2,
      10,
      8,
      13,
      2,
      2,
      3,
      10,
      15,
      2,
      10,
      0,
      13,
      5,
      3,
      2,
      4,
      0,
      14,
      2,
      12,
      3,
      14,
      15,
      3,
      3,
      3,
      3,
      13,
      6,
      1,
      8,
      2,
      6,
      0
    ]
  },
  "贵州省农业科学院旱粮研究所": {
    "time": [
      "06:15:34",
      "06:31:14",
      "06:46:37",
      "07:02:20",
      "07:16:45",
      "07:31:23",
      "07:46:38",
      "08:01:47",
      "08:16:08",
      "08:31:00",
      "08:45:47",
      "09:00:37",
      "09:14:54",
      "09:29:57",
      "09:45:46",
      "10:01:34",
      "10:16:17",
      "10:31:09",
      "10:45:26",
      "11:01:03",
      "11:16:00",
      "11:30:52",
      "11:45:23",
      "12:00:15",
      "12:14:50",
      "12:29:58",
      "12:45:40",
      "13:00:03",
      "13:15:28",
      "13:29:54",
      "13:45:01",
      "14:00:40",
      "14:16:20",
      "14:32:02",
      "14:46:40",
      "15:01:00",
      "15:16:37",
      "15:31:36",
      "15:46:53",
      "16:02:37",
      "16:17:11",
      "16:32:23",
      "16:47:48",
      "17:02:37",
      "17:17:23",
      "17:31:46",
      "17:47:20",
      "18:01:44",
      "18:16:14",
      "18:30:46",
      "18:46:16",
      "19:00:59",
      "19:15:29",
      "19:29:39",
      "19:44:06",
      "19:59:11",
      "20:14:32",
      "20:28:44",
      "20:42:57",
      "20:57:08",
      "21:11:35",
      "21:26:04",
      "21:40:40",
      "21:56:20",
      "22:11:02"
    ],
    "board": [
      14,
      12,
      9,
      11,
      1,
      9,
      12,
      12,
      10,
      15,
      7,
      1,
      6,
      6,
      15,
      3,
      0,
      6,
      9,
      2,
      12,
      7,
      7,
      15,
      2,
      1,
      1,
      1,
      5,
      11,
      8,
      5,
      3,
      13,
      15,
      13,
      15,
      12,
      2,
      11,
      0,
      2,
      6,
      1,
      10,
      5,
      15,
      8,
      12,
      1,
      7,
      1,
      2,
      12,
      7,
      0,
      10,
      0,
      14,
      13,
      7,
      3,
      14,
      13,
      8
    ],
    "alight": [
      8,
      5,
      15,
      1,
      13,
      1,
      14,
      8,
      2,
      3,
      10,
      1,
      13,
      1,
      2,
      12,
      13,
      4,
      14,
      10,
      13,
      7,
      10,
      10,
      13,
      11,
      6,
      9,
      10,
      9,
      15,
      14,
      14,
      4,
      14,
      5,
      3,
      3,
      7,
      6,
      12,
      10,
      3,
      0,
      3,
      4,
      3,
      9,
      15,
      6,
      10,
      3,
      7,
      4,
      0,
      8,
      3,
      1,
      1,
      6,
      2,
      10,
      6,
      8,
      1
    ]
  },
  "贵阳金竹酒店": {
    "time": [
      "06:15:34",
      "06:31:14",
      "06:46:37",
      "07:02:20",
      "07:16:45",
      "07:31:23",
      "07:46:38",
      "08:01:47",
      "08:16:08",
      "08:31:00",
      "08:45:47",
      "09:00:37",
      "09:14:54",
      "09:29:57",
      "09:45:46",
      "10:01:34",
      "10:16:17",
      "10:31:09",
      "10:45:26",
      "11:01:03",
      "11:16:00",
      "11:30:52",
      "11:45:23",
      "12:00:15",
      "12:14:50",
      "12:29:58",
      "12:45:40",
      "13:00:03",
      "13:15:28",
      "13:29:54",
      "13:45:01",
      "14:00:40",
      "14:16:20",
      "14:32:02",
      "14:46:40",
      "15:01:00",
      "15:16:37",
      "15:31:36",
      "15:46:53",
      "16:02:37",
      "16:17:11",
      "16:32:23",
      "16:47:48",
      "17:02:37",
      "17:17:23",
      "17:31:46",
      "17:47:20",
      "18:01:44",
      "18:16:14",
      "18:30:46",
      "18:46:16",
      "19:00:59",
      "19:15:29",
      "19:29:39",
      "19:44:06",
      "19:59:11",
      "20:14:32",
      "20:28:44",
      "20:42:57",
      "20:57:08",
      "21:11:35",
      "21:26:04",
      "21:40:40",
      "21:56:20",
      "22:11:02"
    ],
    "board": [
      3,
      4,
      13,
      4,
      14,
      6,
      2,
      8,
      2,
      8,
      3,
      13,
      1,
      8,
      14,
      4,
      12,
      0,
      12,
      2,
      2,
      15,
      1,
      4,
      11,
      10,
      10,
      2,
      8,
      14,
      11,
      15,
      2,
      3,
      10,
      0,
      14,
      1,
      0,
      15,
      6,
      11,
      1,
      14,
      1,
      1,
      14,
      0,
      1,
      2,
      8,
      9,
      13,
      4,
      12,
      0,
      15,
      10,
      6,
      15,
      4,
      8,
      1,
      15,
      4
    ],
    "alight": [
      6,
      15,
      8,
      12,
      2,
      13,
      1,
      15,
      13,
      2,
      13,
      0,
      7,
      11,
      13,
      5,
      3,
      3,
      12,
      10,
      2,
      8,
      1,
      9,
      3,
      6,
      0,
      7,
      10,
      1,
      15,
      4,
      5,
      5,
      6,
      12,
      11,
      3,
      4,
      6,
      10,
      3,
      15,
      14,
      3,
      3,
      15,
      10,
      2,
      3,
      4,
      11,
      12,
      0,
      2,
      3,
      7,
      5,
      10,
      6,
      2,
      9,
      7,
      2,
      8
    ]
  },
  "夜猫台球俱乐部": {
    "time": [
      "06:15:34",
      "06:31:14",
      "06:46:37",
      "07:02:20",
      "07:16:45",
      "07:31:23",
      "07:46:38",
      "08:01:47",
      "08:16:08",
      "08:31:00",
      "08:45:47",
      "09:00:37",
      "09:14:54",
      "09:29:57",
      "09:45:46",
      "10:01:34",
      "10:16:17",
      "10:31:09",
      "10:45:26",
      "11:01:03",
      "11:16:00",
      "11:30:52",
      "11:45:23",
      "12:00:15",
      "12:14:50",
      "12:29:58",
      "12:45:40",
      "13:00:03",
      "13:15:28",
      "13:29:54",
      "13:45:01",
      "14:00:40",
      "14:16:20",
      "14:32:02",
      "14:46:40",
      "15:01:00",
      "15:16:37",
      "15:31:36",
      "15:46:53",
      "16:02:37",
      "16:17:11",
      "16:32:23",
      "16:47:48",
      "17:02:37",
      "17:17:23",
      "17:31:46",
      "17:47:20",
      "18:01:44",
      "18:16:14",
      "18:30:46",
      "18:46:16",
      "19:00:59",
      "19:15:29",
      "19:29:39",
      "19:44:06",
      "19:59:11",
      "20:14:32",
      "20:28:44",
      "20:42:57",
      "20:57:08",
      "21:11:35",
      "21:26:04",
      "21:40:40",
      "21:56:20",
      "22:11:02"
    ],
    "board": [
      5,
      1,
      7,
      0,
      1,
      7,
      7,
      10,
      7,
      7,
      14,
      1,
      0,
      5,
      15,
      5,
      6,
      13,
      6,
      8,
      9,
      7,
      10,
      2,
      9,
      1,
      5,
      11,
      9,
      10,
      10,
      9,
      6,
      2,
      1,
      10,
      7,
      1,
      9,
      2,
      5,
      4,
      4,
      11,
      0,
      8,
      11,
      9,
      14,
      14,
      12,
      4,
      13,
      15,
      3,
      4,
      10,
      7,
      9,
      5,
      11,
      11,
      2,
      15,
      13
    ],
    "alight": [
      5,
      9,
      10,
      1,
      15,
      5,
      9,
      13,
      10,
      11,
      13,
      14,
      6,
      0,
      13,
      9,
      12,
      9,
      0,
      2,
      12,
      15,
      4,
      2,
      15,
      6,
      11,
      15,
      0,
      1,
      13,
      0,
      0,
      6,
      7,
      7,
      8,
      12,
      12,
      1,
      10,
      2,
      1,
      12,
      3,
      0,
      13,
      14,
      11,
      2,
      15,
      9,
      0,
      0,
      0,
      5,
      15,
      8,
      14,
      7,
      8,
      7,
      1,
      0,
      13
    ]
  },
  "贵州奥八马展柜": {
    "time": [
      "06:15:34",
      "06:31:14",
      "06:46:37",
      "07:02:20",
      "07:16:45",
      "07:31:23",
      "07:46:38",
      "08:01:47",
      "08:16:08",
      "08:31:00",
      "08:45:47",
      "09:00:37",
      "09:14:54",
      "09:29:57",
      "09:45:46",
      "10:01:34",
      "10:16:17",
      "10:31:09",
      "10:45:26",
      "11:01:03",
      "11:16:00",
      "11:30:52",
      "11:45:23",
      "12:00:15",
      "12:14:50",
      "12:29:58",
      "12:45:40",
      "13:00:03",
      "13:15:28",
      "13:29:54",
      "13:45:01",
      "14:00:40",
      "14:16:20",
      "14:32:02",
      "14:46:40",
      "15:01:00",
      "15:16:37",
      "15:31:36",
      "15:46:53",
      "16:02:37",
      "16:17:11",
      "16:32:23",
      "16:47:48",
      "17:02:37",
      "17:17:23",
      "17:31:46",
      "17:47:20",
      "18:01:44",
      "18:16:14",
      "18:30:46",
      "18:46:16",
      "19:00:59",
      "19:15:29",
      "19:29:39",
      "19:44:06",
      "19:59:11",
      "20:14:32",
      "20:28:44",
      "20:42:57",
      "20:57:08",
      "21:11:35",
      "21:26:04",
      "21:40:40",
      "21:56:20",
      "22:11:02"
    ],
    "board": [
      5,
      8,
      6,
      2,
      2,
      9,
      14,
      14,
      6,
      3,
      12,
      3,
      9,
      8,
      3,
      1,
      11,
      10,
      15,
      13,
      10,
      3,
      15,
      15,
      14,
      13,
      0,
      7,
      8,
      12,
      4,
      15,
      15,
      7,
      0,
      9,
      14,
      4,
      9,
      5,
      5,
      12,
      10,
      7,
      7,
      10,
      10,
      15,
      15,
      14,
      12,
      2,
      4,
      9,
      0,
      7,
      12,
      2,
      6,
      6,
      11,
      2,
      6,
      1,
      8
    ],
    "alight": [
      7,
      6,
      13,
      14,
      14,
      0,
      15,
      14,
      14,
      12,
      10,
      0,
      15,
      11,
      10,
      2,
      6,
      3,
      0,
      6,
      13,
      1,
      10,
      8,
      11,
      7,
      0,
      12,
      8,
      11,
      9,
      8,
      2,
      0,
      8,
      6,
      8,
      8,
      1,
      3,
      10,
      5,
      8,
      0,
      8,
      8,
      2,
      2,
      9,
      11,
      2,
      3,
      11,
      14,
      1,
      3,
      14,
      12,
      11,
      13,
      12,
      2,
      2,
      13,
      15
    ]
  },
  "筲箕地农庄餐饮服务店": {
    "time": [
      "06:15:34",
      "06:31:14",
      "06:46:37",
      "07:02:20",
      "07:16:45",
      "07:31:23",
      "07:46:38",
      "08:01:47",
      "08:16:08",
      "08:31:00",
      "08:45:47",
      "09:00:37",
      "09:14:54",
      "09:29:57",
      "09:45:46",
      "10:01:34",
      "10:16:17",
      "10:31:09",
      "10:45:26",
      "11:01:03",
      "11:16:00",
      "11:30:52",
      "11:45:23",
      "12:00:15",
      "12:14:50",
      "12:29:58",
      "12:45:40",
      "13:00:03",
      "13:15:28",
      "13:29:54",
      "13:45:01",
      "14:00:40",
      "14:16:20",
      "14:32:02",
      "14:46:40",
      "15:01:00",
      "15:16:37",
      "15:31:36",
      "15:46:53",
      "16:02:37",
      "16:17:11",
      "16:32:23",
      "16:47:48",
      "17:02:37",
      "17:17:23",
      "17:31:46",
      "17:47:20",
      "18:01:44",
      "18:16:14",
      "18:30:46",
      "18:46:16",
      "19:00:59",
      "19:15:29",
      "19:29:39",
      "19:44:06",
      "19:59:11",
      "20:14:32",
      "20:28:44",
      "20:42:57",
      "20:57:08",
      "21:11:35",
      "21:26:04",
      "21:40:40",
      "21:56:20",
      "22:11:02"
    ],
    "board": [
      0,
      6,
      8,
      3,
      7,
      0,
      2,
      14,
      14,
      11,
      6,
      3,
      9,
      14,
      11,
      5,
      0,
      1,
      11,
      7,
      11,
      4,
      9,
      4,
      8,
      14,
      2,
      4,
      10,
      13,
      13,
      12,
      13,
      13,
      11,
      4,
      11,
      15,
      9,
      15,
      6,
      10,
      11,
      1,
      15,
      4,
      12,
      11,
      13,
      7,
      13,
      8,
      6,
      13,
      8,
      9,
      2,
      13,
      4,
      5,
      4,
      0,
      2,
      10,
      7
    ],
    "alight": [
      14,
      2,
      14,
      0,
      3,
      3,
      6,
      7,
      4,
      12,
      14,
      6,
      6,
      12,
      6,
      12,
      9,
      7,
      12,
      14,
      3,
      5,
      13,
      9,
      6,
      1,
      4,
      14,
      14,
      14,
      11,
      2,
      15,
      9,
      8,
      2,
      5,
      11,
      7,
      3,
      12,
      6,
      5,
      15,
      6,
      2,
      0,
      2,
      4,
      2,
      1,
      2,
      14,
      8,
      7,
      3,
      0,
      7,
      8,
      0,
      15,
      0,
      4,
      4,
      2
    ]
  },
  "联塑管道(贵安大道店)": {
    "time": [
      "06:15:34",
      "06:31:14",
      "06:46:37",
      "07:02:20",
      "07:16:45",
      "07:31:23",
      "07:46:38",
      "08:01:47",
      "08:16:08",
      "08:31:00",
      "08:45:47",
      "09:00:37",
      "09:14:54",
      "09:29:57",
      "09:45:46",
      "10:01:34",
      "10:16:17",
      "10:31:09",
      "10:45:26",
      "11:01:03",
      "11:16:00",
      "11:30:52",
      "11:45:23",
      "12:00:15",
      "12:14:50",
      "12:29:58",
      "12:45:40",
      "13:00:03",
      "13:15:28",
      "13:29:54",
      "13:45:01",
      "14:00:40",
      "14:16:20",
      "14:32:02",
      "14:46:40",
      "15:01:00",
      "15:16:37",
      "15:31:36",
      "15:46:53",
      "16:02:37",
      "16:17:11",
      "16:32:23",
      "16:47:48",
      "17:02:37",
      "17:17:23",
      "17:31:46",
      "17:47:20",
      "18:01:44",
      "18:16:14",
      "18:30:46",
      "18:46:16",
      "19:00:59",
      "19:15:29",
      "19:29:39",
      "19:44:06",
      "19:59:11",
      "20:14:32",
      "20:28:44",
      "20:42:57",
      "20:57:08",
      "21:11:35",
      "21:26:04",
      "21:40:40",
      "21:56:20",
      "22:11:02"
    ],
    "board": [
      9,
      8,
      6,
      4,
      10,
      13,
      11,
      0,
      8,
      3,
      13,
      7,
      6,
      1,
      0,
      9,
      4,
      5,
      6,
      3,
      7,
      2,
      2,
      1,
      1,
      4,
      0,
      6,
      1,
      8,
      5,
      5,
      7,
      4,
      6,
      10,
      9,
      8,
      7,
      8,
      1,
      11,
      2,
      7,
      6,
      10,
      14,
      8,
      15,
      7,
      0,
      4,
      4,
      2,
      15,
      8,
      2,
      12,
      14,
      13,
      3,
      6,
      6,
      4,
      10
    ],
    "alight": [
      9,
      7,
      3,
      10,
      14,
      6,
      4,
      13,
      9,
      9,
      3,
      0,
      13,
      0,
      1,
      6,
      11,
      15,
      2,
      1,
      5,
      0,
      14,
      14,
      0,
      14,
      12,
      14,
      11,
      5,
      13,
      12,
      13,
      9,
      1,
      1,
      12,
      3,
      10,
      1,
      15,
      13,
      2,
      1,
      13,
      12,
      13,
      11,
      2,
      4,
      10,
      2,
      0,
      7,
      0,
      12,
      2,
      1,
      6,
      7,
      4,
      8,
      10,
      14,
      10
    ]
  },
  "石板二村": {
    "time": [
      "06:15:34",
      "06:31:14",
      "06:46:37",
      "07:02:20",
      "07:16:45",
      "07:31:23",
      "07:46:38",
      "08:01:47",
      "08:16:08",
      "08:31:00",
      "08:45:47",
      "09:00:37",
      "09:14:54",
      "09:29:57",
      "09:45:46",
      "10:01:34",
      "10:16:17",
      "10:31:09",
      "10:45:26",
      "11:01:03",
      "11:16:00",
      "11:30:52",
      "11:45:23",
      "12:00:15",
      "12:14:50",
      "12:29:58",
      "12:45:40",
      "13:00:03",
      "13:15:28",
      "13:29:54",
      "13:45:01",
      "14:00:40",
      "14:16:20",
      "14:32:02",
      "14:46:40",
      "15:01:00",
      "15:16:37",
      "15:31:36",
      "15:46:53",
      "16:02:37",
      "16:17:11",
      "16:32:23",
      "16:47:48",
      "17:02:37",
      "17:17:23",
      "17:31:46",
      "17:47:20",
      "18:01:44",
      "18:16:14",
      "18:30:46",
      "18:46:16",
      "19:00:59",
      "19:15:29",
      "19:29:39",
      "19:44:06",
      "19:59:11",
      "20:14:32",
      "20:28:44",
      "20:42:57",
      "20:57:08",
      "21:11:35",
      "21:26:04",
      "21:40:40",
      "21:56:20",
      "22:11:02"
    ],
    "board": [
      4,
      0,
      7,
      11,
      14,
      11,
      6,
      0,
      10,
      8,
      7,
      2,
      5,
      7,
      6,
      9,
      10,
      10,
      0,
      12,
      1,
      10,
      15,
      7,
      3,
      7,
      6,
      0,
      1,
      12,
      1,
      13,
      15,
      3,
      3,
      10,
      10,
      9,
      15,
      6,
      13,
      12,
      7,
      13,
      13,
      11,
      2,
      10,
      12,
      13,
      3,
      10,
      13,
      13,
      0,
      0,
      5,
      6,
      9,
      10,
      15,
      12,
      2,
      9,
      1
    ],
    "alight": [
      6,
      2,
      1,
      4,
      8,
      8,
      8,
      2,
      4,
      6,
      13,
      2,
      10,
      14,
      1,
      7,
      12,
      1,
      14,
      12,
      14,
      15,
      1,
      12,
      11,
      13,
      1,
      3,
      5,
      10,
      5,
      3,
      14,
      8,
      5,
      15,
      5,
      4,
      13,
      2,
      8,
      2,
      5,
      2,
      9,
      10,
      14,
      14,
      8,
      3,
      6,
      0,
      13,
      5,
      8,
      6,
      0,
      15,
      13,
      9,
      8,
      9,
      11,
      7,
      2
    ]
  },
  "石板镇妇幼保健计划生育服务站": {
    "time": [
      "06:15:34",
      "06:31:14",
      "06:46:37",
      "07:02:20",
      "07:16:45",
      "07:31:23",
      "07:46:38",
      "08:01:47",
      "08:16:08",
      "08:31:00",
      "08:45:47",
      "09:00:37",
      "09:14:54",
      "09:29:57",
      "09:45:46",
      "10:01:34",
      "10:16:17",
      "10:31:09",
      "10:45:26",
      "11:01:03",
      "11:16:00",
      "11:30:52",
      "11:45:23",
      "12:00:15",
      "12:14:50",
      "12:29:58",
      "12:45:40",
      "13:00:03",
      "13:15:28",
      "13:29:54",
      "13:45:01",
      "14:00:40",
      "14:16:20",
      "14:32:02",
      "14:46:40",
      "15:01:00",
      "15:16:37",
      "15:31:36",
      "15:46:53",
      "16:02:37",
      "16:17:11",
      "16:32:23",
      "16:47:48",
      "17:02:37",
      "17:17:23",
      "17:31:46",
      "17:47:20",
      "18:01:44",
      "18:16:14",
      "18:30:46",
      "18:46:16",
      "19:00:59",
      "19:15:29",
      "19:29:39",
      "19:44:06",
      "19:59:11",
      "20:14:32",
      "20:28:44",
      "20:42:57",
      "20:57:08",
      "21:11:35",
      "21:26:04",
      "21:40:40",
      "21:56:20",
      "22:11:02"
    ],
    "board": [
      14,
      11,
      3,
      6,
      0,
      15,
      9,
      11,
      12,
      6,
      13,
      4,
      10,
      6,
      14,
      1,
      15,
      13,
      9,
      0,
      9,
      11,
      9,
      3,
      9,
      5,
      5,
      15,
      12,
      2,
      1,
      10,
      14,
      5,
      3,
      12,
      12,
      13,
      10,
      3,
      5,
      8,
      8,
      7,
      1,
      4,
      8,
      10,
      13,
      5,
      12,
      0,
      2,
      14,
      5,
      1,
      12,
      13,
      5,
      13,
      11,
      10,
      5,
      1,
      5
    ],
    "alight": [
      4,
      0,
      2,
      15,
      12,
      2,
      2,
      8,
      10,
      8,
      12,
      12,
      15,
      9,
      2,
      5,
      9,
      1,
      10,
      10,
      6,
      5,
      11,
      4,
      0,
      0,
      7,
      12,
      3,
      2,
      11,
      7,
      12,
      13,
      14,
      9,
      7,
      15,
      0,
      10,
      0,
      9,
      12,
      4,
      8,
      4,
      3,
      0,
      1,
      7,
      5,
      15,
      11,
      10,
      6,
      3,
      10,
      10,
      2,
      1,
      0,
      4,
      15,
      9,
      14
    ]
  },
  "优品驿站供应链有限公司": {
    "time": [
      "06:15:34",
      "06:31:14",
      "06:46:37",
      "07:02:20",
      "07:16:45",
      "07:31:23",
      "07:46:38",
      "08:01:47",
      "08:16:08",
      "08:31:00",
      "08:45:47",
      "09:00:37",
      "09:14:54",
      "09:29:57",
      "09:45:46",
      "10:01:34",
      "10:16:17",
      "10:31:09",
      "10:45:26",
      "11:01:03",
      "11:16:00",
      "11:30:52",
      "11:45:23",
      "12:00:15",
      "12:14:50",
      "12:29:58",
      "12:45:40",
      "13:00:03",
      "13:15:28",
      "13:29:54",
      "13:45:01",
      "14:00:40",
      "14:16:20",
      "14:32:02",
      "14:46:40",
      "15:01:00",
      "15:16:37",
      "15:31:36",
      "15:46:53",
      "16:02:37",
      "16:17:11",
      "16:32:23",
      "16:47:48",
      "17:02:37",
      "17:17:23",
      "17:31:46",
      "17:47:20",
      "18:01:44",
      "18:16:14",
      "18:30:46",
      "18:46:16",
      "19:00:59",
      "19:15:29",
      "19:29:39",
      "19:44:06",
      "19:59:11",
      "20:14:32",
      "20:28:44",
      "20:42:57",
      "20:57:08",
      "21:11:35",
      "21:26:04",
      "21:40:40",
      "21:56:20",
      "22:11:02"
    ],
    "board": [
      10,
      12,
      3,
      15,
      1,
      11,
      15,
      5,
      6,
      3,
      9,
      15,
      14,
      14,
      5,
      1,
      8,
      10,
      11,
      13,
      12,
      0,
      7,
      15,
      7,
      15,
      0,
      8,
      3,
      0,
      7,
      0,
      13,
      12,
      10,
      4,
      15,
      6,
      5,
      1,
      13,
      8,
      3,
      11,
      9,
      10,
      4,
      8,
      9,
      14,
      8,
      15,
      10,
      2,
      9,
      1,
      13,
      10,
      3,
      5,
      6,
      13,
      9,
      13,
      12
    ],
    "alight": [
      8,
      12,
      6,
      6,
      15,
      13,
      4,
      5,
      9,
      15,
      6,
      10,
      13,
      3,
      15,
      3,
      5,
      15,
      7,
      15,
      11,
      9,
      7,
      2,
      13,
      12,
      6,
      0,
      11,
      6,
      9,
      0,
      10,
      4,
      0,
      1,
      10,
      6,
      13,
      12,
      12,
      13,
      6,
      10,
      15,
      1,
      5,
      8,
      7,
      8,
      14,
      10,
      9,
      6,
      13,
      4,
      0,
      9,
      7,
      1,
      7,
      10,
      8,
      3,
      3
    ]
  },
  "108县道": {
    "time": [
      "06:15:34",
      "06:31:14",
      "06:46:37",
      "07:02:20",
      "07:16:45",
      "07:31:23",
      "07:46:38",
      "08:01:47",
      "08:16:08",
      "08:31:00",
      "08:45:47",
      "09:00:37",
      "09:14:54",
      "09:29:57",
      "09:45:46",
      "10:01:34",
      "10:16:17",
      "10:31:09",
      "10:45:26",
      "11:01:03",
      "11:16:00",
      "11:30:52",
      "11:45:23",
      "12:00:15",
      "12:14:50",
      "12:29:58",
      "12:45:40",
      "13:00:03",
      "13:15:28",
      "13:29:54",
      "13:45:01",
      "14:00:40",
      "14:16:20",
      "14:32:02",
      "14:46:40",
      "15:01:00",
      "15:16:37",
      "15:31:36",
      "15:46:53",
      "16:02:37",
      "16:17:11",
      "16:32:23",
      "16:47:48",
      "17:02:37",
      "17:17:23",
      "17:31:46",
      "17:47:20",
      "18:01:44",
      "18:16:14",
      "18:30:46",
      "18:46:16",
      "19:00:59",
      "19:15:29",
      "19:29:39",
      "19:44:06",
      "19:59:11",
      "20:14:32",
      "20:28:44",
      "20:42:57",
      "20:57:08",
      "21:11:35",
      "21:26:04",
      "21:40:40",
      "21:56:20",
      "22:11:02"
    ],
    "board": [
      10,
      5,
      13,
      1,
      6,
      3,
      3,
      15,
      15,
      10,
      13,
      5,
      6,
      1,
      8,
      3,
      1,
      0,
      8,
      14,
      5,
      0,
      2,
      6,
      8,
      6,
      15,
      1,
      8,
      2,
      4,
      14,
      12,
      6,
      14,
      8,
      4,
      11,
      13,
      5,
      3,
      7,
      14,
      14,
      8,
      2,
      3,
      9,
      8,
      15,
      9,
      1,
      14,
      13,
      0,
      11,
      12,
      4,
      11,
      13,
      13,
      12,
      8,
      14,
      1
    ],
    "alight": [
      11,
      13,
      7,
      9,
      2,
      15,
      2,
      4,
      7,
      5,
      4,
      12,
      5,
      3,
      0,
      15,
      14,
      14,
      1,
      4,
      9,
      10,
      2,
      6,
      1,
      8,
      9,
      6,
      6,
      5,
      3,
      4,
      3,
      12,
      9,
      5,
      6,
      4,
      8,
      0,
      0,
      11,
      0,
      5,
      1,
      5,
      14,
      13,
      2,
      15,
      4,
      3,
      9,
      4,
      9,
      2,
      6,
      10,
      12,
      4,
      13,
      7,
      15,
      8,
      7
    ]
  },
  "喜天城·雅筑酒店(贵阳天河潭景区店)": {
    "time": [
      "06:15:34",
      "06:31:14",
      "06:46:37",
      "07:02:20",
      "07:16:45",
      "07:31:23",
      "07:46:38",
      "08:01:47",
      "08:16:08",
      "08:31:00",
      "08:45:47",
      "09:00:37",
      "09:14:54",
      "09:29:57",
      "09:45:46",
      "10:01:34",
      "10:16:17",
      "10:31:09",
      "10:45:26",
      "11:01:03",
      "11:16:00",
      "11:30:52",
      "11:45:23",
      "12:00:15",
      "12:14:50",
      "12:29:58",
      "12:45:40",
      "13:00:03",
      "13:15:28",
      "13:29:54",
      "13:45:01",
      "14:00:40",
      "14:16:20",
      "14:32:02",
      "14:46:40",
      "15:01:00",
      "15:16:37",
      "15:31:36",
      "15:46:53",
      "16:02:37",
      "16:17:11",
      "16:32:23",
      "16:47:48",
      "17:02:37",
      "17:17:23",
      "17:31:46",
      "17:47:20",
      "18:01:44",
      "18:16:14",
      "18:30:46",
      "18:46:16",
      "19:00:59",
      "19:15:29",
      "19:29:39",
      "19:44:06",
      "19:59:11",
      "20:14:32",
      "20:28:44",
      "20:42:57",
      "20:57:08",
      "21:11:35",
      "21:26:04",
      "21:40:40",
      "21:56:20",
      "22:11:02"
    ],
    "board": [
      2,
      10,
      10,
      6,
      9,
      7,
      6,
      5,
      3,
      10,
      4,
      7,
      2,
      6,
      9,
      2,
      4,
      6,
      1,
      4,
      12,
      3,
      4,
      6,
      0,
      4,
      5,
      13,
      1,
      5,
      10,
      2,
      7,
      4,
      3,
      2,
      6,
      6,
      14,
      2,
      11,
      10,
      0,
      9,
      14,
      2,
      11,
      3,
      2,
      4,
      0,
      3,
      11,
      11,
      10,
      2,
      4,
      2,
      11,
      9,
      13,
      5,
      4,
      4,
      1
    ],
    "alight": [
      7,
      14,
      1,
      5,
      2,
      14,
      5,
      6,
      0,
      12,
      14,
      0,
      15,
      12,
      2,
      14,
      13,
      10,
      4,
      5,
      6,
      8,
      15,
      0,
      5,
      4,
      7,
      3,
      5,
      0,
      11,
      15,
      9,
      12,
      10,
      9,
      9,
      8,
      3,
      6,
      13,
      5,
      15,
      9,
      15,
      7,
      7,
      3,
      1,
      7,
      14,
      6,
      15,
      10,
      8,
      12,
      4,
      0,
      12,
      8,
      0,
      4,
      10,
      2,
      10
    ]
  },
  "云上天河酒店": {
    "time": [
      "06:15:34",
      "06:31:14",
      "06:46:37",
      "07:02:20",
      "07:16:45",
      "07:31:23",
      "07:46:38",
      "08:01:47",
      "08:16:08",
      "08:31:00",
      "08:45:47",
      "09:00:37",
      "09:14:54",
      "09:29:57",
      "09:45:46",
      "10:01:34",
      "10:16:17",
      "10:31:09",
      "10:45:26",
      "11:01:03",
      "11:16:00",
      "11:30:52",
      "11:45:23",
      "12:00:15",
      "12:14:50",
      "12:29:58",
      "12:45:40",
      "13:00:03",
      "13:15:28",
      "13:29:54",
      "13:45:01",
      "14:00:40",
      "14:16:20",
      "14:32:02",
      "14:46:40",
      "15:01:00",
      "15:16:37",
      "15:31:36",
      "15:46:53",
      "16:02:37",
      "16:17:11",
      "16:32:23",
      "16:47:48",
      "17:02:37",
      "17:17:23",
      "17:31:46",
      "17:47:20",
      "18:01:44",
      "18:16:14",
      "18:30:46",
      "18:46:16",
      "19:00:59",
      "19:15:29",
      "19:29:39",
      "19:44:06",
      "19:59:11",
      "20:14:32",
      "20:28:44",
      "20:42:57",
      "20:57:08",
      "21:11:35",
      "21:26:04",
      "21:40:40",
      "21:56:20",
      "22:11:02"
    ],
    "board": [
      0,
      0,
      0,
      0,
      0,
      0,
      0,
      0,
      0,
      0,
      0,
      0,
      0,
      0,
      0,
      0,
      0,
      0,
      0,
      0,
      0,
      0,
      0,
      0,
      0,
      0,
      0,
      0,
      0,
      0,
      0,
      0,
      0,
      0,
      0,
      0,
      0,
      0,
      0,
      0,
      0,
      0,
      0,
      0,
      0,
      0,
      0,
      0,
      0,
      0,
      0,
      0,
      0,
      0,
      0,
      0,
      0,
      4,
      2,
      1,
      1,
      0,
      0,
      0,
      0
    ],
    "alight": [
      6,
      4,
      6,
      3,
      9,
      4,
      2,
      12,
      11,
      11,
      5,
      14,
      9,
      15,
      9,
      15,
      4,
      0,
      15,
      11,
      5,
      14,
      10,
      9,
      7,
      4,
      15,
      14,
      1,
      9,
      7,
      1,
      6,
      15,
      13,
      0,
      7,
      9,
      6,
      10,
      12,
      0,
      4,
      9,
      5,
      13,
      4,
      5,
      12,
      15,
      6,
      3,
      4,
      4,
      12,
      1,
      4,
      10,
      6,
      6,
      0,
      9,
      1,
      10,
      5
    ]
  },
  "湖磊南路": {
    "time": [
      "06:15:34",
      "06:31:14",
      "06:46:37",
      "07:02:20",
      "07:16:45",
      "07:31:23",
      "07:46:38",
      "08:01:47",
      "08:16:08",
      "08:31:00",
      "08:45:47",
      "09:00:37",
      "09:14:54",
      "09:29:57",
      "09:45:46",
      "10:01:34",
      "10:16:17",
      "10:31:09",
      "10:45:26",
      "11:01:03",
      "11:16:00",
      "11:30:52",
      "11:45:23",
      "12:00:15",
      "12:14:50",
      "12:29:58",
      "12:45:40",
      "13:00:03",
      "13:15:28",
      "13:29:54",
      "13:45:01",
      "14:00:40",
      "14:16:20",
      "14:32:02",
      "14:46:40",
      "15:01:00",
      "15:16:37",
      "15:31:36",
      "15:46:53",
      "16:02:37",
      "16:17:11",
      "16:32:23",
      "16:47:48",
      "17:02:37",
      "17:17:23",
      "17:31:46",
      "17:47:20",
      "18:01:44",
      "18:16:14",
      "18:30:46",
      "18:46:16",
      "19:00:59",
      "19:15:29",
      "19:29:39",
      "19:44:06",
      "19:59:11",
      "20:14:32",
      "20:28:44",
      "20:42:57",
      "20:57:08",
      "21:11:35",
      "21:26:04",
      "21:40:40",
      "21:56:20",
      "22:11:02"
    ],
    "board": [
      0,
      1,
      0,
      0,
      0,
      0,
      0,
      0,
      0,
      1,
      0,
      0,
      0,
      0,
      0,
      0,
      0,
      0,
      2,
      0,
      0,
      0,
      0,
      0,
      0,
      0,
      0,
      0,
      0,
      0,
      0,
      0,
      0,
      0,
      0,
      4,
      0,
      0,
      4,
      0,
      0,
      0,
      2,
      0,
      0,
      0,
      0,
      3,
      0,
      0,
      0,
      0,
      0,
      0,
      0,
      0,
      0,
      0,
      0,
      0,
      0,
      0,
      0,
      0,
      0
    ],
    "alight": [
      15,
      10,
      10,
      4,
      3,
      3,
      3,
      15,
      10,
      1,
      6,
      15,
      7,
      1,
      11,
      9,
      1,
      10,
      10,
      7,
      12,
      15,
      4,
      6,
      3,
      13,
      3,
      6,
      2,
      4,
      2,
      12,
      4,
      9,
      11,
      2,
      15,
      5,
      11,
      10,
      13,
      3,
      9,
      6,
      8,
      1,
      1,
      14,
      4,
      11,
      9,
      10,
      14,
      12,
      9,
      15,
      5,
      8,
      0,
      11,
      15,
      3,
      13,
      9,
      8
    ]
  },
  "湖磊北路": {
    "time": [
      "06:15:34",
      "06:31:14",
      "06:46:37",
      "07:02:20",
      "07:16:45",
      "07:31:23",
      "07:46:38",
      "08:01:47",
      "08:16:08",
      "08:31:00",
      "08:45:47",
      "09:00:37",
      "09:14:54",
      "09:29:57",
      "09:45:46",
      "10:01:34",
      "10:16:17",
      "10:31:09",
      "10:45:26",
      "11:01:03",
      "11:16:00",
      "11:30:52",
      "11:45:23",
      "12:00:15",
      "12:14:50",
      "12:29:58",
      "12:45:40",
      "13:00:03",
      "13:15:28",
      "13:29:54",
      "13:45:01",
      "14:00:40",
      "14:16:20",
      "14:32:02",
      "14:46:40",
      "15:01:00",
      "15:16:37",
      "15:31:36",
      "15:46:53",
      "16:02:37",
      "16:17:11",
      "16:32:23",
      "16:47:48",
      "17:02:37",
      "17:17:23",
      "17:31:46",
      "17:47:20",
      "18:01:44",
      "18:16:14",
      "18:30:46",
      "18:46:16",
      "19:00:59",
      "19:15:29",
      "19:29:39",
      "19:44:06",
      "19:59:11",
      "20:14:32",
      "20:28:44",
      "20:42:57",
      "20:57:08",
      "21:11:35",
      "21:26:04",
      "21:40:40",
      "21:56:20",
      "22:11:02"
    ],
    "board": [
      0,
      0,
      0,
      0,
      0,
      0,
      0,
      0,
      0,
      0,
      1,
      2,
      0,
      0,
      0,
      0,
      1,
      1,
      0,
      0,
      0,
      0,
      0,
      0,
      0,
      0,
      0,
      0,
      0,
      0,
      0,
      0,
      0,
      0,
      0,
      0,
      0,
      0,
      0,
      0,
      0,
      3,
      0,
      0,
      0,
      0,
      0,
      0,
      0,
      0,
      0,
      0,
      0,
      0,
      0,
      3,
      0,
      0,
      0,
      0,
      3,
      0,
      0,
      0,
      0
    ],
    "alight": [
      8,
      3,
      1,
      6,
      9,
      5,
      10,
      12,
      5,
      13,
      0,
      0,
      6,
      11,
      10,
      2,
      5,
      8,
      10,
      7,
      3,
      1,
      6,
      8,
      13,
      0,
      7,
      0,
      3,
      2,
      8,
      1,
      7,
      1,
      15,
      9,
      2,
      12,
      4,
      10,
      6,
      12,
      10,
      0,
      15,
      6,
      6,
      11,
      3,
      7,
      3,
      12,
      2,
      11,
      11,
      13,
      3,
      2,
      1,
      7,
      8,
      14,
      1,
      12,
      11
    ]
  },
  "腊妹滩": {
    "time": [
      "06:15:34",
      "06:31:14",
      "06:46:37",
      "07:02:20",
      "07:16:45",
      "07:31:23",
      "07:46:38",
      "08:01:47",
      "08:16:08",
      "08:31:00",
      "08:45:47",
      "09:00:37",
      "09:14:54",
      "09:29:57",
      "09:45:46",
      "10:01:34",
      "10:16:17",
      "10:31:09",
      "10:45:26",
      "11:01:03",
      "11:16:00",
      "11:30:52",
      "11:45:23",
      "12:00:15",
      "12:14:50",
      "12:29:58",
      "12:45:40",
      "13:00:03",
      "13:15:28",
      "13:29:54",
      "13:45:01",
      "14:00:40",
      "14:16:20",
      "14:32:02",
      "14:46:40",
      "15:01:00",
      "15:16:37",
      "15:31:36",
      "15:46:53",
      "16:02:37",
      "16:17:11",
      "16:32:23",
      "16:47:48",
      "17:02:37",
      "17:17:23",
      "17:31:46",
      "17:47:20",
      "18:01:44",
      "18:16:14",
      "18:30:46",
      "18:46:16",
      "19:00:59",
      "19:15:29",
      "19:29:39",
      "19:44:06",
      "19:59:11",
      "20:14:32",
      "20:28:44",
      "20:42:57",
      "20:57:08",
      "21:11:35",
      "21:26:04",
      "21:40:40",
      "21:56:20",
      "22:11:02"
    ],
    "board": [
      0,
      0,
      0,
      0,
      0,
      0,
      0,
      0,
      0,
      0,
      0,
      0,
      0,
      0,
      0,
      0,
      0,
      0,
      0,
      0,
      0,
      0,
      0,
      0,
      0,
      0,
      0,
      0,
      0,
      0,
      0,
      0,
      0,
      0,
      0,
      0,
      0,
      0,
      0,
      0,
      0,
      0,
      0,
      0,
      0,
      0,
      0,
      0,
      0,
      0,
      0,
      0,
      0,
      0,
      0,
      0,
      0,
      0,
      0,
      0,
      0,
      0,
      0,
      0,
      0
    ],
    "alight": [
      15,
      4,
      5,
      0,
      10,
      2,
      0,
      11,
      0,
      3,
      14,
      1,
      13,
      12,
      6,
      15,
      12,
      3,
      9,
      1,
      12,
      15,
      15,
      2,
      13,
      1,
      9,
      3,
      13,
      14,
      2,
      1,
      14,
      11,
      1,
      0,
      13,
      13,
      0,
      5,
      1,
      0,
      2,
      0,
      6,
      3,
      10,
      14,
      0,
      11,
      13,
      1,
      3,
      10,
      9,
      1,
      10,
      4,
      7,
      11,
      4,
      9,
      14,
      10,
      13
    ]
  },
  "明星家私": {
    "time": [
      "06:15:34",
      "06:31:14",
      "06:46:37",
      "07:02:20",
      "07:16:45",
      "07:31:23",
      "07:46:38",
      "08:01:47",
      "08:16:08",
      "08:31:00",
      "08:45:47",
      "09:00:37",
      "09:14:54",
      "09:29:57",
      "09:45:46",
      "10:01:34",
      "10:16:17",
      "10:31:09",
      "10:45:26",
      "11:01:03",
      "11:16:00",
      "11:30:52",
      "11:45:23",
      "12:00:15",
      "12:14:50",
      "12:29:58",
      "12:45:40",
      "13:00:03",
      "13:15:28",
      "13:29:54",
      "13:45:01",
      "14:00:40",
      "14:16:20",
      "14:32:02",
      "14:46:40",
      "15:01:00",
      "15:16:37",
      "15:31:36",
      "15:46:53",
      "16:02:37",
      "16:17:11",
      "16:32:23",
      "16:47:48",
      "17:02:37",
      "17:17:23",
      "17:31:46",
      "17:47:20",
      "18:01:44",
      "18:16:14",
      "18:30:46",
      "18:46:16",
      "19:00:59",
      "19:15:29",
      "19:29:39",
      "19:44:06",
      "19:59:11",
      "20:14:32",
      "20:28:44",
      "20:42:57",
      "20:57:08",
      "21:11:35",
      "21:26:04",
      "21:40:40",
      "21:56:20",
      "22:11:02"
    ],
    "board": [
      0,
      0,
      0,
      0,
      0,
      0,
      0,
      0,
      0,
      0,
      0,
      0,
      0,
      0,
      0,
      0,
      0,
      0,
      0,
      0,
      0,
      0,
      0,
      0,
      0,
      0,
      0,
      0,
      0,
      0,
      0,
      0,
      0,
      0,
      0,
      0,
      0,
      0,
      0,
      0,
      0,
      0,
      0,
      0,
      0,
      0,
      0,
      0,
      0,
      0,
      0,
      0,
      0,
      0,
      0,
      0,
      0,
      0,
      0,
      0,
      0,
      0,
      0,
      0,
      0
    ],
    "alight": [
      2,
      3,
      14,
      0,
      7,
      6,
      0,
      0,
      6,
      5,
      14,
      8,
      7,
      4,
      2,
      2,
      4,
      10,
      4,
      13,
      0,
      3,
      11,
      14,
      5,
      9,
      11,
      5,
      2,
      10,
      9,
      1,
      15,
      11,
      0,
      9,
      15,
      5,
      15,
      15,
      1,
      0,
      10,
      13,
      5,
      10,
      15,
      3,
      9,
      3,
      10,
      1,
      10,
      7,
      6,
      9,
      13,
      1,
      10,
      15,
      14,
      11,
      9,
      9,
      8
    ]
  }
}