{
  "菠萝山": {
    "time": [
      "06:15:21",
      "06:30:12",
      "06:45:36",
      "07:00:57",
      "07:15:27",
      "07:30:52",
      "07:46:11",
      "08:01:49",
      "08:17:17",
      "08:32:01",
      "08:47:04",
      "09:02:20",
      "09:18:00",
      "09:33:13",
      "09:48:37",
      "10:03:01",
      "10:18:30",
      "10:34:17",
      "10:48:37",
      "11:04:08",
      "11:18:20",
      "11:33:24",
      "11:47:38",
      "12:03:26",
      "12:18:20",
      "12:33:36",
      "12:49:04",
      "13:04:21",
      "13:19:17",
      "13:34:24",
      "13:50:01",
      "14:04:21",
      "14:18:50",
      "14:34:14",
      "14:49:56",
      "15:05:30",
      "15:19:46",
      "15:35:26",
      "15:50:26",
      "16:04:58",
      "16:19:42",
      "16:34:24",
      "16:49:48",
      "17:04:03",
      "17:18:21",
      "17:33:24",
      "17:49:09",
      "18:03:53",
      "18:19:37",
      "18:33:56",
      "18:48:10",
      "19:02:32",
      "19:17:52",
      "19:32:48",
      "19:47:16",
      "20:02:12",
      "20:16:23",
      "20:31:53",
      "20:47:13",
      "21:02:47",
      "21:17:12",
      "21:32:37",
      "21:48:16",
      "22:02:28"
    ],
    "board": [
      15,
      7,
      6,
      6,
      10,
      8,
      2,
      12,
      4,
      3,
      7,
      3,
      6,
      3,
      5,
      8,
      2,
      9,
      6,
      2,
      3,
      7,
      9,
      10,
      9,
      4,
      10,
      12,
      11,
      1,
      0,
      6,
      1,
      15,
      0,
      3,
      2,
      5,
      15,
      8,
      3,
      15,
      15,
      11,
      2,
      7,
      7,
      15,
      8,
      11,
      11,
      3,
      9,
      9,
      9,
      8,
      4,
      6,
      12,
      12,
      7,
      11,
      2,
      14
    ],
    "alight": [
      0,
      0,
      0,
      0,
      0,
      0,
      0,
      0,
      0,
      0,
      0,
      0,
      0,
      0,
      0,
      0,
      0,
      0,
      0,
      0,
      0,
      0,
      0,
      0,
      0,
      0,
      0,
      0,
      0,
      0,
      0,
      0,
      0,
      0,
      0,
      0,
      0,
      0,
      0,
      0,
      0,
      0,
      0,
      0,
      0,
      0,
      0,
      0,
      0,
      0,
      0,
      0,
      0,
      0,
      0,
      0,
      0,
      0,
      0,
      0,
      0,
      0,
      0,
      0
    ]
  },
  "贵阳市南明区龙洞堡街道办事处大坡东社区居民委员会": {
    "time": [
      "06:15:21",
      "06:30:12",
      "06:45:36",
      "07:00:57",
      "07:15:27",
      "07:30:52",
      "07:46:11",
      "08:01:49",
      "08:17:17",
      "08:32:01",
      "08:47:04",
      "09:02:20",
      "09:18:00",
      "09:33:13",
      "09:48:37",
      "10:03:01",
      "10:18:30",
      "10:34:17",
      "10:48:37",
      "11:04:08",
      "11:18:20",
      "11:33:24",
      "11:47:38",
      "12:03:26",
      "12:18:20",
      "12:33:36",
      "12:49:04",
      "13:04:21",
      "13:19:17",
      "13:34:24",
      "13:50:01",
      "14:04:21",
      "14:18:50",
      "14:34:14",
      "14:49:56",
      "15:05:30",
      "15:19:46",
      "15:35:26",
      "15:50:26",
      "16:04:58",
      "16:19:42",
      "16:34:24",
      "16:49:48",
      "17:04:03",
      "17:18:21",
      "17:33:24",
      "17:49:09",
      "18:03:53",
      "18:19:37",
      "18:33:56",
      "18:48:10",
      "19:02:32",
      "19:17:52",
      "19:32:48",
      "19:47:16",
      "20:02:12",
      "20:16:23",
      "20:31:53",
      "20:47:13",
      "21:02:47",
      "21:17:12",
      "21:32:37",
      "21:48:16",
      "22:02:28"
    ],
    "board": [
      6,
      6,
      13,
      4,
      12,
      4,
      9,
      12,
      15,
      3,
      0,
      1,
      0,
      1,
      9,
      6,
      13,
      11,
      14,
      13,
      2,
      7,
      9,
      4,
      3,
      7,
      11,
      11,
      14,
      12,
      15,
      15,
      1,
      1,
      5,
      3,
      12,
      3,
      6,
      13,
      11,
      7,
      15,
      15,
      14,
      1,
      1,
      7,
      0,
      3,
      12,
      1,
      7,
      9,
      1,
      9,
      8,
      3,
      5,
      3,
      5,
      15,
      4,
      12
    ],
    "alight": [
      0,
      0,
      0,
      0,
      0,
      0,
      0,
      0,
      0,
      0,
      0,
      0,
      0,
      0,
      0,
      0,
      0,
      0,
      0,
      0,
      0,
      0,
      0,
      0,
      0,
      0,
      0,
      0,
      0,
      0,
      0,
      0,
      0,
      0,
      0,
      0,
      0,
      0,
      0,
      0,
      0,
      0,
      0,
      0,
      0,
      0,
      0,
      0,
      0,
      0,
      0,
      0,
      0,
      0,
      0,
      0,
      0,
      0,
      0,
      0,
      0,
      0,
      0,
      0
    ]
  },
  "多彩贵州城水街D组团": {
    "time": [
      "06:15:21",
      "06:30:12",
      "06:45:36",
      "07:00:57",
      "07:15:27",
      "07:30:52",
      "07:46:11",
      "08:01:49",
      "08:17:17",
      "08:32:01",
      "08:47:04",
      "09:02:20",
      "09:18:00",
      "09:33:13",
      "09:48:37",
      "10:03:01",
      "10:18:30",
      "10:34:17",
      "10:48:37",
      "11:04:08",
      "11:18:20",
      "11:33:24",
      "11:47:38",
      "12:03:26",
      "12:18:20",
      "12:33:36",
      "12:49:04",
      "13:04:21",
      "13:19:17",
      "13:34:24",
      "13:50:01",
      "14:04:21",
      "14:18:50",
      "14:34:14",
      "14:49:56",
      "15:05:30",
      "15:19:46",
      "15:35:26",
      "15:50:26",
      "16:04:58",
      "16:19:42",
      "16:34:24",
      "16:49:48",
      "17:04:03",
      "17:18:21",
      "17:33:24",
      "17:49:09",
      "18:03:53",
      "18:19:37",
      "18:33:56",
      "18:48:10",
      "19:02:32",
      "19:17:52",
      "19:32:48",
      "19:47:16",
      "20:02:12",
      "20:16:23",
      "20:31:53",
      "20:47:13",
      "21:02:47",
      "21:17:12",
      "21:32:37",
      "21:48:16",
      "22:02:28"
    ],
    "board": [
      3,
      8,
      1,
      12,
      9,
      1,
      1,
      5,
      7,
      14,
      4,
      13,
      11,
      14,
      14,
      14,
      0,
      10,
      2,
      4,
      6,
      7,
      2,
      14,
      3,
      11,
      2,
      8,
      8,
      13,
      7,
      0,
      8,
      6,
      14,
      14,
      10,
      8,
      3,
      7,
      14,
      9,
      9,
      5,
      6,
      10,
      11,
      0,
      12,
      0,
      9,
      14,
      6,
      10,
      10,
      8,
      1,
      15,
      4,
      10,
      1,
      9,
      1,
      4
    ],
    "alight": [
      0,
      0,
      0,
      0,
      0,
      1,
      0,
      0,
      0,
      0,
      0,
      3,
      0,
      0,
      0,
      0,
      0,
      0,
      0,
      3,
      0,
      0,
      0,
      0,
      0,
      0,
      0,
      0,
      0,
      0,
      0,
      0,
      1,
      0,
      0,
      0,
      0,
      0,
      0,
      0,
      0,
      0,
      0,
      0,
      0,
      0,
      2,
      0,
      0,
      0,
      0,
      0,
      0,
      0,
      0,
      0,
      3,
      0,
      0,
      0,
      0,
      0,
      0,
      0
    ]
  },
  "碗碗香(多彩店)": {
    "time": [
      "06:15:21",
      "06:30:12",
      "06:45:36",
      "07:00:57",
      "07:15:27",
      "07:30:52",
      "07:46:11",
      "08:01:49",
      "08:17:17",
      "08:32:01",
      "08:47:04",
      "09:02:20",
      "09:18:00",
      "09:33:13",
      "09:48:37",
      "10:03:01",
      "10:18:30",
      "10:34:17",
      "10:48:37",
      "11:04:08",
      "11:18:20",
      "11:33:24",
      "11:47:38",
      "12:03:26",
      "12:18:20",
      "12:33:36",
      "12:49:04",
      "13:04:21",
      "13:19:17",
      "13:34:24",
      "13:50:01",
      "14:04:21",
      "14:18:50",
      "14:34:14",
      "14:49:56",
      "15:05:30",
      "15:19:46",
      "15:35:26",
      "15:50:26",
      "16:04:58",
      "16:19:42",
      "16:34:24",
      "16:49:48",
      "17:04:03",
      "17:18:21",
      "17:33:24",
      "17:49:09",
      "18:03:53",
      "18:19:37",
      "18:33:56",
      "18:48:10",
      "19:02:32",
      "19:17:52",
      "19:32:48",
      "19:47:16",
      "20:02:12",
      "20:16:23",
      "20:31:53",
      "20:47:13",
      "21:02:47",
      "21:17:12",
      "21:32:37",
      "21:48:16",
      "22:02:28"
    ],
    "board": [
      6,
      9,
      1,
      13,
      7,
      11,
      0,
      11,
      13,
      0,
      4,
      7,
      8,
      8,
      1,
      0,
      11,
      13,
      1,
      13,
      6,
      9,
      5,
      9,
      10,
      12,
      13,
      0,
      6,
      1,
      5,
      9,
      11,
      2,
      11,
      7,
      11,
      9,
      4,
      14,
      15,
      6,
      4,
      9,
      2,
      7,
      12,
      5,
      15,
      8,
      0,
      4,
      1,
      6,
      11,
      3,
      7,
      4,
      13,
      7,
      5,
      12,
      0,
      3
    ],
    "alight": [
      0,
      0,
      0,
      0,
      0,
      0,
      0,
      0,
      0,
      0,
      0,
      0,
      0,
      0,
      0,
      0,
      4,
      0,
      0,
      0,
      0,
      0,
      0,
      0,
      0,
      0,
      4,
      0,
      0,
      0,
      0,
      0,
      0,
      4,
      0,
      0,
      0,
      0,
      0,
      0,
      0,
      0,
      0,
      4,
      3,
      0,
      0,
      0,
      0,
      0,
      0,
      0,
      0,
      0,
      0,
      2,
      0,
      0,
      0,
      0,
      0,
      0,
      0,
      0
    ]
  },
  "机场路出口(东南向)": {
    "time": [
      "06:15:21",
      "06:30:12",
      "06:45:36",
      "07:00:57",
      "07:15:27",
      "07:30:52",
      "07:46:11",
      "08:01:49",
      "08:17:17",
      "08:32:01",
      "08:47:04",
      "09:02:20",
      "09:18:00",
      "09:33:13",
      "09:48:37",
      "10:03:01",
      "10:18:30",
      "10:34:17",
      "10:48:37",
      "11:04:08",
      "11:18:20",
      "11:33:24",
      "11:47:38",
      "12:03:26",
      "12:18:20",
      "12:33:36",
      "12:49:04",
      "13:04:21",
      "13:19:17",
      "13:34:24",
      "13:50:01",
      "14:04:21",
      "14:18:50",
      "14:34:14",
      "14:49:56",
      "15:05:30",
      "15:19:46",
      "15:35:26",
      "15:50:26",
      "16:04:58",
      "16:19:42",
      "16:34:24",
      "16:49:48",
      "17:04:03",
      "17:18:21",
      "17:33:24",
      "17:49:09",
      "18:03:53",
      "18:19:37",
      "18:33:56",
      "18:48:10",
      "19:02:32",
      "19:17:52",
      "19:32:48",
      "19:47:16",
      "20:02:12",
      "20:16:23",
      "20:31:53",
      "20:47:13",
      "21:02:47",
      "21:17:12",
      "21:32:37",
      "21:48:16",
      "22:02:28"
    ],
    "board": [
      15,
      12,
      8,
      7,
      10,
      13,
      0,
      10,
      5,
      4,
      11,
      11,
      5,
      14,
      13,
      14,
      7,
      1,
      2,
      2,
      13,
      11,
      2,
      8,
      0,
      9,
      6,
      6,
      8,
      3,
      0,
      8,
      6,
      7,
      14,
      14,
      4,
      4,
      13,
      12,
      2,
      14,
      10,
      0,
      1,
      8,
      1,
      7,
      13,
      0,
      10,
      8,
      14,
      11,
      7,
      10,
      4,
      1,
      12,
      8,
      8,
      13,
      1,
      13
    ],
    "alight": [
      14,
      15,
      3,
      7,
      8,
      13,
      4,
      12,
      15,
      15,
      11,
      7,
      6,
      4,
      8,
      5,
      6,
      0,
      11,
      7,
      6,
      14,
      9,
      12,
      11,
      14,
      7,
      3,
      12,
      1,
      2,
      11,
      15,
      11,
      9,
      6,
      7,
      3,
      10,
      6,
      7,
      5,
      5,
      1,
      4,
      15,
      14,
      2,
      12,
      9,
      14,
      2,
      7,
      15,
      4,
      15,
      0,
      5,
      12,
      14,
      3,
      13,
      8,
      3
    ]
  },
  "南明区人民法院": {
    "time": [
      "06:15:21",
      "06:30:12",
      "06:45:36",
      "07:00:57",
      "07:15:27",
      "07:30:52",
      "07:46:11",
      "08:01:49",
      "08:17:17",
      "08:32:01",
      "08:47:04",
      "09:02:20",
      "09:18:00",
      "09:33:13",
      "09:48:37",
      "10:03:01",
      "10:18:30",
      "10:34:17",
      "10:48:37",
      "11:04:08",
      "11:18:20",
      "11:33:24",
      "11:47:38",
      "12:03:26",
      "12:18:20",
      "12:33:36",
      "12:49:04",
      "13:04:21",
      "13:19:17",
      "13:34:24",
      "13:50:01",
      "14:04:21",
      "14:18:50",
      "14:34:14",
      "14:49:56",
      "15:05:30",
      "15:19:46",
      "15:35:26",
      "15:50:26",
      "16:04:58",
      "16:19:42",
      "16:34:24",
      "16:49:48",
      "17:04:03",
      "17:18:21",
      "17:33:24",
      "17:49:09",
      "18:03:53",
      "18:19:37",
      "18:33:56",
      "18:48:10",
      "19:02:32",
      "19:17:52",
      "19:32:48",
      "19:47:16",
      "20:02:12",
      "20:16:23",
      "20:31:53",
      "20:47:13",
      "21:02:47",
      "21:17:12",
      "21:32:37",
      "21:48:16",
      "22:02:28"
    ],
    "board": [
      0,
      0,
      11,
      7,
      3,
      8,
      4,
      3,
      4,
      7,
      1,
      8,
      0,
      6,
      3,
      3,
      0,
      9,
      1,
      6,
      0,
      10,
      0,
      8,
      10,
      15,
      9,
      11,
      9,
      0,
      7,
      7,
      11,
      6,
      9,
      6,
      12,
      10,
      2,
      9,
      2,
      7,
      3,
      8,
      1,
      12,
      8,
      8,
      5,
      11,
      15,
      15,
      2,
      12,
      15,
      0,
      9,
      10,
      9,
      6,
      1,
      4,
      0,
      6
    ],
    "alight": [
      9,
      10,
      3,
      1,
      3,
      14,
      9,
      7,
      12,
      6,
      5,
      0,
      12,
      4,
      0,
      6,
      4,
      14,
      12,
      9,
      11,
      13,
      8,
      2,
      11,
      8,
      10,
      15,
      14,
      9,
      5,
      5,
      9,
      9,
      2,
      9,
      0,
      5,
      4,
      15,
      11,
      8,
      9,
      14,
      8,
      10,
      6,
      0,
      1,
      12,
      2,
      10,
      13,
      6,
      2,
      0,
      7,
      7,
      9,
      4,
      7,
      9,
      12,
      3
    ]
  },
  "鑫香醉鹅(首开·紫郡店)": {
    "time": [
      "06:15:21",
      "06:30:12",
      "06:45:36",
      "07:00:57",
      "07:15:27",
      "07:30:52",
      "07:46:11",
      "08:01:49",
      "08:17:17",
      "08:32:01",
      "08:47:04",
      "09:02:20",
      "09:18:00",
      "09:33:13",
      "09:48:37",
      "10:03:01",
      "10:18:30",
      "10:34:17",
      "10:48:37",
      "11:04:08",
      "11:18:20",
      "11:33:24",
      "11:47:38",
      "12:03:26",
      "12:18:20",
      "12:33:36",
      "12:49:04",
      "13:04:21",
      "13:19:17",
      "13:34:24",
      "13:50:01",
      "14:04:21",
      "14:18:50",
      "14:34:14",
      "14:49:56",
      "15:05:30",
      "15:19:46",
      "15:35:26",
      "15:50:26",
      "16:04:58",
      "16:19:42",
      "16:34:24",
      "16:49:48",
      "17:04:03",
      "17:18:21",
      "17:33:24",
      "17:49:09",
      "18:03:53",
      "18:19:37",
      "18:33:56",
      "18:48:10",
      "19:02:32",
      "19:17:52",
      "19:32:48",
      "19:47:16",
      "20:02:12",
      "20:16:23",
      "20:31:53",
      "20:47:13",
      "21:02:47",
      "21:17:12",
      "21:32:37",
      "21:48:16",
      "22:02:28"
    ],
    "board": [
      4,
      10,
      15,
      6,
      0,
      0,
      13,
      8,
      7,
      4,
      8,
      8,
      10,
      13,
      6,
      7,
      8,
      10,
      7,
      11,
      10,
      0,
      14,
      2,
      13,
      4,
      6,
      4,
      2,
      3,
      6,
      14,
      15,
      14,
      6,
      14,
      14,
      1,
      8,
      6,
      6,
      6,
      6,
      2,
      8,
      10,
      12,
      0,
      12,
      2,
      8,
      11,
      8,
      8,
      11,
      9,
      14,
      6,
      11,
      4,
      2,
      5,
      8,
      10
    ],
    "alight": [
      7,
      14,
      15,
      9,
      0,
      5,
      10,
      7,
      1,
      10,
      1,
      10,
      15,
      13,
      2,
      9,
      12,
      10,
      14,
      14,
      15,
      9,
      4,
      15,
      5,
      12,
      8,
      8,
      4,
      1,
      0,
      2,
      5,
      10,
      10,
      1,
      14,
      10,
      10,
      15,
      8,
      15,
      2,
      6,
      14,
      2,
      15,
      3,
      1,
      4,
      14,
      13,
      13,
      15,
      1,
      13,
      6,
      10,
      13,
      9,
      13,
      6,
      3,
      8
    ]
  },
  "服务区": {
    "time": [
      "06:15:21",
      "06:30:12",
      "06:45:36",
      "07:00:57",
      "07:15:27",
      "07:30:52",
      "07:46:11",
      "08:01:49",
      "08:17:17",
      "08:32:01",
      "08:47:04",
      "09:02:20",
      "09:18:00",
      "09:33:13",
      "09:48:37",
      "10:03:01",
      "10:18:30",
      "10:34:17",
      "10:48:37",
      "11:04:08",
      "11:18:20",
      "11:33:24",
      "11:47:38",
      "12:03:26",
      "12:18:20",
      "12:33:36",
      "12:49:04",
      "13:04:21",
      "13:19:17",
      "13:34:24",
      "13:50:01",
      "14:04:21",
      "14:18:50",
      "14:34:14",
      "14:49:56",
      "15:05:30",
      "15:19:46",
      "15:35:26",
      "15:50:26",
      "16:04:58",
      "16:19:42",
      "16:34:24",
      "16:49:48",
      "17:04:03",
      "17:18:21",
      "17:33:24",
      "17:49:09",
      "18:03:53",
      "18:19:37",
      "18:33:56",
      "18:48:10",
      "19:02:32",
      "19:17:52",
      "19:32:48",
      "19:47:16",
      "20:02:12",
      "20:16:23",
      "20:31:53",
      "20:47:13",
      "21:02:47",
      "21:17:12",
      "21:32:37",
      "21:48:16",
      "22:02:28"
    ],
    "board": [
      12,
      13,
      10,
      13,
      6,
      8,
      7,
      4,
      14,
      2,
      2,
      1,
      12,
      1,
      15,
      0,
      4,
      3,
      5,
      4,
      10,
      13,
      8,
      8,
      13,
      5,
      14,
      8,
      5,
      0,
      12,
      13,
      12,
      1,
      12,
      5,
      0,
      3,
      7,
      12,
      5,
      13,
      4,
      11,
      8,
      10,
      7,
      15,
      2,
      5,
      10,
      2,
      11,
      9,
      0,
      6,
      0,
      12,
      15,
      0,
      3,
      11,
      6,
      10
    ],
    "alight": [
      3,
      15,
      6,
      0,
      6,
      4,
      13,
      8,
      10,
      10,
      6,
      8,
      0,
      14,
      12,
      8,
      7,
      10,
      0,
      9,
      9,
      6,
      6,
      14,
      5,
      10,
      1,
      14,
      4,
      3,
      8,
      1,
      8,
      12,
      11,
      3,
      13,
      6,
      9,
      12,
      12,
      2,
      2,
      11,
      15,
      2,
      3,
      13,
      6,
      4,
      11,
      8,
      3,
      7,
      2,
      3,
      14,
      13,
      4,
      14,
      2,
      13,
      8,
      13
    ]
  },
  "吾之幼·幼儿园": {
    "time": [
      "06:15:21",
      "06:30:12",
      "06:45:36",
      "07:00:57",
      "07:15:27",
      "07:30:52",
      "07:46:11",
      "08:01:49",
      "08:17:17",
      "08:32:01",
      "08:47:04",
      "09:02:20",
      "09:18:00",
      "09:33:13",
      "09:48:37",
      "10:03:01",
      "10:18:30",
      "10:34:17",
      "10:48:37",
      "11:04:08",
      "11:18:20",
      "11:33:24",
      "11:47:38",
      "12:03:26",
      "12:18:20",
      "12:33:36",
      "12:49:04",
      "13:04:21",
      "13:19:17",
      "13:34:24",
      "13:50:01",
      "14:04:21",
      "14:18:50",
      "14:34:14",
      "14:49:56",
      "15:05:30",
      "15:19:46",
      "15:35:26",
      "15:50:26",
      "16:04:58",
      "16:19:42",
      "16:34:24",
      "16:49:48",
      "17:04:03",
      "17:18:21",
      "17:33:24",
      "17:49:09",
      "18:03:53",
      "18:19:37",
      "18:33:56",
      "18:48:10",
      "19:02:32",
      "19:17:52",
      "19:32:48",
      "19:47:16",
      "20:02:12",
      "20:16:23",
      "20:31:53",
      "20:47:13",
      "21:02:47",
      "21:17:12",
      "21:32:37",
      "21:48:16",
      "22:02:28"
    ],
    "board": [
      6,
      1,
      12,
      9,
      7,
      5,
      8,
      0,
      14,
      3,
      15,
      14,
      7,
      5,
      11,
      13,
      7,
      11,
      9,
      7,
      12,
      7,
      6,
      10,
      0,
      1,
      15,
      14,
      11,
      13,
      5,
      1,
      9,
      9,
      2,
      3,
      4,
      11,
      14,
      15,
      14,
      5,
      4,
      12,
      2,
      9,
      8,
      4,
      5,
      12,
      4,
      7,
      1,
      5,
      13,
      13,
      6,
      2,
      8,
      1,
      6,
      6,
      2,
      2
    ],
    "alight": [
      2,
      7,
      15,
      9,
      14,
      6,
      5,
      1,
      6,
      3,
      10,
      6,
      11,
      3,
      11,
      7,
      10,
      10,
      5,
      8,
      12,
      4,
      7,
      0,
      1,
      2,
      3,
      4,
      13,
      15,
      14,
      12,
      1,
      5,
      11,
      6,
      4,
      8,
      10,
      3,
      15,
      5,
      2,
      5,
      13,
      5,
      9,
      5,
      7,
      12,
      2,
      4,
      2,
      11,
      3,
      9,
      5,
      15,
      1,
      15,
      10,
      14,
      0,
      15
    ]
  },
  "贵州师大附中新校区警务室": {
    "time": [
      "06:15:21",
      "06:30:12",
      "06:45:36",
      "07:00:57",
      "07:15:27",
      "07:30:52",
      "07:46:11",
      "08:01:49",
      "08:17:17",
      "08:32:01",
      "08:47:04",
      "09:02:20",
      "09:18:00",
      "09:33:13",
      "09:48:37",
      "10:03:01",
      "10:18:30",
      "10:34:17",
      "10:48:37",
      "11:04:08",
      "11:18:20",
      "11:33:24",
      "11:47:38",
      "12:03:26",
      "12:18:20",
      "12:33:36",
      "12:49:04",
      "13:04:21",
      "13:19:17",
      "13:34:24",
      "13:50:01",
      "14:04:21",
      "14:18:50",
      "14:34:14",
      "14:49:56",
      "15:05:30",
      "15:19:46",
      "15:35:26",
      "15:50:26",
      "16:04:58",
      "16:19:42",
      "16:34:24",
      "16:49:48",
      "17:04:03",
      "17:18:21",
      "17:33:24",
      "17:49:09",
      "18:03:53",
      "18:19:37",
      "18:33:56",
      "18:48:10",
      "19:02:32",
      "19:17:52",
      "19:32:48",
      "19:47:16",
      "20:02:12",
      "20:16:23",
      "20:31:53",
      "20:47:13",
      "21:02:47",
      "21:17:12",
      "21:32:37",
      "21:48:16",
      "22:02:28"
    ],
    "board": [
      6,
      15,
      8,
      7,
      5,
      10,
      11,
      11,
      4,
      3,
      2,
      1,
      1,
      3,
      10,
      9,
      10,
      5,
      10,
      2,
      6,
      14,
      15,
      5,
      3,
      11,
      8,
      0,
      12,
      14,
      3,
      15,
      10,
      14,
      5,
      11,
      2,
      1,
      11,
      15,
      7,
      13,
      4,
      12,
      7,
      9,
      13,
      0,
      6,
      8,
      9,
      11,
      15,
      11,
      7,
      2,
      15,
      8,
      4,
      13,
      14,
      0,
      15,
      12
    ],
    "alight": [
      12,
      13,
      13,
      10,
      0,
      3,
      15,
      9,
      13,
      7,
      7,
      11,
      2,
      8,
      14,
      4,
      15,
      0,
      13,
      4,
      5,
      4,
      2,
      15,
      9,
      13,
      2,
      2,
      7,
      5,
      6,
      4,
      15,
      13,
      4,
      4,
      11,
      9,
      3,
      7,
      9,
      6,
      9,
      7,
      7,
      7,
      14,
      13,
      0,
      10,
      13,
      12,
      6,
      13,
      13,
      2,
      13,
      4,
      12,
      14,
      11,
      11,
      4,
      0
    ]
  },
  "贵州省武警总队医院白癜风诊疗中心急诊科": {
    "time": [
      "06:15:21",
      "06:30:12",
      "06:45:36",
      "07:00:57",
      "07:15:27",
      "07:30:52",
      "07:46:11",
      "08:01:49",
      "08:17:17",
      "08:32:01",
      "08:47:04",
      "09:02:20",
      "09:18:00",
      "09:33:13",
      "09:48:37",
      "10:03:01",
      "10:18:30",
      "10:34:17",
      "10:48:37",
      "11:04:08",
      "11:18:20",
      "11:33:24",
      "11:47:38",
      "12:03:26",
      "12:18:20",
      "12:33:36",
      "12:49:04",
      "13:04:21",
      "13:19:17",
      "13:34:24",
      "13:50:01",
      "14:04:21",
      "14:18:50",
      "14:34:14",
      "14:49:56",
      "15:05:30",
      "15:19:46",
      "15:35:26",
      "15:50:26",
      "16:04:58",
      "16:19:42",
      "16:34:24",
      "16:49:48",
      "17:04:03",
      "17:18:21",
      "17:33:24",
      "17:49:09",
      "18:03:53",
      "18:19:37",
      "18:33:56",
      "18:48:10",
      "19:02:32",
      "19:17:52",
      "19:32:48",
      "19:47:16",
      "20:02:12",
      "20:16:23",
      "20:31:53",
      "20:47:13",
      "21:02:47",
      "21:17:12",
      "21:32:37",
      "21:48:16",
      "22:02:28"
    ],
    "board": [
      7,
      7,
      6,
      15,
      11,
      8,
      2,
      9,
      10,
      3,
      6,
      1,
      9,
      3,
      7,
      7,
      3,
      12,
      7,
      9,
      2,
      7,
      11,
      9,
      6,
      15,
      5,
      14,
      9,
      7,
      0,
      1,
      4,
      2,
      10,
      7,
      14,
      5,
      3,
      6,
      15,
      12,
      2,
      4,
      4,
      15,
      12,
      7,
      11,
      4,
      8,
      10,
      11,
      15,
      2,
      11,
      9,
      2,
      8,
      12,
      8,
      8,
      1,
      9
    ],
    "alight": [
      11,
      11,
      14,
      2,
      14,
      8,
      7,
      5,
      6,
      4,
      8,
      12,
      13,
      8,
      4,
      1,
      13,
      10,
      3,
      9,
      1,
      1,
      4,
      5,
      3,
      14,
      1,
      9,
      14,
      8,
      5,
      4,
      15,
      2,
      4,
      2,
      6,
      0,
      0,
      3,
      14,
      3,
      6,
      8,
      4,
      10,
      9,
      2,
      15,
      7,
      6,
      15,
      0,
      4,
      14,
      13,
      9,
      7,
      11,
      5,
      7,
      9,
      1,
      11
    ]
  },
  "永江仪表厂宿舍": {
    "time": [
      "06:15:21",
      "06:30:12",
      "06:45:36",
      "07:00:57",
      "07:15:27",
      "07:30:52",
      "07:46:11",
      "08:01:49",
      "08:17:17",
      "08:32:01",
      "08:47:04",
      "09:02:20",
      "09:18:00",
      "09:33:13",
      "09:48:37",
      "10:03:01",
      "10:18:30",
      "10:34:17",
      "10:48:37",
      "11:04:08",
      "11:18:20",
      "11:33:24",
      "11:47:38",
      "12:03:26",
      "12:18:20",
      "12:33:36",
      "12:49:04",
      "13:04:21",
      "13:19:17",
      "13:34:24",
      "13:50:01",
      "14:04:21",
      "14:18:50",
      "14:34:14",
      "14:49:56",
      "15:05:30",
      "15:19:46",
      "15:35:26",
      "15:50:26",
      "16:04:58",
      "16:19:42",
      "16:34:24",
      "16:49:48",
      "17:04:03",
      "17:18:21",
      "17:33:24",
      "17:49:09",
      "18:03:53",
      "18:19:37",
      "18:33:56",
      "18:48:10",
      "19:02:32",
      "19:17:52",
      "19:32:48",
      "19:47:16",
      "20:02:12",
      "20:16:23",
      "20:31:53",
      "20:47:13",
      "21:02:47",
      "21:17:12",
      "21:32:37",
      "21:48:16",
      "22:02:28"
    ],
    "board": [
      9,
      12,
      1,
      14,
      13,
      15,
      4,
      15,
      11,
      8,
      14,
      1,
      12,
      15,
      8,
      11,
      5,
      4,
      6,
      14,
      1,
      14,
      4,
      4,
      1,
      2,
      2,
      11,
      9,
      0,
      0,
      11,
      14,
      0,
      5,
      2,
      15,
      7,
      1,
      0,
      0,
      8,
      1,
      2,
      11,
      2,
      14,
      15,
      12,
      14,
      8,
      13,
      14,
      2,
      12,
      14,
      2,
      11,
      7,
      9,
      13,
      11,
      15,
      15
    ],
    "alight": [
      10,
      14,
      14,
      7,
      1,
      2,
      7,
      7,
      13,
      12,
      8,
      2,
      15,
      7,
      12,
      12,
      1,
      15,
      5,
      0,
      4,
      5,
      14,
      11,
      6,
      4,
      0,
      10,
      9,
      4,
      12,
      14,
      7,
      10,
      13,
      13,
      7,
      5,
      14,
      8,
      10,
      1,
      7,
      9,
      5,
      7,
      7,
      2,
      1,
      13,
      2,
      5,
      9,
      0,
      11,
      14,
      11,
      13,
      4,
      7,
      13,
      1,
      3,
      4
    ]
  },
  "青年东路": {
    "time": [
      "06:15:21",
      "06:30:12",
      "06:45:36",
      "07:00:57",
      "07:15:27",
      "07:30:52",
      "07:46:11",
      "08:01:49",
      "08:17:17",
      "08:32:01",
      "08:47:04",
      "09:02:20",
      "09:18:00",
      "09:33:13",
      "09:48:37",
      "10:03:01",
      "10:18:30",
      "10:34:17",
      "10:48:37",
      "11:04:08",
      "11:18:20",
      "11:33:24",
      "11:47:38",
      "12:03:26",
      "12:18:20",
      "12:33:36",
      "12:49:04",
      "13:04:21",
      "13:19:17",
      "13:34:24",
      "13:50:01",
      "14:04:21",
      "14:18:50",
      "14:34:14",
      "14:49:56",
      "15:05:30",
      "15:19:46",
      "15:35:26",
      "15:50:26",
      "16:04:58",
      "16:19:42",
      "16:34:24",
      "16:49:48",
      "17:04:03",
      "17:18:21",
      "17:33:24",
      "17:49:09",
      "18:03:53",
      "18:19:37",
      "18:33:56",
      "18:48:10",
      "19:02:32",
      "19:17:52",
      "19:32:48",
      "19:47:16",
      "20:02:12",
      "20:16:23",
      "20:31:53",
      "20:47:13",
      "21:02:47",
      "21:17:12",
      "21:32:37",
      "21:48:16",
      "22:02:28"
    ],
    "board": [
      4,
      1,
      15,
      15,
      4,
      8,
      9,
      2,
      3,
      4,
      14,
      2,
      0,
      13,
      6,
      10,
      3,
      13,
      8,
      13,
      0,
      9,
      15,
      3,
      9,
      9,
      12,
      10,
      13,
      8,
      7,
      11,
      1,
      8,
      8,
      0,
      10,
      1,
      5,
      13,
      7,
      8,
      12,
      11,
      15,
      14,
      4,
      1,
      12,
      13,
      4,
      8,
      10,
      8,
      3,
      15,
      1,
      3,
      3,
      13,
      11,
      1,
      4,
      10
    ],
    "alight": [
      12,
      11,
      15,
      0,
      0,
      1,
      13,
      11,
      4,
      14,
      5,
      9,
      5,
      8,
      2,
      0,
      3,
      12,
      12,
      3,
      15,
      15,
      4,
      8,
      11,
      12,
      9,
      11,
      4,
      4,
      1,
      6,
      4,
      13,
      8,
      8,
      13,
      1,
      3,
      10,
      1,
      13,
      13,
      13,
      5,
      9,
      15,
      7,
      6,
      12,
      13,
      14,
      3,
      4,
      11,
      0,
      3,
      9,
      13,
      3,
      10,
      7,
      0,
      1
    ]
  },
  "合力超市(南浦路店)": {
    "time": [
      "06:15:21",
      "06:30:12",
      "06:45:36",
      "07:00:57",
      "07:15:27",
      "07:30:52",
      "07:46:11",
      "08:01:49",
      "08:17:17",
      "08:32:01",
      "08:47:04",
      "09:02:20",
      "09:18:00",
      "09:33:13",
      "09:48:37",
      "10:03:01",
      "10:18:30",
      "10:34:17",
      "10:48:37",
      "11:04:08",
      "11:18:20",
      "11:33:24",
      "11:47:38",
      "12:03:26",
      "12:18:20",
      "12:33:36",
      "12:49:04",
      "13:04:21",
      "13:19:17",
      "13:34:24",
      "13:50:01",
      "14:04:21",
      "14:18:50",
      "14:34:14",
      "14:49:56",
      "15:05:30",
      "15:19:46",
      "15:35:26",
      "15:50:26",
      "16:04:58",
      "16:19:42",
      "16:34:24",
      "16:49:48",
      "17:04:03",
      "17:18:21",
      "17:33:24",
      "17:49:09",
      "18:03:53",
      "18:19:37",
      "18:33:56",
      "18:48:10",
      "19:02:32",
      "19:17:52",
      "19:32:48",
      "19:47:16",
      "20:02:12",
      "20:16:23",
      "20:31:53",
      "20:47:13",
      "21:02:47",
      "21:17:12",
      "21:32:37",
      "21:48:16",
      "22:02:28"
    ],
    "board": [
      11,
      13,
      2,
      1,
      9,
      4,
      10,
      8,
      6,
      1,
      13,
      5,
      4,
      12,
      13,
      7,
      12,
      15,
      1,
      4,
      7,
      3,
      6,
      10,
      3,
      11,
      13,
      1,
      9,
      4,
      15,
      12,
      2,
      8,
      8,
      14,
      0,
      12,
      1,
      13,
      4,
      2,
      10,
      13,
      7,
      9,
      2,
      12,
      15,
      15,
      5,
      10,
      3,
      1,
      10,
      2,
      12,
      11,
      6,
      14,
      4,
      8,
      2,
      14
    ],
    "alight": [
      5,
      8,
      0,
      14,
      15,
      15,
      7,
      11,
      11,
      10,
      4,
      15,
      8,
      12,
      1,
      1,
      9,
      14,
      2,
      11,
      12,
      7,
      9,
      2,
      1,
      0,
      12,
      7,
      7,
      0,
      8,
      14,
      6,
      1,
      6,
      1,
      2,
      14,
      4,
      9,
      6,
      4,
      11,
      3,
      13,
      9,
      14,
      0,
      10,
      2,
      2,
      13,
      13,
      1,
      7,
      1,
      6,
      7,
      5,
      13,
      9,
      7,
      9,
      15
    ]
  },
  "彭家巷": {
    "time": [
      "06:15:21",
      "06:30:12",
      "06:45:36",
      "07:00:57",
      "07:15:27",
      "07:30:52",
      "07:46:11",
      "08:01:49",
      "08:17:17",
      "08:32:01",
      "08:47:04",
      "09:02:20",
      "09:18:00",
      "09:33:13",
      "09:48:37",
      "10:03:01",
      "10:18:30",
      "10:34:17",
      "10:48:37",
      "11:04:08",
      "11:18:20",
      "11:33:24",
      "11:47:38",
      "12:03:26",
      "12:18:20",
      "12:33:36",
      "12:49:04",
      "13:04:21",
      "13:19:17",
      "13:34:24",
      "13:50:01",
      "14:04:21",
      "14:18:50",
      "14:34:14",
      "14:49:56",
      "15:05:30",
      "15:19:46",
      "15:35:26",
      "15:50:26",
      "16:04:58",
      "16:19:42",
      "16:34:24",
      "16:49:48",
      "17:04:03",
      "17:18:21",
      "17:33:24",
      "17:49:09",
      "18:03:53",
      "18:19:37",
      "18:33:56",
      "18:48:10",
      "19:02:32",
      "19:17:52",
      "19:32:48",
      "19:47:16",
      "20:02:12",
      "20:16:23",
      "20:31:53",
      "20:47:13",
      "21:02:47",
      "21:17:12",
      "21:32:37",
      "21:48:16",
      "22:02:28"
    ],
    "board": [
      6,
      5,
      0,
      4,
      14,
      7,
      0,
      6,
      1,
      11,
      1,
      11,
      11,
      3,
      2,
      8,
      13,
      14,
      2,
      11,
      2,
      0,
      1,
      6,
      12,
      6,
      2,
      5,
      0,
      5,
      11,
      15,
      15,
      15,
      11,
      1,
      3,
      14,
      14,
      7,
      4,
      2,
      7,
      0,
      13,
      12,
      3,
      11,
      15,
      8,
      0,
      2,
      13,
      9,
      6,
      10,
      15,
      13,
      10,
      7,
      13,
      10,
      13,
      14
    ],
    "alight": [
      12,
      15,
      15,
      14,
      2,
      9,
      8,
      9,
      7,
      3,
      3,
      4,
      6,
      6,
      9,
      9,
      10,
      15,
      15,
      15,
      3,
      3,
      5,
      9,
      13,
      12,
      1,
      5,
      15,
      7,
      3,
      1,
      5,
      4,
      3,
      10,
      11,
      6,
      6,
      6,
      1,
      2,
      6,
      15,
      6,
      15,
      3,
      9,
      1,
      13,
      2,
      1,
      3,
      5,
      10,
      6,
      14,
      4,
      4,
      15,
      4,
      8,
      13,
      0
    ]
  },
  "贵阳市职业技能鉴定指导中心南明区鉴定办公室": {
    "time": [
      "06:15:21",
      "06:30:12",
      "06:45:36",
      "07:00:57",
      "07:15:27",
      "07:30:52",
      "07:46:11",
      "08:01:49",
      "08:17:17",
      "08:32:01",
      "08:47:04",
      "09:02:20",
      "09:18:00",
      "09:33:13",
      "09:48:37",
      "10:03:01",
      "10:18:30",
      "10:34:17",
      "10:48:37",
      "11:04:08",
      "11:18:20",
      "11:33:24",
      "11:47:38",
      "12:03:26",
      "12:18:20",
      "12:33:36",
      "12:49:04",
      "13:04:21",
      "13:19:17",
      "13:34:24",
      "13:50:01",
      "14:04:21",
      "14:18:50",
      "14:34:14",
      "14:49:56",
      "15:05:30",
      "15:19:46",
      "15:35:26",
      "15:50:26",
      "16:04:58",
      "16:19:42",
      "16:34:24",
      "16:49:48",
      "17:04:03",
      "17:18:21",
      "17:33:24",
      "17:49:09",
      "18:03:53",
      "18:19:37",
      "18:33:56",
      "18:48:10",
      "19:02:32",
      "19:17:52",
      "19:32:48",
      "19:47:16",
      "20:02:12",
      "20:16:23",
      "20:31:53",
      "20:47:13",
      "21:02:47",
      "21:17:12",
      "21:32:37",
      "21:48:16",
      "22:02:28"
    ],
    "board": [
      3,
      9,
      12,
      14,
      1,
      13,
      1,
      9,
      6,
      7,
      9,
      10,
      14,
      7,
      13,
      11,
      15,
      8,
      5,
      11,
      11,
      5,
      12,
      3,
      13,
      7,
      14,
      1,
      8,
      5,
      1,
      8,
      0,
      2,
      13,
      14,
      11,
      3,
      15,
      7,
      13,
      5,
      0,
      0,
      6,
      8,
      13,
      7,
      5,
      8,
      3,
      5,
      12,
      8,
      10,
      6,
      4,
      12,
      15,
      12,
      11,
      0,
      9,
      5
    ],
    "alight": [
      5,
      6,
      12,
      12,
      1,
      8,
      15,
      3,
      12,
      10,
      9,
      13,
      4,
      15,
      2,
      0,
      13,
      3,
      13,
      9,
      10,
      0,
      14,
      8,
      11,
      12,
      10,
      6,
      13,
      15,
      13,
      1,
      15,
      2,
      12,
      15,
      6,
      2,
      5,
      3,
      15,
      1,
      9,
      11,
      9,
      6,
      1,
      1,
      4,
      15,
      0,
      2,
      13,
      13,
      14,
      4,
      10,
      5,
      5,
      4,
      2,
      11,
      1,
      5
    ]
  },
  "大秦古筝(都司路总店)": {
    "time": [
      "06:15:21",
      "06:30:12",
      "06:45:36",
      "07:00:57",
      "07:15:27",
      "07:30:52",
      "07:46:11",
      "08:01:49",
      "08:17:17",
      "08:32:01",
      "08:47:04",
      "09:02:20",
      "09:18:00",
      "09:33:13",
      "09:48:37",
      "10:03:01",
      "10:18:30",
      "10:34:17",
      "10:48:37",
      "11:04:08",
      "11:18:20",
      "11:33:24",
      "11:47:38",
      "12:03:26",
      "12:18:20",
      "12:33:36",
      "12:49:04",
      "13:04:21",
      "13:19:17",
      "13:34:24",
      "13:50:01",
      "14:04:21",
      "14:18:50",
      "14:34:14",
      "14:49:56",
      "15:05:30",
      "15:19:46",
      "15:35:26",
      "15:50:26",
      "16:04:58",
      "16:19:42",
      "16:34:24",
      "16:49:48",
      "17:04:03",
      "17:18:21",
      "17:33:24",
      "17:49:09",
      "18:03:53",
      "18:19:37",
      "18:33:56",
      "18:48:10",
      "19:02:32",
      "19:17:52",
      "19:32:48",
      "19:47:16",
      "20:02:12",
      "20:16:23",
      "20:31:53",
      "20:47:13",
      "21:02:47",
      "21:17:12",
      "21:32:37",
      "21:48:16",
      "22:02:28"
    ],
    "board": [
      1,
      4,
      9,
      12,
      10,
      6,
      6,
      0,
      0,
      1,
      7,
      13,
      7,
      0,
      11,
      1,
      13,
      10,
      15,
      1,
      8,
      3,
      13,
      5,
      14,
      13,
      8,
      0,
      5,
      4,
      2,
      6,
      7,
      6,
      3,
      13,
      14,
      8,
      5,
      12,
      0,
      11,
      3,
      12,
      10,
      14,
      14,
      13,
      3,
      6,
      11,
      14,
      2,
      5,
      0,
      2,
      4,
      10,
      9,
      11,
      15,
      2,
      0,
      15
    ],
    "alight": [
      7,
      8,
      8,
      11,
      5,
      3,
      6,
      5,
      2,
      8,
      3,
      12,
      15,
      3,
      4,
      14,
      13,
      9,
      15,
      12,
      14,
      14,
      10,
      5,
      4,
      8,
      6,
      5,
      4,
      2,
      4,
      9,
      8,
      13,
      12,
      10,
      15,
      10,
      15,
      9,
      3,
      4,
      7,
      12,
      7,
      15,
      2,
      3,
      5,
      4,
      0,
      4,
      4,
      11,
      1,
      4,
      10,
      5,
      10,
      10,
      15,
      15,
      6,
      3
    ]
  },
  "都司高架桥路": {
    "time": [
      "06:15:21",
      "06:30:12",
      "06:45:36",
      "07:00:57",
      "07:15:27",
      "07:30:52",
      "07:46:11",
      "08:01:49",
      "08:17:17",
      "08:32:01",
      "08:47:04",
      "09:02:20",
      "09:18:00",
      "09:33:13",
      "09:48:37",
      "10:03:01",
      "10:18:30",
      "10:34:17",
      "10:48:37",
      "11:04:08",
      "11:18:20",
      "11:33:24",
      "11:47:38",
      "12:03:26",
      "12:18:20",
      "12:33:36",
      "12:49:04",
      "13:04:21",
      "13:19:17",
      "13:34:24",
      "13:50:01",
      "14:04:21",
      "14:18:50",
      "14:34:14",
      "14:49:56",
      "15:05:30",
      "15:19:46",
      "15:35:26",
      "15:50:26",
      "16:04:58",
      "16:19:42",
      "16:34:24",
      "16:49:48",
      "17:04:03",
      "17:18:21",
      "17:33:24",
      "17:49:09",
      "18:03:53",
      "18:19:37",
      "18:33:56",
      "18:48:10",
      "19:02:32",
      "19:17:52",
      "19:32:48",
      "19:47:16",
      "20:02:12",
      "20:16:23",
      "20:31:53",
      "20:47:13",
      "21:02:47",
      "21:17:12",
      "21:32:37",
      "21:48:16",
      "22:02:28"
    ],
    "board": [
      1,
      2,
      1,
      10,
      13,
      10,
      2,
      11,
      6,
      15,
      2,
      4,
      8,
      14,
      2,
      0,
      6,
      9,
      1,
      11,
      1,
      3,
      10,
      6,
      6,
      0,
      14,
      11,
      13,
      2,
      13,
      15,
      1,
      7,
      6,
      8,
      12,
      0,
      14,
      7,
      1,
      6,
      8,
      8,
      13,
      4,
      2,
      7,
      9,
      2,
      3,
      9,
      12,
      1,
      11,
      13,
      5,
      11,
      4,
      4,
      6,
      15,
      2,
      13
    ],
    "alight": [
      2,
      11,
      6,
      9,
      12,
      8,
      9,
      11,
      5,
      9,
      5,
      11,
      8,
      10,
      15,
      2,
      7,
      11,
      3,
      1,
      12,
      12,
      5,
      12,
      13,
      2,
      4,
      5,
      6,
      9,
      12,
      11,
      13,
      8,
      13,
      3,
      15,
      8,
      4,
      7,
      3,
      10,
      3,
      12,
      5,
      8,
      13,
      10,
      9,
      3,
      14,
      1,
      7,
      11,
      4,
      7,
      5,
      10,
      4,
      15,
      6,
      8,
      7,
      13
    ]
  },
  "启航英语市西路校区": {
    "time": [
      "06:15:21",
      "06:30:12",
      "06:45:36",
      "07:00:57",
      "07:15:27",
      "07:30:52",
      "07:46:11",
      "08:01:49",
      "08:17:17",
      "08:32:01",
      "08:47:04",
      "09:02:20",
      "09:18:00",
      "09:33:13",
      "09:48:37",
      "10:03:01",
      "10:18:30",
      "10:34:17",
      "10:48:37",
      "11:04:08",
      "11:18:20",
      "11:33:24",
      "11:47:38",
      "12:03:26",
      "12:18:20",
      "12:33:36",
      "12:49:04",
      "13:04:21",
      "13:19:17",
      "13:34:24",
      "13:50:01",
      "14:04:21",
      "14:18:50",
      "14:34:14",
      "14:49:56",
      "15:05:30",
      "15:19:46",
      "15:35:26",
      "15:50:26",
      "16:04:58",
      "16:19:42",
      "16:34:24",
      "16:49:48",
      "17:04:03",
      "17:18:21",
      "17:33:24",
      "17:49:09",
      "18:03:53",
      "18:19:37",
      "18:33:56",
      "18:48:10",
      "19:02:32",
      "19:17:52",
      "19:32:48",
      "19:47:16",
      "20:02:12",
      "20:16:23",
      "20:31:53",
      "20:47:13",
      "21:02:47",
      "21:17:12",
      "21:32:37",
      "21:48:16",
      "22:02:28"
    ],
    "board": [
      14,
      14,
      1,
      10,
      6,
      11,
      12,
      9,
      15,
      6,
      8,
      14,
      2,
      3,
      5,
      12,
      8,
      11,
      7,
      8,
      12,
      10,
      15,
      10,
      7,
      4,
      6,
      0,
      0,
      5,
      8,
      8,
      1,
      10,
      1,
      3,
      4,
      7,
      2,
      0,
      0,
      11,
      3,
      2,
      10,
      3,
      1,
      3,
      8,
      2,
      1,
      5,
      2,
      12,
      4,
      11,
      7,
      3,
      5,
      7,
      4,
      12,
      14,
      14
    ],
    "alight": [
      6,
      0,
      6,
      3,
      14,
      11,
      10,
      4,
      7,
      1,
      15,
      12,
      10,
      10,
      2,
      1,
      4,
      9,
      6,
      10,
      14,
      13,
      14,
      12,
      11,
      5,
      10,
      3,
      10,
      4,
      10,
      5,
      3,
      6,
      0,
      15,
      14,
      7,
      12,
      7,
      5,
      0,
      0,
      13,
      0,
      6,
      12,
      4,
      11,
      8,
      6,
      15,
      14,
      14,
      12,
      12,
      12,
      11,
      9,
      2,
      4,
      8,
      15,
      10
    ]
  },
  "大中小寻味生活餐厅": {
    "time": [
      "06:15:21",
      "06:30:12",
      "06:45:36",
      "07:00:57",
      "07:15:27",
      "07:30:52",
      "07:46:11",
      "08:01:49",
      "08:17:17",
      "08:32:01",
      "08:47:04",
      "09:02:20",
      "09:18:00",
      "09:33:13",
      "09:48:37",
      "10:03:01",
      "10:18:30",
      "10:34:17",
      "10:48:37",
      "11:04:08",
      "11:18:20",
      "11:33:24",
      "11:47:38",
      "12:03:26",
      "12:18:20",
      "12:33:36",
      "12:49:04",
      "13:04:21",
      "13:19:17",
      "13:34:24",
      "13:50:01",
      "14:04:21",
      "14:18:50",
      "14:34:14",
      "14:49:56",
      "15:05:30",
      "15:19:46",
      "15:35:26",
      "15:50:26",
      "16:04:58",
      "16:19:42",
      "16:34:24",
      "16:49:48",
      "17:04:03",
      "17:18:21",
      "17:33:24",
      "17:49:09",
      "18:03:53",
      "18:19:37",
      "18:33:56",
      "18:48:10",
      "19:02:32",
      "19:17:52",
      "19:32:48",
      "19:47:16",
      "20:02:12",
      "20:16:23",
      "20:31:53",
      "20:47:13",
      "21:02:47",
      "21:17:12",
      "21:32:37",
      "21:48:16",
      "22:02:28"
    ],
    "board": [
      5,
      3,
      10,
      7,
      7,
      8,
      9,
      11,
      12,
      4,
      9,
      12,
      6,
      5,
      10,
      4,
      12,
      2,
      14,
      14,
      1,
      15,
      3,
      15,
      4,
      11,
      4,
      9,
      5,
      6,
      5,
      7,
      9,
      15,
      3,
      1,
      5,
      13,
      2,
      15,
      9,
      6,
      8,
      1,
      3,
      3,
      14,
      15,
      8,
      13,
      9,
      15,
      0,
      8,
      10,
      3,
      2,
      0,
      3,
      3,
      12,
      9,
      1,
      5
    ],
    "alight": [
      14,
      3,
      9,
      1,
      4,
      6,
      14,
      15,
      14,
      15,
      3,
      12,
      15,
      6,
      9,
      8,
      15,
      2,
      2,
      11,
      6,
      4,
      9,
      0,
      6,
      12,
      0,
      14,
      2,
      11,
      10,
      13,
      10,
      11,
      0,
      15,
      15,
      9,
      1,
      12,
      11,
      14,
      3,
      12,
      12,
      14,
      0,
      9,
      7,
      0,
      1,
      5,
      0,
      14,
      1,
      3,
      9,
      3,
      3,
      14,
      0,
      9,
      11,
      0
    ]
  },
  "成都光头蟹(威清路店)": {
    "time": [
      "06:15:21",
      "06:30:12",
      "06:45:36",
      "07:00:57",
      "07:15:27",
      "07:30:52",
      "07:46:11",
      "08:01:49",
      "08:17:17",
      "08:32:01",
      "08:47:04",
      "09:02:20",
      "09:18:00",
      "09:33:13",
      "09:48:37",
      "10:03:01",
      "10:18:30",
      "10:34:17",
      "10:48:37",
      "11:04:08",
      "11:18:20",
      "11:33:24",
      "11:47:38",
      "12:03:26",
      "12:18:20",
      "12:33:36",
      "12:49:04",
      "13:04:21",
      "13:19:17",
      "13:34:24",
      "13:50:01",
      "14:04:21",
      "14:18:50",
      "14:34:14",
      "14:49:56",
      "15:05:30",
      "15:19:46",
      "15:35:26",
      "15:50:26",
      "16:04:58",
      "16:19:42",
      "16:34:24",
      "16:49:48",
      "17:04:03",
      "17:18:21",
      "17:33:24",
      "17:49:09",
      "18:03:53",
      "18:19:37",
      "18:33:56",
      "18:48:10",
      "19:02:32",
      "19:17:52",
      "19:32:48",
      "19:47:16",
      "20:02:12",
      "20:16:23",
      "20:31:53",
      "20:47:13",
      "21:02:47",
      "21:17:12",
      "21:32:37",
      "21:48:16",
      "22:02:28"
    ],
    "board": [
      3,
      5,
      9,
      14,
      4,
      2,
      0,
      8,
      13,
      12,
      4,
      10,
      3,
      10,
      12,
      2,
      14,
      4,
      3,
      1,
      13,
      12,
      11,
      0,
      15,
      6,
      3,
      9,
      13,
      15,
      8,
      8,
      9,
      5,
      14,
      7,
      15,
      8,
      6,
      6,
      14,
      14,
      12,
      15,
      12,
      6,
      9,
      7,
      8,
      12,
      9,
      6,
      7,
      14,
      8,
      11,
      11,
      10,
      11,
      8,
      1,
      4,
      7,
      6
    ],
    "alight": [
      8,
      2,
      0,
      7,
      14,
      4,
      5,
      4,
      7,
      14,
      14,
      14,
      10,
      3,
      0,
      2,
      7,
      5,
      0,
      6,
      8,
      13,
      5,
      5,
      6,
      8,
      9,
      0,
      8,
      7,
      6,
      10,
      5,
      12,
      9,
      2,
      8,
      14,
      14,
      9,
      8,
      10,
      0,
      4,
      2,
      15,
      2,
      12,
      5,
      4,
      15,
      1,
      7,
      5,
      4,
      14,
      6,
      12,
      1,
      7,
      1,
      3,
      4,
      15
    ]
  },
  "伊网情深网吧(八鸽岩路总店)": {
    "time": [
      "06:15:21",
      "06:30:12",
      "06:45:36",
      "07:00:57",
      "07:15:27",
      "07:30:52",
      "07:46:11",
      "08:01:49",
      "08:17:17",
      "08:32:01",
      "08:47:04",
      "09:02:20",
      "09:18:00",
      "09:33:13",
      "09:48:37",
      "10:03:01",
      "10:18:30",
      "10:34:17",
      "10:48:37",
      "11:04:08",
      "11:18:20",
      "11:33:24",
      "11:47:38",
      "12:03:26",
      "12:18:20",
      "12:33:36",
      "12:49:04",
      "13:04:21",
      "13:19:17",
      "13:34:24",
      "13:50:01",
      "14:04:21",
      "14:18:50",
      "14:34:14",
      "14:49:56",
      "15:05:30",
      "15:19:46",
      "15:35:26",
      "15:50:26",
      "16:04:58",
      "16:19:42",
      "16:34:24",
      "16:49:48",
      "17:04:03",
      "17:18:21",
      "17:33:24",
      "17:49:09",
      "18:03:53",
      "18:19:37",
      "18:33:56",
      "18:48:10",
      "19:02:32",
      "19:17:52",
      "19:32:48",
      "19:47:16",
      "20:02:12",
      "20:16:23",
      "20:31:53",
      "20:47:13",
      "21:02:47",
      "21:17:12",
      "21:32:37",
      "21:48:16",
      "22:02:28"
    ],
    "board": [
      5,
      9,
      7,
      4,
      4,
      6,
      1,
      5,
      10,
      15,
      4,
      13,
      2,
      3,
      8,
      7,
      2,
      2,
      14,
      3,
      1,
      7,
      3,
      1,
      3,
      13,
      5,
      10,
      7,
      11,
      5,
      10,
      10,
      13,
      11,
      6,
      11,
      0,
      2,
      13,
      4,
      9,
      10,
      5,
      4,
      7,
      5,
      4,
      9,
      15,
      4,
      8,
      2,
      14,
      4,
      13,
      1,
      2,
      7,
      8,
      6,
      11,
      13,
      4
    ],
    "alight": [
      15,
      0,
      6,
      7,
      12,
      9,
      14,
      9,
      8,
      12,
      9,
      15,
      2,
      1,
      3,
      4,
      0,
      9,
      2,
      11,
      10,
      14,
      13,
      13,
      11,
      9,
      13,
      2,
      15,
      15,
      11,
      9,
      12,
      5,
      7,
      15,
      0,
      11,
      14,
      1,
      13,
      15,
      10,
      11,
      10,
      0,
      5,
      13,
      11,
      15,
      12,
      5,
      10,
      11,
      0,
      9,
      13,
      8,
      1,
      14,
      12,
      9,
      11,
      10
    ]
  },
  "麒麟洞": {
    "time": [
      "06:15:21",
      "06:30:12",
      "06:45:36",
      "07:00:57",
      "07:15:27",
      "07:30:52",
      "07:46:11",
      "08:01:49",
      "08:17:17",
      "08:32:01",
      "08:47:04",
      "09:02:20",
      "09:18:00",
      "09:33:13",
      "09:48:37",
      "10:03:01",
      "10:18:30",
      "10:34:17",
      "10:48:37",
      "11:04:08",
      "11:18:20",
      "11:33:24",
      "11:47:38",
      "12:03:26",
      "12:18:20",
      "12:33:36",
      "12:49:04",
      "13:04:21",
      "13:19:17",
      "13:34:24",
      "13:50:01",
      "14:04:21",
      "14:18:50",
      "14:34:14",
      "14:49:56",
      "15:05:30",
      "15:19:46",
      "15:35:26",
      "15:50:26",
      "16:04:58",
      "16:19:42",
      "16:34:24",
      "16:49:48",
      "17:04:03",
      "17:18:21",
      "17:33:24",
      "17:49:09",
      "18:03:53",
      "18:19:37",
      "18:33:56",
      "18:48:10",
      "19:02:32",
      "19:17:52",
      "19:32:48",
      "19:47:16",
      "20:02:12",
      "20:16:23",
      "20:31:53",
      "20:47:13",
      "21:02:47",
      "21:17:12",
      "21:32:37",
      "21:48:16",
      "22:02:28"
    ],
    "board": [
      8,
      2,
      4,
      10,
      10,
      1,
      12,
      11,
      6,
      5,
      8,
      9,
      15,
      9,
      14,
      7,
      3,
      10,
      8,
      2,
      15,
      15,
      10,
      3,
      12,
      7,
      4,
      6,
      3,
      8,
      7,
      1,
      11,
      14,
      10,
      10,
      14,
      0,
      10,
      14,
      12,
      2,
      6,
      3,
      0,
      10,
      4,
      11,
      11,
      6,
      2,
      7,
      7,
      8,
      8,
      14,
      4,
      14,
      2,
      6,
      8,
      13,
      6,
      10
    ],
    "alight": [
      7,
      15,
      3,
      11,
      9,
      4,
      5,
      3,
      1,
      2,
      12,
      4,
      3,
      12,
      2,
      3,
      15,
      7,
      4,
      14,
      3,
      9,
      8,
      13,
      1,
      8,
      8,
      7,
      7,
      5,
      3,
      5,
      10,
      6,
      13,
      9,
      4,
      8,
      1,
      7,
      7,
      7,
      5,
      0,
      6,
      8,
      14,
      10,
      8,
      10,
      8,
      14,
      12,
      7,
      4,
      15,
      0,
      7,
      10,
      6,
      9,
      14,
      7,
      9
    ]
  },
  "黔灵山公园": {
    "time": [
      "06:15:21",
      "06:30:12",
      "06:45:36",
      "07:00:57",
      "07:15:27",
      "07:30:52",
      "07:46:11",
      "08:01:49",
      "08:17:17",
      "08:32:01",
      "08:47:04",
      "09:02:20",
      "09:18:00",
      "09:33:13",
      "09:48:37",
      "10:03:01",
      "10:18:30",
      "10:34:17",
      "10:48:37",
      "11:04:08",
      "11:18:20",
      "11:33:24",
      "11:47:38",
      "12:03:26",
      "12:18:20",
      "12:33:36",
      "12:49:04",
      "13:04:21",
      "13:19:17",
      "13:34:24",
      "13:50:01",
      "14:04:21",
      "14:18:50",
      "14:34:14",
      "14:49:56",
      "15:05:30",
      "15:19:46",
      "15:35:26",
      "15:50:26",
      "16:04:58",
      "16:19:42",
      "16:34:24",
      "16:49:48",
      "17:04:03",
      "17:18:21",
      "17:33:24",
      "17:49:09",
      "18:03:53",
      "18:19:37",
      "18:33:56",
      "18:48:10",
      "19:02:32",
      "19:17:52",
      "19:32:48",
      "19:47:16",
      "20:02:12",
      "20:16:23",
      "20:31:53",
      "20:47:13",
      "21:02:47",
      "21:17:12",
      "21:32:37",
      "21:48:16",
      "22:02:28"
    ],
    "board": [
      6,
      4,
      8,
      5,
      12,
      6,
      6,
      2,
      15,
      11,
      13,
      3,
      8,
      11,
      2,
      0,
      10,
      9,
      9,
      8,
      15,
      1,
      4,
      4,
      14,
      1,
      8,
      0,
      11,
      9,
      5,
      5,
      6,
      3,
      8,
      11,
      0,
      5,
      1,
      8,
      5,
      4,
      15,
      2,
      13,
      6,
      11,
      12,
      5,
      12,
      4,
      3,
      0,
      11,
      10,
      4,
      3,
      9,
      5,
      11,
      7,
      9,
      10,
      12
    ],
    "alight": [
      12,
      4,
      5,
      10,
      10,
      14,
      4,
      3,
      3,
      13,
      7,
      11,
      5,
      12,
      2,
      7,
      8,
      8,
      7,
      9,
      7,
      2,
      15,
      13,
      5,
      9,
      12,
      14,
      3,
      2,
      5,
      2,
      14,
      6,
      3,
      0,
      4,
      11,
      3,
      14,
      1,
      5,
      1,
      14,
      3,
      1,
      12,
      8,
      12,
      11,
      0,
      6,
      13,
      12,
      8,
      14,
      14,
      5,
      11,
      10,
      3,
      13,
      0,
      0
    ]
  },
  "贵阳陈信平宾馆": {
    "time": [
      "06:15:21",
      "06:30:12",
      "06:45:36",
      "07:00:57",
      "07:15:27",
      "07:30:52",
      "07:46:11",
      "08:01:49",
      "08:17:17",
      "08:32:01",
      "08:47:04",
      "09:02:20",
      "09:18:00",
      "09:33:13",
      "09:48:37",
      "10:03:01",
      "10:18:30",
      "10:34:17",
      "10:48:37",
      "11:04:08",
      "11:18:20",
      "11:33:24",
      "11:47:38",
      "12:03:26",
      "12:18:20",
      "12:33:36",
      "12:49:04",
      "13:04:21",
      "13:19:17",
      "13:34:24",
      "13:50:01",
      "14:04:21",
      "14:18:50",
      "14:34:14",
      "14:49:56",
      "15:05:30",
      "15:19:46",
      "15:35:26",
      "15:50:26",
      "16:04:58",
      "16:19:42",
      "16:34:24",
      "16:49:48",
      "17:04:03",
      "17:18:21",
      "17:33:24",
      "17:49:09",
      "18:03:53",
      "18:19:37",
      "18:33:56",
      "18:48:10",
      "19:02:32",
      "19:17:52",
      "19:32:48",
      "19:47:16",
      "20:02:12",
      "20:16:23",
      "20:31:53",
      "20:47:13",
      "21:02:47",
      "21:17:12",
      "21:32:37",
      "21:48:16",
      "22:02:28"
    ],
    "board": [
      2,
      2,
      10,
      3,
      3,
      15,
      0,
      14,
      14,
      5,
      8,
      10,
      4,
      11,
      6,
      5,
      15,
      15,
      3,
      2,
      0,
      4,
      13,
      11,
      1,
      7,
      4,
      12,
      12,
      15,
      14,
      4,
      4,
      1,
      3,
      6,
      15,
      12,
      6,
      2,
      3,
      14,
      1,
      9,
      13,
      15,
      10,
      14,
      1,
      1,
      7,
      15,
      5,
      4,
      8,
      4,
      6,
      2,
      3,
      1,
      8,
      5,
      11,
      8
    ],
    "alight": [
      8,
      1,
      11,
      14,
      2,
      7,
      10,
      7,
      2,
      15,
      15,
      6,
      10,
      14,
      1,
      5,
      6,
      9,
      6,
      3,
      3,
      13,
      9,
      12,
      13,
      2,
      0,
      1,
      9,
      14,
      15,
      6,
      2,
      6,
      7,
      14,
      15,
      6,
      0,
      15,
      5,
      2,
      10,
      8,
      8,
      7,
      5,
      1,
      11,
      14,
      15,
      11,
      7,
      0,
      15,
      5,
      11,
      5,
      15,
      11,
      6,
      4,
      2,
      5
    ]
  },
  "成铁局贵州铁路建设大厦": {
    "time": [
      "06:15:21",
      "06:30:12",
      "06:45:36",
      "07:00:57",
      "07:15:27",
      "07:30:52",
      "07:46:11",
      "08:01:49",
      "08:17:17",
      "08:32:01",
      "08:47:04",
      "09:02:20",
      "09:18:00",
      "09:33:13",
      "09:48:37",
      "10:03:01",
      "10:18:30",
      "10:34:17",
      "10:48:37",
      "11:04:08",
      "11:18:20",
      "11:33:24",
      "11:47:38",
      "12:03:26",
      "12:18:20",
      "12:33:36",
      "12:49:04",
      "13:04:21",
      "13:19:17",
      "13:34:24",
      "13:50:01",
      "14:04:21",
      "14:18:50",
      "14:34:14",
      "14:49:56",
      "15:05:30",
      "15:19:46",
      "15:35:26",
      "15:50:26",
      "16:04:58",
      "16:19:42",
      "16:34:24",
      "16:49:48",
      "17:04:03",
      "17:18:21",
      "17:33:24",
      "17:49:09",
      "18:03:53",
      "18:19:37",
      "18:33:56",
      "18:48:10",
      "19:02:32",
      "19:17:52",
      "19:32:48",
      "19:47:16",
      "20:02:12",
      "20:16:23",
      "20:31:53",
      "20:47:13",
      "21:02:47",
      "21:17:12",
      "21:32:37",
      "21:48:16",
      "22:02:28"
    ],
    "board": [
      10,
      8,
      7,
      2,
      12,
      8,
      2,
      14,
      7,
      4,
      13,
      5,
      1,
      12,
      9,
      8,
      14,
      15,
      0,
      7,
      8,
      10,
      13,
      13,
      14,
      14,
      5,
      9,
      5,
      6,
      9,
      0,
      9,
      4,
      6,
      0,
      7,
      0,
      15,
      1,
      13,
      5,
      5,
      11,
      2,
      5,
      9,
      11,
      13,
      7,
      1,
      14,
      5,
      13,
      7,
      14,
      6,
      10,
      7,
      7,
      7,
      13,
      3,
      7
    ],
    "alight": [
      3,
      12,
      2,
      2,
      2,
      9,
      4,
      1,
      0,
      4,
      5,
      0,
      12,
      12,
      6,
      2,
      9,
      4,
      7,
      7,
      9,
      12,
      7,
      2,
      9,
      3,
      13,
      3,
      9,
      3,
      12,
      12,
      4,
      15,
      4,
      0,
      12,
      7,
      7,
      5,
      11,
      0,
      9,
      14,
      13,
      12,
      1,
      4,
      10,
      14,
      14,
      10,
      6,
      3,
      6,
      9,
      11,
      11,
      9,
      11,
      1,
      3,
      4,
      13
    ]
  },
  "贵阳车游天下租车飞租V店": {
    "time": [
      "06:15:21",
      "06:30:12",
      "06:45:36",
      "07:00:57",
      "07:15:27",
      "07:30:52",
      "07:46:11",
      "08:01:49",
      "08:17:17",
      "08:32:01",
      "08:47:04",
      "09:02:20",
      "09:18:00",
      "09:33:13",
      "09:48:37",
      "10:03:01",
      "10:18:30",
      "10:34:17",
      "10:48:37",
      "11:04:08",
      "11:18:20",
      "11:33:24",
      "11:47:38",
      "12:03:26",
      "12:18:20",
      "12:33:36",
      "12:49:04",
      "13:04:21",
      "13:19:17",
      "13:34:24",
      "13:50:01",
      "14:04:21",
      "14:18:50",
      "14:34:14",
      "14:49:56",
      "15:05:30",
      "15:19:46",
      "15:35:26",
      "15:50:26",
      "16:04:58",
      "16:19:42",
      "16:34:24",
      "16:49:48",
      "17:04:03",
      "17:18:21",
      "17:33:24",
      "17:49:09",
      "18:03:53",
      "18:19:37",
      "18:33:56",
      "18:48:10",
      "19:02:32",
      "19:17:52",
      "19:32:48",
      "19:47:16",
      "20:02:12",
      "20:16:23",
      "20:31:53",
      "20:47:13",
      "21:02:47",
      "21:17:12",
      "21:32:37",
      "21:48:16",
      "22:02:28"
    ],
    "board": [
      0,
      8,
      6,
      12,
      8,
      2,
      10,
      6,
      15,
      7,
      9,
      2,
      13,
      9,
      5,
      7,
      14,
      11,
      8,
      0,
      0,
      4,
      1,
      8,
      6,
      14,
      13,
      3,
      9,
      12,
      12,
      15,
      8,
      12,
      11,
      14,
      0,
      8,
      13,
      0,
      9,
      11,
      0,
      0,
      14,
      5,
      2,
      4,
      6,
      9,
      9,
      2,
      11,
      2,
      13,
      4,
      14,
      9,
      14,
      3,
      10,
      4,
      9,
      4
    ],
    "alight": [
      4,
      3,
      5,
      10,
      2,
      5,
      12,
      11,
      2,
      10,
      7,
      11,
      3,
      13,
      4,
      4,
      12,
      9,
      4,
      2,
      6,
      1,
      5,
      4,
      8,
      7,
      9,
      8,
      4,
      6,
      4,
      15,
      0,
      10,
      2,
      5,
      11,
      12,
      8,
      9,
      10,
      9,
      14,
      11,
      1,
      11,
      10,
      15,
      15,
      9,
      6,
      11,
      7,
      15,
      2,
      14,
      8,
      7,
      4,
      15,
      9,
      1,
      8,
      13
    ]
  },
  "贵阳一泉优雅酒店": {
    "time": [
      "06:15:21",
      "06:30:12",
      "06:45:36",
      "07:00:57",
      "07:15:27",
      "07:30:52",
      "07:46:11",
      "08:01:49",
      "08:17:17",
      "08:32:01",
      "08:47:04",
      "09:02:20",
      "09:18:00",
      "09:33:13",
      "09:48:37",
      "10:03:01",
      "10:18:30",
      "10:34:17",
      "10:48:37",
      "11:04:08",
      "11:18:20",
      "11:33:24",
      "11:47:38",
      "12:03:26",
      "12:18:20",
      "12:33:36",
      "12:49:04",
      "13:04:21",
      "13:19:17",
      "13:34:24",
      "13:50:01",
      "14:04:21",
      "14:18:50",
      "14:34:14",
      "14:49:56",
      "15:05:30",
      "15:19:46",
      "15:35:26",
      "15:50:26",
      "16:04:58",
      "16:19:42",
      "16:34:24",
      "16:49:48",
      "17:04:03",
      "17:18:21",
      "17:33:24",
      "17:49:09",
      "18:03:53",
      "18:19:37",
      "18:33:56",
      "18:48:10",
      "19:02:32",
      "19:17:52",
      "19:32:48",
      "19:47:16",
      "20:02:12",
      "20:16:23",
      "20:31:53",
      "20:47:13",
      "21:02:47",
      "21:17:12",
      "21:32:37",
      "21:48:16",
      "22:02:28"
    ],
    "board": [
      0,
      0,
      0,
      0,
      0,
      0,
      0,
      0,
      0,
      0,
      0,
      0,
      0,
      0,
      0,
      0,
      0,
      0,
      0,
      0,
      0,
      1,
      0,
      0,
      0,
      0,
      0,
      0,
      0,
      0,
      0,
      0,
      0,
      0,
      0,
      0,
      0,
      2,
      0,
      5,
      0,
      2,
      0,
      0,
      0,
      0,
      0,
      0,
      0,
      0,
      0,
      0,
      0,
      0,
      0,
      0,
      0,
      0,
      0,
      0,
      0,
      0,
      0,
      1
    ],
    "alight": [
      9,
      6,
      12,
      4,
      12,
      7,
      3,
      12,
      15,
      5,
      3,
      6,
      12,
      10,
      11,
      4,
      8,
      12,
      13,
      7,
      5,
      8,
      2,
      12,
      0,
      9,
      12,
      0,
      3,
      15,
      2,
      10,
      7,
      15,
      7,
      9,
      9,
      9,
      8,
      7,
      1,
      12,
      11,
      2,
      10,
      2,
      8,
      13,
      7,
      8,
      8,
      5,
      5,
      5,
      11,
      9,
      5,
      4,
      6,
      11,
      3,
      7,
      9,
      4
    ]
  },
  "小坪坝": {
    "time": [
      "06:15:21",
      "06:30:12",
      "06:45:36",
      "07:00:57",
      "07:15:27",
      "07:30:52",
      "07:46:11",
      "08:01:49",
      "08:17:17",
      "08:32:01",
      "08:47:04",
      "09:02:20",
      "09:18:00",
      "09:33:13",
      "09:48:37",
      "10:03:01",
      "10:18:30",
      "10:34:17",
      "10:48:37",
      "11:04:08",
      "11:18:20",
      "11:33:24",
      "11:47:38",
      "12:03:26",
      "12:18:20",
      "12:33:36",
      "12:49:04",
      "13:04:21",
      "13:19:17",
      "13:34:24",
      "13:50:01",
      "14:04:21",
      "14:18:50",
      "14:34:14",
      "14:49:56",
      "15:05:30",
      "15:19:46",
      "15:35:26",
      "15:50:26",
      "16:04:58",
      "16:19:42",
      "16:34:24",
      "16:49:48",
      "17:04:03",
      "17:18:21",
      "17:33:24",
      "17:49:09",
      "18:03:53",
      "18:19:37",
      "18:33:56",
      "18:48:10",
      "19:02:32",
      "19:17:52",
      "19:32:48",
      "19:47:16",
      "20:02:12",
      "20:16:23",
      "20:31:53",
      "20:47:13",
      "21:02:47",
      "21:17:12",
      "21:32:37",
      "21:48:16",
      "22:02:28"
    ],
    "board": [
      0,
      0,
      0,
      0,
      0,
      0,
      0,
      0,
      0,
      0,
      1,
      0,
      0,
      0,
      0,
      0,
      0,
      0,
      0,
      0,
      0,
      0,
      0,
      0,
      0,
      0,
      2,
      0,
      0,
      1,
      0,
      0,
      0,
      0,
      0,
      0,
      0,
      0,
      0,
      0,
      0,
      0,
      0,
      0,
      0,
      0,
      0,
      0,
      0,
      0,
      0,
      0,
      0,
      0,
      0,
      3,
      0,
      0,
      0,
      0,
      0,
      0,
      0,
      0
    ],
    "alight": [
      1,
      8,
      0,
      4,
      2,
      13,
      5,
      15,
      10,
      4,
      13,
      15,
      15,
      9,
      5,
      2,
      5,
      10,
      2,
      1,
      10,
      0,
      9,
      4,
      3,
      15,
      8,
      15,
      12,
      5,
      4,
      15,
      9,
      10,
      10,
      7,
      4,
      13,
      0,
      9,
      4,
      10,
      9,
      7,
      12,
      8,
      10,
      6,
      3,
      13,
      14,
      7,
      14,
      2,
      0,
      12,
      1,
      9,
      12,
      7,
      9,
      4,
      8,
      8
    ]
  },
  "贵遵高速": {
    "time": [
      "06:15:21",
      "06:30:12",
      "06:45:36",
      "07:00:57",
      "07:15:27",
      "07:30:52",
      "07:46:11",
      "08:01:49",
      "08:17:17",
      "08:32:01",
      "08:47:04",
      "09:02:20",
      "09:18:00",
      "09:33:13",
      "09:48:37",
      "10:03:01",
      "10:18:30",
      "10:34:17",
      "10:48:37",
      "11:04:08",
      "11:18:20",
      "11:33:24",
      "11:47:38",
      "12:03:26",
      "12:18:20",
      "12:33:36",
      "12:49:04",
      "13:04:21",
      "13:19:17",
      "13:34:24",
      "13:50:01",
      "14:04:21",
      "14:18:50",
      "14:34:14",
      "14:49:56",
      "15:05:30",
      "15:19:46",
      "15:35:26",
      "15:50:26",
      "16:04:58",
      "16:19:42",
      "16:34:24",
      "16:49:48",
      "17:04:03",
      "17:18:21",
      "17:33:24",
      "17:49:09",
      "18:03:53",
      "18:19:37",
      "18:33:56",
      "18:48:10",
      "19:02:32",
      "19:17:52",
      "19:32:48",
      "19:47:16",
      "20:02:12",
      "20:16:23",
      "20:31:53",
      "20:47:13",
      "21:02:47",
      "21:17:12",
      "21:32:37",
      "21:48:16",
      "22:02:28"
    ],
    "board": [
      0,
      0,
      0,
      0,
      0,
      0,
      0,
      0,
      0,
      0,
      0,
      0,
      0,
      0,
      0,
      2,
      0,
      0,
      0,
      0,
      0,
      0,
      0,
      0,
      0,
      0,
      0,
      0,
      0,
      0,
      0,
      0,
      3,
      0,
      0,
      0,
      0,
      0,
      0,
      0,
      0,
      0,
      0,
      0,
      0,
      0,
      0,
      0,
      0,
      0,
      2,
      0,
      0,
      0,
      0,
      0,
      0,
      0,
      0,
      3,
      0,
      0,
      0,
      0
    ],
    "alight": [
      0,
      11,
      13,
      1,
      9,
      6,
      6,
      3,
      6,
      15,
      2,
      13,
      8,
      6,
      9,
      7,
      10,
      10,
      9,
      10,
      10,
      3,
      9,
      0,
      9,
      14,
      1,
      8,
      14,
      7,
      15,
      1,
      15,
      15,
      15,
      8,
      2,
      3,
      1,
      14,
      3,
      2,
      15,
      0,
      0,
      8,
      3,
      5,
      5,
      12,
      7,
      9,
      12,
      11,
      10,
      4,
      14,
      8,
      13,
      11,
      9,
      2,
      10,
      0
    ]
  },
  "iu酒店(贵阳北站梦想城店)": {
    "time": [
      "06:15:21",
      "06:30:12",
      "06:45:36",
      "07:00:57",
      "07:15:27",
      "07:30:52",
      "07:46:11",
      "08:01:49",
      "08:17:17",
      "08:32:01",
      "08:47:04",
      "09:02:20",
      "09:18:00",
      "09:33:13",
      "09:48:37",
      "10:03:01",
      "10:18:30",
      "10:34:17",
      "10:48:37",
      "11:04:08",
      "11:18:20",
      "11:33:24",
      "11:47:38",
      "12:03:26",
      "12:18:20",
      "12:33:36",
      "12:49:04",
      "13:04:21",
      "13:19:17",
      "13:34:24",
      "13:50:01",
      "14:04:21",
      "14:18:50",
      "14:34:14",
      "14:49:56",
      "15:05:30",
      "15:19:46",
      "15:35:26",
      "15:50:26",
      "16:04:58",
      "16:19:42",
      "16:34:24",
      "16:49:48",
      "17:04:03",
      "17:18:21",
      "17:33:24",
      "17:49:09",
      "18:03:53",
      "18:19:37",
      "18:33:56",
      "18:48:10",
      "19:02:32",
      "19:17:52",
      "19:32:48",
      "19:47:16",
      "20:02:12",
      "20:16:23",
      "20:31:53",
      "20:47:13",
      "21:02:47",
      "21:17:12",
      "21:32:37",
      "21:48:16",
      "22:02:28"
    ],
    "board": [
      0,
      0,
      0,
      0,
      0,
      0,
      0,
      0,
      0,
      0,
      0,
      0,
      0,
      0,
      0,
      0,
      0,
      0,
      0,
      0,
      0,
      0,
      0,
      0,
      0,
      0,
      0,
      0,
      0,
      0,
      0,
      0,
      0,
      0,
      0,
      0,
      0,
      0,
      0,
      0,
      0,
      0,
      0,
      0,
      0,
      0,
      0,
      0,
      0,
      0,
      0,
      0,
      0,
      0,
      0,
      0,
      0,
      0,
      0,
      0,
      0,
      0,
      0,
      0
    ],
    "alight": [
      6,
      5,
      2,
      11,
      6,
      11,
      4,
      1,
      7,
      7,
      3,
      0,
      10,
      5,
      4,
      0,
      6,
      9,
      5,
      14,
      13,
      0,
      4,
      3,
      7,
      14,
      11,
      15,
      14,
      8,
      15,
      3,
      0,
      9,
      13,
      15,
      12,
      14,
      11,
      15,
      1,
      3,
      15,
      6,
      10,
      8,
      12,
      14,
      15,
      10,
      3,
      4,
      10,
      9,
      11,
      15,
      6,
      8,
      1,
      1,
      3,
      15,
      12,
      9
    ]
  },
  "阳关小龙井": {
    "time": [
      "06:15:21",
      "06:30:12",
      "06:45:36",
      "07:00:57",
      "07:15:27",
      "07:30:52",
      "07:46:11",
      "08:01:49",
      "08:17:17",
      "08:32:01",
      "08:47:04",
      "09:02:20",
      "09:18:00",
      "09:33:13",
      "09:48:37",
      "10:03:01",
      "10:18:30",
      "10:34:17",
      "10:48:37",
      "11:04:08",
      "11:18:20",
      "11:33:24",
      "11:47:38",
      "12:03:26",
      "12:18:20",
      "12:33:36",
      "12:49:04",
      "13:04:21",
      "13:19:17",
      "13:34:24",
      "13:50:01",
      "14:04:21",
      "14:18:50",
      "14:34:14",
      "14:49:56",
      "15:05:30",
      "15:19:46",
      "15:35:26",
      "15:50:26",
      "16:04:58",
      "16:19:42",
      "16:34:24",
      "16:49:48",
      "17:04:03",
      "17:18:21",
      "17:33:24",
      "17:49:09",
      "18:03:53",
      "18:19:37",
      "18:33:56",
      "18:48:10",
      "19:02:32",
      "19:17:52",
      "19:32:48",
      "19:47:16",
      "20:02:12",
      "20:16:23",
      "20:31:53",
      "20:47:13",
      "21:02:47",
      "21:17:12",
      "21:32:37",
      "21:48:16",
      "22:02:28"
    ],
    "board": [
      0,
      0,
      0,
      0,
      0,
      0,
      0,
      0,
      0,
      0,
      0,
      0,
      0,
      0,
      0,
      0,
      0,
      0,
      0,
      0,
      0,
      0,
      0,
      0,
      0,
      0,
      0,
      0,
      0,
      0,
      0,
      0,
      0,
      0,
      0,
      0,
      0,
      0,
      0,
      0,
      0,
      0,
      0,
      0,
      0,
      0,
      0,
      0,
      0,
      0,
      0,
      0,
      0,
      0,
      0,
      0,
      0,
      0,
      0,
      0,
      0,
      0,
      0,
      0
    ],
    "alight": [
      11,
      11,
      6,
      14,
      7,
      5,
      12,
      3,
      5,
      9,
      9,
      5,
      6,
      13,
      3,
      5,
      2,
      6,
      0,
      6,
      1,
      0,
      9,
      5,
      0,
      3,
      6,
      13,
      11,
      0,
      2,
      9,
      10,
      15,
      1,
      13,
      6,
      5,
      13,
      3,
      5,
      10,
      4,
      0,
      15,
      13,
      12,
      15,
      7,
      15,
      5,
      0,
      6,
      5,
      4,
      7,
      10,
      10,
      15,
      15,
      5,
      10,
      6,
      6
    ]
  }
}