{
  "up": {
    "创新东路": 1,
    "恋家酒店(贵阳高铁北站店)": 2,
    "贵州省安全技术培训中心": 3,
    "西二环辅路": 4,
    "贵州省公安厅居民身份证制作中心": 5,
    "大关村二组": 6,
    "黔灵山公园": 7,
    "市北立交": 8,
    "贵州星瑞美传媒广告有限公司": 9,
    "味臻烧烤(天誉城店)": 10,
    "南垭路": 11,
    "中环路北段": 12,
    "龙里肉饼鸡(御景湾店)": 13,
    "杨柳井隧道": 14,
    "中天花园御熙谷": 15,
    "沙龙拌饭(中天花园叠翠谷店)": 16,
    "鸭爪爪(云岩万达店)": 17,
    "大坡路": 18,
    "贵阳市乌当区团委": 19,
    "独霸带皮羊肉粉(水锦花都店)": 20,
    "贵阳市乌当中学": 21,
    "尚善·御景": 22,
    "公馆路": 23,
    "豪丽酒楼(乌当火炬店)": 24,
    "贵阳市乌当区红星小学": 25,
    "贵阳市第五职业学校": 26,
    "高新北路": 27,
    "界牌林场": 28,
    "乌当区东风棚户区改造项目征收现场办公室": 29,
    "熙果烧仙草(东风镇店)": 30,
    "贵黔国际总医院核酸采样点": 31,
    "新河大桥": 32,
    "头堡村": 33
  },
  "down": {
    "头堡村": 34,
    "新河大桥": 35,
    "贵黔国际总医院核酸采样点": 36,
    "熙果烧仙草(东风镇店)": 37,
    "乌当区东风棚户区改造项目征收现场办公室": 38,
    "界牌林场": 39,
    "高新北路": 40,
    "贵阳市第五职业学校": 41,
    "贵阳市乌当区红星小学": 42,
    "豪丽酒楼(乌当火炬店)": 43,
    "公馆路": 44,
    "尚善·御景": 45,
    "贵阳市乌当中学": 46,
    "独霸带皮羊肉粉(水锦花都店)": 47,
    "贵阳市乌当区团委": 48,
    "大坡路": 49,
    "鸭爪爪(云岩万达店)": 50,
    "沙龙拌饭(中天花园叠翠谷店)": 51,
    "中天花园御熙谷": 52,
    "杨柳井隧道": 53,
    "龙里肉饼鸡(御景湾店)": 54,
    "中环路北段": 55,
    "南垭路": 56,
    "味臻烧烤(天誉城店)": 57,
    "贵州星瑞美传媒广告有限公司": 58,
    "市北立交": 59,
    "黔灵山公园": 60,
    "大关村二组": 61,
    "贵州省公安厅居民身份证制作中心": 62,
    "西二环辅路": 63,
    "贵州省安全技术培训中心": 64,
    "恋家酒店(贵阳高铁北站店)": 65,
    "创新东路": 66
  }
}