{
  "创新东路": 1024,
  "恋家酒店(贵阳高铁北站店)": 678,
  "贵州省安全技术培训中心": 488,
  "西二环辅路": 976,
  "贵州省公安厅居民身份证制作中心": 937,
  "大关村二组": 422,
  "黔灵山公园": 539,
  "市北立交": 422,
  "贵州星瑞美传媒广告有限公司": 514,
  "味臻烧烤(天誉城店)": 722,
  "南垭路": 683,
  "中环路北段": 1534,
  "龙里肉饼鸡(御景湾店)": 428,
  "杨柳井隧道": 401,
  "中天花园御熙谷": 503,
  "沙龙拌饭(中天花园叠翠谷店)": 632,
  "鸭爪爪(云岩万达店)": 416,
  "大坡路": 582,
  "贵阳市乌当区团委": 721,
  "独霸带皮羊肉粉(水锦花都店)": 478,
  "贵阳市乌当中学": 728,
  "尚善·御景": 620,
  "公馆路": 735,
  "豪丽酒楼(乌当火炬店)": 535,
  "贵阳市乌当区红星小学": 508,
  "贵阳市第五职业学校": 856,
  "高新北路": 1169,
  "界牌林场": 406,
  "乌当区东风棚户区改造项目征收现场办公室": 499,
  "熙果烧仙草(东风镇店)": 592,
  "贵黔国际总医院核酸采样点": 849,
  "新河大桥": 459
}