{
  "up": {
    "1": "创新东路",
    "2": "恋家酒店(贵阳高铁北站店)",
    "3": "贵州省安全技术培训中心",
    "4": "西二环辅路",
    "5": "贵州省公安厅居民身份证制作中心",
    "6": "大关村二组",
    "7": "黔灵山公园",
    "8": "市北立交",
    "9": "贵州星瑞美传媒广告有限公司",
    "10": "味臻烧烤(天誉城店)",
    "11": "南垭路",
    "12": "中环路北段",
    "13": "龙里肉饼鸡(御景湾店)",
    "14": "杨柳井隧道",
    "15": "中天花园御熙谷",
    "16": "沙龙拌饭(中天花园叠翠谷店)",
    "17": "鸭爪爪(云岩万达店)",
    "18": "大坡路",
    "19": "贵阳市乌当区团委",
    "20": "独霸带皮羊肉粉(水锦花都店)",
    "21": "贵阳市乌当中学",
    "22": "尚善·御景",
    "23": "公馆路",
    "24": "豪丽酒楼(乌当火炬店)",
    "25": "贵阳市乌当区红星小学",
    "26": "贵阳市第五职业学校",
    "27": "高新北路",
    "28": "界牌林场",
    "29": "乌当区东风棚户区改造项目征收现场办公室",
    "30": "熙果烧仙草(东风镇店)",
    "31": "贵黔国际总医院核酸采样点",
    "32": "新河大桥",
    "33": "头堡村"
  },
  "down": {
    "34": "头堡村",
    "35": "新河大桥",
    "36": "贵黔国际总医院核酸采样点",
    "37": "熙果烧仙草(东风镇店)",
    "38": "乌当区东风棚户区改造项目征收现场办公室",
    "39": "界牌林场",
    "40": "高新北路",
    "41": "贵阳市第五职业学校",
    "42": "贵阳市乌当区红星小学",
    "43": "豪丽酒楼(乌当火炬店)",
    "44": "公馆路",
    "45": "尚善·御景",
    "46": "贵阳市乌当中学",
    "47": "独霸带皮羊肉粉(水锦花都店)",
    "48": "贵阳市乌当区团委",
    "49": "大坡路",
    "50": "鸭爪爪(云岩万达店)",
    "51": "沙龙拌饭(中天花园叠翠谷店)",
    "52": "中天花园御熙谷",
    "53": "杨柳井隧道",
    "54": "龙里肉饼鸡(御景湾店)",
    "55": "中环路北段",
    "56": "南垭路",
    "57": "味臻烧烤(天誉城店)",
    "58": "贵州星瑞美传媒广告有限公司",
    "59": "市北立交",
    "60": "黔灵山公园",
    "61": "大关村二组",
    "62": "贵州省公安厅居民身份证制作中心",
    "63": "西二环辅路",
    "64": "贵州省安全技术培训中心",
    "65": "恋家酒店(贵阳高铁北站店)",
    "66": "创新东路"
  }
}