{
  "头堡村": 481,
  "新河大桥": 871,
  "贵黔国际总医院核酸采样点": 614,
  "熙果烧仙草(东风镇店)": 521,
  "乌当区东风棚户区改造项目征收现场办公室": 428,
  "界牌林场": 1191,
  "高新北路": 878,
  "贵阳市第五职业学校": 530,
  "贵阳市乌当区红星小学": 557,
  "豪丽酒楼(乌当火炬店)": 757,
  "公馆路": 642,
  "尚善·御景": 750,
  "贵阳市乌当中学": 500,
  "独霸带皮羊肉粉(水锦花都店)": 743,
  "贵阳市乌当区团委": 604,
  "大坡路": 438,
  "鸭爪爪(云岩万达店)": 654,
  "沙龙拌饭(中天花园叠翠谷店)": 525,
  "中天花园御熙谷": 423,
  "杨柳井隧道": 450,
  "龙里肉饼鸡(御景湾店)": 1556,
  "中环路北段": 705,
  "南垭路": 744,
  "味臻烧烤(天誉城店)": 536,
  "贵州星瑞美传媒广告有限公司": 444,
  "市北立交": 561,
  "黔灵山公园": 444,
  "大关村二组": 959,
  "贵州省公安厅居民身份证制作中心": 998,
  "西二环辅路": 510,
  "贵州省安全技术培训中心": 700,
  "恋家酒店(贵阳高铁北站店)": 1046
}