{
  "干河坝村委会": 1466,
  "倒石山": 817,
  "西点驾校总校报名处": 1031,
  "清镇市汽车维修中心": 1211,
  "四季酒店大堂": 783,
  "老匠人艺术建材有限公司": 695,
  "中共伟宏社区委员会": 715,
  "清镇市朝凤大道碧桂园茶马古镇凤湖苑": 2954,
  "谷歌家具": 847,
  "佳兆业樾伴山": 783,
  "蒿芝村": 655,
  "博雅幼儿园": 659,
  "上枧村": 753,
  "爱登堡电梯基地(西南)": 711,
  "贵州乐思教汽车工贸有限公司": 1398,
  "吉利路": 968,
  "联超生活超市(金清大道店)": 890,
  "贵阳田甜宾馆": 671,
  "贵吉宾馆": 691,
  "金阳客车站(进站口)": 748,
  "艾了教育": 698,
  "豪杰宾馆": 671,
  "观山湖区宾阳街道西南上城映山府": 732,
  "庆华苗圃场": 1072,
  "吴家塘": 1259,
  "诺贝尔国际幼儿园": 843,
  "交通银行(观山湖支行)": 653,
  "牛如世家(贵阳世纪城龙吉苑店)": 1002,
  "观山湖远源医院-体检": 1054,
  "蟹中王大闸蟹(合肥路店)": 765,
  "贵阳市观山湖区第六中学": 690
}