{
  "up": {
    "亿海百鲜烤肉海鲜自助餐厅(万达广场店)": 1,
    "贵阳市观山湖区第六中学": 2,
    "蟹中王大闸蟹(合肥路店)": 3,
    "观山湖远源医院-体检": 4,
    "牛如世家(贵阳世纪城龙吉苑店)": 5,
    "交通银行(观山湖支行)": 6,
    "诺贝尔国际幼儿园": 7,
    "吴家塘": 8,
    "庆华苗圃场": 9,
    "观山湖区宾阳街道西南上城映山府": 10,
    "豪杰宾馆": 11,
    "艾了教育": 12,
    "金阳客车站(进站口)": 13,
    "贵吉宾馆": 14,
    "贵阳田甜宾馆": 15,
    "联超生活超市(金清大道店)": 16,
    "吉利路": 17,
    "贵州乐思教汽车工贸有限公司": 18,
    "爱登堡电梯基地(西南)": 19,
    "上枧村": 20,
    "博雅幼儿园": 21,
    "蒿芝村": 22,
    "佳兆业樾伴山": 23,
    "谷歌家具": 24,
    "清镇市朝凤大道碧桂园茶马古镇凤湖苑": 25,
    "中共伟宏社区委员会": 26,
    "老匠人艺术建材有限公司": 27,
    "四季酒店大堂": 28,
    "清镇市汽车维修中心": 29,
    "西点驾校总校报名处": 30,
    "倒石山": 31,
    "干河坝村委会": 32
  },
  "down": {
    "干河坝村委会": 33,
    "倒石山": 34,
    "西点驾校总校报名处": 35,
    "清镇市汽车维修中心": 36,
    "四季酒店大堂": 37,
    "老匠人艺术建材有限公司": 38,
    "中共伟宏社区委员会": 39,
    "清镇市朝凤大道碧桂园茶马古镇凤湖苑": 40,
    "谷歌家具": 41,
    "佳兆业樾伴山": 42,
    "蒿芝村": 43,
    "博雅幼儿园": 44,
    "上枧村": 45,
    "爱登堡电梯基地(西南)": 46,
    "贵州乐思教汽车工贸有限公司": 47,
    "吉利路": 48,
    "联超生活超市(金清大道店)": 49,
    "贵阳田甜宾馆": 50,
    "贵吉宾馆": 51,
    "金阳客车站(进站口)": 52,
    "艾了教育": 53,
    "豪杰宾馆": 54,
    "观山湖区宾阳街道西南上城映山府": 55,
    "庆华苗圃场": 56,
    "吴家塘": 57,
    "诺贝尔国际幼儿园": 58,
    "交通银行(观山湖支行)": 59,
    "牛如世家(贵阳世纪城龙吉苑店)": 60,
    "观山湖远源医院-体检": 61,
    "蟹中王大闸蟹(合肥路店)": 62,
    "贵阳市观山湖区第六中学": 63,
    "亿海百鲜烤肉海鲜自助餐厅(万达广场店)": 64
  }
}