{
  "up": {
    "1": "亿海百鲜烤肉海鲜自助餐厅(万达广场店)",
    "2": "贵阳市观山湖区第六中学",
    "3": "蟹中王大闸蟹(合肥路店)",
    "4": "观山湖远源医院-体检",
    "5": "牛如世家(贵阳世纪城龙吉苑店)",
    "6": "交通银行(观山湖支行)",
    "7": "诺贝尔国际幼儿园",
    "8": "吴家塘",
    "9": "庆华苗圃场",
    "10": "观山湖区宾阳街道西南上城映山府",
    "11": "豪杰宾馆",
    "12": "艾了教育",
    "13": "金阳客车站(进站口)",
    "14": "贵吉宾馆",
    "15": "贵阳田甜宾馆",
    "16": "联超生活超市(金清大道店)",
    "17": "吉利路",
    "18": "贵州乐思教汽车工贸有限公司",
    "19": "爱登堡电梯基地(西南)",
    "20": "上枧村",
    "21": "博雅幼儿园",
    "22": "蒿芝村",
    "23": "佳兆业樾伴山",
    "24": "谷歌家具",
    "25": "清镇市朝凤大道碧桂园茶马古镇凤湖苑",
    "26": "中共伟宏社区委员会",
    "27": "老匠人艺术建材有限公司",
    "28": "四季酒店大堂",
    "29": "清镇市汽车维修中心",
    "30": "西点驾校总校报名处",
    "31": "倒石山",
    "32": "干河坝村委会"
  },
  "down": {
    "33": "干河坝村委会",
    "34": "倒石山",
    "35": "西点驾校总校报名处",
    "36": "清镇市汽车维修中心",
    "37": "四季酒店大堂",
    "38": "老匠人艺术建材有限公司",
    "39": "中共伟宏社区委员会",
    "40": "清镇市朝凤大道碧桂园茶马古镇凤湖苑",
    "41": "谷歌家具",
    "42": "佳兆业樾伴山",
    "43": "蒿芝村",
    "44": "博雅幼儿园",
    "45": "上枧村",
    "46": "爱登堡电梯基地(西南)",
    "47": "贵州乐思教汽车工贸有限公司",
    "48": "吉利路",
    "49": "联超生活超市(金清大道店)",
    "50": "贵阳田甜宾馆",
    "51": "贵吉宾馆",
    "52": "金阳客车站(进站口)",
    "53": "艾了教育",
    "54": "豪杰宾馆",
    "55": "观山湖区宾阳街道西南上城映山府",
    "56": "庆华苗圃场",
    "57": "吴家塘",
    "58": "诺贝尔国际幼儿园",
    "59": "交通银行(观山湖支行)",
    "60": "牛如世家(贵阳世纪城龙吉苑店)",
    "61": "观山湖远源医院-体检",
    "62": "蟹中王大闸蟹(合肥路店)",
    "63": "贵阳市观山湖区第六中学",
    "64": "亿海百鲜烤肉海鲜自助餐厅(万达广场店)"
  }
}