{
  "亿海百鲜烤肉海鲜自助餐厅(万达广场店)": 447,
  "贵阳市观山湖区第六中学": 522,
  "蟹中王大闸蟹(合肥路店)": 811,
  "观山湖远源医院-体检": 759,
  "牛如世家(贵阳世纪城龙吉苑店)": 410,
  "交通银行(观山湖支行)": 600,
  "诺贝尔国际幼儿园": 1016,
  "吴家塘": 829,
  "庆华苗圃场": 489,
  "观山湖区宾阳街道西南上城映山府": 428,
  "豪杰宾馆": 455,
  "艾了教育": 505,
  "金阳客车站(进站口)": 448,
  "贵吉宾馆": 428,
  "贵阳田甜宾馆": 647,
  "联超生活超市(金清大道店)": 725,
  "吉利路": 1155,
  "贵州乐思教汽车工贸有限公司": 468,
  "爱登堡电梯基地(西南)": 510,
  "上枧村": 416,
  "博雅幼儿园": 412,
  "蒿芝村": 540,
  "佳兆业樾伴山": 604,
  "谷歌家具": 2711,
  "清镇市朝凤大道碧桂园茶马古镇凤湖苑": 472,
  "中共伟宏社区委员会": 452,
  "老匠人艺术建材有限公司": 540,
  "四季酒店大堂": 968,
  "清镇市汽车维修中心": 788,
  "西点驾校总校报名处": 574,
  "倒石山": 1223
}