{
  "up": {
    "贵阳世纪城龙耀苑": 1,
    "北京第二实验小学集团校": 2,
    "印象贵州": 3,
    "唇律·南山重庆老火锅(金阳店)": 4,
    "黔香猪烤肉店": 5,
    "颈肩腰腿理疗体验中心": 6,
    "交通职业培训学校": 7,
    "亨特萃山国际幼儿园": 8,
    "三桥村疫情防控隔离点": 9,
    "贵阳·黔灵山体育公园": 10,
    "黔灵山公园-藏经楼": 11,
    "贵州医科大学附属肿瘤医院发热门诊": 12,
    "布依族筋骨康复理疗店": 13,
    "威清门派出所": 14,
    "麦当劳(汇金星力城店)": 15,
    "市西社区卫生服务中心新冠疫苗接种点": 16,
    "温州风味": 17,
    "刘老四烤鸡(河滨公园店)": 18,
    "贵州省民族博物馆": 19,
    "中国民生银行(贵阳新华路支行)": 20,
    "贵阳市水务管理局": 21,
    "金牌王记牛肉粉(首钢贵州之光6号地块店)": 22,
    "花冠路辅路": 23,
    "齐记小笼包": 24,
    "谷立变": 25,
    "三岔河路": 26,
    "贵阳拓达项目部": 27,
    "贵阳新月出租汽车有限公司": 28,
    "凤凰山(北门)": 29,
    "凤凰山宁园": 30,
    "棋苑街": 31,
    "西南环路": 32,
    "瑞博顺达汽车维修厂修理厂": 33
  },
  "down": {
    "瑞博顺达汽车维修厂修理厂": 34,
    "西南环路": 35,
    "棋苑街": 36,
    "凤凰山宁园": 37,
    "凤凰山(北门)": 38,
    "贵阳新月出租汽车有限公司": 39,
    "贵阳拓达项目部": 40,
    "三岔河路": 41,
    "谷立变": 42,
    "齐记小笼包": 43,
    "花冠路辅路": 44,
    "金牌王记牛肉粉(首钢贵州之光6号地块店)": 45,
    "贵阳市水务管理局": 46,
    "中国民生银行(贵阳新华路支行)": 47,
    "贵州省民族博物馆": 48,
    "刘老四烤鸡(河滨公园店)": 49,
    "温州风味": 50,
    "市西社区卫生服务中心新冠疫苗接种点": 51,
    "麦当劳(汇金星力城店)": 52,
    "威清门派出所": 53,
    "布依族筋骨康复理疗店": 54,
    "贵州医科大学附属肿瘤医院发热门诊": 55,
    "黔灵山公园-藏经楼": 56,
    "贵阳·黔灵山体育公园": 57,
    "三桥村疫情防控隔离点": 58,
    "亨特萃山国际幼儿园": 59,
    "交通职业培训学校": 60,
    "颈肩腰腿理疗体验中心": 61,
    "黔香猪烤肉店": 62,
    "唇律·南山重庆老火锅(金阳店)": 63,
    "印象贵州": 64,
    "北京第二实验小学集团校": 65,
    "贵阳世纪城龙耀苑": 66
  }
}