{
  "up": {
    "1": "贵阳世纪城龙耀苑",
    "2": "北京第二实验小学集团校",
    "3": "印象贵州",
    "4": "唇律·南山重庆老火锅(金阳店)",
    "5": "黔香猪烤肉店",
    "6": "颈肩腰腿理疗体验中心",
    "7": "交通职业培训学校",
    "8": "亨特萃山国际幼儿园",
    "9": "三桥村疫情防控隔离点",
    "10": "贵阳·黔灵山体育公园",
    "11": "黔灵山公园-藏经楼",
    "12": "贵州医科大学附属肿瘤医院发热门诊",
    "13": "布依族筋骨康复理疗店",
    "14": "威清门派出所",
    "15": "麦当劳(汇金星力城店)",
    "16": "市西社区卫生服务中心新冠疫苗接种点",
    "17": "温州风味",
    "18": "刘老四烤鸡(河滨公园店)",
    "19": "贵州省民族博物馆",
    "20": "中国民生银行(贵阳新华路支行)",
    "21": "贵阳市水务管理局",
    "22": "金牌王记牛肉粉(首钢贵州之光6号地块店)",
    "23": "花冠路辅路",
    "24": "齐记小笼包",
    "25": "谷立变",
    "26": "三岔河路",
    "27": "贵阳拓达项目部",
    "28": "贵阳新月出租汽车有限公司",
    "29": "凤凰山(北门)",
    "30": "凤凰山宁园",
    "31": "棋苑街",
    "32": "西南环路",
    "33": "瑞博顺达汽车维修厂修理厂"
  },
  "down": {
    "34": "瑞博顺达汽车维修厂修理厂",
    "35": "西南环路",
    "36": "棋苑街",
    "37": "凤凰山宁园",
    "38": "凤凰山(北门)",
    "39": "贵阳新月出租汽车有限公司",
    "40": "贵阳拓达项目部",
    "41": "三岔河路",
    "42": "谷立变",
    "43": "齐记小笼包",
    "44": "花冠路辅路",
    "45": "金牌王记牛肉粉(首钢贵州之光6号地块店)",
    "46": "贵阳市水务管理局",
    "47": "中国民生银行(贵阳新华路支行)",
    "48": "贵州省民族博物馆",
    "49": "刘老四烤鸡(河滨公园店)",
    "50": "温州风味",
    "51": "市西社区卫生服务中心新冠疫苗接种点",
    "52": "麦当劳(汇金星力城店)",
    "53": "威清门派出所",
    "54": "布依族筋骨康复理疗店",
    "55": "贵州医科大学附属肿瘤医院发热门诊",
    "56": "黔灵山公园-藏经楼",
    "57": "贵阳·黔灵山体育公园",
    "58": "三桥村疫情防控隔离点",
    "59": "亨特萃山国际幼儿园",
    "60": "交通职业培训学校",
    "61": "颈肩腰腿理疗体验中心",
    "62": "黔香猪烤肉店",
    "63": "唇律·南山重庆老火锅(金阳店)",
    "64": "印象贵州",
    "65": "北京第二实验小学集团校",
    "66": "贵阳世纪城龙耀苑"
  }
}