{
  "贵阳世纪城龙耀苑": 406,
  "北京第二实验小学集团校": 439,
  "印象贵州": 508,
  "唇律·南山重庆老火锅(金阳店)": 607,
  "黔香猪烤肉店": 657,
  "颈肩腰腿理疗体验中心": 800,
  "交通职业培训学校": 405,
  "亨特萃山国际幼儿园": 604,
  "三桥村疫情防控隔离点": 815,
  "贵阳·黔灵山体育公园": 624,
  "黔灵山公园-藏经楼": 413,
  "贵州医科大学附属肿瘤医院发热门诊": 592,
  "布依族筋骨康复理疗店": 450,
  "威清门派出所": 426,
  "麦当劳(汇金星力城店)": 448,
  "市西社区卫生服务中心新冠疫苗接种点": 705,
  "温州风味": 427,
  "刘老四烤鸡(河滨公园店)": 434,
  "贵州省民族博物馆": 444,
  "中国民生银行(贵阳新华路支行)": 505,
  "贵阳市水务管理局": 1347,
  "金牌王记牛肉粉(首钢贵州之光6号地块店)": 441,
  "花冠路辅路": 475,
  "齐记小笼包": 2126,
  "谷立变": 426,
  "三岔河路": 412,
  "贵阳拓达项目部": 467,
  "贵阳新月出租汽车有限公司": 508,
  "凤凰山(北门)": 401,
  "凤凰山宁园": 629,
  "棋苑街": 512,
  "西南环路": 443
}