{
  "瑞博顺达汽车维修厂修理厂": 599,
  "西南环路": 668,
  "棋苑街": 785,
  "凤凰山宁园": 557,
  "凤凰山(北门)": 664,
  "贵阳新月出租汽车有限公司": 623,
  "贵阳拓达项目部": 568,
  "三岔河路": 582,
  "谷立变": 2282,
  "齐记小笼包": 631,
  "花冠路辅路": 597,
  "金牌王记牛肉粉(首钢贵州之光6号地块店)": 1503,
  "贵阳市水务管理局": 661,
  "中国民生银行(贵阳新华路支行)": 600,
  "贵州省民族博物馆": 590,
  "刘老四烤鸡(河滨公园店)": 583,
  "温州风味": 861,
  "市西社区卫生服务中心新冠疫苗接种点": 604,
  "麦当劳(汇金星力城店)": 582,
  "威清门派出所": 606,
  "布依族筋骨康复理疗店": 748,
  "贵州医科大学附属肿瘤医院发热门诊": 569,
  "黔灵山公园-藏经楼": 780,
  "贵阳·黔灵山体育公园": 971,
  "三桥村疫情防控隔离点": 760,
  "亨特萃山国际幼儿园": 561,
  "交通职业培训学校": 956,
  "颈肩腰腿理疗体验中心": 813,
  "黔香猪烤肉店": 763,
  "唇律·南山重庆老火锅(金阳店)": 664,
  "印象贵州": 595,
  "北京第二实验小学集团校": 562
}