{
  "金鸭村委会": 762,
  "马王街": 420,
  "新街": 529,
  "康骨堂(三桥店)": 403,
  "美的·云熙府": 1433,
  "花果园T2区": 508,
  "下寨路": 488,
  "泽味园": 620,
  "太阳影视基地": 553,
  "苗圃一号隧道": 771,
  "兰草坝": 2119,
  "南明区中坝卫生服务中心": 1478,
  "贵州省农科院研究生公寓": 416,
  "甲秀黔程茶博园山庄": 436,
  "家居广场": 1407,
  "贵阳市花溪区三合学校": 2227,
  "武松醉鹅(合朋店)": 971,
  "羊龙村": 756,
  "贵州万家灯火电器科技有限公司": 966,
  "中国农业银行(石板分理处)": 408,
  "永发电子秤": 1248,
  "石板镇人民代表大会": 830,
  "其深门窗系统有限公司": 592,
  "贵州石联共鑫钢化玻璃": 592,
  "天河潭立交": 549,
  "大宅门酸汤鱼酒楼(天河潭景区店)": 1589,
  "贵州盛润再生资源回收有限公司": 946,
  "贵州贵阳老摩机车": 2787,
  "道博教育": 1515
}