{
  "天马山": 1650,
  "道博教育": 2922,
  "贵州贵阳老摩机车": 1081,
  "贵州盛润再生资源回收有限公司": 1724,
  "大宅门酸汤鱼酒楼(天河潭景区店)": 684,
  "天河潭立交": 727,
  "贵州石联共鑫钢化玻璃": 727,
  "其深门窗系统有限公司": 965,
  "石板镇人民代表大会": 1383,
  "永发电子秤": 543,
  "中国农业银行(石板分理处)": 1101,
  "贵州万家灯火电器科技有限公司": 891,
  "羊龙村": 1106,
  "武松醉鹅(合朋店)": 2362,
  "贵阳市花溪区三合学校": 1542,
  "家居广场": 571,
  "甲秀黔程茶博园山庄": 551,
  "贵州省农科院研究生公寓": 1613,
  "南明区中坝卫生服务中心": 2254,
  "兰草坝": 906,
  "苗圃一号隧道": 688,
  "太阳影视基地": 755,
  "泽味园": 623,
  "下寨路": 643,
  "花果园T2区": 1568,
  "美的·云熙府": 538,
  "康骨堂(三桥店)": 664,
  "新街": 555,
  "马王街": 897
}