{
  "up": {
    "金鸭村委会": 1,
    "马王街": 2,
    "新街": 3,
    "康骨堂(三桥店)": 4,
    "美的·云熙府": 5,
    "花果园T2区": 6,
    "下寨路": 7,
    "泽味园": 8,
    "太阳影视基地": 9,
    "苗圃一号隧道": 10,
    "兰草坝": 11,
    "南明区中坝卫生服务中心": 12,
    "贵州省农科院研究生公寓": 13,
    "甲秀黔程茶博园山庄": 14,
    "家居广场": 15,
    "贵阳市花溪区三合学校": 16,
    "武松醉鹅(合朋店)": 17,
    "羊龙村": 18,
    "贵州万家灯火电器科技有限公司": 19,
    "中国农业银行(石板分理处)": 20,
    "永发电子秤": 21,
    "石板镇人民代表大会": 22,
    "其深门窗系统有限公司": 23,
    "贵州石联共鑫钢化玻璃": 24,
    "天河潭立交": 25,
    "大宅门酸汤鱼酒楼(天河潭景区店)": 26,
    "贵州盛润再生资源回收有限公司": 27,
    "贵州贵阳老摩机车": 28,
    "道博教育": 29,
    "天马山": 30
  },
  "down": {
    "天马山": 31,
    "道博教育": 32,
    "贵州贵阳老摩机车": 33,
    "贵州盛润再生资源回收有限公司": 34,
    "大宅门酸汤鱼酒楼(天河潭景区店)": 35,
    "天河潭立交": 36,
    "贵州石联共鑫钢化玻璃": 37,
    "其深门窗系统有限公司": 38,
    "石板镇人民代表大会": 39,
    "永发电子秤": 40,
    "中国农业银行(石板分理处)": 41,
    "贵州万家灯火电器科技有限公司": 42,
    "羊龙村": 43,
    "武松醉鹅(合朋店)": 44,
    "贵阳市花溪区三合学校": 45,
    "家居广场": 46,
    "甲秀黔程茶博园山庄": 47,
    "贵州省农科院研究生公寓": 48,
    "南明区中坝卫生服务中心": 49,
    "兰草坝": 50,
    "苗圃一号隧道": 51,
    "太阳影视基地": 52,
    "泽味园": 53,
    "下寨路": 54,
    "花果园T2区": 55,
    "美的·云熙府": 56,
    "康骨堂(三桥店)": 57,
    "新街": 58,
    "马王街": 59,
    "金鸭村委会": 60
  }
}