{
  "up": {
    "1": "金鸭村委会",
    "2": "马王街",
    "3": "新街",
    "4": "康骨堂(三桥店)",
    "5": "美的·云熙府",
    "6": "花果园T2区",
    "7": "下寨路",
    "8": "泽味园",
    "9": "太阳影视基地",
    "10": "苗圃一号隧道",
    "11": "兰草坝",
    "12": "南明区中坝卫生服务中心",
    "13": "贵州省农科院研究生公寓",
    "14": "甲秀黔程茶博园山庄",
    "15": "家居广场",
    "16": "贵阳市花溪区三合学校",
    "17": "武松醉鹅(合朋店)",
    "18": "羊龙村",
    "19": "贵州万家灯火电器科技有限公司",
    "20": "中国农业银行(石板分理处)",
    "21": "永发电子秤",
    "22": "石板镇人民代表大会",
    "23": "其深门窗系统有限公司",
    "24": "贵州石联共鑫钢化玻璃",
    "25": "天河潭立交",
    "26": "大宅门酸汤鱼酒楼(天河潭景区店)",
    "27": "贵州盛润再生资源回收有限公司",
    "28": "贵州贵阳老摩机车",
    "29": "道博教育",
    "30": "天马山"
  },
  "down": {
    "31": "天马山",
    "32": "道博教育",
    "33": "贵州贵阳老摩机车",
    "34": "贵州盛润再生资源回收有限公司",
    "35": "大宅门酸汤鱼酒楼(天河潭景区店)",
    "36": "天河潭立交",
    "37": "贵州石联共鑫钢化玻璃",
    "38": "其深门窗系统有限公司",
    "39": "石板镇人民代表大会",
    "40": "永发电子秤",
    "41": "中国农业银行(石板分理处)",
    "42": "贵州万家灯火电器科技有限公司",
    "43": "羊龙村",
    "44": "武松醉鹅(合朋店)",
    "45": "贵阳市花溪区三合学校",
    "46": "家居广场",
    "47": "甲秀黔程茶博园山庄",
    "48": "贵州省农科院研究生公寓",
    "49": "南明区中坝卫生服务中心",
    "50": "兰草坝",
    "51": "苗圃一号隧道",
    "52": "太阳影视基地",
    "53": "泽味园",
    "54": "下寨路",
    "55": "花果园T2区",
    "56": "美的·云熙府",
    "57": "康骨堂(三桥店)",
    "58": "新街",
    "59": "马王街",
    "60": "金鸭村委会"
  }
}