{
  "中共隆昌村支部委员会": 2639,
  "中国邮政储蓄银行24小时自助银行(花石路支行)": 490,
  "超众电子秤厂家直销": 492,
  "正宗沙县小吃": 2376,
  "逸兴员工之家": 688,
  "001县道": 596,
  "金勺路": 3707,
  "G60沪昆高速": 522,
  "长冲": 2113,
  "白鲁坡": 656,
  "012乡道": 1733,
  "凯迪幼儿园": 1326,
  "大坡脚(公交站)": 1045,
  "贵阳观山湖湘黔商务酒店": 445,
  "金华镇综合行政执法大队": 415,
  "中国农业银行(金华分理处)": 378,
  "筋骨养护调理亚健康": 627,
  "贵阳择谊商务宾馆": 405,
  "金阳客车站(出站口)": 376,
  "爽心粉面馆": 416,
  "iu酒店(贵阳西南商贸城金阳客运站店)": 473,
  "碧桂园·观山府": 423,
  "龙昌坝": 396,
  "北京西路辅路": 457,
  "精神康复医院": 797,
  "中共贵州广播电视大学委员会(云潭南路)": 984,
  "杨氏大竹签烤肉": 568,
  "金阳南路地铁站C口": 378,
  "壹号炒王(福州街店)": 727,
  "笃大教育": 396,
  "叫了只炸鸡官方店": 382,
  "贵阳世纪城龙城庄园": 396,
  "昂立国际教育(观山湖世纪城校区)": 688
}