{
  "观山湖区文丰三幼": 720,
  "昂立国际教育(观山湖世纪城校区)": 428,
  "贵阳世纪城龙城庄园": 414,
  "叫了只炸鸡官方店": 428,
  "笃大教育": 759,
  "壹号炒王(福州街店)": 410,
  "金阳南路地铁站C口": 600,
  "杨氏大竹签烤肉": 1016,
  "中共贵州广播电视大学委员会(云潭南路)": 829,
  "精神康复医院": 489,
  "北京西路辅路": 428,
  "龙昌坝": 455,
  "碧桂园·观山府": 505,
  "iu酒店(贵阳西南商贸城金阳客运站店)": 448,
  "爽心粉面馆": 408,
  "金阳客车站(出站口)": 437,
  "贵阳择谊商务宾馆": 659,
  "筋骨养护调理亚健康": 410,
  "中国农业银行(金华分理处)": 447,
  "金华镇综合行政执法大队": 477,
  "贵阳观山湖湘黔商务酒店": 1077,
  "大坡脚(公交站)": 1358,
  "凯迪幼儿园": 1765,
  "012乡道": 688,
  "白鲁坡": 2145,
  "长冲": 554,
  "G60沪昆高速": 3739,
  "金勺路": 628,
  "001县道": 720,
  "逸兴员工之家": 2408,
  "正宗沙县小吃": 524,
  "超众电子秤厂家直销": 522,
  "中国邮政储蓄银行24小时自助银行(花石路支行)": 2671
}