{
  "up": {
    "观山湖区文丰三幼": 1,
    "昂立国际教育(观山湖世纪城校区)": 2,
    "贵阳世纪城龙城庄园": 3,
    "叫了只炸鸡官方店": 4,
    "笃大教育": 5,
    "壹号炒王(福州街店)": 6,
    "金阳南路地铁站C口": 7,
    "杨氏大竹签烤肉": 8,
    "中共贵州广播电视大学委员会(云潭南路)": 9,
    "精神康复医院": 10,
    "北京西路辅路": 11,
    "龙昌坝": 12,
    "碧桂园·观山府": 13,
    "iu酒店(贵阳西南商贸城金阳客运站店)": 14,
    "爽心粉面馆": 15,
    "金阳客车站(出站口)": 16,
    "贵阳择谊商务宾馆": 17,
    "筋骨养护调理亚健康": 18,
    "中国农业银行(金华分理处)": 19,
    "金华镇综合行政执法大队": 20,
    "贵阳观山湖湘黔商务酒店": 21,
    "大坡脚(公交站)": 22,
    "凯迪幼儿园": 23,
    "012乡道": 24,
    "白鲁坡": 25,
    "长冲": 26,
    "G60沪昆高速": 27,
    "金勺路": 28,
    "001县道": 29,
    "逸兴员工之家": 30,
    "正宗沙县小吃": 31,
    "超众电子秤厂家直销": 32,
    "中国邮政储蓄银行24小时自助银行(花石路支行)": 33,
    "中共隆昌村支部委员会": 34
  },
  "down": {
    "中共隆昌村支部委员会": 35,
    "中国邮政储蓄银行24小时自助银行(花石路支行)": 36,
    "超众电子秤厂家直销": 37,
    "正宗沙县小吃": 38,
    "逸兴员工之家": 39,
    "001县道": 40,
    "金勺路": 41,
    "G60沪昆高速": 42,
    "长冲": 43,
    "白鲁坡": 44,
    "012乡道": 45,
    "凯迪幼儿园": 46,
    "大坡脚(公交站)": 47,
    "贵阳观山湖湘黔商务酒店": 48,
    "金华镇综合行政执法大队": 49,
    "中国农业银行(金华分理处)": 50,
    "筋骨养护调理亚健康": 51,
    "贵阳择谊商务宾馆": 52,
    "金阳客车站(出站口)": 53,
    "爽心粉面馆": 54,
    "iu酒店(贵阳西南商贸城金阳客运站店)": 55,
    "碧桂园·观山府": 56,
    "龙昌坝": 57,
    "北京西路辅路": 58,
    "精神康复医院": 59,
    "中共贵州广播电视大学委员会(云潭南路)": 60,
    "杨氏大竹签烤肉": 61,
    "金阳南路地铁站C口": 62,
    "壹号炒王(福州街店)": 63,
    "笃大教育": 64,
    "叫了只炸鸡官方店": 65,
    "贵阳世纪城龙城庄园": 66,
    "昂立国际教育(观山湖世纪城校区)": 67,
    "观山湖区文丰三幼": 68
  }
}