{
  "up": {
    "1": "观山湖区文丰三幼",
    "2": "昂立国际教育(观山湖世纪城校区)",
    "3": "贵阳世纪城龙城庄园",
    "4": "叫了只炸鸡官方店",
    "5": "笃大教育",
    "6": "壹号炒王(福州街店)",
    "7": "金阳南路地铁站C口",
    "8": "杨氏大竹签烤肉",
    "9": "中共贵州广播电视大学委员会(云潭南路)",
    "10": "精神康复医院",
    "11": "北京西路辅路",
    "12": "龙昌坝",
    "13": "碧桂园·观山府",
    "14": "iu酒店(贵阳西南商贸城金阳客运站店)",
    "15": "爽心粉面馆",
    "16": "金阳客车站(出站口)",
    "17": "贵阳择谊商务宾馆",
    "18": "筋骨养护调理亚健康",
    "19": "中国农业银行(金华分理处)",
    "20": "金华镇综合行政执法大队",
    "21": "贵阳观山湖湘黔商务酒店",
    "22": "大坡脚(公交站)",
    "23": "凯迪幼儿园",
    "24": "012乡道",
    "25": "白鲁坡",
    "26": "长冲",
    "27": "G60沪昆高速",
    "28": "金勺路",
    "29": "001县道",
    "30": "逸兴员工之家",
    "31": "正宗沙县小吃",
    "32": "超众电子秤厂家直销",
    "33": "中国邮政储蓄银行24小时自助银行(花石路支行)",
    "34": "中共隆昌村支部委员会"
  },
  "down": {
    "35": "中共隆昌村支部委员会",
    "36": "中国邮政储蓄银行24小时自助银行(花石路支行)",
    "37": "超众电子秤厂家直销",
    "38": "正宗沙县小吃",
    "39": "逸兴员工之家",
    "40": "001县道",
    "41": "金勺路",
    "42": "G60沪昆高速",
    "43": "长冲",
    "44": "白鲁坡",
    "45": "012乡道",
    "46": "凯迪幼儿园",
    "47": "大坡脚(公交站)",
    "48": "贵阳观山湖湘黔商务酒店",
    "49": "金华镇综合行政执法大队",
    "50": "中国农业银行(金华分理处)",
    "51": "筋骨养护调理亚健康",
    "52": "贵阳择谊商务宾馆",
    "53": "金阳客车站(出站口)",
    "54": "爽心粉面馆",
    "55": "iu酒店(贵阳西南商贸城金阳客运站店)",
    "56": "碧桂园·观山府",
    "57": "龙昌坝",
    "58": "北京西路辅路",
    "59": "精神康复医院",
    "60": "中共贵州广播电视大学委员会(云潭南路)",
    "61": "杨氏大竹签烤肉",
    "62": "金阳南路地铁站C口",
    "63": "壹号炒王(福州街店)",
    "64": "笃大教育",
    "65": "叫了只炸鸡官方店",
    "66": "贵阳世纪城龙城庄园",
    "67": "昂立国际教育(观山湖世纪城校区)",
    "68": "观山湖区文丰三幼"
  }
}