{
  "寻梦谷山庄": 4565,
  "洋坝": 4577,
  "曼濮越风味山庄": 422,
  "黔味庄(天誉城店)": 836,
  "黔灵山路": 1413,
  "全羊山庄": 549,
  "观山东路": 718,
  "万丰鲫鱼": 430,
  "观山湖区疾病预防控制中心": 493,
  "苏油集团苏油石化贵州长运加油站": 460,
  "麒麟安心班": 470,
  "医世家": 886,
  "苗老头非常牛(金融城店)": 631,
  "云上·漫居酒店(贵阳会展中心店)": 419,
  "惠水干锅马肉": 415,
  "贵州创吧传媒有限公司": 431,
  "海翔警务室": 967,
  "老凯里牛滚烫(云城尚品店)": 1131,
  "新型社区": 411,
  "君濠酒店": 930,
  "艾之泉艾灸养生馆": 529,
  "白云区安尔亲托管中心": 1050,
  "贵阳九洲烟草成套设备有限公司": 481,
  "白云北路": 422,
  "河边边山庄": 827,
  "贵州师范大学求是学院机电工程学院-实验实训大楼": 983,
  "麦架镇麦架村黄家坡寨冶安岗亭": 413,
  "新村": 828,
  "青岗林": 1214,
  "小桥村": 1769,
  "白龙路": 1319,
  "贵州宏途航远能源有限公司": 638,
  "212国道": 974
}