{
  "up": {
    "寻梦谷山庄": 1,
    "洋坝": 2,
    "曼濮越风味山庄": 3,
    "黔味庄(天誉城店)": 4,
    "黔灵山路": 5,
    "全羊山庄": 6,
    "观山东路": 7,
    "万丰鲫鱼": 8,
    "观山湖区疾病预防控制中心": 9,
    "苏油集团苏油石化贵州长运加油站": 10,
    "麒麟安心班": 11,
    "医世家": 12,
    "苗老头非常牛(金融城店)": 13,
    "云上·漫居酒店(贵阳会展中心店)": 14,
    "惠水干锅马肉": 15,
    "贵州创吧传媒有限公司": 16,
    "海翔警务室": 17,
    "老凯里牛滚烫(云城尚品店)": 18,
    "新型社区": 19,
    "君濠酒店": 20,
    "艾之泉艾灸养生馆": 21,
    "白云区安尔亲托管中心": 22,
    "贵阳九洲烟草成套设备有限公司": 23,
    "白云北路": 24,
    "河边边山庄": 25,
    "贵州师范大学求是学院机电工程学院-实验实训大楼": 26,
    "麦架镇麦架村黄家坡寨冶安岗亭": 27,
    "新村": 28,
    "青岗林": 29,
    "小桥村": 30,
    "白龙路": 31,
    "贵州宏途航远能源有限公司": 32,
    "212国道": 33,
    "茶田村": 34
  },
  "down": {
    "茶田村": 35,
    "212国道": 36,
    "贵州宏途航远能源有限公司": 37,
    "白龙路": 38,
    "小桥村": 39,
    "青岗林": 40,
    "新村": 41,
    "麦架镇麦架村黄家坡寨冶安岗亭": 42,
    "贵州师范大学求是学院机电工程学院-实验实训大楼": 43,
    "河边边山庄": 44,
    "白云北路": 45,
    "贵阳九洲烟草成套设备有限公司": 46,
    "白云区安尔亲托管中心": 47,
    "艾之泉艾灸养生馆": 48,
    "君濠酒店": 49,
    "新型社区": 50,
    "老凯里牛滚烫(云城尚品店)": 51,
    "海翔警务室": 52,
    "贵州创吧传媒有限公司": 53,
    "惠水干锅马肉": 54,
    "云上·漫居酒店(贵阳会展中心店)": 55,
    "苗老头非常牛(金融城店)": 56,
    "医世家": 57,
    "麒麟安心班": 58,
    "苏油集团苏油石化贵州长运加油站": 59,
    "观山湖区疾病预防控制中心": 60,
    "万丰鲫鱼": 61,
    "观山东路": 62,
    "全羊山庄": 63,
    "黔灵山路": 64,
    "黔味庄(天誉城店)": 65,
    "曼濮越风味山庄": 66,
    "洋坝": 67,
    "寻梦谷山庄": 68
  }
}