{
  "茶田村": 967,
  "212国道": 631,
  "贵州宏途航远能源有限公司": 1312,
  "白龙路": 1762,
  "小桥村": 1207,
  "青岗林": 821,
  "新村": 406,
  "麦架镇麦架村黄家坡寨冶安岗亭": 976,
  "贵州师范大学求是学院机电工程学院-实验实训大楼": 820,
  "河边边山庄": 415,
  "白云北路": 474,
  "贵阳九洲烟草成套设备有限公司": 1043,
  "白云区安尔亲托管中心": 522,
  "艾之泉艾灸养生馆": 923,
  "君濠酒店": 404,
  "新型社区": 1124,
  "老凯里牛滚烫(云城尚品店)": 960,
  "海翔警务室": 424,
  "贵州创吧传媒有限公司": 408,
  "惠水干锅马肉": 412,
  "云上·漫居酒店(贵阳会展中心店)": 624,
  "苗老头非常牛(金融城店)": 879,
  "医世家": 463,
  "麒麟安心班": 453,
  "苏油集团苏油石化贵州长运加油站": 486,
  "观山湖区疾病预防控制中心": 423,
  "万丰鲫鱼": 711,
  "观山东路": 542,
  "全羊山庄": 1406,
  "黔灵山路": 829,
  "黔味庄(天誉城店)": 415,
  "曼濮越风味山庄": 4570,
  "洋坝": 4558
}