{
  "up": {
    "1": "寻梦谷山庄",
    "2": "洋坝",
    "3": "曼濮越风味山庄",
    "4": "黔味庄(天誉城店)",
    "5": "黔灵山路",
    "6": "全羊山庄",
    "7": "观山东路",
    "8": "万丰鲫鱼",
    "9": "观山湖区疾病预防控制中心",
    "10": "苏油集团苏油石化贵州长运加油站",
    "11": "麒麟安心班",
    "12": "医世家",
    "13": "苗老头非常牛(金融城店)",
    "14": "云上·漫居酒店(贵阳会展中心店)",
    "15": "惠水干锅马肉",
    "16": "贵州创吧传媒有限公司",
    "17": "海翔警务室",
    "18": "老凯里牛滚烫(云城尚品店)",
    "19": "新型社区",
    "20": "君濠酒店",
    "21": "艾之泉艾灸养生馆",
    "22": "白云区安尔亲托管中心",
    "23": "贵阳九洲烟草成套设备有限公司",
    "24": "白云北路",
    "25": "河边边山庄",
    "26": "贵州师范大学求是学院机电工程学院-实验实训大楼",
    "27": "麦架镇麦架村黄家坡寨冶安岗亭",
    "28": "新村",
    "29": "青岗林",
    "30": "小桥村",
    "31": "白龙路",
    "32": "贵州宏途航远能源有限公司",
    "33": "212国道",
    "34": "茶田村"
  },
  "down": {
    "35": "茶田村",
    "36": "212国道",
    "37": "贵州宏途航远能源有限公司",
    "38": "白龙路",
    "39": "小桥村",
    "40": "青岗林",
    "41": "新村",
    "42": "麦架镇麦架村黄家坡寨冶安岗亭",
    "43": "贵州师范大学求是学院机电工程学院-实验实训大楼",
    "44": "河边边山庄",
    "45": "白云北路",
    "46": "贵阳九洲烟草成套设备有限公司",
    "47": "白云区安尔亲托管中心",
    "48": "艾之泉艾灸养生馆",
    "49": "君濠酒店",
    "50": "新型社区",
    "51": "老凯里牛滚烫(云城尚品店)",
    "52": "海翔警务室",
    "53": "贵州创吧传媒有限公司",
    "54": "惠水干锅马肉",
    "55": "云上·漫居酒店(贵阳会展中心店)",
    "56": "苗老头非常牛(金融城店)",
    "57": "医世家",
    "58": "麒麟安心班",
    "59": "苏油集团苏油石化贵州长运加油站",
    "60": "观山湖区疾病预防控制中心",
    "61": "万丰鲫鱼",
    "62": "观山东路",
    "63": "全羊山庄",
    "64": "黔灵山路",
    "65": "黔味庄(天誉城店)",
    "66": "曼濮越风味山庄",
    "67": "洋坝",
    "68": "寻梦谷山庄"
  }
}