{
  "up": {
    "1": "金惠圆酸汤鱼家常菜(龙宇苑西区店)",
    "2": "邹记老麻抄手(世纪城店)",
    "3": "锦绣公园",
    "4": "跃莱健康管理中心",
    "5": "合肥路",
    "6": "贵阳市观山湖区第六中学",
    "7": "光明桂花园",
    "8": "绝味鸭脖(广信小区店)",
    "9": "龙源宾馆",
    "10": "黔城美景",
    "11": "龙福花园",
    "12": "百花大道",
    "13": "满足里修脚(U区店)",
    "14": "贵阳睿缘旅社",
    "15": "星星宾馆",
    "16": "乐童小天才幼儿园",
    "17": "贵阳阿哈湖国家湿地公园",
    "18": "侗族人的鼓楼",
    "19": "竹林村",
    "20": "盘山路",
    "21": "油料研究所",
    "22": "川竹私厨·蜀南人家酒楼(农科院店)",
    "23": "沁源居",
    "24": "花溪区石板镇羊龙小学",
    "25": "金石亿隆装饰建材城K1栋",
    "26": "贵州三合正达汽车销售服务有限公司",
    "27": "高升塘",
    "28": "时代精品酒店(贵阳天河潭店)",
    "29": "贵阳市花溪区石板卫生院",
    "30": "小伍自采草莓园",
    "31": "龙治",
    "32": "甘水井"
  },
  "down": {
    "33": "甘水井",
    "34": "龙治",
    "35": "小伍自采草莓园",
    "36": "贵阳市花溪区石板卫生院",
    "37": "时代精品酒店(贵阳天河潭店)",
    "38": "高升塘",
    "39": "贵州三合正达汽车销售服务有限公司",
    "40": "金石亿隆装饰建材城K1栋",
    "41": "花溪区石板镇羊龙小学",
    "42": "沁源居",
    "43": "川竹私厨·蜀南人家酒楼(农科院店)",
    "44": "油料研究所",
    "45": "盘山路",
    "46": "竹林村",
    "47": "侗族人的鼓楼",
    "48": "贵阳阿哈湖国家湿地公园",
    "49": "乐童小天才幼儿园",
    "50": "星星宾馆",
    "51": "贵阳睿缘旅社",
    "52": "满足里修脚(U区店)",
    "53": "百花大道",
    "54": "龙福花园",
    "55": "黔城美景",
    "56": "龙源宾馆",
    "57": "绝味鸭脖(广信小区店)",
    "58": "光明桂花园",
    "59": "贵阳市观山湖区第六中学",
    "60": "合肥路",
    "61": "跃莱健康管理中心",
    "62": "锦绣公园",
    "63": "邹记老麻抄手(世纪城店)",
    "64": "金惠圆酸汤鱼家常菜(龙宇苑西区店)"
  }
}