{
  "甘水井": 605,
  "龙治": 412,
  "小伍自采草莓园": 204,
  "贵阳市花溪区石板卫生院": 971,
  "时代精品酒店(贵阳天河潭店)": 131,
  "高升塘": 689,
  "贵州三合正达汽车销售服务有限公司": 479,
  "金石亿隆装饰建材城K1栋": 694,
  "花溪区石板镇羊龙小学": 1950,
  "沁源居": 1130,
  "川竹私厨·蜀南人家酒楼(农科院店)": 159,
  "油料研究所": 139,
  "盘山路": 1201,
  "竹林村": 1842,
  "侗族人的鼓楼": 494,
  "贵阳阿哈湖国家湿地公园": 276,
  "乐童小天才幼儿园": 343,
  "星星宾馆": 211,
  "贵阳睿缘旅社": 231,
  "满足里修脚(U区店)": 1383,
  "百花大道": 212,
  "龙福花园": 130,
  "黔城美景": 124,
  "龙源宾馆": 336,
  "绝味鸭脖(广信小区店)": 380,
  "光明桂花园": 327,
  "贵阳市观山湖区第六中学": 158,
  "合肥路": 137,
  "跃莱健康管理中心": 137,
  "锦绣公园": 151,
  "邹记老麻抄手(世纪城店)": 298
}