{
  "up": {
    "金惠圆酸汤鱼家常菜(龙宇苑西区店)": 1,
    "邹记老麻抄手(世纪城店)": 2,
    "锦绣公园": 3,
    "跃莱健康管理中心": 4,
    "合肥路": 5,
    "贵阳市观山湖区第六中学": 6,
    "光明桂花园": 7,
    "绝味鸭脖(广信小区店)": 8,
    "龙源宾馆": 9,
    "黔城美景": 10,
    "龙福花园": 11,
    "百花大道": 12,
    "满足里修脚(U区店)": 13,
    "贵阳睿缘旅社": 14,
    "星星宾馆": 15,
    "乐童小天才幼儿园": 16,
    "贵阳阿哈湖国家湿地公园": 17,
    "侗族人的鼓楼": 18,
    "竹林村": 19,
    "盘山路": 20,
    "油料研究所": 21,
    "川竹私厨·蜀南人家酒楼(农科院店)": 22,
    "沁源居": 23,
    "花溪区石板镇羊龙小学": 24,
    "金石亿隆装饰建材城K1栋": 25,
    "贵州三合正达汽车销售服务有限公司": 26,
    "高升塘": 27,
    "时代精品酒店(贵阳天河潭店)": 28,
    "贵阳市花溪区石板卫生院": 29,
    "小伍自采草莓园": 30,
    "龙治": 31,
    "甘水井": 32
  },
  "down": {
    "甘水井": 33,
    "龙治": 34,
    "小伍自采草莓园": 35,
    "贵阳市花溪区石板卫生院": 36,
    "时代精品酒店(贵阳天河潭店)": 37,
    "高升塘": 38,
    "贵州三合正达汽车销售服务有限公司": 39,
    "金石亿隆装饰建材城K1栋": 40,
    "花溪区石板镇羊龙小学": 41,
    "沁源居": 42,
    "川竹私厨·蜀南人家酒楼(农科院店)": 43,
    "油料研究所": 44,
    "盘山路": 45,
    "竹林村": 46,
    "侗族人的鼓楼": 47,
    "贵阳阿哈湖国家湿地公园": 48,
    "乐童小天才幼儿园": 49,
    "星星宾馆": 50,
    "贵阳睿缘旅社": 51,
    "满足里修脚(U区店)": 52,
    "百花大道": 53,
    "龙福花园": 54,
    "黔城美景": 55,
    "龙源宾馆": 56,
    "绝味鸭脖(广信小区店)": 57,
    "光明桂花园": 58,
    "贵阳市观山湖区第六中学": 59,
    "合肥路": 60,
    "跃莱健康管理中心": 61,
    "锦绣公园": 62,
    "邹记老麻抄手(世纪城店)": 63,
    "金惠圆酸汤鱼家常菜(龙宇苑西区店)": 64
  }
}