{
  "金惠圆酸汤鱼家常菜(龙宇苑西区店)": 575,
  "邹记老麻抄手(世纪城店)": 428,
  "锦绣公园": 414,
  "跃莱健康管理中心": 414,
  "合肥路": 435,
  "贵阳市观山湖区第六中学": 604,
  "光明桂花园": 657,
  "绝味鸭脖(广信小区店)": 613,
  "龙源宾馆": 401,
  "黔城美景": 407,
  "龙福花园": 489,
  "百花大道": 1660,
  "满足里修脚(U区店)": 508,
  "贵阳睿缘旅社": 488,
  "星星宾馆": 620,
  "乐童小天才幼儿园": 553,
  "贵阳阿哈湖国家湿地公园": 771,
  "侗族人的鼓楼": 2119,
  "竹林村": 1478,
  "盘山路": 416,
  "油料研究所": 436,
  "川竹私厨·蜀南人家酒楼(农科院店)": 1407,
  "沁源居": 2227,
  "花溪区石板镇羊龙小学": 971,
  "金石亿隆装饰建材城K1栋": 756,
  "贵州三合正达汽车销售服务有限公司": 966,
  "高升塘": 408,
  "时代精品酒店(贵阳天河潭店)": 1248,
  "贵阳市花溪区石板卫生院": 481,
  "小伍自采草莓园": 689,
  "龙治": 882
}