{
  "up": {
    "1": "苗家砂锅酸辣烫",
    "2": "中铁五局培训中心",
    "3": "市医保定点医院",
    "4": "柏记留一手烤鱼(圣泉流云花园店)",
    "5": "西二环",
    "6": "圣泉",
    "7": "黔灵山公园西大门停车点",
    "8": "黔南第一山",
    "9": "黔灵山公园(南大门)",
    "10": "筋骨养护",
    "11": "中国银行(贵阳市八角岩支行)",
    "12": "王娘叉烧圆子粉",
    "13": "蜜雪冰城(兴贵路店)",
    "14": "都市都落",
    "15": "肯德基(观山东路店)",
    "16": "贵州财经大学(鹿冲关校区)",
    "17": "中天花园樱花园",
    "18": "首杨水果(贵阳云岩中天花园店)",
    "19": "有米酸奶(云岩万达广场店)",
    "20": "绝味鸭脖(恒大雅苑店)",
    "21": "航天大道",
    "22": "水利巷",
    "23": "金僖家园",
    "24": "静红家常菜(悦景新城店)",
    "25": "北衙村",
    "26": "振华广场",
    "27": "贵州威门药业股份有限公司",
    "28": "春蕾幼儿园",
    "29": "贵阳康养职业大学产业学院",
    "30": "光明路",
    "31": "一点通交规培训中心",
    "32": "东风镇人民调解委员会",
    "33": "乌当小学"
  },
  "down": {
    "34": "乌当小学",
    "35": "东风镇人民调解委员会",
    "36": "一点通交规培训中心",
    "37": "光明路",
    "38": "贵阳康养职业大学产业学院",
    "39": "春蕾幼儿园",
    "40": "贵州威门药业股份有限公司",
    "41": "振华广场",
    "42": "北衙村",
    "43": "静红家常菜(悦景新城店)",
    "44": "金僖家园",
    "45": "水利巷",
    "46": "航天大道",
    "47": "绝味鸭脖(恒大雅苑店)",
    "48": "有米酸奶(云岩万达广场店)",
    "49": "首杨水果(贵阳云岩中天花园店)",
    "50": "中天花园樱花园",
    "51": "贵州财经大学(鹿冲关校区)",
    "52": "肯德基(观山东路店)",
    "53": "都市都落",
    "54": "蜜雪冰城(兴贵路店)",
    "55": "王娘叉烧圆子粉",
    "56": "中国银行(贵阳市八角岩支行)",
    "57": "筋骨养护",
    "58": "黔灵山公园(南大门)",
    "59": "黔南第一山",
    "60": "黔灵山公园西大门停车点",
    "61": "圣泉",
    "62": "西二环",
    "63": "柏记留一手烤鱼(圣泉流云花园店)",
    "64": "市医保定点医院",
    "65": "中铁五局培训中心",
    "66": "苗家砂锅酸辣烫"
  }
}