{
  "苗家砂锅酸辣烫": 532,
  "中铁五局培训中心": 502,
  "市医保定点医院": 838,
  "柏记留一手烤鱼(圣泉流云花园店)": 405,
  "西二环": 604,
  "圣泉": 815,
  "黔灵山公园西大门停车点": 624,
  "黔南第一山": 511,
  "黔灵山公园(南大门)": 453,
  "筋骨养护": 503,
  "中国银行(贵阳市八角岩支行)": 454,
  "王娘叉烧圆子粉": 549,
  "蜜雪冰城(兴贵路店)": 478,
  "都市都落": 605,
  "肯德基(观山东路店)": 861,
  "贵州财经大学(鹿冲关校区)": 727,
  "中天花园樱花园": 509,
  "首杨水果(贵阳云岩中天花园店)": 606,
  "有米酸奶(云岩万达广场店)": 416,
  "绝味鸭脖(恒大雅苑店)": 582,
  "航天大道": 721,
  "水利巷": 478,
  "金僖家园": 728,
  "静红家常菜(悦景新城店)": 620,
  "北衙村": 735,
  "振华广场": 535,
  "贵州威门药业股份有限公司": 508,
  "春蕾幼儿园": 856,
  "贵阳康养职业大学产业学院": 1169,
  "光明路": 406,
  "一点通交规培训中心": 499,
  "东风镇人民调解委员会": 614
}