{
  "up": {
    "苗家砂锅酸辣烫": 1,
    "中铁五局培训中心": 2,
    "市医保定点医院": 3,
    "柏记留一手烤鱼(圣泉流云花园店)": 4,
    "西二环": 5,
    "圣泉": 6,
    "黔灵山公园西大门停车点": 7,
    "黔南第一山": 8,
    "黔灵山公园(南大门)": 9,
    "筋骨养护": 10,
    "中国银行(贵阳市八角岩支行)": 11,
    "王娘叉烧圆子粉": 12,
    "蜜雪冰城(兴贵路店)": 13,
    "都市都落": 14,
    "肯德基(观山东路店)": 15,
    "贵州财经大学(鹿冲关校区)": 16,
    "中天花园樱花园": 17,
    "首杨水果(贵阳云岩中天花园店)": 18,
    "有米酸奶(云岩万达广场店)": 19,
    "绝味鸭脖(恒大雅苑店)": 20,
    "航天大道": 21,
    "水利巷": 22,
    "金僖家园": 23,
    "静红家常菜(悦景新城店)": 24,
    "北衙村": 25,
    "振华广场": 26,
    "贵州威门药业股份有限公司": 27,
    "春蕾幼儿园": 28,
    "贵阳康养职业大学产业学院": 29,
    "光明路": 30,
    "一点通交规培训中心": 31,
    "东风镇人民调解委员会": 32,
    "乌当小学": 33
  },
  "down": {
    "乌当小学": 34,
    "东风镇人民调解委员会": 35,
    "一点通交规培训中心": 36,
    "光明路": 37,
    "贵阳康养职业大学产业学院": 38,
    "春蕾幼儿园": 39,
    "贵州威门药业股份有限公司": 40,
    "振华广场": 41,
    "北衙村": 42,
    "静红家常菜(悦景新城店)": 43,
    "金僖家园": 44,
    "水利巷": 45,
    "航天大道": 46,
    "绝味鸭脖(恒大雅苑店)": 47,
    "有米酸奶(云岩万达广场店)": 48,
    "首杨水果(贵阳云岩中天花园店)": 49,
    "中天花园樱花园": 50,
    "贵州财经大学(鹿冲关校区)": 51,
    "肯德基(观山东路店)": 52,
    "都市都落": 53,
    "蜜雪冰城(兴贵路店)": 54,
    "王娘叉烧圆子粉": 55,
    "中国银行(贵阳市八角岩支行)": 56,
    "筋骨养护": 57,
    "黔灵山公园(南大门)": 58,
    "黔南第一山": 59,
    "黔灵山公园西大门停车点": 60,
    "圣泉": 61,
    "西二环": 62,
    "柏记留一手烤鱼(圣泉流云花园店)": 63,
    "市医保定点医院": 64,
    "中铁五局培训中心": 65,
    "苗家砂锅酸辣烫": 66
  }
}