{
  "乌当小学": 602,
  "东风镇人民调解委员会": 487,
  "一点通交规培训中心": 394,
  "光明路": 1157,
  "贵阳康养职业大学产业学院": 844,
  "春蕾幼儿园": 496,
  "贵州威门药业股份有限公司": 523,
  "振华广场": 723,
  "北衙村": 608,
  "静红家常菜(悦景新城店)": 716,
  "金僖家园": 466,
  "水利巷": 709,
  "航天大道": 570,
  "绝味鸭脖(恒大雅苑店)": 404,
  "有米酸奶(云岩万达广场店)": 594,
  "首杨水果(贵阳云岩中天花园店)": 497,
  "中天花园樱花园": 715,
  "贵州财经大学(鹿冲关校区)": 849,
  "肯德基(观山东路店)": 593,
  "都市都落": 466,
  "蜜雪冰城(兴贵路店)": 537,
  "王娘叉烧圆子粉": 442,
  "中国银行(贵阳市八角岩支行)": 491,
  "筋骨养护": 441,
  "黔灵山公园(南大门)": 499,
  "黔南第一山": 612,
  "黔灵山公园西大门停车点": 803,
  "圣泉": 592,
  "西二环": 393,
  "柏记留一手烤鱼(圣泉流云花园店)": 826,
  "市医保定点医院": 490,
  "中铁五局培训中心": 520
}