{
  "up": {
    "1": "贵阳市云岩区聪贝幼儿园",
    "2": "小帅雄奶茶店",
    "3": "西二环",
    "4": "骐正天骄南苑",
    "5": "头桥街道退役军人服务站",
    "6": "弘福寺-五观堂",
    "7": "枣山路",
    "8": "云岩吾悦广场(建设中)",
    "9": "八鸽岩地铁站A口",
    "10": "贵州银行(市北路)",
    "11": "618苗家砂锅酸辣烫(兴贵路店)",
    "12": "都市都落",
    "13": "但家香酥鸭(中大国际购物中心店)",
    "14": "贵州财经大学鹿冲关校区计划外全日制高等国际职业教育项目",
    "15": "首杨水果(贵阳云岩中天花园店)",
    "16": "北二环",
    "17": "刘维兰老素粉(云岩万达广场店)",
    "18": "新天社区卫生服务中心",
    "19": "贵阳市乌当区行政中心",
    "20": "滴水岩公园",
    "21": "保利·公园",
    "22": "合力超市(保利2010店)",
    "23": "三元冲",
    "24": "航天路",
    "25": "永信汽车修理厂",
    "26": "创立建材公司",
    "27": "高穴村矛盾纠纷调解室",
    "28": "北京东路",
    "29": "广西交通科学研究院贵州分院",
    "30": "坪上",
    "31": "湘毅火锅店"
  },
  "down": {
    "32": "湘毅火锅店",
    "33": "坪上",
    "34": "广西交通科学研究院贵州分院",
    "35": "北京东路",
    "36": "高穴村矛盾纠纷调解室",
    "37": "创立建材公司",
    "38": "永信汽车修理厂",
    "39": "航天路",
    "40": "三元冲",
    "41": "合力超市(保利2010店)",
    "42": "保利·公园",
    "43": "滴水岩公园",
    "44": "贵阳市乌当区行政中心",
    "45": "新天社区卫生服务中心",
    "46": "刘维兰老素粉(云岩万达广场店)",
    "47": "北二环",
    "48": "首杨水果(贵阳云岩中天花园店)",
    "49": "贵州财经大学鹿冲关校区计划外全日制高等国际职业教育项目",
    "50": "但家香酥鸭(中大国际购物中心店)",
    "51": "都市都落",
    "52": "618苗家砂锅酸辣烫(兴贵路店)",
    "53": "贵州银行(市北路)",
    "54": "八鸽岩地铁站A口",
    "55": "云岩吾悦广场(建设中)",
    "56": "枣山路",
    "57": "弘福寺-五观堂",
    "58": "头桥街道退役军人服务站",
    "59": "骐正天骄南苑",
    "60": "西二环",
    "61": "小帅雄奶茶店",
    "62": "贵阳市云岩区聪贝幼儿园"
  }
}