{
  "up": {
    "贵阳市云岩区聪贝幼儿园": 1,
    "小帅雄奶茶店": 2,
    "西二环": 3,
    "骐正天骄南苑": 4,
    "头桥街道退役军人服务站": 5,
    "弘福寺-五观堂": 6,
    "枣山路": 7,
    "云岩吾悦广场(建设中)": 8,
    "八鸽岩地铁站A口": 9,
    "贵州银行(市北路)": 10,
    "618苗家砂锅酸辣烫(兴贵路店)": 11,
    "都市都落": 12,
    "但家香酥鸭(中大国际购物中心店)": 13,
    "贵州财经大学鹿冲关校区计划外全日制高等国际职业教育项目": 14,
    "首杨水果(贵阳云岩中天花园店)": 15,
    "北二环": 16,
    "刘维兰老素粉(云岩万达广场店)": 17,
    "新天社区卫生服务中心": 18,
    "贵阳市乌当区行政中心": 19,
    "滴水岩公园": 20,
    "保利·公园": 21,
    "合力超市(保利2010店)": 22,
    "三元冲": 23,
    "航天路": 24,
    "永信汽车修理厂": 25,
    "创立建材公司": 26,
    "高穴村矛盾纠纷调解室": 27,
    "北京东路": 28,
    "广西交通科学研究院贵州分院": 29,
    "坪上": 30,
    "湘毅火锅店": 31
  },
  "down": {
    "湘毅火锅店": 32,
    "坪上": 33,
    "广西交通科学研究院贵州分院": 34,
    "北京东路": 35,
    "高穴村矛盾纠纷调解室": 36,
    "创立建材公司": 37,
    "永信汽车修理厂": 38,
    "航天路": 39,
    "三元冲": 40,
    "合力超市(保利2010店)": 41,
    "保利·公园": 42,
    "滴水岩公园": 43,
    "贵阳市乌当区行政中心": 44,
    "新天社区卫生服务中心": 45,
    "刘维兰老素粉(云岩万达广场店)": 46,
    "北二环": 47,
    "首杨水果(贵阳云岩中天花园店)": 48,
    "贵州财经大学鹿冲关校区计划外全日制高等国际职业教育项目": 49,
    "但家香酥鸭(中大国际购物中心店)": 50,
    "都市都落": 51,
    "618苗家砂锅酸辣烫(兴贵路店)": 52,
    "贵州银行(市北路)": 53,
    "八鸽岩地铁站A口": 54,
    "云岩吾悦广场(建设中)": 55,
    "枣山路": 56,
    "弘福寺-五观堂": 57,
    "头桥街道退役军人服务站": 58,
    "骐正天骄南苑": 59,
    "西二环": 60,
    "小帅雄奶茶店": 61,
    "贵阳市云岩区聪贝幼儿园": 62
  }
}