{
  "贵阳市云岩区聪贝幼儿园": 483,
  "小帅雄奶茶店": 405,
  "西二环": 604,
  "骐正天骄南苑": 815,
  "头桥街道退役军人服务站": 624,
  "弘福寺-五观堂": 511,
  "枣山路": 453,
  "云岩吾悦广场(建设中)": 503,
  "八鸽岩地铁站A口": 454,
  "贵州银行(市北路)": 549,
  "618苗家砂锅酸辣烫(兴贵路店)": 478,
  "都市都落": 605,
  "但家香酥鸭(中大国际购物中心店)": 861,
  "贵州财经大学鹿冲关校区计划外全日制高等国际职业教育项目": 727,
  "首杨水果(贵阳云岩中天花园店)": 509,
  "北二环": 606,
  "刘维兰老素粉(云岩万达广场店)": 416,
  "新天社区卫生服务中心": 582,
  "贵阳市乌当区行政中心": 1900,
  "滴水岩公园": 851,
  "保利·公园": 540,
  "合力超市(保利2010店)": 497,
  "三元冲": 913,
  "航天路": 921,
  "永信汽车修理厂": 418,
  "创立建材公司": 603,
  "高穴村矛盾纠纷调解室": 1695,
  "北京东路": 2137,
  "广西交通科学研究院贵州分院": 617,
  "坪上": 4271
}