{
  "湘毅火锅店": 4130,
  "坪上": 476,
  "广西交通科学研究院贵州分院": 1996,
  "北京东路": 1554,
  "高穴村矛盾纠纷调解室": 462,
  "创立建材公司": 277,
  "永信汽车修理厂": 780,
  "航天路": 772,
  "三元冲": 356,
  "合力超市(保利2010店)": 399,
  "保利·公园": 710,
  "滴水岩公园": 1759,
  "贵阳市乌当区行政中心": 441,
  "新天社区卫生服务中心": 275,
  "刘维兰老素粉(云岩万达广场店)": 465,
  "北二环": 368,
  "首杨水果(贵阳云岩中天花园店)": 586,
  "贵州财经大学鹿冲关校区计划外全日制高等国际职业教育项目": 720,
  "但家香酥鸭(中大国际购物中心店)": 464,
  "都市都落": 337,
  "618苗家砂锅酸辣烫(兴贵路店)": 408,
  "贵州银行(市北路)": 313,
  "八鸽岩地铁站A口": 362,
  "云岩吾悦广场(建设中)": 312,
  "枣山路": 370,
  "弘福寺-五观堂": 483,
  "头桥街道退役军人服务站": 674,
  "骐正天骄南苑": 463,
  "西二环": 264,
  "小帅雄奶茶店": 342
}