{
  "贵州创优纸业有限公司": 1103,
  "212国道": 1045,
  "新村村委会": 659,
  "白云区麦架镇新村村村民委员会": 244,
  "卞发宾馆": 814,
  "明兰本草": 658,
  "贵阳银行档案信息中心": 253,
  "金童幼儿园": 312,
  "农家院柴火鸡": 881,
  "白云北路地铁站B口": 571,
  "大山洞街道办事处": 293,
  "育才路": 546,
  "白云区人大常委会": 365,
  "曲桥乐佛": 514,
  "易笔畅作文": 544,
  "菲趣教育": 421,
  "CoCo都可(富力中心店)": 413,
  "咏鲜鱼蛙店": 306,
  "中国工商银行(诚信路支行营业厅)": 459,
  "观山湖区第十二小学": 287,
  "贵阳市第三中学": 425,
  "青瓦房土碗菜馆": 395,
  "贵阳一中体育馆": 667,
  "金谷苑": 357,
  "贵州老年大学(观山社区分校)": 386,
  "贵阳·佳境天城": 589,
  "筝音琴院": 257,
  "博林益智童趣幼儿园": 233,
  "恒大中央广场": 499,
  "申一幼儿园": 339,
  "城市精选酒店(贵阳数博万达马王庙地铁站店)": 562,
  "水城羊肉粉(数博大道黎苏路店)": 287
}