{
  "up": {
    "1": "胖胖丫地摊辣子鸡火锅(新城玺樾台店)",
    "2": "水城羊肉粉(数博大道黎苏路店)",
    "3": "城市精选酒店(贵阳数博万达马王庙地铁站店)",
    "4": "申一幼儿园",
    "5": "恒大中央广场",
    "6": "博林益智童趣幼儿园",
    "7": "筝音琴院",
    "8": "贵阳·佳境天城",
    "9": "贵州老年大学(观山社区分校)",
    "10": "金谷苑",
    "11": "贵阳一中体育馆",
    "12": "青瓦房土碗菜馆",
    "13": "贵阳市第三中学",
    "14": "观山湖区第十二小学",
    "15": "中国工商银行(诚信路支行营业厅)",
    "16": "咏鲜鱼蛙店",
    "17": "CoCo都可(富力中心店)",
    "18": "菲趣教育",
    "19": "易笔畅作文",
    "20": "曲桥乐佛",
    "21": "白云区人大常委会",
    "22": "育才路",
    "23": "大山洞街道办事处",
    "24": "白云北路地铁站B口",
    "25": "农家院柴火鸡",
    "26": "金童幼儿园",
    "27": "贵阳银行档案信息中心",
    "28": "明兰本草",
    "29": "卞发宾馆",
    "30": "白云区麦架镇新村村村民委员会",
    "31": "新村村委会",
    "32": "212国道",
    "33": "贵州创优纸业有限公司"
  },
  "down": {
    "34": "贵州创优纸业有限公司",
    "35": "212国道",
    "36": "新村村委会",
    "37": "白云区麦架镇新村村村民委员会",
    "38": "卞发宾馆",
    "39": "明兰本草",
    "40": "贵阳银行档案信息中心",
    "41": "金童幼儿园",
    "42": "农家院柴火鸡",
    "43": "白云北路地铁站B口",
    "44": "大山洞街道办事处",
    "45": "育才路",
    "46": "白云区人大常委会",
    "47": "曲桥乐佛",
    "48": "易笔畅作文",
    "49": "菲趣教育",
    "50": "CoCo都可(富力中心店)",
    "51": "咏鲜鱼蛙店",
    "52": "中国工商银行(诚信路支行营业厅)",
    "53": "观山湖区第十二小学",
    "54": "贵阳市第三中学",
    "55": "青瓦房土碗菜馆",
    "56": "贵阳一中体育馆",
    "57": "金谷苑",
    "58": "贵州老年大学(观山社区分校)",
    "59": "贵阳·佳境天城",
    "60": "筝音琴院",
    "61": "博林益智童趣幼儿园",
    "62": "恒大中央广场",
    "63": "申一幼儿园",
    "64": "城市精选酒店(贵阳数博万达马王庙地铁站店)",
    "65": "水城羊肉粉(数博大道黎苏路店)",
    "66": "胖胖丫地摊辣子鸡火锅(新城玺樾台店)"
  }
}