{
  "up": {
    "胖胖丫地摊辣子鸡火锅(新城玺樾台店)": 1,
    "水城羊肉粉(数博大道黎苏路店)": 2,
    "城市精选酒店(贵阳数博万达马王庙地铁站店)": 3,
    "申一幼儿园": 4,
    "恒大中央广场": 5,
    "博林益智童趣幼儿园": 6,
    "筝音琴院": 7,
    "贵阳·佳境天城": 8,
    "贵州老年大学(观山社区分校)": 9,
    "金谷苑": 10,
    "贵阳一中体育馆": 11,
    "青瓦房土碗菜馆": 12,
    "贵阳市第三中学": 13,
    "观山湖区第十二小学": 14,
    "中国工商银行(诚信路支行营业厅)": 15,
    "咏鲜鱼蛙店": 16,
    "CoCo都可(富力中心店)": 17,
    "菲趣教育": 18,
    "易笔畅作文": 19,
    "曲桥乐佛": 20,
    "白云区人大常委会": 21,
    "育才路": 22,
    "大山洞街道办事处": 23,
    "白云北路地铁站B口": 24,
    "农家院柴火鸡": 25,
    "金童幼儿园": 26,
    "贵阳银行档案信息中心": 27,
    "明兰本草": 28,
    "卞发宾馆": 29,
    "白云区麦架镇新村村村民委员会": 30,
    "新村村委会": 31,
    "212国道": 32,
    "贵州创优纸业有限公司": 33
  },
  "down": {
    "贵州创优纸业有限公司": 34,
    "212国道": 35,
    "新村村委会": 36,
    "白云区麦架镇新村村村民委员会": 37,
    "卞发宾馆": 38,
    "明兰本草": 39,
    "贵阳银行档案信息中心": 40,
    "金童幼儿园": 41,
    "农家院柴火鸡": 42,
    "白云北路地铁站B口": 43,
    "大山洞街道办事处": 44,
    "育才路": 45,
    "白云区人大常委会": 46,
    "曲桥乐佛": 47,
    "易笔畅作文": 48,
    "菲趣教育": 49,
    "CoCo都可(富力中心店)": 50,
    "咏鲜鱼蛙店": 51,
    "中国工商银行(诚信路支行营业厅)": 52,
    "观山湖区第十二小学": 53,
    "贵阳市第三中学": 54,
    "青瓦房土碗菜馆": 55,
    "贵阳一中体育馆": 56,
    "金谷苑": 57,
    "贵州老年大学(观山社区分校)": 58,
    "贵阳·佳境天城": 59,
    "筝音琴院": 60,
    "博林益智童趣幼儿园": 61,
    "恒大中央广场": 62,
    "申一幼儿园": 63,
    "城市精选酒店(贵阳数博万达马王庙地铁站店)": 64,
    "水城羊肉粉(数博大道黎苏路店)": 65,
    "胖胖丫地摊辣子鸡火锅(新城玺樾台店)": 66
  }
}