{
  "胖胖丫地摊辣子鸡火锅(新城玺樾台店)": 456,
  "水城羊肉粉(数博大道黎苏路店)": 731,
  "城市精选酒店(贵阳数博万达马王庙地铁站店)": 508,
  "申一幼儿园": 668,
  "恒大中央广场": 402,
  "博林益智童趣幼儿园": 426,
  "筝音琴院": 758,
  "贵阳·佳境天城": 555,
  "贵州老年大学(观山社区分校)": 526,
  "金谷苑": 836,
  "贵阳一中体育馆": 564,
  "青瓦房土碗菜馆": 594,
  "贵阳市第三中学": 456,
  "观山湖区第十二小学": 628,
  "中国工商银行(诚信路支行营业厅)": 475,
  "咏鲜鱼蛙店": 582,
  "CoCo都可(富力中心店)": 590,
  "菲趣教育": 713,
  "易笔畅作文": 683,
  "曲桥乐佛": 534,
  "白云区人大常委会": 715,
  "育才路": 462,
  "大山洞街道办事处": 740,
  "白云北路地铁站B口": 1050,
  "农家院柴火鸡": 481,
  "金童幼儿园": 422,
  "贵阳银行档案信息中心": 827,
  "明兰本草": 983,
  "卞发宾馆": 413,
  "白云区麦架镇新村村村民委员会": 828,
  "新村村委会": 1214,
  "212国道": 1272
}