{
  "up": {
    "贵阳市林木小学": 1,
    "百花大道": 2,
    "欧兰亚国际酒店贵阳观山湖世纪城店": 3,
    "禾呈记豆花面馆": 4,
    "青椒童仔鸡(万科悦城店)": 5,
    "九二食牛社(世纪金源购物中心店)": 6,
    "金阳南路地铁站A口": 7,
    "福艳口腔门诊": 8,
    "兰州拉面(中铁·逸都国际店)": 9,
    "贵阳高仕通商务酒店": 10,
    "满意烙锅": 11,
    "原汤羊肉粉": 12,
    "柏曼酒店贵阳西南商贸城金阳客车站店大堂": 13,
    "北京西路辅路": 14,
    "车辆管理所贵阳西南国际商贸城业务大厅": 15,
    "北京西路": 16,
    "何官村人民调解委员会": 17,
    "京东电子商务产业园区": 18,
    "邓坡路": 19,
    "贵腾商砼": 20,
    "蒿芝小学": 21,
    "金华镇蒿芝村委会": 22,
    "石秀才": 23,
    "清镇市公安局交通警察大队车辆管理所": 24,
    "清镇市政务中心交通警察大队车管所满分教育学习室": 25,
    "清镇市人民政府政务服务中心公安交警大厅": 26,
    "寒坡岭": 27,
    "清镇小树人双语艺术幼儿园": 28,
    "四季酒店大堂": 29,
    "清镇市第二中学教育集团二校区行知楼": 30
  },
  "down": {
    "清镇市第二中学教育集团二校区行知楼": 31,
    "四季酒店大堂": 32,
    "清镇小树人双语艺术幼儿园": 33,
    "寒坡岭": 34,
    "清镇市人民政府政务服务中心公安交警大厅": 35,
    "清镇市政务中心交通警察大队车管所满分教育学习室": 36,
    "清镇市公安局交通警察大队车辆管理所": 37,
    "石秀才": 38,
    "金华镇蒿芝村委会": 39,
    "蒿芝小学": 40,
    "贵腾商砼": 41,
    "邓坡路": 42,
    "京东电子商务产业园区": 43,
    "何官村人民调解委员会": 44,
    "北京西路": 45,
    "车辆管理所贵阳西南国际商贸城业务大厅": 46,
    "北京西路辅路": 47,
    "柏曼酒店贵阳西南商贸城金阳客车站店大堂": 48,
    "原汤羊肉粉": 49,
    "满意烙锅": 50,
    "贵阳高仕通商务酒店": 51,
    "兰州拉面(中铁·逸都国际店)": 52,
    "福艳口腔门诊": 53,
    "金阳南路地铁站A口": 54,
    "九二食牛社(世纪金源购物中心店)": 55,
    "青椒童仔鸡(万科悦城店)": 56,
    "禾呈记豆花面馆": 57,
    "欧兰亚国际酒店贵阳观山湖世纪城店": 58,
    "百花大道": 59,
    "贵阳市林木小学": 60
  }
}