{
  "up": {
    "1": "贵阳市林木小学",
    "2": "百花大道",
    "3": "欧兰亚国际酒店贵阳观山湖世纪城店",
    "4": "禾呈记豆花面馆",
    "5": "青椒童仔鸡(万科悦城店)",
    "6": "九二食牛社(世纪金源购物中心店)",
    "7": "金阳南路地铁站A口",
    "8": "福艳口腔门诊",
    "9": "兰州拉面(中铁·逸都国际店)",
    "10": "贵阳高仕通商务酒店",
    "11": "满意烙锅",
    "12": "原汤羊肉粉",
    "13": "柏曼酒店贵阳西南商贸城金阳客车站店大堂",
    "14": "北京西路辅路",
    "15": "车辆管理所贵阳西南国际商贸城业务大厅",
    "16": "北京西路",
    "17": "何官村人民调解委员会",
    "18": "京东电子商务产业园区",
    "19": "邓坡路",
    "20": "贵腾商砼",
    "21": "蒿芝小学",
    "22": "金华镇蒿芝村委会",
    "23": "石秀才",
    "24": "清镇市公安局交通警察大队车辆管理所",
    "25": "清镇市政务中心交通警察大队车管所满分教育学习室",
    "26": "清镇市人民政府政务服务中心公安交警大厅",
    "27": "寒坡岭",
    "28": "清镇小树人双语艺术幼儿园",
    "29": "四季酒店大堂",
    "30": "清镇市第二中学教育集团二校区行知楼"
  },
  "down": {
    "31": "清镇市第二中学教育集团二校区行知楼",
    "32": "四季酒店大堂",
    "33": "清镇小树人双语艺术幼儿园",
    "34": "寒坡岭",
    "35": "清镇市人民政府政务服务中心公安交警大厅",
    "36": "清镇市政务中心交通警察大队车管所满分教育学习室",
    "37": "清镇市公安局交通警察大队车辆管理所",
    "38": "石秀才",
    "39": "金华镇蒿芝村委会",
    "40": "蒿芝小学",
    "41": "贵腾商砼",
    "42": "邓坡路",
    "43": "京东电子商务产业园区",
    "44": "何官村人民调解委员会",
    "45": "北京西路",
    "46": "车辆管理所贵阳西南国际商贸城业务大厅",
    "47": "北京西路辅路",
    "48": "柏曼酒店贵阳西南商贸城金阳客车站店大堂",
    "49": "原汤羊肉粉",
    "50": "满意烙锅",
    "51": "贵阳高仕通商务酒店",
    "52": "兰州拉面(中铁·逸都国际店)",
    "53": "福艳口腔门诊",
    "54": "金阳南路地铁站A口",
    "55": "九二食牛社(世纪金源购物中心店)",
    "56": "青椒童仔鸡(万科悦城店)",
    "57": "禾呈记豆花面馆",
    "58": "欧兰亚国际酒店贵阳观山湖世纪城店",
    "59": "百花大道",
    "60": "贵阳市林木小学"
  }
}