{
  "贵阳市林木小学": 726,
  "百花大道": 1137,
  "欧兰亚国际酒店贵阳观山湖世纪城店": 481,
  "禾呈记豆花面馆": 459,
  "青椒童仔鸡(万科悦城店)": 402,
  "九二食牛社(世纪金源购物中心店)": 790,
  "金阳南路地铁站A口": 532,
  "福艳口腔门诊": 1053,
  "兰州拉面(中铁·逸都国际店)": 829,
  "贵阳高仕通商务酒店": 489,
  "满意烙锅": 428,
  "原汤羊肉粉": 455,
  "柏曼酒店贵阳西南商贸城金阳客车站店大堂": 505,
  "北京西路辅路": 448,
  "车辆管理所贵阳西南国际商贸城业务大厅": 428,
  "北京西路": 647,
  "何官村人民调解委员会": 725,
  "京东电子商务产业园区": 1155,
  "邓坡路": 468,
  "贵腾商砼": 510,
  "蒿芝小学": 416,
  "金华镇蒿芝村委会": 412,
  "石秀才": 540,
  "清镇市公安局交通警察大队车辆管理所": 604,
  "清镇市政务中心交通警察大队车管所满分教育学习室": 2711,
  "清镇市人民政府政务服务中心公安交警大厅": 472,
  "寒坡岭": 452,
  "清镇小树人双语艺术幼儿园": 540,
  "四季酒店大堂": 1034
}