{
  "清镇市第二中学教育集团二校区行知楼": 1063,
  "四季酒店大堂": 569,
  "清镇小树人双语艺术幼儿园": 481,
  "寒坡岭": 501,
  "清镇市人民政府政务服务中心公安交警大厅": 2740,
  "清镇市政务中心交通警察大队车管所满分教育学习室": 633,
  "清镇市公安局交通警察大队车辆管理所": 569,
  "石秀才": 441,
  "金华镇蒿芝村委会": 445,
  "蒿芝小学": 539,
  "贵腾商砼": 497,
  "邓坡路": 1184,
  "京东电子商务产业园区": 754,
  "何官村人民调解委员会": 676,
  "北京西路": 457,
  "车辆管理所贵阳西南国际商贸城业务大厅": 477,
  "北京西路辅路": 534,
  "柏曼酒店贵阳西南商贸城金阳客车站店大堂": 484,
  "原汤羊肉粉": 457,
  "满意烙锅": 518,
  "贵阳高仕通商务酒店": 858,
  "兰州拉面(中铁·逸都国际店)": 1082,
  "福艳口腔门诊": 561,
  "金阳南路地铁站A口": 819,
  "九二食牛社(世纪金源购物中心店)": 431,
  "青椒童仔鸡(万科悦城店)": 488,
  "禾呈记豆花面馆": 510,
  "欧兰亚国际酒店贵阳观山湖世纪城店": 1166,
  "百花大道": 755
}