{
  "up": {
    "九茗茶舍": 1,
    "贵阳北站(东进站口)": 2,
    "贵阳北站西广场": 3,
    "梦都主题酒店(贵阳高铁北站店)": 4,
    "油菜研究所": 5,
    "仡佬源民族酒楼": 6,
    "瑞幸咖啡(贵阳德福中心店)": 7,
    "花溪农商银行(高新支行)": 8,
    "仁心堂厚朴养生馆": 9,
    "白龙洞路": 10,
    "铸源健康生活馆": 11,
    "五二哥辣子鸡(金阳店)": 12,
    "牛如世家(贵阳世纪城龙吉苑店)": 13,
    "中国工商银行(世纪城支行)": 14,
    "杨氏大竹签烤肉": 15,
    "书亦烧仙草(中铁逸都国际店)": 16,
    "治安岗亭": 17,
    "观山湖区宾阳街道西南上城映山府": 18,
    "豪杰宾馆": 19,
    "杨春会活油土烙锅(碧桂园·观山府店)": 20,
    "金阳客车站候车大厅": 21,
    "鸿云宾馆(新金阳客车站店)": 22,
    "甘井时尚酒店(新金阳客车站店)": 23,
    "贵州恒耀钢化玻璃有限公司": 24,
    "贵州乐思教汽车工贸有限公司": 25,
    "贵阳世钟汽车配件有限公司": 26,
    "汽车电工": 27,
    "黔贵交通职业培训学校": 28,
    "金华镇蒿芝村委会": 29,
    "320国道": 30,
    "下铺村党支部": 31
  },
  "down": {
    "下铺村党支部": 32,
    "320国道": 33,
    "金华镇蒿芝村委会": 34,
    "黔贵交通职业培训学校": 35,
    "汽车电工": 36,
    "贵阳世钟汽车配件有限公司": 37,
    "贵州乐思教汽车工贸有限公司": 38,
    "贵州恒耀钢化玻璃有限公司": 39,
    "甘井时尚酒店(新金阳客车站店)": 40,
    "鸿云宾馆(新金阳客车站店)": 41,
    "金阳客车站候车大厅": 42,
    "杨春会活油土烙锅(碧桂园·观山府店)": 43,
    "豪杰宾馆": 44,
    "观山湖区宾阳街道西南上城映山府": 45,
    "治安岗亭": 46,
    "书亦烧仙草(中铁逸都国际店)": 47,
    "杨氏大竹签烤肉": 48,
    "中国工商银行(世纪城支行)": 49,
    "牛如世家(贵阳世纪城龙吉苑店)": 50,
    "五二哥辣子鸡(金阳店)": 51,
    "铸源健康生活馆": 52,
    "白龙洞路": 53,
    "仁心堂厚朴养生馆": 54,
    "花溪农商银行(高新支行)": 55,
    "瑞幸咖啡(贵阳德福中心店)": 56,
    "仡佬源民族酒楼": 57,
    "油菜研究所": 58,
    "梦都主题酒店(贵阳高铁北站店)": 59,
    "贵阳北站西广场": 60,
    "贵阳北站(东进站口)": 61,
    "九茗茶舍": 62
  }
}