{
  "九茗茶舍": 942,
  "贵阳北站(东进站口)": 1014,
  "贵阳北站西广场": 516,
  "梦都主题酒店(贵阳高铁北站店)": 461,
  "油菜研究所": 420,
  "仡佬源民族酒楼": 684,
  "瑞幸咖啡(贵阳德福中心店)": 422,
  "花溪农商银行(高新支行)": 513,
  "仁心堂厚朴养生馆": 824,
  "白龙洞路": 414,
  "铸源健康生活馆": 428,
  "五二哥辣子鸡(金阳店)": 759,
  "牛如世家(贵阳世纪城龙吉苑店)": 410,
  "中国工商银行(世纪城支行)": 600,
  "杨氏大竹签烤肉": 1016,
  "书亦烧仙草(中铁逸都国际店)": 829,
  "治安岗亭": 489,
  "观山湖区宾阳街道西南上城映山府": 428,
  "豪杰宾馆": 455,
  "杨春会活油土烙锅(碧桂园·观山府店)": 505,
  "金阳客车站候车大厅": 448,
  "鸿云宾馆(新金阳客车站店)": 428,
  "甘井时尚酒店(新金阳客车站店)": 647,
  "贵州恒耀钢化玻璃有限公司": 725,
  "贵州乐思教汽车工贸有限公司": 1155,
  "贵阳世钟汽车配件有限公司": 468,
  "汽车电工": 510,
  "黔贵交通职业培训学校": 416,
  "金华镇蒿芝村委会": 412,
  "320国道": 540
}