{
  "下铺村党支部": 886,
  "320国道": 758,
  "金华镇蒿芝村委会": 762,
  "黔贵交通职业培训学校": 856,
  "汽车电工": 814,
  "贵阳世钟汽车配件有限公司": 1501,
  "贵州乐思教汽车工贸有限公司": 1071,
  "贵州恒耀钢化玻璃有限公司": 993,
  "甘井时尚酒店(新金阳客车站店)": 774,
  "鸿云宾馆(新金阳客车站店)": 794,
  "金阳客车站候车大厅": 851,
  "杨春会活油土烙锅(碧桂园·观山府店)": 801,
  "豪杰宾馆": 774,
  "观山湖区宾阳街道西南上城映山府": 835,
  "治安岗亭": 1175,
  "书亦烧仙草(中铁逸都国际店)": 1362,
  "杨氏大竹签烤肉": 946,
  "中国工商银行(世纪城支行)": 756,
  "牛如世家(贵阳世纪城龙吉苑店)": 1105,
  "五二哥辣子鸡(金阳店)": 774,
  "铸源健康生活馆": 760,
  "白龙洞路": 1170,
  "仁心堂厚朴养生馆": 859,
  "花溪农商银行(高新支行)": 768,
  "瑞幸咖啡(贵阳德福中心店)": 1030,
  "仡佬源民族酒楼": 766,
  "油菜研究所": 807,
  "梦都主题酒店(贵阳高铁北站店)": 862,
  "贵阳北站西广场": 1360,
  "贵阳北站(东进站口)": 1288
}