{
  "up": {
    "1": "九茗茶舍",
    "2": "贵阳北站(东进站口)",
    "3": "贵阳北站西广场",
    "4": "梦都主题酒店(贵阳高铁北站店)",
    "5": "油菜研究所",
    "6": "仡佬源民族酒楼",
    "7": "瑞幸咖啡(贵阳德福中心店)",
    "8": "花溪农商银行(高新支行)",
    "9": "仁心堂厚朴养生馆",
    "10": "白龙洞路",
    "11": "铸源健康生活馆",
    "12": "五二哥辣子鸡(金阳店)",
    "13": "牛如世家(贵阳世纪城龙吉苑店)",
    "14": "中国工商银行(世纪城支行)",
    "15": "杨氏大竹签烤肉",
    "16": "书亦烧仙草(中铁逸都国际店)",
    "17": "治安岗亭",
    "18": "观山湖区宾阳街道西南上城映山府",
    "19": "豪杰宾馆",
    "20": "杨春会活油土烙锅(碧桂园·观山府店)",
    "21": "金阳客车站候车大厅",
    "22": "鸿云宾馆(新金阳客车站店)",
    "23": "甘井时尚酒店(新金阳客车站店)",
    "24": "贵州恒耀钢化玻璃有限公司",
    "25": "贵州乐思教汽车工贸有限公司",
    "26": "贵阳世钟汽车配件有限公司",
    "27": "汽车电工",
    "28": "黔贵交通职业培训学校",
    "29": "金华镇蒿芝村委会",
    "30": "320国道",
    "31": "下铺村党支部"
  },
  "down": {
    "32": "下铺村党支部",
    "33": "320国道",
    "34": "金华镇蒿芝村委会",
    "35": "黔贵交通职业培训学校",
    "36": "汽车电工",
    "37": "贵阳世钟汽车配件有限公司",
    "38": "贵州乐思教汽车工贸有限公司",
    "39": "贵州恒耀钢化玻璃有限公司",
    "40": "甘井时尚酒店(新金阳客车站店)",
    "41": "鸿云宾馆(新金阳客车站店)",
    "42": "金阳客车站候车大厅",
    "43": "杨春会活油土烙锅(碧桂园·观山府店)",
    "44": "豪杰宾馆",
    "45": "观山湖区宾阳街道西南上城映山府",
    "46": "治安岗亭",
    "47": "书亦烧仙草(中铁逸都国际店)",
    "48": "杨氏大竹签烤肉",
    "49": "中国工商银行(世纪城支行)",
    "50": "牛如世家(贵阳世纪城龙吉苑店)",
    "51": "五二哥辣子鸡(金阳店)",
    "52": "铸源健康生活馆",
    "53": "白龙洞路",
    "54": "仁心堂厚朴养生馆",
    "55": "花溪农商银行(高新支行)",
    "56": "瑞幸咖啡(贵阳德福中心店)",
    "57": "仡佬源民族酒楼",
    "58": "油菜研究所",
    "59": "梦都主题酒店(贵阳高铁北站店)",
    "60": "贵阳北站西广场",
    "61": "贵阳北站(东进站口)",
    "62": "九茗茶舍"
  }
}