{
  "up": {
    "1": "中国普天·中央国际书香里",
    "2": "云岩公安分局金鸭派出所省广校警务室",
    "3": "但家香酥鸭(百花大道店)",
    "4": "鹏博五金工具",
    "5": "曹家岩廉租房",
    "6": "秘招专治颈椎",
    "7": "周记留一手烤鱼(三桥南路店)",
    "8": "兴隆枫丹白鹭城市花园-枫丹园",
    "9": "云岩蔡家关社区卫生服务站",
    "10": "栖凤路",
    "11": "耳语悦心",
    "12": "小车河路",
    "13": "二十六号屋顶自助烧烤",
    "14": "新新世纪工程机械专业技术培训有限责任公司",
    "15": "贵州省农科院研究生公寓",
    "16": "贵州省农科院附属中学",
    "17": "富红家具厂",
    "18": "贵州东方驾校科目二训练场",
    "19": "天豪·智能大酒店(贵阳花溪合朋店)",
    "20": "亿成石业",
    "21": "贵州千乡原电子商务有限公司",
    "22": "康打路",
    "23": "金东国际",
    "24": "人民大道",
    "25": "龙治",
    "26": "小博士双语幼儿园",
    "27": "一品鹅庄",
    "28": "天河潭旅游度假区3号停车场",
    "29": "贵州盛润再生资源回收有限公司",
    "30": "中铁十七局集团",
    "31": "麦湖路(地铁站)",
    "32": "中共湖潮苗族布依族乡委员会"
  },
  "down": {
    "33": "中共湖潮苗族布依族乡委员会",
    "34": "麦湖路(地铁站)",
    "35": "中铁十七局集团",
    "36": "贵州盛润再生资源回收有限公司",
    "37": "天河潭旅游度假区3号停车场",
    "38": "一品鹅庄",
    "39": "小博士双语幼儿园",
    "40": "龙治",
    "41": "人民大道",
    "42": "金东国际",
    "43": "康打路",
    "44": "贵州千乡原电子商务有限公司",
    "45": "亿成石业",
    "46": "天豪·智能大酒店(贵阳花溪合朋店)",
    "47": "贵州东方驾校科目二训练场",
    "48": "富红家具厂",
    "49": "贵州省农科院附属中学",
    "50": "贵州省农科院研究生公寓",
    "51": "新新世纪工程机械专业技术培训有限责任公司",
    "52": "二十六号屋顶自助烧烤",
    "53": "小车河路",
    "54": "耳语悦心",
    "55": "栖凤路",
    "56": "云岩蔡家关社区卫生服务站",
    "57": "兴隆枫丹白鹭城市花园-枫丹园",
    "58": "周记留一手烤鱼(三桥南路店)",
    "59": "秘招专治颈椎",
    "60": "曹家岩廉租房",
    "61": "鹏博五金工具",
    "62": "但家香酥鸭(百花大道店)",
    "63": "云岩公安分局金鸭派出所省广校警务室",
    "64": "中国普天·中央国际书香里"
  }
}