{
  "up": {
    "中国普天·中央国际书香里": 1,
    "云岩公安分局金鸭派出所省广校警务室": 2,
    "但家香酥鸭(百花大道店)": 3,
    "鹏博五金工具": 4,
    "曹家岩廉租房": 5,
    "秘招专治颈椎": 6,
    "周记留一手烤鱼(三桥南路店)": 7,
    "兴隆枫丹白鹭城市花园-枫丹园": 8,
    "云岩蔡家关社区卫生服务站": 9,
    "栖凤路": 10,
    "耳语悦心": 11,
    "小车河路": 12,
    "二十六号屋顶自助烧烤": 13,
    "新新世纪工程机械专业技术培训有限责任公司": 14,
    "贵州省农科院研究生公寓": 15,
    "贵州省农科院附属中学": 16,
    "富红家具厂": 17,
    "贵州东方驾校科目二训练场": 18,
    "天豪·智能大酒店(贵阳花溪合朋店)": 19,
    "亿成石业": 20,
    "贵州千乡原电子商务有限公司": 21,
    "康打路": 22,
    "金东国际": 23,
    "人民大道": 24,
    "龙治": 25,
    "小博士双语幼儿园": 26,
    "一品鹅庄": 27,
    "天河潭旅游度假区3号停车场": 28,
    "贵州盛润再生资源回收有限公司": 29,
    "中铁十七局集团": 30,
    "麦湖路(地铁站)": 31,
    "中共湖潮苗族布依族乡委员会": 32
  },
  "down": {
    "中共湖潮苗族布依族乡委员会": 33,
    "麦湖路(地铁站)": 34,
    "中铁十七局集团": 35,
    "贵州盛润再生资源回收有限公司": 36,
    "天河潭旅游度假区3号停车场": 37,
    "一品鹅庄": 38,
    "小博士双语幼儿园": 39,
    "龙治": 40,
    "人民大道": 41,
    "金东国际": 42,
    "康打路": 43,
    "贵州千乡原电子商务有限公司": 44,
    "亿成石业": 45,
    "天豪·智能大酒店(贵阳花溪合朋店)": 46,
    "贵州东方驾校科目二训练场": 47,
    "富红家具厂": 48,
    "贵州省农科院附属中学": 49,
    "贵州省农科院研究生公寓": 50,
    "新新世纪工程机械专业技术培训有限责任公司": 51,
    "二十六号屋顶自助烧烤": 52,
    "小车河路": 53,
    "耳语悦心": 54,
    "栖凤路": 55,
    "云岩蔡家关社区卫生服务站": 56,
    "兴隆枫丹白鹭城市花园-枫丹园": 57,
    "周记留一手烤鱼(三桥南路店)": 58,
    "秘招专治颈椎": 59,
    "曹家岩廉租房": 60,
    "鹏博五金工具": 61,
    "但家香酥鸭(百花大道店)": 62,
    "云岩公安分局金鸭派出所省广校警务室": 63,
    "中国普天·中央国际书香里": 64
  }
}