{
  "中共湖潮苗族布依族乡委员会": 1179,
  "麦湖路(地铁站)": 703,
  "中铁十七局集团": 612,
  "贵州盛润再生资源回收有限公司": 1690,
  "天河潭旅游度假区3号停车场": 650,
  "一品鹅庄": 693,
  "小博士双语幼儿园": 693,
  "龙治": 931,
  "人民大道": 1349,
  "金东国际": 509,
  "康打路": 1067,
  "贵州千乡原电子商务有限公司": 857,
  "亿成石业": 1072,
  "天豪·智能大酒店(贵阳花溪合朋店)": 2328,
  "贵州东方驾校科目二训练场": 1508,
  "富红家具厂": 537,
  "贵州省农科院附属中学": 517,
  "贵州省农科院研究生公寓": 1579,
  "新新世纪工程机械专业技术培训有限责任公司": 2220,
  "二十六号屋顶自助烧烤": 872,
  "小车河路": 654,
  "耳语悦心": 721,
  "栖凤路": 589,
  "云岩蔡家关社区卫生服务站": 609,
  "兴隆枫丹白鹭城市花园-枫丹园": 1761,
  "周记留一手烤鱼(三桥南路店)": 590,
  "秘招专治颈椎": 534,
  "曹家岩廉租房": 1223,
  "鹏博五金工具": 670,
  "但家香酥鸭(百花大道店)": 565,
  "云岩公安分局金鸭派出所省广校警务室": 538
}