{
  "中国普天·中央国际书香里": 437,
  "云岩公安分局金鸭派出所省广校警务室": 464,
  "但家香酥鸭(百花大道店)": 569,
  "鹏博五金工具": 1122,
  "曹家岩廉租房": 433,
  "秘招专治颈椎": 489,
  "周记留一手烤鱼(三桥南路店)": 1660,
  "兴隆枫丹白鹭城市花园-枫丹园": 508,
  "云岩蔡家关社区卫生服务站": 488,
  "栖凤路": 620,
  "耳语悦心": 553,
  "小车河路": 771,
  "二十六号屋顶自助烧烤": 2119,
  "新新世纪工程机械专业技术培训有限责任公司": 1478,
  "贵州省农科院研究生公寓": 416,
  "贵州省农科院附属中学": 436,
  "富红家具厂": 1407,
  "贵州东方驾校科目二训练场": 2227,
  "天豪·智能大酒店(贵阳花溪合朋店)": 971,
  "亿成石业": 756,
  "贵州千乡原电子商务有限公司": 966,
  "康打路": 408,
  "金东国际": 1248,
  "人民大道": 830,
  "龙治": 592,
  "小博士双语幼儿园": 592,
  "一品鹅庄": 549,
  "天河潭旅游度假区3号停车场": 1589,
  "贵州盛润再生资源回收有限公司": 511,
  "中铁十七局集团": 602,
  "麦湖路(地铁站)": 1078
}