{
  "绿谷宾馆": {
    "time": [
      "06:14:26",
      "06:29:28",
      "06:44:06",
      "06:59:50",
      "07:15:24",
      "07:29:53",
      "07:45:09",
      "08:00:40",
      "08:14:54",
      "08:30:39",
      "08:44:49",
      "08:59:14",
      "09:13:44",
      "09:28:32",
      "09:44:22",
      "09:59:05",
      "10:13:41",
      "10:29:04",
      "10:43:58",
      "10:58:57",
      "11:13:10",
      "11:27:30",
      "11:42:44",
      "11:58:17",
      "12:13:01",
      "12:28:01",
      "12:42:29",
      "12:57:12",
      "13:12:10",
      "13:27:27",
      "13:41:38",
      "13:56:15",
      "14:11:21",
      "14:26:56",
      "14:41:19",
      "14:56:33",
      "15:11:13",
      "15:25:44",
      "15:40:08",
      "15:54:56",
      "16:09:15",
      "16:24:19",
      "16:39:25",
      "16:55:10",
      "17:09:31",
      "17:23:43",
      "17:38:16",
      "17:53:24",
      "18:09:13",
      "18:24:07",
      "18:38:47",
      "18:54:36",
      "19:09:14",
      "19:24:54",
      "19:40:39",
      "19:55:16",
      "20:10:30",
      "20:25:32",
      "20:40:14",
      "20:56:03",
      "21:10:17",
      "21:26:01",
      "21:40:18",
      "21:55:11",
      "22:09:51"
    ],
    "board": [
      9,
      14,
      14,
      6,
      8,
      15,
      0,
      5,
      4,
      13,
      2,
      9,
      15,
      5,
      4,
      13,
      3,
      4,
      15,
      0,
      11,
      14,
      9,
      4,
      5,
      4,
      7,
      12,
      1,
      2,
      7,
      15,
      13,
      11,
      14,
      1,
      5,
      15,
      1,
      4,
      12,
      6,
      2,
      10,
      4,
      13,
      6,
      7,
      2,
      1,
      11,
      0,
      8,
      4,
      14,
      7,
      7,
      10,
      7,
      15,
      4,
      10,
      6,
      2,
      15
    ],
    "alight": [
      0,
      0,
      0,
      0,
      0,
      0,
      0,
      0,
      0,
      0,
      0,
      0,
      0,
      0,
      0,
      0,
      0,
      0,
      0,
      0,
      0,
      0,
      0,
      0,
      0,
      0,
      0,
      0,
      0,
      0,
      0,
      0,
      0,
      0,
      0,
      0,
      0,
      0,
      0,
      0,
      0,
      0,
      0,
      0,
      0,
      0,
      0,
      0,
      0,
      0,
      0,
      0,
      0,
      0,
      0,
      0,
      0,
      0,
      0,
      0,
      0,
      0,
      0,
      0,
      0
    ]
  },
  "中坝路": {
    "time": [
      "06:14:26",
      "06:29:28",
      "06:44:06",
      "06:59:50",
      "07:15:24",
      "07:29:53",
      "07:45:09",
      "08:00:40",
      "08:14:54",
      "08:30:39",
      "08:44:49",
      "08:59:14",
      "09:13:44",
      "09:28:32",
      "09:44:22",
      "09:59:05",
      "10:13:41",
      "10:29:04",
      "10:43:58",
      "10:58:57",
      "11:13:10",
      "11:27:30",
      "11:42:44",
      "11:58:17",
      "12:13:01",
      "12:28:01",
      "12:42:29",
      "12:57:12",
      "13:12:10",
      "13:27:27",
      "13:41:38",
      "13:56:15",
      "14:11:21",
      "14:26:56",
      "14:41:19",
      "14:56:33",
      "15:11:13",
      "15:25:44",
      "15:40:08",
      "15:54:56",
      "16:09:15",
      "16:24:19",
      "16:39:25",
      "16:55:10",
      "17:09:31",
      "17:23:43",
      "17:38:16",
      "17:53:24",
      "18:09:13",
      "18:24:07",
      "18:38:47",
      "18:54:36",
      "19:09:14",
      "19:24:54",
      "19:40:39",
      "19:55:16",
      "20:10:30",
      "20:25:32",
      "20:40:14",
      "20:56:03",
      "21:10:17",
      "21:26:01",
      "21:40:18",
      "21:55:11",
      "22:09:51"
    ],
    "board": [
      1,
      11,
      7,
      9,
      15,
      4,
      15,
      10,
      14,
      2,
      7,
      7,
      3,
      6,
      7,
      4,
      7,
      11,
      6,
      9,
      10,
      6,
      6,
      11,
      0,
      3,
      13,
      7,
      9,
      14,
      9,
      7,
      11,
      10,
      7,
      9,
      0,
      0,
      0,
      8,
      15,
      12,
      4,
      14,
      6,
      6,
      13,
      10,
      10,
      5,
      1,
      9,
      12,
      9,
      4,
      6,
      7,
      15,
      2,
      11,
      8,
      9,
      3,
      8,
      5
    ],
    "alight": [
      0,
      0,
      0,
      0,
      0,
      0,
      0,
      0,
      0,
      0,
      0,
      0,
      0,
      0,
      0,
      0,
      0,
      0,
      0,
      0,
      0,
      0,
      0,
      0,
      0,
      0,
      0,
      0,
      0,
      0,
      0,
      0,
      0,
      0,
      0,
      0,
      0,
      0,
      0,
      0,
      0,
      0,
      0,
      0,
      0,
      0,
      0,
      0,
      0,
      0,
      0,
      0,
      0,
      0,
      0,
      0,
      0,
      0,
      0,
      0,
      0,
      0,
      0,
      0,
      0
    ]
  },
  "广信四季家园": {
    "time": [
      "06:14:26",
      "06:29:28",
      "06:44:06",
      "06:59:50",
      "07:15:24",
      "07:29:53",
      "07:45:09",
      "08:00:40",
      "08:14:54",
      "08:30:39",
      "08:44:49",
      "08:59:14",
      "09:13:44",
      "09:28:32",
      "09:44:22",
      "09:59:05",
      "10:13:41",
      "10:29:04",
      "10:43:58",
      "10:58:57",
      "11:13:10",
      "11:27:30",
      "11:42:44",
      "11:58:17",
      "12:13:01",
      "12:28:01",
      "12:42:29",
      "12:57:12",
      "13:12:10",
      "13:27:27",
      "13:41:38",
      "13:56:15",
      "14:11:21",
      "14:26:56",
      "14:41:19",
      "14:56:33",
      "15:11:13",
      "15:25:44",
      "15:40:08",
      "15:54:56",
      "16:09:15",
      "16:24:19",
      "16:39:25",
      "16:55:10",
      "17:09:31",
      "17:23:43",
      "17:38:16",
      "17:53:24",
      "18:09:13",
      "18:24:07",
      "18:38:47",
      "18:54:36",
      "19:09:14",
      "19:24:54",
      "19:40:39",
      "19:55:16",
      "20:10:30",
      "20:25:32",
      "20:40:14",
      "20:56:03",
      "21:10:17",
      "21:26:01",
      "21:40:18",
      "21:55:11",
      "22:09:51"
    ],
    "board": [
      0,
      2,
      7,
      15,
      4,
      3,
      1,
      13,
      10,
      13,
      3,
      11,
      5,
      1,
      5,
      10,
      7,
      13,
      6,
      5,
      6,
      15,
      12,
      10,
      3,
      7,
      9,
      9,
      5,
      11,
      0,
      2,
      2,
      9,
      4,
      15,
      14,
      3,
      2,
      5,
      13,
      1,
      11,
      6,
      14,
      4,
      1,
      15,
      14,
      10,
      4,
      3,
      2,
      13,
      2,
      11,
      1,
      7,
      6,
      8,
      8,
      7,
      7,
      7,
      8
    ],
    "alight": [
      0,
      0,
      0,
      0,
      0,
      3,
      0,
      0,
      0,
      0,
      0,
      0,
      0,
      3,
      0,
      0,
      0,
      0,
      0,
      0,
      0,
      0,
      0,
      0,
      0,
      0,
      0,
      0,
      0,
      0,
      0,
      0,
      0,
      0,
      0,
      0,
      0,
      0,
      0,
      0,
      0,
      0,
      0,
      0,
      0,
      0,
      0,
      0,
      0,
      0,
      0,
      0,
      0,
      0,
      0,
      0,
      0,
      3,
      0,
      0,
      0,
      0,
      0,
      0,
      0
    ]
  },
  "贵阳聚鑫源宾馆(北京西路地铁站店)": {
    "time": [
      "06:14:26",
      "06:29:28",
      "06:44:06",
      "06:59:50",
      "07:15:24",
      "07:29:53",
      "07:45:09",
      "08:00:40",
      "08:14:54",
      "08:30:39",
      "08:44:49",
      "08:59:14",
      "09:13:44",
      "09:28:32",
      "09:44:22",
      "09:59:05",
      "10:13:41",
      "10:29:04",
      "10:43:58",
      "10:58:57",
      "11:13:10",
      "11:27:30",
      "11:42:44",
      "11:58:17",
      "12:13:01",
      "12:28:01",
      "12:42:29",
      "12:57:12",
      "13:12:10",
      "13:27:27",
      "13:41:38",
      "13:56:15",
      "14:11:21",
      "14:26:56",
      "14:41:19",
      "14:56:33",
      "15:11:13",
      "15:25:44",
      "15:40:08",
      "15:54:56",
      "16:09:15",
      "16:24:19",
      "16:39:25",
      "16:55:10",
      "17:09:31",
      "17:23:43",
      "17:38:16",
      "17:53:24",
      "18:09:13",
      "18:24:07",
      "18:38:47",
      "18:54:36",
      "19:09:14",
      "19:24:54",
      "19:40:39",
      "19:55:16",
      "20:10:30",
      "20:25:32",
      "20:40:14",
      "20:56:03",
      "21:10:17",
      "21:26:01",
      "21:40:18",
      "21:55:11",
      "22:09:51"
    ],
    "board": [
      6,
      2,
      7,
      14,
      15,
      10,
      0,
      7,
      5,
      15,
      12,
      14,
      7,
      13,
      2,
      2,
      14,
      5,
      14,
      9,
      13,
      0,
      1,
      3,
      14,
      15,
      5,
      11,
      15,
      9,
      7,
      5,
      3,
      9,
      13,
      8,
      3,
      10,
      1,
      3,
      12,
      10,
      3,
      1,
      4,
      2,
      13,
      0,
      3,
      3,
      1,
      11,
      9,
      7,
      7,
      12,
      10,
      7,
      11,
      2,
      9,
      8,
      13,
      0,
      1
    ],
    "alight": [
      0,
      1,
      0,
      0,
      0,
      0,
      0,
      0,
      0,
      0,
      0,
      0,
      1,
      0,
      0,
      0,
      0,
      0,
      0,
      0,
      0,
      0,
      4,
      0,
      0,
      0,
      0,
      0,
      0,
      0,
      0,
      0,
      0,
      0,
      0,
      0,
      0,
      0,
      0,
      0,
      0,
      0,
      0,
      0,
      0,
      0,
      0,
      0,
      0,
      0,
      0,
      0,
      0,
      0,
      0,
      0,
      0,
      0,
      0,
      0,
      0,
      0,
      0,
      4,
      0
    ]
  },
  "海底捞火锅(数博万达店)": {
    "time": [
      "06:14:26",
      "06:29:28",
      "06:44:06",
      "06:59:50",
      "07:15:24",
      "07:29:53",
      "07:45:09",
      "08:00:40",
      "08:14:54",
      "08:30:39",
      "08:44:49",
      "08:59:14",
      "09:13:44",
      "09:28:32",
      "09:44:22",
      "09:59:05",
      "10:13:41",
      "10:29:04",
      "10:43:58",
      "10:58:57",
      "11:13:10",
      "11:27:30",
      "11:42:44",
      "11:58:17",
      "12:13:01",
      "12:28:01",
      "12:42:29",
      "12:57:12",
      "13:12:10",
      "13:27:27",
      "13:41:38",
      "13:56:15",
      "14:11:21",
      "14:26:56",
      "14:41:19",
      "14:56:33",
      "15:11:13",
      "15:25:44",
      "15:40:08",
      "15:54:56",
      "16:09:15",
      "16:24:19",
      "16:39:25",
      "16:55:10",
      "17:09:31",
      "17:23:43",
      "17:38:16",
      "17:53:24",
      "18:09:13",
      "18:24:07",
      "18:38:47",
      "18:54:36",
      "19:09:14",
      "19:24:54",
      "19:40:39",
      "19:55:16",
      "20:10:30",
      "20:25:32",
      "20:40:14",
      "20:56:03",
      "21:10:17",
      "21:26:01",
      "21:40:18",
      "21:55:11",
      "22:09:51"
    ],
    "board": [
      4,
      0,
      15,
      11,
      6,
      8,
      2,
      14,
      1,
      2,
      10,
      5,
      15,
      9,
      3,
      12,
      14,
      14,
      1,
      12,
      12,
      3,
      13,
      10,
      14,
      11,
      7,
      9,
      5,
      12,
      2,
      14,
      14,
      8,
      5,
      7,
      15,
      1,
      6,
      2,
      2,
      9,
      14,
      3,
      1,
      2,
      1,
      1,
      8,
      6,
      12,
      1,
      4,
      12,
      14,
      4,
      12,
      1,
      7,
      7,
      6,
      14,
      10,
      9,
      3
    ],
    "alight": [
      3,
      0,
      1,
      14,
      8,
      9,
      5,
      10,
      8,
      1,
      6,
      6,
      13,
      5,
      3,
      13,
      3,
      1,
      7,
      4,
      14,
      1,
      2,
      4,
      12,
      4,
      11,
      13,
      9,
      3,
      4,
      4,
      9,
      7,
      1,
      0,
      13,
      10,
      2,
      6,
      12,
      0,
      10,
      2,
      11,
      14,
      3,
      1,
      5,
      13,
      4,
      7,
      11,
      3,
      5,
      0,
      2,
      1,
      4,
      6,
      6,
      4,
      2,
      8,
      4
    ]
  },
  "超凡空间电竞酒店": {
    "time": [
      "06:14:26",
      "06:29:28",
      "06:44:06",
      "06:59:50",
      "07:15:24",
      "07:29:53",
      "07:45:09",
      "08:00:40",
      "08:14:54",
      "08:30:39",
      "08:44:49",
      "08:59:14",
      "09:13:44",
      "09:28:32",
      "09:44:22",
      "09:59:05",
      "10:13:41",
      "10:29:04",
      "10:43:58",
      "10:58:57",
      "11:13:10",
      "11:27:30",
      "11:42:44",
      "11:58:17",
      "12:13:01",
      "12:28:01",
      "12:42:29",
      "12:57:12",
      "13:12:10",
      "13:27:27",
      "13:41:38",
      "13:56:15",
      "14:11:21",
      "14:26:56",
      "14:41:19",
      "14:56:33",
      "15:11:13",
      "15:25:44",
      "15:40:08",
      "15:54:56",
      "16:09:15",
      "16:24:19",
      "16:39:25",
      "16:55:10",
      "17:09:31",
      "17:23:43",
      "17:38:16",
      "17:53:24",
      "18:09:13",
      "18:24:07",
      "18:38:47",
      "18:54:36",
      "19:09:14",
      "19:24:54",
      "19:40:39",
      "19:55:16",
      "20:10:30",
      "20:25:32",
      "20:40:14",
      "20:56:03",
      "21:10:17",
      "21:26:01",
      "21:40:18",
      "21:55:11",
      "22:09:51"
    ],
    "board": [
      15,
      10,
      11,
      15,
      11,
      14,
      2,
      8,
      3,
      3,
      11,
      11,
      10,
      13,
      9,
      0,
      6,
      2,
      12,
      6,
      12,
      4,
      8,
      6,
      6,
      1,
      1,
      2,
      7,
      10,
      1,
      14,
      4,
      1,
      15,
      1,
      7,
      13,
      5,
      8,
      5,
      14,
      3,
      10,
      12,
      3,
      10,
      2,
      7,
      8,
      9,
      15,
      14,
      7,
      5,
      9,
      0,
      10,
      10,
      8,
      2,
      1,
      1,
      6,
      15
    ],
    "alight": [
      6,
      6,
      4,
      10,
      14,
      11,
      0,
      9,
      7,
      3,
      14,
      9,
      3,
      9,
      10,
      3,
      12,
      10,
      8,
      11,
      0,
      12,
      6,
      10,
      8,
      15,
      3,
      14,
      14,
      3,
      1,
      6,
      6,
      3,
      1,
      6,
      11,
      15,
      12,
      4,
      13,
      4,
      15,
      7,
      8,
      8,
      0,
      4,
      1,
      2,
      15,
      9,
      4,
      4,
      11,
      5,
      1,
      11,
      4,
      13,
      12,
      0,
      12,
      12,
      3
    ]
  },
  "老牌仔姜鸭(贵阳世纪城龙锦苑店)": {
    "time": [
      "06:14:26",
      "06:29:28",
      "06:44:06",
      "06:59:50",
      "07:15:24",
      "07:29:53",
      "07:45:09",
      "08:00:40",
      "08:14:54",
      "08:30:39",
      "08:44:49",
      "08:59:14",
      "09:13:44",
      "09:28:32",
      "09:44:22",
      "09:59:05",
      "10:13:41",
      "10:29:04",
      "10:43:58",
      "10:58:57",
      "11:13:10",
      "11:27:30",
      "11:42:44",
      "11:58:17",
      "12:13:01",
      "12:28:01",
      "12:42:29",
      "12:57:12",
      "13:12:10",
      "13:27:27",
      "13:41:38",
      "13:56:15",
      "14:11:21",
      "14:26:56",
      "14:41:19",
      "14:56:33",
      "15:11:13",
      "15:25:44",
      "15:40:08",
      "15:54:56",
      "16:09:15",
      "16:24:19",
      "16:39:25",
      "16:55:10",
      "17:09:31",
      "17:23:43",
      "17:38:16",
      "17:53:24",
      "18:09:13",
      "18:24:07",
      "18:38:47",
      "18:54:36",
      "19:09:14",
      "19:24:54",
      "19:40:39",
      "19:55:16",
      "20:10:30",
      "20:25:32",
      "20:40:14",
      "20:56:03",
      "21:10:17",
      "21:26:01",
      "21:40:18",
      "21:55:11",
      "22:09:51"
    ],
    "board": [
      13,
      6,
      14,
      2,
      4,
      14,
      5,
      6,
      2,
      3,
      15,
      3,
      10,
      1,
      5,
      13,
      7,
      5,
      15,
      2,
      2,
      9,
      13,
      12,
      8,
      9,
      11,
      12,
      5,
      12,
      1,
      1,
      12,
      4,
      6,
      14,
      15,
      10,
      2,
      0,
      12,
      6,
      14,
      2,
      2,
      0,
      14,
      6,
      13,
      7,
      12,
      0,
      15,
      4,
      12,
      0,
      4,
      3,
      5,
      7,
      5,
      8,
      12,
      2,
      15
    ],
    "alight": [
      11,
      4,
      7,
      12,
      11,
      1,
      1,
      9,
      13,
      12,
      6,
      7,
      3,
      9,
      7,
      1,
      5,
      4,
      4,
      8,
      11,
      6,
      5,
      14,
      2,
      15,
      15,
      4,
      14,
      5,
      6,
      7,
      15,
      5,
      8,
      0,
      3,
      3,
      9,
      1,
      13,
      2,
      3,
      10,
      9,
      14,
      0,
      1,
      9,
      1,
      14,
      12,
      7,
      14,
      2,
      14,
      13,
      13,
      6,
      1,
      12,
      2,
      1,
      14,
      15
    ]
  },
  "苏记胖子酱爆肉(金源街中店)": {
    "time": [
      "06:14:26",
      "06:29:28",
      "06:44:06",
      "06:59:50",
      "07:15:24",
      "07:29:53",
      "07:45:09",
      "08:00:40",
      "08:14:54",
      "08:30:39",
      "08:44:49",
      "08:59:14",
      "09:13:44",
      "09:28:32",
      "09:44:22",
      "09:59:05",
      "10:13:41",
      "10:29:04",
      "10:43:58",
      "10:58:57",
      "11:13:10",
      "11:27:30",
      "11:42:44",
      "11:58:17",
      "12:13:01",
      "12:28:01",
      "12:42:29",
      "12:57:12",
      "13:12:10",
      "13:27:27",
      "13:41:38",
      "13:56:15",
      "14:11:21",
      "14:26:56",
      "14:41:19",
      "14:56:33",
      "15:11:13",
      "15:25:44",
      "15:40:08",
      "15:54:56",
      "16:09:15",
      "16:24:19",
      "16:39:25",
      "16:55:10",
      "17:09:31",
      "17:23:43",
      "17:38:16",
      "17:53:24",
      "18:09:13",
      "18:24:07",
      "18:38:47",
      "18:54:36",
      "19:09:14",
      "19:24:54",
      "19:40:39",
      "19:55:16",
      "20:10:30",
      "20:25:32",
      "20:40:14",
      "20:56:03",
      "21:10:17",
      "21:26:01",
      "21:40:18",
      "21:55:11",
      "22:09:51"
    ],
    "board": [
      8,
      6,
      7,
      2,
      8,
      7,
      15,
      6,
      15,
      6,
      12,
      3,
      13,
      6,
      14,
      10,
      3,
      15,
      13,
      2,
      8,
      13,
      0,
      10,
      8,
      3,
      5,
      9,
      11,
      4,
      6,
      3,
      15,
      6,
      4,
      6,
      15,
      3,
      2,
      11,
      0,
      12,
      1,
      13,
      4,
      9,
      15,
      12,
      3,
      13,
      15,
      5,
      4,
      3,
      2,
      13,
      5,
      2,
      0,
      3,
      9,
      5,
      3,
      0,
      15
    ],
    "alight": [
      5,
      11,
      0,
      0,
      5,
      1,
      14,
      10,
      5,
      8,
      10,
      6,
      10,
      1,
      14,
      9,
      10,
      7,
      4,
      12,
      9,
      2,
      4,
      9,
      13,
      9,
      5,
      5,
      2,
      13,
      7,
      13,
      2,
      1,
      15,
      1,
      9,
      12,
      13,
      1,
      14,
      5,
      12,
      6,
      2,
      7,
      15,
      7,
      8,
      2,
      2,
      10,
      9,
      14,
      15,
      14,
      0,
      1,
      6,
      8,
      6,
      0,
      0,
      15,
      11
    ]
  },
  "阮记天津灌汤小笼包(福州街店)": {
    "time": [
      "06:14:26",
      "06:29:28",
      "06:44:06",
      "06:59:50",
      "07:15:24",
      "07:29:53",
      "07:45:09",
      "08:00:40",
      "08:14:54",
      "08:30:39",
      "08:44:49",
      "08:59:14",
      "09:13:44",
      "09:28:32",
      "09:44:22",
      "09:59:05",
      "10:13:41",
      "10:29:04",
      "10:43:58",
      "10:58:57",
      "11:13:10",
      "11:27:30",
      "11:42:44",
      "11:58:17",
      "12:13:01",
      "12:28:01",
      "12:42:29",
      "12:57:12",
      "13:12:10",
      "13:27:27",
      "13:41:38",
      "13:56:15",
      "14:11:21",
      "14:26:56",
      "14:41:19",
      "14:56:33",
      "15:11:13",
      "15:25:44",
      "15:40:08",
      "15:54:56",
      "16:09:15",
      "16:24:19",
      "16:39:25",
      "16:55:10",
      "17:09:31",
      "17:23:43",
      "17:38:16",
      "17:53:24",
      "18:09:13",
      "18:24:07",
      "18:38:47",
      "18:54:36",
      "19:09:14",
      "19:24:54",
      "19:40:39",
      "19:55:16",
      "20:10:30",
      "20:25:32",
      "20:40:14",
      "20:56:03",
      "21:10:17",
      "21:26:01",
      "21:40:18",
      "21:55:11",
      "22:09:51"
    ],
    "board": [
      6,
      3,
      14,
      13,
      9,
      5,
      11,
      12,
      14,
      0,
      14,
      4,
      10,
      1,
      7,
      4,
      7,
      15,
      11,
      14,
      13,
      3,
      11,
      6,
      4,
      8,
      13,
      12,
      14,
      13,
      11,
      0,
      5,
      12,
      0,
      1,
      13,
      3,
      10,
      4,
      5,
      11,
      12,
      5,
      1,
      4,
      11,
      15,
      5,
      13,
      6,
      12,
      15,
      11,
      6,
      12,
      14,
      8,
      4,
      9,
      3,
      0,
      11,
      15,
      13
    ],
    "alight": [
      9,
      5,
      10,
      13,
      11,
      13,
      3,
      0,
      15,
      11,
      14,
      15,
      12,
      10,
      3,
      8,
      10,
      4,
      15,
      6,
      4,
      2,
      10,
      10,
      7,
      13,
      9,
      15,
      9,
      13,
      8,
      6,
      9,
      8,
      7,
      1,
      1,
      1,
      5,
      3,
      6,
      15,
      1,
      9,
      12,
      4,
      12,
      7,
      2,
      5,
      8,
      10,
      15,
      15,
      11,
      12,
      6,
      7,
      12,
      12,
      14,
      9,
      0,
      3,
      12
    ]
  },
  "贵阳市露果酒店": {
    "time": [
      "06:14:26",
      "06:29:28",
      "06:44:06",
      "06:59:50",
      "07:15:24",
      "07:29:53",
      "07:45:09",
      "08:00:40",
      "08:14:54",
      "08:30:39",
      "08:44:49",
      "08:59:14",
      "09:13:44",
      "09:28:32",
      "09:44:22",
      "09:59:05",
      "10:13:41",
      "10:29:04",
      "10:43:58",
      "10:58:57",
      "11:13:10",
      "11:27:30",
      "11:42:44",
      "11:58:17",
      "12:13:01",
      "12:28:01",
      "12:42:29",
      "12:57:12",
      "13:12:10",
      "13:27:27",
      "13:41:38",
      "13:56:15",
      "14:11:21",
      "14:26:56",
      "14:41:19",
      "14:56:33",
      "15:11:13",
      "15:25:44",
      "15:40:08",
      "15:54:56",
      "16:09:15",
      "16:24:19",
      "16:39:25",
      "16:55:10",
      "17:09:31",
      "17:23:43",
      "17:38:16",
      "17:53:24",
      "18:09:13",
      "18:24:07",
      "18:38:47",
      "18:54:36",
      "19:09:14",
      "19:24:54",
      "19:40:39",
      "19:55:16",
      "20:10:30",
      "20:25:32",
      "20:40:14",
      "20:56:03",
      "21:10:17",
      "21:26:01",
      "21:40:18",
      "21:55:11",
      "22:09:51"
    ],
    "board": [
      12,
      6,
      9,
      13,
      0,
      6,
      8,
      11,
      5,
      1,
      9,
      2,
      12,
      3,
      11,
      0,
      0,
      2,
      1,
      10,
      14,
      7,
      7,
      4,
      14,
      9,
      5,
      15,
      14,
      10,
      12,
      1,
      2,
      11,
      11,
      2,
      2,
      11,
      8,
      10,
      3,
      6,
      14,
      8,
      4,
      11,
      3,
      2,
      14,
      11,
      3,
      10,
      0,
      11,
      7,
      0,
      3,
      5,
      14,
      6,
      4,
      14,
      1,
      9,
      13
    ],
    "alight": [
      14,
      5,
      6,
      14,
      0,
      6,
      7,
      1,
      6,
      0,
      12,
      10,
      10,
      13,
      0,
      12,
      14,
      1,
      0,
      15,
      0,
      2,
      11,
      14,
      5,
      0,
      5,
      12,
      6,
      4,
      15,
      4,
      0,
      0,
      1,
      2,
      13,
      3,
      3,
      2,
      6,
      8,
      5,
      9,
      8,
      11,
      0,
      7,
      5,
      15,
      4,
      10,
      3,
      13,
      6,
      5,
      0,
      2,
      6,
      7,
      9,
      9,
      4,
      14,
      12
    ]
  },
  "世好健康(中铁逸都店)": {
    "time": [
      "06:14:26",
      "06:29:28",
      "06:44:06",
      "06:59:50",
      "07:15:24",
      "07:29:53",
      "07:45:09",
      "08:00:40",
      "08:14:54",
      "08:30:39",
      "08:44:49",
      "08:59:14",
      "09:13:44",
      "09:28:32",
      "09:44:22",
      "09:59:05",
      "10:13:41",
      "10:29:04",
      "10:43:58",
      "10:58:57",
      "11:13:10",
      "11:27:30",
      "11:42:44",
      "11:58:17",
      "12:13:01",
      "12:28:01",
      "12:42:29",
      "12:57:12",
      "13:12:10",
      "13:27:27",
      "13:41:38",
      "13:56:15",
      "14:11:21",
      "14:26:56",
      "14:41:19",
      "14:56:33",
      "15:11:13",
      "15:25:44",
      "15:40:08",
      "15:54:56",
      "16:09:15",
      "16:24:19",
      "16:39:25",
      "16:55:10",
      "17:09:31",
      "17:23:43",
      "17:38:16",
      "17:53:24",
      "18:09:13",
      "18:24:07",
      "18:38:47",
      "18:54:36",
      "19:09:14",
      "19:24:54",
      "19:40:39",
      "19:55:16",
      "20:10:30",
      "20:25:32",
      "20:40:14",
      "20:56:03",
      "21:10:17",
      "21:26:01",
      "21:40:18",
      "21:55:11",
      "22:09:51"
    ],
    "board": [
      3,
      4,
      10,
      12,
      3,
      2,
      11,
      9,
      4,
      10,
      14,
      1,
      8,
      7,
      8,
      8,
      15,
      8,
      5,
      7,
      3,
      1,
      14,
      13,
      6,
      12,
      8,
      12,
      6,
      12,
      14,
      11,
      3,
      15,
      3,
      14,
      11,
      2,
      1,
      7,
      15,
      7,
      6,
      12,
      3,
      7,
      7,
      0,
      7,
      9,
      8,
      13,
      3,
      2,
      7,
      11,
      5,
      5,
      2,
      0,
      1,
      2,
      11,
      12,
      4
    ],
    "alight": [
      2,
      13,
      14,
      15,
      8,
      9,
      0,
      8,
      2,
      6,
      2,
      4,
      3,
      6,
      7,
      2,
      0,
      6,
      7,
      12,
      2,
      3,
      6,
      11,
      10,
      13,
      10,
      1,
      9,
      13,
      6,
      8,
      14,
      12,
      13,
      9,
      13,
      4,
      9,
      10,
      2,
      11,
      10,
      3,
      7,
      3,
      4,
      4,
      12,
      7,
      5,
      5,
      1,
      8,
      9,
      7,
      14,
      10,
      1,
      8,
      0,
      0,
      13,
      10,
      13
    ]
  },
  "绝味鸭脖(中铁逸都店)": {
    "time": [
      "06:14:26",
      "06:29:28",
      "06:44:06",
      "06:59:50",
      "07:15:24",
      "07:29:53",
      "07:45:09",
      "08:00:40",
      "08:14:54",
      "08:30:39",
      "08:44:49",
      "08:59:14",
      "09:13:44",
      "09:28:32",
      "09:44:22",
      "09:59:05",
      "10:13:41",
      "10:29:04",
      "10:43:58",
      "10:58:57",
      "11:13:10",
      "11:27:30",
      "11:42:44",
      "11:58:17",
      "12:13:01",
      "12:28:01",
      "12:42:29",
      "12:57:12",
      "13:12:10",
      "13:27:27",
      "13:41:38",
      "13:56:15",
      "14:11:21",
      "14:26:56",
      "14:41:19",
      "14:56:33",
      "15:11:13",
      "15:25:44",
      "15:40:08",
      "15:54:56",
      "16:09:15",
      "16:24:19",
      "16:39:25",
      "16:55:10",
      "17:09:31",
      "17:23:43",
      "17:38:16",
      "17:53:24",
      "18:09:13",
      "18:24:07",
      "18:38:47",
      "18:54:36",
      "19:09:14",
      "19:24:54",
      "19:40:39",
      "19:55:16",
      "20:10:30",
      "20:25:32",
      "20:40:14",
      "20:56:03",
      "21:10:17",
      "21:26:01",
      "21:40:18",
      "21:55:11",
      "22:09:51"
    ],
    "board": [
      5,
      4,
      0,
      12,
      1,
      3,
      13,
      5,
      0,
      5,
      1,
      0,
      9,
      13,
      14,
      10,
      10,
      5,
      3,
      12,
      2,
      5,
      14,
      10,
      7,
      2,
      0,
      0,
      9,
      6,
      6,
      6,
      13,
      14,
      4,
      3,
      1,
      2,
      10,
      14,
      8,
      9,
      10,
      5,
      13,
      11,
      3,
      5,
      4,
      2,
      9,
      3,
      8,
      2,
      2,
      15,
      14,
      5,
      10,
      2,
      1,
      4,
      12,
      13,
      11
    ],
    "alight": [
      7,
      12,
      14,
      6,
      12,
      15,
      6,
      4,
      2,
      9,
      15,
      6,
      7,
      13,
      10,
      3,
      14,
      8,
      10,
      6,
      3,
      6,
      1,
      14,
      1,
      9,
      7,
      13,
      6,
      8,
      7,
      12,
      15,
      3,
      7,
      1,
      13,
      11,
      0,
      15,
      10,
      1,
      8,
      2,
      14,
      3,
      3,
      4,
      9,
      9,
      0,
      5,
      11,
      8,
      2,
      10,
      3,
      13,
      14,
      5,
      15,
      7,
      8,
      11,
      3
    ]
  },
  "金龙路": {
    "time": [
      "06:14:26",
      "06:29:28",
      "06:44:06",
      "06:59:50",
      "07:15:24",
      "07:29:53",
      "07:45:09",
      "08:00:40",
      "08:14:54",
      "08:30:39",
      "08:44:49",
      "08:59:14",
      "09:13:44",
      "09:28:32",
      "09:44:22",
      "09:59:05",
      "10:13:41",
      "10:29:04",
      "10:43:58",
      "10:58:57",
      "11:13:10",
      "11:27:30",
      "11:42:44",
      "11:58:17",
      "12:13:01",
      "12:28:01",
      "12:42:29",
      "12:57:12",
      "13:12:10",
      "13:27:27",
      "13:41:38",
      "13:56:15",
      "14:11:21",
      "14:26:56",
      "14:41:19",
      "14:56:33",
      "15:11:13",
      "15:25:44",
      "15:40:08",
      "15:54:56",
      "16:09:15",
      "16:24:19",
      "16:39:25",
      "16:55:10",
      "17:09:31",
      "17:23:43",
      "17:38:16",
      "17:53:24",
      "18:09:13",
      "18:24:07",
      "18:38:47",
      "18:54:36",
      "19:09:14",
      "19:24:54",
      "19:40:39",
      "19:55:16",
      "20:10:30",
      "20:25:32",
      "20:40:14",
      "20:56:03",
      "21:10:17",
      "21:26:01",
      "21:40:18",
      "21:55:11",
      "22:09:51"
    ],
    "board": [
      13,
      0,
      1,
      12,
      7,
      1,
      0,
      4,
      15,
      14,
      9,
      7,
      15,
      5,
      7,
      3,
      15,
      14,
      5,
      10,
      8,
      3,
      6,
      2,
      11,
      8,
      10,
      11,
      15,
      0,
      5,
      15,
      4,
      1,
      14,
      13,
      1,
      14,
      9,
      1,
      7,
      11,
      13,
      14,
      0,
      0,
      15,
      14,
      1,
      11,
      9,
      9,
      11,
      8,
      13,
      15,
      2,
      2,
      12,
      11,
      4,
      12,
      15,
      1,
      15
    ],
    "alight": [
      2,
      2,
      5,
      10,
      6,
      10,
      5,
      9,
      7,
      11,
      9,
      7,
      13,
      0,
      9,
      11,
      0,
      0,
      11,
      8,
      2,
      9,
      12,
      14,
      13,
      4,
      12,
      14,
      15,
      14,
      12,
      7,
      8,
      1,
      14,
      5,
      12,
      11,
      4,
      9,
      9,
      2,
      0,
      15,
      4,
      13,
      8,
      0,
      14,
      14,
      9,
      11,
      6,
      6,
      3,
      0,
      7,
      11,
      12,
      2,
      10,
      10,
      8,
      14,
      6
    ]
  },
  "北京西路辅路": {
    "time": [
      "06:14:26",
      "06:29:28",
      "06:44:06",
      "06:59:50",
      "07:15:24",
      "07:29:53",
      "07:45:09",
      "08:00:40",
      "08:14:54",
      "08:30:39",
      "08:44:49",
      "08:59:14",
      "09:13:44",
      "09:28:32",
      "09:44:22",
      "09:59:05",
      "10:13:41",
      "10:29:04",
      "10:43:58",
      "10:58:57",
      "11:13:10",
      "11:27:30",
      "11:42:44",
      "11:58:17",
      "12:13:01",
      "12:28:01",
      "12:42:29",
      "12:57:12",
      "13:12:10",
      "13:27:27",
      "13:41:38",
      "13:56:15",
      "14:11:21",
      "14:26:56",
      "14:41:19",
      "14:56:33",
      "15:11:13",
      "15:25:44",
      "15:40:08",
      "15:54:56",
      "16:09:15",
      "16:24:19",
      "16:39:25",
      "16:55:10",
      "17:09:31",
      "17:23:43",
      "17:38:16",
      "17:53:24",
      "18:09:13",
      "18:24:07",
      "18:38:47",
      "18:54:36",
      "19:09:14",
      "19:24:54",
      "19:40:39",
      "19:55:16",
      "20:10:30",
      "20:25:32",
      "20:40:14",
      "20:56:03",
      "21:10:17",
      "21:26:01",
      "21:40:18",
      "21:55:11",
      "22:09:51"
    ],
    "board": [
      2,
      7,
      7,
      8,
      3,
      5,
      6,
      14,
      15,
      5,
      9,
      6,
      11,
      11,
      10,
      15,
      4,
      0,
      10,
      12,
      6,
      5,
      13,
      14,
      7,
      3,
      4,
      8,
      3,
      7,
      6,
      8,
      11,
      7,
      5,
      2,
      11,
      8,
      0,
      5,
      10,
      1,
      2,
      2,
      1,
      11,
      15,
      10,
      11,
      6,
      12,
      5,
      0,
      3,
      6,
      12,
      3,
      7,
      5,
      2,
      1,
      11,
      4,
      10,
      14
    ],
    "alight": [
      7,
      4,
      9,
      0,
      6,
      3,
      8,
      2,
      15,
      5,
      5,
      12,
      7,
      5,
      0,
      3,
      15,
      4,
      12,
      9,
      0,
      5,
      7,
      6,
      15,
      5,
      11,
      13,
      6,
      5,
      11,
      3,
      14,
      15,
      6,
      14,
      14,
      8,
      7,
      12,
      9,
      6,
      4,
      13,
      14,
      13,
      6,
      7,
      15,
      3,
      7,
      6,
      12,
      7,
      12,
      9,
      7,
      10,
      2,
      2,
      5,
      5,
      8,
      2,
      14
    ]
  },
  "观山湖区外国语实验中学·南校区": {
    "time": [
      "06:14:26",
      "06:29:28",
      "06:44:06",
      "06:59:50",
      "07:15:24",
      "07:29:53",
      "07:45:09",
      "08:00:40",
      "08:14:54",
      "08:30:39",
      "08:44:49",
      "08:59:14",
      "09:13:44",
      "09:28:32",
      "09:44:22",
      "09:59:05",
      "10:13:41",
      "10:29:04",
      "10:43:58",
      "10:58:57",
      "11:13:10",
      "11:27:30",
      "11:42:44",
      "11:58:17",
      "12:13:01",
      "12:28:01",
      "12:42:29",
      "12:57:12",
      "13:12:10",
      "13:27:27",
      "13:41:38",
      "13:56:15",
      "14:11:21",
      "14:26:56",
      "14:41:19",
      "14:56:33",
      "15:11:13",
      "15:25:44",
      "15:40:08",
      "15:54:56",
      "16:09:15",
      "16:24:19",
      "16:39:25",
      "16:55:10",
      "17:09:31",
      "17:23:43",
      "17:38:16",
      "17:53:24",
      "18:09:13",
      "18:24:07",
      "18:38:47",
      "18:54:36",
      "19:09:14",
      "19:24:54",
      "19:40:39",
      "19:55:16",
      "20:10:30",
      "20:25:32",
      "20:40:14",
      "20:56:03",
      "21:10:17",
      "21:26:01",
      "21:40:18",
      "21:55:11",
      "22:09:51"
    ],
    "board": [
      14,
      2,
      6,
      6,
      10,
      3,
      6,
      7,
      15,
      9,
      7,
      15,
      13,
      15,
      8,
      0,
      14,
      8,
      1,
      5,
      1,
      5,
      12,
      15,
      0,
      15,
      12,
      13,
      5,
      15,
      1,
      7,
      4,
      13,
      7,
      13,
      3,
      13,
      15,
      7,
      14,
      2,
      0,
      8,
      0,
      13,
      9,
      3,
      14,
      9,
      12,
      1,
      11,
      4,
      12,
      3,
      1,
      15,
      3,
      2,
      12,
      6,
      10,
      7,
      1
    ],
    "alight": [
      1,
      1,
      8,
      9,
      10,
      3,
      11,
      15,
      12,
      6,
      9,
      5,
      12,
      5,
      1,
      4,
      9,
      9,
      9,
      14,
      0,
      1,
      4,
      2,
      6,
      3,
      12,
      9,
      12,
      6,
      10,
      10,
      7,
      0,
      6,
      9,
      11,
      9,
      6,
      8,
      13,
      3,
      3,
      13,
      4,
      10,
      8,
      13,
      5,
      3,
      12,
      11,
      4,
      7,
      12,
      10,
      15,
      4,
      4,
      1,
      10,
      12,
      1,
      14,
      0
    ]
  },
  "原汤羊肉粉": {
    "time": [
      "06:14:26",
      "06:29:28",
      "06:44:06",
      "06:59:50",
      "07:15:24",
      "07:29:53",
      "07:45:09",
      "08:00:40",
      "08:14:54",
      "08:30:39",
      "08:44:49",
      "08:59:14",
      "09:13:44",
      "09:28:32",
      "09:44:22",
      "09:59:05",
      "10:13:41",
      "10:29:04",
      "10:43:58",
      "10:58:57",
      "11:13:10",
      "11:27:30",
      "11:42:44",
      "11:58:17",
      "12:13:01",
      "12:28:01",
      "12:42:29",
      "12:57:12",
      "13:12:10",
      "13:27:27",
      "13:41:38",
      "13:56:15",
      "14:11:21",
      "14:26:56",
      "14:41:19",
      "14:56:33",
      "15:11:13",
      "15:25:44",
      "15:40:08",
      "15:54:56",
      "16:09:15",
      "16:24:19",
      "16:39:25",
      "16:55:10",
      "17:09:31",
      "17:23:43",
      "17:38:16",
      "17:53:24",
      "18:09:13",
      "18:24:07",
      "18:38:47",
      "18:54:36",
      "19:09:14",
      "19:24:54",
      "19:40:39",
      "19:55:16",
      "20:10:30",
      "20:25:32",
      "20:40:14",
      "20:56:03",
      "21:10:17",
      "21:26:01",
      "21:40:18",
      "21:55:11",
      "22:09:51"
    ],
    "board": [
      15,
      3,
      6,
      5,
      2,
      9,
      10,
      0,
      3,
      2,
      6,
      3,
      4,
      14,
      13,
      7,
      5,
      15,
      13,
      1,
      5,
      4,
      0,
      10,
      15,
      14,
      8,
      8,
      10,
      8,
      4,
      14,
      10,
      9,
      6,
      12,
      6,
      10,
      14,
      9,
      6,
      0,
      0,
      11,
      15,
      1,
      4,
      13,
      1,
      6,
      0,
      7,
      8,
      6,
      13,
      12,
      2,
      7,
      10,
      6,
      1,
      6,
      7,
      2,
      7
    ],
    "alight": [
      11,
      13,
      12,
      9,
      0,
      12,
      14,
      14,
      1,
      8,
      0,
      10,
      14,
      9,
      7,
      0,
      11,
      3,
      5,
      8,
      14,
      0,
      6,
      0,
      14,
      7,
      0,
      9,
      15,
      10,
      12,
      15,
      10,
      13,
      8,
      10,
      0,
      1,
      12,
      0,
      3,
      8,
      0,
      0,
      6,
      7,
      6,
      8,
      4,
      0,
      3,
      9,
      13,
      11,
      6,
      3,
      11,
      14,
      3,
      14,
      3,
      3,
      6,
      8,
      13
    ]
  },
  "金阳客车站候车大厅": {
    "time": [
      "06:14:26",
      "06:29:28",
      "06:44:06",
      "06:59:50",
      "07:15:24",
      "07:29:53",
      "07:45:09",
      "08:00:40",
      "08:14:54",
      "08:30:39",
      "08:44:49",
      "08:59:14",
      "09:13:44",
      "09:28:32",
      "09:44:22",
      "09:59:05",
      "10:13:41",
      "10:29:04",
      "10:43:58",
      "10:58:57",
      "11:13:10",
      "11:27:30",
      "11:42:44",
      "11:58:17",
      "12:13:01",
      "12:28:01",
      "12:42:29",
      "12:57:12",
      "13:12:10",
      "13:27:27",
      "13:41:38",
      "13:56:15",
      "14:11:21",
      "14:26:56",
      "14:41:19",
      "14:56:33",
      "15:11:13",
      "15:25:44",
      "15:40:08",
      "15:54:56",
      "16:09:15",
      "16:24:19",
      "16:39:25",
      "16:55:10",
      "17:09:31",
      "17:23:43",
      "17:38:16",
      "17:53:24",
      "18:09:13",
      "18:24:07",
      "18:38:47",
      "18:54:36",
      "19:09:14",
      "19:24:54",
      "19:40:39",
      "19:55:16",
      "20:10:30",
      "20:25:32",
      "20:40:14",
      "20:56:03",
      "21:10:17",
      "21:26:01",
      "21:40:18",
      "21:55:11",
      "22:09:51"
    ],
    "board": [
      4,
      0,
      2,
      13,
      9,
      8,
      10,
      6,
      9,
      10,
      10,
      5,
      12,
      9,
      0,
      2,
      1,
      9,
      11,
      12,
      6,
      5,
      5,
      0,
      5,
      8,
      5,
      8,
      11,
      6,
      13,
      3,
      10,
      7,
      10,
      4,
      3,
      2,
      6,
      9,
      12,
      9,
      11,
      2,
      8,
      8,
      3,
      7,
      1,
      8,
      9,
      12,
      15,
      1,
      8,
      3,
      2,
      6,
      8,
      4,
      8,
      6,
      11,
      4,
      6
    ],
    "alight": [
      15,
      8,
      1,
      5,
      3,
      8,
      1,
      1,
      10,
      14,
      1,
      1,
      2,
      1,
      7,
      6,
      2,
      12,
      3,
      8,
      11,
      5,
      13,
      14,
      12,
      0,
      5,
      9,
      1,
      10,
      5,
      7,
      11,
      5,
      12,
      13,
      13,
      4,
      7,
      14,
      2,
      14,
      13,
      6,
      14,
      13,
      8,
      11,
      8,
      3,
      7,
      8,
      15,
      3,
      15,
      14,
      0,
      8,
      8,
      11,
      14,
      7,
      0,
      2,
      11
    ]
  },
  "鸡场路": {
    "time": [
      "06:14:26",
      "06:29:28",
      "06:44:06",
      "06:59:50",
      "07:15:24",
      "07:29:53",
      "07:45:09",
      "08:00:40",
      "08:14:54",
      "08:30:39",
      "08:44:49",
      "08:59:14",
      "09:13:44",
      "09:28:32",
      "09:44:22",
      "09:59:05",
      "10:13:41",
      "10:29:04",
      "10:43:58",
      "10:58:57",
      "11:13:10",
      "11:27:30",
      "11:42:44",
      "11:58:17",
      "12:13:01",
      "12:28:01",
      "12:42:29",
      "12:57:12",
      "13:12:10",
      "13:27:27",
      "13:41:38",
      "13:56:15",
      "14:11:21",
      "14:26:56",
      "14:41:19",
      "14:56:33",
      "15:11:13",
      "15:25:44",
      "15:40:08",
      "15:54:56",
      "16:09:15",
      "16:24:19",
      "16:39:25",
      "16:55:10",
      "17:09:31",
      "17:23:43",
      "17:38:16",
      "17:53:24",
      "18:09:13",
      "18:24:07",
      "18:38:47",
      "18:54:36",
      "19:09:14",
      "19:24:54",
      "19:40:39",
      "19:55:16",
      "20:10:30",
      "20:25:32",
      "20:40:14",
      "20:56:03",
      "21:10:17",
      "21:26:01",
      "21:40:18",
      "21:55:11",
      "22:09:51"
    ],
    "board": [
      5,
      0,
      14,
      0,
      3,
      10,
      14,
      12,
      10,
      7,
      10,
      13,
      13,
      9,
      5,
      7,
      0,
      1,
      1,
      15,
      3,
      5,
      1,
      13,
      7,
      13,
      2,
      6,
      3,
      4,
      11,
      9,
      9,
      14,
      8,
      3,
      12,
      1,
      14,
      7,
      14,
      14,
      12,
      11,
      5,
      0,
      12,
      2,
      12,
      8,
      9,
      15,
      12,
      7,
      9,
      15,
      7,
      2,
      6,
      5,
      2,
      11,
      3,
      1,
      15
    ],
    "alight": [
      9,
      5,
      12,
      0,
      1,
      7,
      15,
      3,
      7,
      15,
      4,
      3,
      15,
      12,
      8,
      6,
      15,
      4,
      6,
      6,
      7,
      9,
      15,
      15,
      13,
      13,
      3,
      13,
      6,
      7,
      11,
      11,
      14,
      11,
      15,
      10,
      3,
      10,
      9,
      4,
      11,
      13,
      5,
      15,
      5,
      6,
      3,
      14,
      2,
      14,
      10,
      8,
      14,
      7,
      4,
      4,
      10,
      1,
      10,
      9,
      6,
      6,
      0,
      3,
      15
    ]
  },
  "贵安驾校(金华分校)": {
    "time": [
      "06:14:26",
      "06:29:28",
      "06:44:06",
      "06:59:50",
      "07:15:24",
      "07:29:53",
      "07:45:09",
      "08:00:40",
      "08:14:54",
      "08:30:39",
      "08:44:49",
      "08:59:14",
      "09:13:44",
      "09:28:32",
      "09:44:22",
      "09:59:05",
      "10:13:41",
      "10:29:04",
      "10:43:58",
      "10:58:57",
      "11:13:10",
      "11:27:30",
      "11:42:44",
      "11:58:17",
      "12:13:01",
      "12:28:01",
      "12:42:29",
      "12:57:12",
      "13:12:10",
      "13:27:27",
      "13:41:38",
      "13:56:15",
      "14:11:21",
      "14:26:56",
      "14:41:19",
      "14:56:33",
      "15:11:13",
      "15:25:44",
      "15:40:08",
      "15:54:56",
      "16:09:15",
      "16:24:19",
      "16:39:25",
      "16:55:10",
      "17:09:31",
      "17:23:43",
      "17:38:16",
      "17:53:24",
      "18:09:13",
      "18:24:07",
      "18:38:47",
      "18:54:36",
      "19:09:14",
      "19:24:54",
      "19:40:39",
      "19:55:16",
      "20:10:30",
      "20:25:32",
      "20:40:14",
      "20:56:03",
      "21:10:17",
      "21:26:01",
      "21:40:18",
      "21:55:11",
      "22:09:51"
    ],
    "board": [
      12,
      14,
      2,
      1,
      2,
      7,
      1,
      15,
      9,
      8,
      4,
      14,
      13,
      8,
      2,
      15,
      3,
      12,
      13,
      14,
      1,
      7,
      9,
      13,
      10,
      9,
      2,
      12,
      6,
      6,
      1,
      14,
      3,
      8,
      12,
      12,
      3,
      14,
      10,
      15,
      3,
      14,
      11,
      8,
      10,
      10,
      8,
      11,
      4,
      15,
      14,
      0,
      3,
      13,
      1,
      4,
      2,
      3,
      4,
      5,
      13,
      14,
      10,
      12,
      0
    ],
    "alight": [
      10,
      9,
      11,
      13,
      14,
      3,
      2,
      2,
      3,
      13,
      8,
      5,
      7,
      15,
      10,
      15,
      3,
      1,
      11,
      15,
      8,
      10,
      14,
      8,
      9,
      8,
      10,
      4,
      13,
      8,
      15,
      14,
      13,
      5,
      3,
      9,
      9,
      9,
      7,
      6,
      15,
      3,
      11,
      8,
      2,
      8,
      12,
      5,
      7,
      9,
      8,
      11,
      4,
      14,
      6,
      1,
      4,
      3,
      6,
      10,
      2,
      11,
      2,
      2,
      3
    ]
  },
  "联超生活超市(金清大道店)": {
    "time": [
      "06:14:26",
      "06:29:28",
      "06:44:06",
      "06:59:50",
      "07:15:24",
      "07:29:53",
      "07:45:09",
      "08:00:40",
      "08:14:54",
      "08:30:39",
      "08:44:49",
      "08:59:14",
      "09:13:44",
      "09:28:32",
      "09:44:22",
      "09:59:05",
      "10:13:41",
      "10:29:04",
      "10:43:58",
      "10:58:57",
      "11:13:10",
      "11:27:30",
      "11:42:44",
      "11:58:17",
      "12:13:01",
      "12:28:01",
      "12:42:29",
      "12:57:12",
      "13:12:10",
      "13:27:27",
      "13:41:38",
      "13:56:15",
      "14:11:21",
      "14:26:56",
      "14:41:19",
      "14:56:33",
      "15:11:13",
      "15:25:44",
      "15:40:08",
      "15:54:56",
      "16:09:15",
      "16:24:19",
      "16:39:25",
      "16:55:10",
      "17:09:31",
      "17:23:43",
      "17:38:16",
      "17:53:24",
      "18:09:13",
      "18:24:07",
      "18:38:47",
      "18:54:36",
      "19:09:14",
      "19:24:54",
      "19:40:39",
      "19:55:16",
      "20:10:30",
      "20:25:32",
      "20:40:14",
      "20:56:03",
      "21:10:17",
      "21:26:01",
      "21:40:18",
      "21:55:11",
      "22:09:51"
    ],
    "board": [
      9,
      10,
      5,
      13,
      5,
      5,
      3,
      1,
      4,
      0,
      11,
      12,
      9,
      8,
      3,
      5,
      7,
      13,
      7,
      14,
      11,
      0,
      5,
      13,
      6,
      7,
      14,
      6,
      0,
      9,
      4,
      1,
      15,
      2,
      11,
      1,
      1,
      7,
      5,
      0,
      15,
      6,
      10,
      14,
      6,
      4,
      4,
      14,
      5,
      15,
      0,
      15,
      13,
      2,
      0,
      11,
      3,
      7,
      2,
      13,
      13,
      12,
      12,
      1,
      8
    ],
    "alight": [
      14,
      5,
      1,
      1,
      1,
      7,
      12,
      6,
      8,
      4,
      1,
      15,
      7,
      8,
      7,
      4,
      5,
      8,
      11,
      11,
      5,
      9,
      9,
      10,
      4,
      8,
      9,
      6,
      8,
      2,
      10,
      5,
      13,
      9,
      12,
      0,
      1,
      3,
      1,
      2,
      13,
      12,
      0,
      8,
      10,
      9,
      9,
      13,
      0,
      14,
      9,
      4,
      10,
      11,
      4,
      8,
      4,
      12,
      8,
      6,
      11,
      6,
      5,
      9,
      5
    ]
  },
  "何官村(公交站)": {
    "time": [
      "06:14:26",
      "06:29:28",
      "06:44:06",
      "06:59:50",
      "07:15:24",
      "07:29:53",
      "07:45:09",
      "08:00:40",
      "08:14:54",
      "08:30:39",
      "08:44:49",
      "08:59:14",
      "09:13:44",
      "09:28:32",
      "09:44:22",
      "09:59:05",
      "10:13:41",
      "10:29:04",
      "10:43:58",
      "10:58:57",
      "11:13:10",
      "11:27:30",
      "11:42:44",
      "11:58:17",
      "12:13:01",
      "12:28:01",
      "12:42:29",
      "12:57:12",
      "13:12:10",
      "13:27:27",
      "13:41:38",
      "13:56:15",
      "14:11:21",
      "14:26:56",
      "14:41:19",
      "14:56:33",
      "15:11:13",
      "15:25:44",
      "15:40:08",
      "15:54:56",
      "16:09:15",
      "16:24:19",
      "16:39:25",
      "16:55:10",
      "17:09:31",
      "17:23:43",
      "17:38:16",
      "17:53:24",
      "18:09:13",
      "18:24:07",
      "18:38:47",
      "18:54:36",
      "19:09:14",
      "19:24:54",
      "19:40:39",
      "19:55:16",
      "20:10:30",
      "20:25:32",
      "20:40:14",
      "20:56:03",
      "21:10:17",
      "21:26:01",
      "21:40:18",
      "21:55:11",
      "22:09:51"
    ],
    "board": [
      3,
      10,
      11,
      14,
      6,
      11,
      8,
      9,
      11,
      14,
      4,
      12,
      12,
      13,
      7,
      3,
      3,
      7,
      12,
      9,
      3,
      0,
      4,
      12,
      9,
      2,
      5,
      9,
      11,
      14,
      14,
      11,
      10,
      5,
      3,
      6,
      8,
      10,
      3,
      12,
      12,
      15,
      10,
      3,
      8,
      11,
      10,
      14,
      13,
      3,
      10,
      15,
      5,
      10,
      9,
      10,
      3,
      8,
      10,
      7,
      7,
      10,
      13,
      0,
      0
    ],
    "alight": [
      11,
      8,
      11,
      3,
      4,
      6,
      12,
      4,
      9,
      9,
      7,
      2,
      8,
      3,
      1,
      3,
      0,
      0,
      3,
      12,
      8,
      2,
      5,
      11,
      14,
      13,
      2,
      7,
      15,
      13,
      10,
      1,
      7,
      11,
      11,
      8,
      5,
      7,
      11,
      4,
      0,
      0,
      7,
      13,
      3,
      8,
      0,
      1,
      1,
      7,
      1,
      12,
      0,
      5,
      8,
      5,
      9,
      0,
      11,
      2,
      9,
      10,
      4,
      11,
      12
    ]
  },
  "老荒坝": {
    "time": [
      "06:14:26",
      "06:29:28",
      "06:44:06",
      "06:59:50",
      "07:15:24",
      "07:29:53",
      "07:45:09",
      "08:00:40",
      "08:14:54",
      "08:30:39",
      "08:44:49",
      "08:59:14",
      "09:13:44",
      "09:28:32",
      "09:44:22",
      "09:59:05",
      "10:13:41",
      "10:29:04",
      "10:43:58",
      "10:58:57",
      "11:13:10",
      "11:27:30",
      "11:42:44",
      "11:58:17",
      "12:13:01",
      "12:28:01",
      "12:42:29",
      "12:57:12",
      "13:12:10",
      "13:27:27",
      "13:41:38",
      "13:56:15",
      "14:11:21",
      "14:26:56",
      "14:41:19",
      "14:56:33",
      "15:11:13",
      "15:25:44",
      "15:40:08",
      "15:54:56",
      "16:09:15",
      "16:24:19",
      "16:39:25",
      "16:55:10",
      "17:09:31",
      "17:23:43",
      "17:38:16",
      "17:53:24",
      "18:09:13",
      "18:24:07",
      "18:38:47",
      "18:54:36",
      "19:09:14",
      "19:24:54",
      "19:40:39",
      "19:55:16",
      "20:10:30",
      "20:25:32",
      "20:40:14",
      "20:56:03",
      "21:10:17",
      "21:26:01",
      "21:40:18",
      "21:55:11",
      "22:09:51"
    ],
    "board": [
      0,
      9,
      0,
      1,
      14,
      5,
      4,
      0,
      10,
      6,
      0,
      13,
      13,
      0,
      4,
      11,
      10,
      12,
      0,
      4,
      5,
      7,
      1,
      5,
      9,
      11,
      11,
      10,
      1,
      10,
      2,
      15,
      15,
      8,
      15,
      12,
      15,
      1,
      6,
      2,
      10,
      11,
      2,
      8,
      6,
      2,
      6,
      8,
      1,
      1,
      8,
      1,
      14,
      0,
      3,
      15,
      6,
      15,
      4,
      0,
      10,
      15,
      14,
      5,
      0
    ],
    "alight": [
      10,
      3,
      1,
      9,
      8,
      12,
      5,
      5,
      0,
      1,
      4,
      0,
      14,
      3,
      8,
      15,
      1,
      10,
      6,
      1,
      0,
      0,
      13,
      12,
      5,
      2,
      1,
      13,
      1,
      2,
      4,
      6,
      13,
      5,
      3,
      0,
      8,
      10,
      11,
      12,
      8,
      1,
      10,
      7,
      8,
      11,
      14,
      8,
      8,
      10,
      10,
      13,
      10,
      8,
      2,
      15,
      6,
      14,
      11,
      0,
      13,
      15,
      4,
      13,
      7
    ]
  },
  "邓坡": {
    "time": [
      "06:14:26",
      "06:29:28",
      "06:44:06",
      "06:59:50",
      "07:15:24",
      "07:29:53",
      "07:45:09",
      "08:00:40",
      "08:14:54",
      "08:30:39",
      "08:44:49",
      "08:59:14",
      "09:13:44",
      "09:28:32",
      "09:44:22",
      "09:59:05",
      "10:13:41",
      "10:29:04",
      "10:43:58",
      "10:58:57",
      "11:13:10",
      "11:27:30",
      "11:42:44",
      "11:58:17",
      "12:13:01",
      "12:28:01",
      "12:42:29",
      "12:57:12",
      "13:12:10",
      "13:27:27",
      "13:41:38",
      "13:56:15",
      "14:11:21",
      "14:26:56",
      "14:41:19",
      "14:56:33",
      "15:11:13",
      "15:25:44",
      "15:40:08",
      "15:54:56",
      "16:09:15",
      "16:24:19",
      "16:39:25",
      "16:55:10",
      "17:09:31",
      "17:23:43",
      "17:38:16",
      "17:53:24",
      "18:09:13",
      "18:24:07",
      "18:38:47",
      "18:54:36",
      "19:09:14",
      "19:24:54",
      "19:40:39",
      "19:55:16",
      "20:10:30",
      "20:25:32",
      "20:40:14",
      "20:56:03",
      "21:10:17",
      "21:26:01",
      "21:40:18",
      "21:55:11",
      "22:09:51"
    ],
    "board": [
      10,
      9,
      2,
      1,
      15,
      8,
      5,
      0,
      8,
      4,
      7,
      5,
      4,
      11,
      11,
      6,
      8,
      9,
      4,
      7,
      6,
      3,
      2,
      2,
      13,
      0,
      10,
      12,
      5,
      8,
      8,
      11,
      6,
      13,
      15,
      9,
      5,
      15,
      11,
      8,
      3,
      5,
      5,
      3,
      1,
      2,
      1,
      2,
      14,
      11,
      6,
      12,
      11,
      2,
      2,
      4,
      8,
      3,
      6,
      7,
      10,
      5,
      6,
      8,
      5
    ],
    "alight": [
      6,
      3,
      13,
      5,
      6,
      2,
      2,
      2,
      6,
      9,
      6,
      8,
      4,
      3,
      2,
      10,
      10,
      15,
      0,
      0,
      6,
      4,
      3,
      6,
      7,
      2,
      5,
      11,
      11,
      3,
      3,
      12,
      1,
      4,
      15,
      7,
      15,
      5,
      11,
      6,
      9,
      5,
      6,
      13,
      4,
      10,
      0,
      0,
      0,
      9,
      0,
      13,
      11,
      14,
      7,
      5,
      13,
      6,
      11,
      5,
      11,
      6,
      6,
      8,
      4
    ]
  },
  "蒿芝村": {
    "time": [
      "06:14:26",
      "06:29:28",
      "06:44:06",
      "06:59:50",
      "07:15:24",
      "07:29:53",
      "07:45:09",
      "08:00:40",
      "08:14:54",
      "08:30:39",
      "08:44:49",
      "08:59:14",
      "09:13:44",
      "09:28:32",
      "09:44:22",
      "09:59:05",
      "10:13:41",
      "10:29:04",
      "10:43:58",
      "10:58:57",
      "11:13:10",
      "11:27:30",
      "11:42:44",
      "11:58:17",
      "12:13:01",
      "12:28:01",
      "12:42:29",
      "12:57:12",
      "13:12:10",
      "13:27:27",
      "13:41:38",
      "13:56:15",
      "14:11:21",
      "14:26:56",
      "14:41:19",
      "14:56:33",
      "15:11:13",
      "15:25:44",
      "15:40:08",
      "15:54:56",
      "16:09:15",
      "16:24:19",
      "16:39:25",
      "16:55:10",
      "17:09:31",
      "17:23:43",
      "17:38:16",
      "17:53:24",
      "18:09:13",
      "18:24:07",
      "18:38:47",
      "18:54:36",
      "19:09:14",
      "19:24:54",
      "19:40:39",
      "19:55:16",
      "20:10:30",
      "20:25:32",
      "20:40:14",
      "20:56:03",
      "21:10:17",
      "21:26:01",
      "21:40:18",
      "21:55:11",
      "22:09:51"
    ],
    "board": [
      7,
      15,
      13,
      1,
      8,
      6,
      5,
      11,
      0,
      15,
      3,
      9,
      12,
      12,
      11,
      1,
      2,
      2,
      7,
      3,
      0,
      0,
      0,
      0,
      5,
      0,
      0,
      7,
      13,
      11,
      12,
      10,
      12,
      0,
      8,
      6,
      13,
      4,
      1,
      15,
      14,
      12,
      10,
      15,
      8,
      1,
      1,
      3,
      15,
      0,
      7,
      0,
      5,
      13,
      5,
      7,
      13,
      9,
      7,
      7,
      2,
      15,
      14,
      14,
      9
    ],
    "alight": [
      1,
      3,
      3,
      15,
      14,
      7,
      9,
      12,
      7,
      7,
      15,
      11,
      3,
      6,
      15,
      1,
      7,
      2,
      2,
      6,
      11,
      5,
      10,
      12,
      2,
      2,
      5,
      7,
      6,
      0,
      9,
      13,
      6,
      15,
      1,
      1,
      12,
      0,
      10,
      6,
      10,
      3,
      13,
      5,
      10,
      9,
      15,
      9,
      1,
      8,
      4,
      7,
      1,
      13,
      15,
      14,
      3,
      15,
      11,
      5,
      3,
      11,
      1,
      11,
      8
    ]
  },
  "博雅幼儿园": {
    "time": [
      "06:14:26",
      "06:29:28",
      "06:44:06",
      "06:59:50",
      "07:15:24",
      "07:29:53",
      "07:45:09",
      "08:00:40",
      "08:14:54",
      "08:30:39",
      "08:44:49",
      "08:59:14",
      "09:13:44",
      "09:28:32",
      "09:44:22",
      "09:59:05",
      "10:13:41",
      "10:29:04",
      "10:43:58",
      "10:58:57",
      "11:13:10",
      "11:27:30",
      "11:42:44",
      "11:58:17",
      "12:13:01",
      "12:28:01",
      "12:42:29",
      "12:57:12",
      "13:12:10",
      "13:27:27",
      "13:41:38",
      "13:56:15",
      "14:11:21",
      "14:26:56",
      "14:41:19",
      "14:56:33",
      "15:11:13",
      "15:25:44",
      "15:40:08",
      "15:54:56",
      "16:09:15",
      "16:24:19",
      "16:39:25",
      "16:55:10",
      "17:09:31",
      "17:23:43",
      "17:38:16",
      "17:53:24",
      "18:09:13",
      "18:24:07",
      "18:38:47",
      "18:54:36",
      "19:09:14",
      "19:24:54",
      "19:40:39",
      "19:55:16",
      "20:10:30",
      "20:25:32",
      "20:40:14",
      "20:56:03",
      "21:10:17",
      "21:26:01",
      "21:40:18",
      "21:55:11",
      "22:09:51"
    ],
    "board": [
      5,
      8,
      15,
      10,
      7,
      10,
      4,
      3,
      7,
      11,
      2,
      0,
      9,
      15,
      6,
      0,
      14,
      5,
      10,
      9,
      12,
      7,
      13,
      0,
      14,
      6,
      3,
      9,
      0,
      5,
      15,
      5,
      1,
      0,
      9,
      11,
      9,
      13,
      3,
      13,
      8,
      4,
      12,
      9,
      11,
      15,
      8,
      5,
      12,
      11,
      8,
      7,
      8,
      1,
      11,
      7,
      11,
      6,
      11,
      5,
      5,
      15,
      11,
      3,
      8
    ],
    "alight": [
      8,
      15,
      2,
      12,
      15,
      15,
      14,
      9,
      13,
      5,
      13,
      12,
      7,
      3,
      8,
      0,
      10,
      4,
      3,
      3,
      2,
      15,
      4,
      7,
      5,
      10,
      11,
      8,
      15,
      4,
      1,
      11,
      8,
      3,
      1,
      2,
      14,
      2,
      3,
      5,
      8,
      9,
      6,
      6,
      3,
      4,
      2,
      9,
      7,
      9,
      5,
      7,
      4,
      12,
      11,
      11,
      11,
      9,
      15,
      14,
      11,
      13,
      3,
      1,
      0
    ]
  },
  "下铺村党支部": {
    "time": [
      "06:14:26",
      "06:29:28",
      "06:44:06",
      "06:59:50",
      "07:15:24",
      "07:29:53",
      "07:45:09",
      "08:00:40",
      "08:14:54",
      "08:30:39",
      "08:44:49",
      "08:59:14",
      "09:13:44",
      "09:28:32",
      "09:44:22",
      "09:59:05",
      "10:13:41",
      "10:29:04",
      "10:43:58",
      "10:58:57",
      "11:13:10",
      "11:27:30",
      "11:42:44",
      "11:58:17",
      "12:13:01",
      "12:28:01",
      "12:42:29",
      "12:57:12",
      "13:12:10",
      "13:27:27",
      "13:41:38",
      "13:56:15",
      "14:11:21",
      "14:26:56",
      "14:41:19",
      "14:56:33",
      "15:11:13",
      "15:25:44",
      "15:40:08",
      "15:54:56",
      "16:09:15",
      "16:24:19",
      "16:39:25",
      "16:55:10",
      "17:09:31",
      "17:23:43",
      "17:38:16",
      "17:53:24",
      "18:09:13",
      "18:24:07",
      "18:38:47",
      "18:54:36",
      "19:09:14",
      "19:24:54",
      "19:40:39",
      "19:55:16",
      "20:10:30",
      "20:25:32",
      "20:40:14",
      "20:56:03",
      "21:10:17",
      "21:26:01",
      "21:40:18",
      "21:55:11",
      "22:09:51"
    ],
    "board": [
      5,
      9,
      2,
      9,
      8,
      8,
      2,
      12,
      7,
      1,
      3,
      11,
      2,
      9,
      3,
      11,
      12,
      1,
      14,
      8,
      14,
      15,
      10,
      13,
      10,
      12,
      1,
      14,
      15,
      3,
      1,
      10,
      15,
      1,
      11,
      9,
      15,
      7,
      10,
      10,
      5,
      2,
      14,
      2,
      7,
      6,
      4,
      13,
      3,
      12,
      1,
      6,
      11,
      1,
      5,
      4,
      5,
      14,
      7,
      11,
      11,
      0,
      15,
      15,
      12
    ],
    "alight": [
      8,
      4,
      5,
      4,
      13,
      10,
      12,
      6,
      8,
      9,
      4,
      1,
      14,
      11,
      2,
      7,
      9,
      7,
      4,
      12,
      0,
      3,
      2,
      11,
      2,
      2,
      7,
      8,
      3,
      0,
      4,
      13,
      7,
      2,
      9,
      10,
      11,
      1,
      13,
      6,
      11,
      3,
      11,
      9,
      8,
      12,
      0,
      7,
      2,
      1,
      11,
      8,
      0,
      0,
      10,
      8,
      14,
      13,
      8,
      3,
      11,
      10,
      0,
      10,
      3
    ]
  },
  "邢氏兄弟斗车加工厂": {
    "time": [
      "06:14:26",
      "06:29:28",
      "06:44:06",
      "06:59:50",
      "07:15:24",
      "07:29:53",
      "07:45:09",
      "08:00:40",
      "08:14:54",
      "08:30:39",
      "08:44:49",
      "08:59:14",
      "09:13:44",
      "09:28:32",
      "09:44:22",
      "09:59:05",
      "10:13:41",
      "10:29:04",
      "10:43:58",
      "10:58:57",
      "11:13:10",
      "11:27:30",
      "11:42:44",
      "11:58:17",
      "12:13:01",
      "12:28:01",
      "12:42:29",
      "12:57:12",
      "13:12:10",
      "13:27:27",
      "13:41:38",
      "13:56:15",
      "14:11:21",
      "14:26:56",
      "14:41:19",
      "14:56:33",
      "15:11:13",
      "15:25:44",
      "15:40:08",
      "15:54:56",
      "16:09:15",
      "16:24:19",
      "16:39:25",
      "16:55:10",
      "17:09:31",
      "17:23:43",
      "17:38:16",
      "17:53:24",
      "18:09:13",
      "18:24:07",
      "18:38:47",
      "18:54:36",
      "19:09:14",
      "19:24:54",
      "19:40:39",
      "19:55:16",
      "20:10:30",
      "20:25:32",
      "20:40:14",
      "20:56:03",
      "21:10:17",
      "21:26:01",
      "21:40:18",
      "21:55:11",
      "22:09:51"
    ],
    "board": [
      4,
      9,
      11,
      8,
      1,
      4,
      14,
      4,
      10,
      1,
      2,
      3,
      15,
      10,
      7,
      1,
      1,
      13,
      4,
      4,
      2,
      3,
      8,
      15,
      4,
      12,
      13,
      13,
      5,
      6,
      11,
      9,
      11,
      4,
      11,
      12,
      1,
      9,
      14,
      4,
      9,
      7,
      3,
      8,
      14,
      3,
      8,
      0,
      6,
      1,
      3,
      11,
      2,
      10,
      14,
      15,
      5,
      15,
      3,
      9,
      11,
      5,
      7,
      8,
      7
    ],
    "alight": [
      10,
      3,
      10,
      1,
      11,
      3,
      8,
      3,
      12,
      12,
      11,
      15,
      4,
      13,
      10,
      13,
      6,
      5,
      14,
      13,
      8,
      14,
      10,
      7,
      4,
      4,
      0,
      13,
      5,
      4,
      10,
      6,
      3,
      9,
      8,
      4,
      3,
      9,
      14,
      3,
      13,
      9,
      0,
      6,
      9,
      11,
      14,
      3,
      15,
      11,
      4,
      5,
      12,
      15,
      14,
      5,
      12,
      12,
      5,
      11,
      9,
      7,
      14,
      0,
      1
    ]
  },
  "清镇市公安局交通警察大队车辆管理所": {
    "time": [
      "06:14:26",
      "06:29:28",
      "06:44:06",
      "06:59:50",
      "07:15:24",
      "07:29:53",
      "07:45:09",
      "08:00:40",
      "08:14:54",
      "08:30:39",
      "08:44:49",
      "08:59:14",
      "09:13:44",
      "09:28:32",
      "09:44:22",
      "09:59:05",
      "10:13:41",
      "10:29:04",
      "10:43:58",
      "10:58:57",
      "11:13:10",
      "11:27:30",
      "11:42:44",
      "11:58:17",
      "12:13:01",
      "12:28:01",
      "12:42:29",
      "12:57:12",
      "13:12:10",
      "13:27:27",
      "13:41:38",
      "13:56:15",
      "14:11:21",
      "14:26:56",
      "14:41:19",
      "14:56:33",
      "15:11:13",
      "15:25:44",
      "15:40:08",
      "15:54:56",
      "16:09:15",
      "16:24:19",
      "16:39:25",
      "16:55:10",
      "17:09:31",
      "17:23:43",
      "17:38:16",
      "17:53:24",
      "18:09:13",
      "18:24:07",
      "18:38:47",
      "18:54:36",
      "19:09:14",
      "19:24:54",
      "19:40:39",
      "19:55:16",
      "20:10:30",
      "20:25:32",
      "20:40:14",
      "20:56:03",
      "21:10:17",
      "21:26:01",
      "21:40:18",
      "21:55:11",
      "22:09:51"
    ],
    "board": [
      0,
      0,
      0,
      0,
      0,
      0,
      0,
      0,
      0,
      0,
      1,
      0,
      0,
      0,
      5,
      0,
      0,
      0,
      0,
      0,
      1,
      0,
      0,
      0,
      0,
      0,
      0,
      0,
      0,
      0,
      0,
      0,
      5,
      0,
      0,
      0,
      0,
      0,
      0,
      3,
      0,
      0,
      0,
      0,
      0,
      2,
      5,
      0,
      0,
      0,
      0,
      0,
      0,
      1,
      0,
      0,
      0,
      0,
      0,
      0,
      0,
      0,
      0,
      0,
      2
    ],
    "alight": [
      15,
      12,
      8,
      5,
      10,
      5,
      5,
      4,
      9,
      9,
      0,
      3,
      6,
      2,
      2,
      8,
      8,
      12,
      12,
      0,
      8,
      3,
      14,
      13,
      5,
      8,
      4,
      5,
      2,
      1,
      3,
      2,
      11,
      2,
      13,
      6,
      9,
      9,
      11,
      2,
      12,
      4,
      15,
      7,
      9,
      8,
      12,
      15,
      10,
      6,
      12,
      15,
      7,
      2,
      1,
      8,
      3,
      12,
      9,
      7,
      4,
      13,
      13,
      14,
      4
    ]
  },
  "迦旺购物(碧桂园·茶马古镇店)": {
    "time": [
      "06:14:26",
      "06:29:28",
      "06:44:06",
      "06:59:50",
      "07:15:24",
      "07:29:53",
      "07:45:09",
      "08:00:40",
      "08:14:54",
      "08:30:39",
      "08:44:49",
      "08:59:14",
      "09:13:44",
      "09:28:32",
      "09:44:22",
      "09:59:05",
      "10:13:41",
      "10:29:04",
      "10:43:58",
      "10:58:57",
      "11:13:10",
      "11:27:30",
      "11:42:44",
      "11:58:17",
      "12:13:01",
      "12:28:01",
      "12:42:29",
      "12:57:12",
      "13:12:10",
      "13:27:27",
      "13:41:38",
      "13:56:15",
      "14:11:21",
      "14:26:56",
      "14:41:19",
      "14:56:33",
      "15:11:13",
      "15:25:44",
      "15:40:08",
      "15:54:56",
      "16:09:15",
      "16:24:19",
      "16:39:25",
      "16:55:10",
      "17:09:31",
      "17:23:43",
      "17:38:16",
      "17:53:24",
      "18:09:13",
      "18:24:07",
      "18:38:47",
      "18:54:36",
      "19:09:14",
      "19:24:54",
      "19:40:39",
      "19:55:16",
      "20:10:30",
      "20:25:32",
      "20:40:14",
      "20:56:03",
      "21:10:17",
      "21:26:01",
      "21:40:18",
      "21:55:11",
      "22:09:51"
    ],
    "board": [
      0,
      0,
      0,
      0,
      0,
      0,
      0,
      0,
      0,
      1,
      0,
      0,
      0,
      0,
      0,
      0,
      0,
      0,
      0,
      4,
      0,
      3,
      0,
      0,
      0,
      0,
      0,
      0,
      0,
      2,
      0,
      0,
      0,
      0,
      0,
      0,
      0,
      0,
      0,
      0,
      0,
      0,
      0,
      0,
      0,
      0,
      0,
      0,
      0,
      0,
      0,
      0,
      0,
      0,
      0,
      0,
      0,
      0,
      0,
      0,
      0,
      0,
      0,
      0,
      0
    ],
    "alight": [
      2,
      10,
      7,
      5,
      15,
      14,
      2,
      2,
      6,
      5,
      4,
      4,
      9,
      12,
      1,
      11,
      11,
      2,
      8,
      13,
      7,
      11,
      3,
      10,
      4,
      0,
      8,
      0,
      1,
      3,
      9,
      11,
      8,
      1,
      14,
      9,
      8,
      13,
      3,
      7,
      6,
      12,
      6,
      15,
      6,
      6,
      9,
      5,
      2,
      8,
      8,
      15,
      9,
      5,
      15,
      11,
      11,
      11,
      8,
      2,
      13,
      0,
      15,
      13,
      14
    ]
  },
  "智慧幼儿园": {
    "time": [
      "06:14:26",
      "06:29:28",
      "06:44:06",
      "06:59:50",
      "07:15:24",
      "07:29:53",
      "07:45:09",
      "08:00:40",
      "08:14:54",
      "08:30:39",
      "08:44:49",
      "08:59:14",
      "09:13:44",
      "09:28:32",
      "09:44:22",
      "09:59:05",
      "10:13:41",
      "10:29:04",
      "10:43:58",
      "10:58:57",
      "11:13:10",
      "11:27:30",
      "11:42:44",
      "11:58:17",
      "12:13:01",
      "12:28:01",
      "12:42:29",
      "12:57:12",
      "13:12:10",
      "13:27:27",
      "13:41:38",
      "13:56:15",
      "14:11:21",
      "14:26:56",
      "14:41:19",
      "14:56:33",
      "15:11:13",
      "15:25:44",
      "15:40:08",
      "15:54:56",
      "16:09:15",
      "16:24:19",
      "16:39:25",
      "16:55:10",
      "17:09:31",
      "17:23:43",
      "17:38:16",
      "17:53:24",
      "18:09:13",
      "18:24:07",
      "18:38:47",
      "18:54:36",
      "19:09:14",
      "19:24:54",
      "19:40:39",
      "19:55:16",
      "20:10:30",
      "20:25:32",
      "20:40:14",
      "20:56:03",
      "21:10:17",
      "21:26:01",
      "21:40:18",
      "21:55:11",
      "22:09:51"
    ],
    "board": [
      0,
      0,
      0,
      0,
      3,
      0,
      0,
      0,
      0,
      0,
      0,
      0,
      0,
      0,
      0,
      0,
      2,
      0,
      0,
      0,
      0,
      0,
      0,
      0,
      0,
      0,
      0,
      0,
      0,
      0,
      0,
      0,
      0,
      0,
      0,
      2,
      2,
      0,
      0,
      0,
      0,
      0,
      0,
      0,
      0,
      0,
      0,
      0,
      0,
      0,
      0,
      2,
      0,
      0,
      0,
      2,
      0,
      0,
      0,
      0,
      1,
      0,
      0,
      0,
      0
    ],
    "alight": [
      1,
      10,
      13,
      10,
      13,
      8,
      14,
      2,
      12,
      8,
      3,
      7,
      6,
      5,
      15,
      13,
      9,
      6,
      2,
      12,
      13,
      14,
      12,
      1,
      2,
      10,
      15,
      12,
      15,
      12,
      5,
      9,
      4,
      12,
      14,
      1,
      15,
      9,
      13,
      0,
      7,
      14,
      4,
      1,
      13,
      11,
      11,
      1,
      7,
      9,
      8,
      6,
      1,
      3,
      14,
      15,
      1,
      1,
      0,
      4,
      15,
      1,
      10,
      7,
      2
    ]
  },
  "邓记辣鸡火锅": {
    "time": [
      "06:14:26",
      "06:29:28",
      "06:44:06",
      "06:59:50",
      "07:15:24",
      "07:29:53",
      "07:45:09",
      "08:00:40",
      "08:14:54",
      "08:30:39",
      "08:44:49",
      "08:59:14",
      "09:13:44",
      "09:28:32",
      "09:44:22",
      "09:59:05",
      "10:13:41",
      "10:29:04",
      "10:43:58",
      "10:58:57",
      "11:13:10",
      "11:27:30",
      "11:42:44",
      "11:58:17",
      "12:13:01",
      "12:28:01",
      "12:42:29",
      "12:57:12",
      "13:12:10",
      "13:27:27",
      "13:41:38",
      "13:56:15",
      "14:11:21",
      "14:26:56",
      "14:41:19",
      "14:56:33",
      "15:11:13",
      "15:25:44",
      "15:40:08",
      "15:54:56",
      "16:09:15",
      "16:24:19",
      "16:39:25",
      "16:55:10",
      "17:09:31",
      "17:23:43",
      "17:38:16",
      "17:53:24",
      "18:09:13",
      "18:24:07",
      "18:38:47",
      "18:54:36",
      "19:09:14",
      "19:24:54",
      "19:40:39",
      "19:55:16",
      "20:10:30",
      "20:25:32",
      "20:40:14",
      "20:56:03",
      "21:10:17",
      "21:26:01",
      "21:40:18",
      "21:55:11",
      "22:09:51"
    ],
    "board": [
      0,
      0,
      0,
      0,
      0,
      0,
      0,
      0,
      0,
      0,
      0,
      0,
      0,
      0,
      0,
      0,
      0,
      0,
      0,
      0,
      0,
      0,
      0,
      0,
      0,
      0,
      0,
      0,
      0,
      0,
      0,
      0,
      0,
      0,
      0,
      0,
      0,
      0,
      0,
      0,
      0,
      0,
      0,
      0,
      0,
      0,
      0,
      0,
      0,
      0,
      0,
      0,
      0,
      0,
      0,
      0,
      0,
      0,
      0,
      0,
      0,
      0,
      0,
      0,
      0
    ],
    "alight": [
      4,
      12,
      7,
      10,
      7,
      12,
      1,
      9,
      5,
      2,
      6,
      8,
      7,
      7,
      11,
      3,
      8,
      13,
      6,
      5,
      7,
      0,
      6,
      0,
      15,
      7,
      4,
      4,
      11,
      6,
      11,
      12,
      12,
      5,
      10,
      0,
      0,
      6,
      0,
      6,
      3,
      13,
      7,
      14,
      6,
      2,
      7,
      7,
      6,
      7,
      13,
      8,
      14,
      0,
      13,
      10,
      5,
      9,
      13,
      9,
      9,
      11,
      5,
      8,
      3
    ]
  },
  "中国工商银行(清镇东门桥支行)": {
    "time": [
      "06:14:26",
      "06:29:28",
      "06:44:06",
      "06:59:50",
      "07:15:24",
      "07:29:53",
      "07:45:09",
      "08:00:40",
      "08:14:54",
      "08:30:39",
      "08:44:49",
      "08:59:14",
      "09:13:44",
      "09:28:32",
      "09:44:22",
      "09:59:05",
      "10:13:41",
      "10:29:04",
      "10:43:58",
      "10:58:57",
      "11:13:10",
      "11:27:30",
      "11:42:44",
      "11:58:17",
      "12:13:01",
      "12:28:01",
      "12:42:29",
      "12:57:12",
      "13:12:10",
      "13:27:27",
      "13:41:38",
      "13:56:15",
      "14:11:21",
      "14:26:56",
      "14:41:19",
      "14:56:33",
      "15:11:13",
      "15:25:44",
      "15:40:08",
      "15:54:56",
      "16:09:15",
      "16:24:19",
      "16:39:25",
      "16:55:10",
      "17:09:31",
      "17:23:43",
      "17:38:16",
      "17:53:24",
      "18:09:13",
      "18:24:07",
      "18:38:47",
      "18:54:36",
      "19:09:14",
      "19:24:54",
      "19:40:39",
      "19:55:16",
      "20:10:30",
      "20:25:32",
      "20:40:14",
      "20:56:03",
      "21:10:17",
      "21:26:01",
      "21:40:18",
      "21:55:11",
      "22:09:51"
    ],
    "board": [
      0,
      0,
      0,
      0,
      0,
      0,
      0,
      0,
      0,
      0,
      0,
      0,
      0,
      0,
      0,
      0,
      0,
      0,
      0,
      0,
      0,
      0,
      0,
      0,
      0,
      0,
      0,
      0,
      0,
      0,
      0,
      0,
      0,
      0,
      0,
      0,
      0,
      0,
      0,
      0,
      0,
      0,
      0,
      0,
      0,
      0,
      0,
      0,
      0,
      0,
      0,
      0,
      0,
      0,
      0,
      0,
      0,
      0,
      0,
      0,
      0,
      0,
      0,
      0,
      0
    ],
    "alight": [
      5,
      0,
      0,
      13,
      4,
      0,
      13,
      15,
      4,
      0,
      10,
      3,
      5,
      13,
      8,
      10,
      10,
      11,
      3,
      14,
      2,
      9,
      9,
      2,
      9,
      10,
      4,
      14,
      2,
      13,
      7,
      6,
      2,
      7,
      15,
      13,
      9,
      7,
      7,
      2,
      6,
      14,
      4,
      9,
      7,
      10,
      0,
      9,
      10,
      0,
      14,
      6,
      7,
      3,
      0,
      10,
      7,
      10,
      11,
      3,
      6,
      14,
      2,
      9,
      13
    ]
  }
}