{
  "up": {
    "1": "彝族正骨疗法",
    "2": "贵园御景(东南门)",
    "3": "云岩区金关社区温馨家园示范院落",
    "4": "贵阳宏兴宾馆(新街店)",
    "5": "金源通风设备经营部",
    "6": "橙堡",
    "7": "吉隆主题酒店",
    "8": "阳光纳里",
    "9": "贵州特殊教育中等职业技术学校",
    "10": "阳关大道",
    "11": "张晓洁缸缸麻辣烫(美的林城时代店)",
    "12": "阳关(地铁站)",
    "13": "厨非",
    "14": "果鲜时刻",
    "15": "大马石油贵西能源筑云加油站",
    "16": "海翔警务室",
    "17": "贵州德盛气体有限公司",
    "18": "鸿福家宴",
    "19": "治安卡点",
    "20": "艳山红镇尖坡小学",
    "21": "都溪林场路口(公交站)",
    "22": "都拉营奔土安置房",
    "23": "奔土村",
    "24": "火石坡服务区",
    "25": "快乐幼儿园",
    "26": "都新社区",
    "27": "富鑫酒业酿酒一车间",
    "28": "贵阳白云骨粒化工厂",
    "29": "北京东路",
    "30": "乌当出口(G6002贵阳绕城高速西南向)",
    "31": "宋姐草莓园",
    "32": "三江村委会社会治理综合服务中心",
    "33": "团林",
    "34": "三江休闲钓鱼中心"
  },
  "down": {
    "35": "三江休闲钓鱼中心",
    "36": "团林",
    "37": "三江村委会社会治理综合服务中心",
    "38": "宋姐草莓园",
    "39": "乌当出口(G6002贵阳绕城高速西南向)",
    "40": "北京东路",
    "41": "贵阳白云骨粒化工厂",
    "42": "富鑫酒业酿酒一车间",
    "43": "都新社区",
    "44": "快乐幼儿园",
    "45": "火石坡服务区",
    "46": "奔土村",
    "47": "都拉营奔土安置房",
    "48": "都溪林场路口(公交站)",
    "49": "艳山红镇尖坡小学",
    "50": "治安卡点",
    "51": "鸿福家宴",
    "52": "贵州德盛气体有限公司",
    "53": "海翔警务室",
    "54": "大马石油贵西能源筑云加油站",
    "55": "果鲜时刻",
    "56": "厨非",
    "57": "阳关(地铁站)",
    "58": "张晓洁缸缸麻辣烫(美的林城时代店)",
    "59": "阳关大道",
    "60": "贵州特殊教育中等职业技术学校",
    "61": "阳光纳里",
    "62": "吉隆主题酒店",
    "63": "橙堡",
    "64": "金源通风设备经营部",
    "65": "贵阳宏兴宾馆(新街店)",
    "66": "云岩区金关社区温馨家园示范院落",
    "67": "贵园御景(东南门)",
    "68": "彝族正骨疗法"
  }
}