{
  "up": {
    "彝族正骨疗法": 1,
    "贵园御景(东南门)": 2,
    "云岩区金关社区温馨家园示范院落": 3,
    "贵阳宏兴宾馆(新街店)": 4,
    "金源通风设备经营部": 5,
    "橙堡": 6,
    "吉隆主题酒店": 7,
    "阳光纳里": 8,
    "贵州特殊教育中等职业技术学校": 9,
    "阳关大道": 10,
    "张晓洁缸缸麻辣烫(美的林城时代店)": 11,
    "阳关(地铁站)": 12,
    "厨非": 13,
    "果鲜时刻": 14,
    "大马石油贵西能源筑云加油站": 15,
    "海翔警务室": 16,
    "贵州德盛气体有限公司": 17,
    "鸿福家宴": 18,
    "治安卡点": 19,
    "艳山红镇尖坡小学": 20,
    "都溪林场路口(公交站)": 21,
    "都拉营奔土安置房": 22,
    "奔土村": 23,
    "火石坡服务区": 24,
    "快乐幼儿园": 25,
    "都新社区": 26,
    "富鑫酒业酿酒一车间": 27,
    "贵阳白云骨粒化工厂": 28,
    "北京东路": 29,
    "乌当出口(G6002贵阳绕城高速西南向)": 30,
    "宋姐草莓园": 31,
    "三江村委会社会治理综合服务中心": 32,
    "团林": 33,
    "三江休闲钓鱼中心": 34
  },
  "down": {
    "三江休闲钓鱼中心": 35,
    "团林": 36,
    "三江村委会社会治理综合服务中心": 37,
    "宋姐草莓园": 38,
    "乌当出口(G6002贵阳绕城高速西南向)": 39,
    "北京东路": 40,
    "贵阳白云骨粒化工厂": 41,
    "富鑫酒业酿酒一车间": 42,
    "都新社区": 43,
    "快乐幼儿园": 44,
    "火石坡服务区": 45,
    "奔土村": 46,
    "都拉营奔土安置房": 47,
    "都溪林场路口(公交站)": 48,
    "艳山红镇尖坡小学": 49,
    "治安卡点": 50,
    "鸿福家宴": 51,
    "贵州德盛气体有限公司": 52,
    "海翔警务室": 53,
    "大马石油贵西能源筑云加油站": 54,
    "果鲜时刻": 55,
    "厨非": 56,
    "阳关(地铁站)": 57,
    "张晓洁缸缸麻辣烫(美的林城时代店)": 58,
    "阳关大道": 59,
    "贵州特殊教育中等职业技术学校": 60,
    "阳光纳里": 61,
    "吉隆主题酒店": 62,
    "橙堡": 63,
    "金源通风设备经营部": 64,
    "贵阳宏兴宾馆(新街店)": 65,
    "云岩区金关社区温馨家园示范院落": 66,
    "贵园御景(东南门)": 67,
    "彝族正骨疗法": 68
  }
}