{
  "彝族正骨疗法": 462,
  "贵园御景(东南门)": 697,
  "云岩区金关社区温馨家园示范院落": 763,
  "贵阳宏兴宾馆(新街店)": 416,
  "金源通风设备经营部": 1346,
  "橙堡": 688,
  "吉隆主题酒店": 770,
  "阳光纳里": 478,
  "贵州特殊教育中等职业技术学校": 575,
  "阳关大道": 1259,
  "张晓洁缸缸麻辣烫(美的林城时代店)": 426,
  "阳关(地铁站)": 927,
  "厨非": 841,
  "果鲜时刻": 490,
  "大马石油贵西能源筑云加油站": 1163,
  "海翔警务室": 968,
  "贵州德盛气体有限公司": 2340,
  "鸿福家宴": 624,
  "治安卡点": 802,
  "艳山红镇尖坡小学": 987,
  "都溪林场路口(公交站)": 656,
  "都拉营奔土安置房": 844,
  "奔土村": 639,
  "火石坡服务区": 640,
  "快乐幼儿园": 575,
  "都新社区": 698,
  "富鑫酒业酿酒一车间": 420,
  "贵阳白云骨粒化工厂": 676,
  "北京东路": 579,
  "乌当出口(G6002贵阳绕城高速西南向)": 2044,
  "宋姐草莓园": 1147,
  "三江村委会社会治理综合服务中心": 1386,
  "团林": 1062
}