{
  "三江休闲钓鱼中心": 1078,
  "团林": 1402,
  "三江村委会社会治理综合服务中心": 1163,
  "宋姐草莓园": 2060,
  "乌当出口(G6002贵阳绕城高速西南向)": 595,
  "北京东路": 692,
  "贵阳白云骨粒化工厂": 436,
  "富鑫酒业酿酒一车间": 714,
  "都新社区": 591,
  "快乐幼儿园": 656,
  "火石坡服务区": 655,
  "奔土村": 860,
  "都拉营奔土安置房": 672,
  "都溪林场路口(公交站)": 1003,
  "艳山红镇尖坡小学": 818,
  "治安卡点": 640,
  "鸿福家宴": 2356,
  "贵州德盛气体有限公司": 984,
  "海翔警务室": 1179,
  "大马石油贵西能源筑云加油站": 506,
  "果鲜时刻": 857,
  "厨非": 943,
  "阳关(地铁站)": 442,
  "张晓洁缸缸麻辣烫(美的林城时代店)": 1275,
  "阳关大道": 591,
  "贵州特殊教育中等职业技术学校": 494,
  "阳光纳里": 786,
  "吉隆主题酒店": 704,
  "橙堡": 1362,
  "金源通风设备经营部": 432,
  "贵阳宏兴宾馆(新街店)": 779,
  "云岩区金关社区温馨家园示范院落": 713,
  "贵园御景(东南门)": 478
}