{
  "下五里女子职业学校": {
    "time": [
      "06:15:27",
      "06:29:42",
      "06:44:20",
      "06:58:46",
      "07:13:42",
      "07:27:56",
      "07:42:43",
      "07:58:27",
      "08:13:55",
      "08:29:02",
      "08:44:40",
      "08:59:21",
      "09:14:22",
      "09:28:56",
      "09:44:44",
      "09:59:18",
      "10:14:58",
      "10:29:43",
      "10:44:17",
      "10:59:06",
      "11:13:44",
      "11:29:14",
      "11:44:57",
      "11:59:50",
      "12:15:07",
      "12:29:39",
      "12:44:48",
      "12:59:44",
      "13:15:27",
      "13:30:27",
      "13:45:28",
      "14:00:55",
      "14:16:23",
      "14:30:45",
      "14:46:18",
      "15:01:56",
      "15:16:17",
      "15:31:57",
      "15:46:26",
      "16:01:20",
      "16:15:38",
      "16:30:54",
      "16:45:04",
      "17:00:00",
      "17:15:05",
      "17:30:23",
      "17:45:19",
      "18:00:34",
      "18:16:08",
      "18:30:18",
      "18:46:02",
      "19:00:44",
      "19:16:04",
      "19:31:28",
      "19:45:55",
      "20:01:40",
      "20:15:57",
      "20:30:42",
      "20:46:07",
      "21:01:46",
      "21:16:41",
      "21:32:29",
      "21:46:48",
      "22:01:54"
    ],
    "board": [
      9,
      12,
      1,
      9,
      6,
      6,
      7,
      8,
      14,
      15,
      12,
      11,
      9,
      13,
      8,
      14,
      9,
      15,
      2,
      8,
      7,
      3,
      8,
      5,
      5,
      11,
      5,
      9,
      7,
      7,
      4,
      12,
      4,
      1,
      9,
      8,
      15,
      12,
      5,
      8,
      5,
      11,
      4,
      5,
      14,
      5,
      4,
      1,
      11,
      5,
      6,
      8,
      10,
      10,
      4,
      3,
      1,
      5,
      11,
      5,
      10,
      12,
      9,
      12
    ],
    "alight": [
      0,
      0,
      0,
      0,
      0,
      0,
      0,
      0,
      0,
      0,
      0,
      0,
      0,
      0,
      0,
      0,
      0,
      0,
      0,
      0,
      0,
      0,
      0,
      0,
      0,
      0,
      0,
      0,
      0,
      0,
      0,
      0,
      0,
      0,
      0,
      0,
      0,
      0,
      0,
      0,
      0,
      0,
      0,
      0,
      0,
      0,
      0,
      0,
      0,
      0,
      0,
      0,
      0,
      0,
      0,
      0,
      0,
      0,
      0,
      0,
      0,
      0,
      0,
      0
    ]
  },
  "兮舞韵舞蹈": {
    "time": [
      "06:15:27",
      "06:29:42",
      "06:44:20",
      "06:58:46",
      "07:13:42",
      "07:27:56",
      "07:42:43",
      "07:58:27",
      "08:13:55",
      "08:29:02",
      "08:44:40",
      "08:59:21",
      "09:14:22",
      "09:28:56",
      "09:44:44",
      "09:59:18",
      "10:14:58",
      "10:29:43",
      "10:44:17",
      "10:59:06",
      "11:13:44",
      "11:29:14",
      "11:44:57",
      "11:59:50",
      "12:15:07",
      "12:29:39",
      "12:44:48",
      "12:59:44",
      "13:15:27",
      "13:30:27",
      "13:45:28",
      "14:00:55",
      "14:16:23",
      "14:30:45",
      "14:46:18",
      "15:01:56",
      "15:16:17",
      "15:31:57",
      "15:46:26",
      "16:01:20",
      "16:15:38",
      "16:30:54",
      "16:45:04",
      "17:00:00",
      "17:15:05",
      "17:30:23",
      "17:45:19",
      "18:00:34",
      "18:16:08",
      "18:30:18",
      "18:46:02",
      "19:00:44",
      "19:16:04",
      "19:31:28",
      "19:45:55",
      "20:01:40",
      "20:15:57",
      "20:30:42",
      "20:46:07",
      "21:01:46",
      "21:16:41",
      "21:32:29",
      "21:46:48",
      "22:01:54"
    ],
    "board": [
      14,
      12,
      8,
      7,
      6,
      10,
      14,
      5,
      7,
      4,
      3,
      1,
      12,
      4,
      0,
      5,
      10,
      13,
      10,
      12,
      1,
      7,
      12,
      12,
      10,
      7,
      3,
      14,
      4,
      2,
      11,
      15,
      7,
      15,
      5,
      6,
      14,
      10,
      0,
      13,
      14,
      2,
      0,
      4,
      6,
      14,
      6,
      11,
      15,
      6,
      7,
      4,
      4,
      3,
      1,
      3,
      11,
      14,
      0,
      12,
      3,
      13,
      8,
      9
    ],
    "alight": [
      0,
      0,
      0,
      0,
      0,
      0,
      0,
      0,
      0,
      0,
      0,
      0,
      0,
      0,
      0,
      0,
      0,
      0,
      0,
      0,
      0,
      0,
      0,
      0,
      0,
      0,
      0,
      0,
      0,
      0,
      0,
      0,
      0,
      0,
      0,
      0,
      0,
      0,
      0,
      0,
      0,
      0,
      0,
      0,
      0,
      0,
      0,
      0,
      0,
      0,
      0,
      0,
      0,
      0,
      0,
      0,
      0,
      0,
      0,
      0,
      0,
      0,
      0,
      0
    ]
  },
  "三桥北路": {
    "time": [
      "06:15:27",
      "06:29:42",
      "06:44:20",
      "06:58:46",
      "07:13:42",
      "07:27:56",
      "07:42:43",
      "07:58:27",
      "08:13:55",
      "08:29:02",
      "08:44:40",
      "08:59:21",
      "09:14:22",
      "09:28:56",
      "09:44:44",
      "09:59:18",
      "10:14:58",
      "10:29:43",
      "10:44:17",
      "10:59:06",
      "11:13:44",
      "11:29:14",
      "11:44:57",
      "11:59:50",
      "12:15:07",
      "12:29:39",
      "12:44:48",
      "12:59:44",
      "13:15:27",
      "13:30:27",
      "13:45:28",
      "14:00:55",
      "14:16:23",
      "14:30:45",
      "14:46:18",
      "15:01:56",
      "15:16:17",
      "15:31:57",
      "15:46:26",
      "16:01:20",
      "16:15:38",
      "16:30:54",
      "16:45:04",
      "17:00:00",
      "17:15:05",
      "17:30:23",
      "17:45:19",
      "18:00:34",
      "18:16:08",
      "18:30:18",
      "18:46:02",
      "19:00:44",
      "19:16:04",
      "19:31:28",
      "19:45:55",
      "20:01:40",
      "20:15:57",
      "20:30:42",
      "20:46:07",
      "21:01:46",
      "21:16:41",
      "21:32:29",
      "21:46:48",
      "22:01:54"
    ],
    "board": [
      9,
      12,
      15,
      10,
      1,
      10,
      1,
      10,
      9,
      11,
      9,
      7,
      10,
      14,
      7,
      11,
      10,
      4,
      4,
      15,
      2,
      9,
      6,
      14,
      14,
      6,
      7,
      5,
      12,
      1,
      0,
      2,
      9,
      2,
      10,
      7,
      13,
      10,
      14,
      6,
      13,
      10,
      12,
      14,
      9,
      8,
      3,
      1,
      1,
      4,
      3,
      5,
      3,
      14,
      0,
      13,
      12,
      9,
      2,
      2,
      2,
      5,
      9,
      1
    ],
    "alight": [
      0,
      0,
      0,
      0,
      0,
      0,
      0,
      0,
      1,
      0,
      0,
      0,
      0,
      0,
      0,
      0,
      0,
      0,
      0,
      0,
      0,
      0,
      0,
      0,
      0,
      0,
      0,
      0,
      2,
      0,
      0,
      0,
      2,
      0,
      0,
      0,
      0,
      0,
      0,
      0,
      0,
      0,
      0,
      0,
      0,
      0,
      2,
      0,
      0,
      3,
      0,
      0,
      0,
      0,
      0,
      0,
      0,
      0,
      0,
      0,
      0,
      0,
      0,
      0
    ]
  },
  "贵阳市林泉小学": {
    "time": [
      "06:15:27",
      "06:29:42",
      "06:44:20",
      "06:58:46",
      "07:13:42",
      "07:27:56",
      "07:42:43",
      "07:58:27",
      "08:13:55",
      "08:29:02",
      "08:44:40",
      "08:59:21",
      "09:14:22",
      "09:28:56",
      "09:44:44",
      "09:59:18",
      "10:14:58",
      "10:29:43",
      "10:44:17",
      "10:59:06",
      "11:13:44",
      "11:29:14",
      "11:44:57",
      "11:59:50",
      "12:15:07",
      "12:29:39",
      "12:44:48",
      "12:59:44",
      "13:15:27",
      "13:30:27",
      "13:45:28",
      "14:00:55",
      "14:16:23",
      "14:30:45",
      "14:46:18",
      "15:01:56",
      "15:16:17",
      "15:31:57",
      "15:46:26",
      "16:01:20",
      "16:15:38",
      "16:30:54",
      "16:45:04",
      "17:00:00",
      "17:15:05",
      "17:30:23",
      "17:45:19",
      "18:00:34",
      "18:16:08",
      "18:30:18",
      "18:46:02",
      "19:00:44",
      "19:16:04",
      "19:31:28",
      "19:45:55",
      "20:01:40",
      "20:15:57",
      "20:30:42",
      "20:46:07",
      "21:01:46",
      "21:16:41",
      "21:32:29",
      "21:46:48",
      "22:01:54"
    ],
    "board": [
      15,
      4,
      9,
      3,
      10,
      8,
      12,
      6,
      4,
      10,
      9,
      13,
      14,
      8,
      0,
      5,
      15,
      8,
      10,
      14,
      4,
      5,
      15,
      5,
      11,
      15,
      10,
      7,
      15,
      10,
      8,
      11,
      15,
      4,
      2,
      5,
      10,
      7,
      3,
      3,
      0,
      12,
      14,
      4,
      0,
      15,
      7,
      11,
      14,
      2,
      7,
      4,
      2,
      11,
      14,
      13,
      13,
      2,
      12,
      1,
      4,
      9,
      8,
      13
    ],
    "alight": [
      0,
      0,
      0,
      0,
      0,
      0,
      0,
      0,
      0,
      0,
      0,
      0,
      0,
      0,
      0,
      0,
      0,
      0,
      0,
      0,
      0,
      0,
      0,
      0,
      0,
      0,
      0,
      0,
      0,
      0,
      0,
      0,
      0,
      0,
      0,
      3,
      0,
      0,
      0,
      3,
      0,
      0,
      0,
      0,
      0,
      0,
      0,
      0,
      0,
      0,
      0,
      0,
      0,
      0,
      0,
      0,
      0,
      0,
      0,
      0,
      0,
      0,
      0,
      0
    ]
  },
  "贵遵路": {
    "time": [
      "06:15:27",
      "06:29:42",
      "06:44:20",
      "06:58:46",
      "07:13:42",
      "07:27:56",
      "07:42:43",
      "07:58:27",
      "08:13:55",
      "08:29:02",
      "08:44:40",
      "08:59:21",
      "09:14:22",
      "09:28:56",
      "09:44:44",
      "09:59:18",
      "10:14:58",
      "10:29:43",
      "10:44:17",
      "10:59:06",
      "11:13:44",
      "11:29:14",
      "11:44:57",
      "11:59:50",
      "12:15:07",
      "12:29:39",
      "12:44:48",
      "12:59:44",
      "13:15:27",
      "13:30:27",
      "13:45:28",
      "14:00:55",
      "14:16:23",
      "14:30:45",
      "14:46:18",
      "15:01:56",
      "15:16:17",
      "15:31:57",
      "15:46:26",
      "16:01:20",
      "16:15:38",
      "16:30:54",
      "16:45:04",
      "17:00:00",
      "17:15:05",
      "17:30:23",
      "17:45:19",
      "18:00:34",
      "18:16:08",
      "18:30:18",
      "18:46:02",
      "19:00:44",
      "19:16:04",
      "19:31:28",
      "19:45:55",
      "20:01:40",
      "20:15:57",
      "20:30:42",
      "20:46:07",
      "21:01:46",
      "21:16:41",
      "21:32:29",
      "21:46:48",
      "22:01:54"
    ],
    "board": [
      10,
      6,
      0,
      6,
      15,
      7,
      14,
      7,
      2,
      4,
      12,
      3,
      2,
      14,
      11,
      13,
      1,
      12,
      4,
      8,
      0,
      6,
      13,
      2,
      0,
      0,
      4,
      0,
      0,
      4,
      7,
      8,
      4,
      5,
      0,
      7,
      8,
      8,
      15,
      13,
      1,
      13,
      9,
      9,
      1,
      6,
      9,
      7,
      13,
      5,
      1,
      14,
      15,
      7,
      10,
      10,
      2,
      6,
      7,
      9,
      11,
      1,
      1,
      5
    ],
    "alight": [
      3,
      7,
      0,
      5,
      1,
      13,
      14,
      4,
      3,
      3,
      6,
      3,
      11,
      14,
      13,
      0,
      10,
      7,
      0,
      0,
      3,
      8,
      14,
      10,
      4,
      6,
      6,
      14,
      7,
      13,
      14,
      3,
      7,
      5,
      3,
      15,
      15,
      13,
      7,
      15,
      4,
      14,
      15,
      3,
      11,
      7,
      13,
      5,
      10,
      11,
      10,
      4,
      15,
      9,
      1,
      3,
      4,
      0,
      10,
      6,
      3,
      9,
      6,
      13
    ]
  },
  "苗香苑": {
    "time": [
      "06:15:27",
      "06:29:42",
      "06:44:20",
      "06:58:46",
      "07:13:42",
      "07:27:56",
      "07:42:43",
      "07:58:27",
      "08:13:55",
      "08:29:02",
      "08:44:40",
      "08:59:21",
      "09:14:22",
      "09:28:56",
      "09:44:44",
      "09:59:18",
      "10:14:58",
      "10:29:43",
      "10:44:17",
      "10:59:06",
      "11:13:44",
      "11:29:14",
      "11:44:57",
      "11:59:50",
      "12:15:07",
      "12:29:39",
      "12:44:48",
      "12:59:44",
      "13:15:27",
      "13:30:27",
      "13:45:28",
      "14:00:55",
      "14:16:23",
      "14:30:45",
      "14:46:18",
      "15:01:56",
      "15:16:17",
      "15:31:57",
      "15:46:26",
      "16:01:20",
      "16:15:38",
      "16:30:54",
      "16:45:04",
      "17:00:00",
      "17:15:05",
      "17:30:23",
      "17:45:19",
      "18:00:34",
      "18:16:08",
      "18:30:18",
      "18:46:02",
      "19:00:44",
      "19:16:04",
      "19:31:28",
      "19:45:55",
      "20:01:40",
      "20:15:57",
      "20:30:42",
      "20:46:07",
      "21:01:46",
      "21:16:41",
      "21:32:29",
      "21:46:48",
      "22:01:54"
    ],
    "board": [
      12,
      4,
      12,
      4,
      11,
      9,
      2,
      10,
      0,
      4,
      0,
      2,
      13,
      10,
      10,
      14,
      6,
      0,
      13,
      8,
      0,
      9,
      6,
      3,
      6,
      13,
      5,
      15,
      15,
      0,
      14,
      4,
      5,
      12,
      9,
      6,
      5,
      4,
      8,
      8,
      2,
      12,
      0,
      13,
      11,
      11,
      5,
      11,
      6,
      14,
      8,
      12,
      8,
      7,
      5,
      15,
      4,
      7,
      5,
      4,
      6,
      15,
      1,
      14
    ],
    "alight": [
      13,
      6,
      9,
      0,
      14,
      4,
      6,
      13,
      10,
      14,
      1,
      1,
      0,
      4,
      15,
      9,
      14,
      3,
      13,
      4,
      6,
      11,
      0,
      7,
      0,
      11,
      2,
      13,
      10,
      10,
      3,
      4,
      11,
      13,
      5,
      9,
      14,
      2,
      8,
      5,
      7,
      7,
      2,
      12,
      13,
      9,
      4,
      8,
      4,
      8,
      12,
      5,
      14,
      1,
      3,
      7,
      9,
      11,
      9,
      0,
      10,
      0,
      12,
      4
    ]
  },
  "荷塘社区": {
    "time": [
      "06:15:27",
      "06:29:42",
      "06:44:20",
      "06:58:46",
      "07:13:42",
      "07:27:56",
      "07:42:43",
      "07:58:27",
      "08:13:55",
      "08:29:02",
      "08:44:40",
      "08:59:21",
      "09:14:22",
      "09:28:56",
      "09:44:44",
      "09:59:18",
      "10:14:58",
      "10:29:43",
      "10:44:17",
      "10:59:06",
      "11:13:44",
      "11:29:14",
      "11:44:57",
      "11:59:50",
      "12:15:07",
      "12:29:39",
      "12:44:48",
      "12:59:44",
      "13:15:27",
      "13:30:27",
      "13:45:28",
      "14:00:55",
      "14:16:23",
      "14:30:45",
      "14:46:18",
      "15:01:56",
      "15:16:17",
      "15:31:57",
      "15:46:26",
      "16:01:20",
      "16:15:38",
      "16:30:54",
      "16:45:04",
      "17:00:00",
      "17:15:05",
      "17:30:23",
      "17:45:19",
      "18:00:34",
      "18:16:08",
      "18:30:18",
      "18:46:02",
      "19:00:44",
      "19:16:04",
      "19:31:28",
      "19:45:55",
      "20:01:40",
      "20:15:57",
      "20:30:42",
      "20:46:07",
      "21:01:46",
      "21:16:41",
      "21:32:29",
      "21:46:48",
      "22:01:54"
    ],
    "board": [
      3,
      3,
      11,
      3,
      11,
      1,
      1,
      8,
      0,
      7,
      6,
      4,
      13,
      1,
      1,
      13,
      6,
      0,
      0,
      14,
      13,
      5,
      3,
      9,
      13,
      9,
      14,
      15,
      4,
      1,
      4,
      2,
      5,
      1,
      0,
      6,
      1,
      11,
      12,
      7,
      6,
      5,
      3,
      11,
      8,
      14,
      1,
      13,
      5,
      8,
      10,
      9,
      6,
      7,
      12,
      7,
      7,
      0,
      5,
      5,
      8,
      3,
      0,
      9
    ],
    "alight": [
      15,
      15,
      1,
      15,
      15,
      5,
      7,
      9,
      9,
      14,
      4,
      15,
      7,
      12,
      9,
      14,
      10,
      8,
      12,
      14,
      4,
      11,
      3,
      3,
      1,
      12,
      0,
      13,
      11,
      1,
      0,
      6,
      3,
      0,
      10,
      1,
      12,
      7,
      15,
      1,
      13,
      0,
      5,
      13,
      13,
      0,
      14,
      11,
      12,
      11,
      10,
      3,
      3,
      10,
      11,
      4,
      14,
      1,
      11,
      12,
      5,
      1,
      12,
      0
    ]
  },
  "求学路": {
    "time": [
      "06:15:27",
      "06:29:42",
      "06:44:20",
      "06:58:46",
      "07:13:42",
      "07:27:56",
      "07:42:43",
      "07:58:27",
      "08:13:55",
      "08:29:02",
      "08:44:40",
      "08:59:21",
      "09:14:22",
      "09:28:56",
      "09:44:44",
      "09:59:18",
      "10:14:58",
      "10:29:43",
      "10:44:17",
      "10:59:06",
      "11:13:44",
      "11:29:14",
      "11:44:57",
      "11:59:50",
      "12:15:07",
      "12:29:39",
      "12:44:48",
      "12:59:44",
      "13:15:27",
      "13:30:27",
      "13:45:28",
      "14:00:55",
      "14:16:23",
      "14:30:45",
      "14:46:18",
      "15:01:56",
      "15:16:17",
      "15:31:57",
      "15:46:26",
      "16:01:20",
      "16:15:38",
      "16:30:54",
      "16:45:04",
      "17:00:00",
      "17:15:05",
      "17:30:23",
      "17:45:19",
      "18:00:34",
      "18:16:08",
      "18:30:18",
      "18:46:02",
      "19:00:44",
      "19:16:04",
      "19:31:28",
      "19:45:55",
      "20:01:40",
      "20:15:57",
      "20:30:42",
      "20:46:07",
      "21:01:46",
      "21:16:41",
      "21:32:29",
      "21:46:48",
      "22:01:54"
    ],
    "board": [
      4,
      14,
      13,
      0,
      13,
      9,
      15,
      10,
      11,
      6,
      5,
      15,
      3,
      9,
      2,
      6,
      7,
      11,
      9,
      3,
      0,
      5,
      0,
      9,
      4,
      10,
      10,
      13,
      14,
      13,
      14,
      10,
      14,
      11,
      12,
      13,
      5,
      13,
      12,
      14,
      1,
      4,
      14,
      7,
      2,
      2,
      13,
      9,
      2,
      9,
      7,
      1,
      0,
      2,
      5,
      8,
      14,
      10,
      7,
      15,
      9,
      10,
      2,
      13
    ],
    "alight": [
      0,
      10,
      11,
      12,
      6,
      6,
      15,
      11,
      7,
      6,
      4,
      11,
      3,
      6,
      3,
      12,
      10,
      12,
      10,
      3,
      2,
      11,
      11,
      14,
      4,
      12,
      9,
      6,
      4,
      10,
      15,
      2,
      11,
      6,
      5,
      7,
      5,
      1,
      7,
      9,
      9,
      2,
      5,
      0,
      4,
      4,
      7,
      13,
      9,
      11,
      5,
      0,
      14,
      5,
      8,
      0,
      5,
      5,
      6,
      10,
      6,
      3,
      1,
      7
    ]
  },
  "USBA美国篮球学院": {
    "time": [
      "06:15:27",
      "06:29:42",
      "06:44:20",
      "06:58:46",
      "07:13:42",
      "07:27:56",
      "07:42:43",
      "07:58:27",
      "08:13:55",
      "08:29:02",
      "08:44:40",
      "08:59:21",
      "09:14:22",
      "09:28:56",
      "09:44:44",
      "09:59:18",
      "10:14:58",
      "10:29:43",
      "10:44:17",
      "10:59:06",
      "11:13:44",
      "11:29:14",
      "11:44:57",
      "11:59:50",
      "12:15:07",
      "12:29:39",
      "12:44:48",
      "12:59:44",
      "13:15:27",
      "13:30:27",
      "13:45:28",
      "14:00:55",
      "14:16:23",
      "14:30:45",
      "14:46:18",
      "15:01:56",
      "15:16:17",
      "15:31:57",
      "15:46:26",
      "16:01:20",
      "16:15:38",
      "16:30:54",
      "16:45:04",
      "17:00:00",
      "17:15:05",
      "17:30:23",
      "17:45:19",
      "18:00:34",
      "18:16:08",
      "18:30:18",
      "18:46:02",
      "19:00:44",
      "19:16:04",
      "19:31:28",
      "19:45:55",
      "20:01:40",
      "20:15:57",
      "20:30:42",
      "20:46:07",
      "21:01:46",
      "21:16:41",
      "21:32:29",
      "21:46:48",
      "22:01:54"
    ],
    "board": [
      13,
      2,
      12,
      5,
      15,
      6,
      9,
      14,
      9,
      11,
      2,
      1,
      3,
      14,
      10,
      8,
      15,
      3,
      8,
      8,
      13,
      7,
      13,
      4,
      7,
      12,
      5,
      11,
      1,
      7,
      5,
      15,
      9,
      1,
      14,
      0,
      4,
      0,
      5,
      3,
      12,
      12,
      1,
      7,
      14,
      9,
      2,
      15,
      12,
      11,
      7,
      1,
      8,
      0,
      10,
      11,
      13,
      3,
      11,
      13,
      0,
      5,
      7,
      9
    ],
    "alight": [
      0,
      1,
      5,
      15,
      0,
      14,
      9,
      8,
      10,
      9,
      5,
      11,
      12,
      12,
      10,
      10,
      15,
      1,
      14,
      6,
      5,
      13,
      15,
      9,
      15,
      6,
      4,
      2,
      2,
      3,
      12,
      14,
      6,
      15,
      15,
      8,
      7,
      4,
      1,
      1,
      9,
      9,
      8,
      1,
      10,
      7,
      12,
      12,
      7,
      0,
      11,
      14,
      9,
      6,
      10,
      7,
      4,
      15,
      7,
      14,
      15,
      2,
      4,
      10
    ]
  },
  "贵州省干细胞与组织工程技术研究中心": {
    "time": [
      "06:15:27",
      "06:29:42",
      "06:44:20",
      "06:58:46",
      "07:13:42",
      "07:27:56",
      "07:42:43",
      "07:58:27",
      "08:13:55",
      "08:29:02",
      "08:44:40",
      "08:59:21",
      "09:14:22",
      "09:28:56",
      "09:44:44",
      "09:59:18",
      "10:14:58",
      "10:29:43",
      "10:44:17",
      "10:59:06",
      "11:13:44",
      "11:29:14",
      "11:44:57",
      "11:59:50",
      "12:15:07",
      "12:29:39",
      "12:44:48",
      "12:59:44",
      "13:15:27",
      "13:30:27",
      "13:45:28",
      "14:00:55",
      "14:16:23",
      "14:30:45",
      "14:46:18",
      "15:01:56",
      "15:16:17",
      "15:31:57",
      "15:46:26",
      "16:01:20",
      "16:15:38",
      "16:30:54",
      "16:45:04",
      "17:00:00",
      "17:15:05",
      "17:30:23",
      "17:45:19",
      "18:00:34",
      "18:16:08",
      "18:30:18",
      "18:46:02",
      "19:00:44",
      "19:16:04",
      "19:31:28",
      "19:45:55",
      "20:01:40",
      "20:15:57",
      "20:30:42",
      "20:46:07",
      "21:01:46",
      "21:16:41",
      "21:32:29",
      "21:46:48",
      "22:01:54"
    ],
    "board": [
      9,
      11,
      0,
      6,
      13,
      12,
      6,
      8,
      5,
      13,
      5,
      1,
      11,
      10,
      10,
      14,
      7,
      9,
      15,
      10,
      6,
      11,
      2,
      8,
      11,
      11,
      0,
      11,
      2,
      1,
      2,
      6,
      12,
      15,
      15,
      7,
      8,
      11,
      5,
      4,
      2,
      7,
      7,
      12,
      10,
      13,
      3,
      1,
      1,
      5,
      14,
      11,
      4,
      11,
      2,
      8,
      4,
      5,
      12,
      0,
      8,
      0,
      11,
      11
    ],
    "alight": [
      9,
      10,
      12,
      9,
      2,
      14,
      14,
      15,
      4,
      5,
      11,
      14,
      15,
      8,
      6,
      11,
      8,
      1,
      13,
      4,
      14,
      13,
      2,
      3,
      5,
      3,
      5,
      8,
      13,
      10,
      7,
      11,
      8,
      5,
      9,
      5,
      13,
      7,
      12,
      11,
      10,
      2,
      15,
      3,
      1,
      13,
      7,
      10,
      15,
      12,
      12,
      8,
      9,
      11,
      8,
      12,
      1,
      6,
      13,
      15,
      8,
      1,
      5,
      8
    ]
  },
  "四方小菜馆(麒龙商务港店)": {
    "time": [
      "06:15:27",
      "06:29:42",
      "06:44:20",
      "06:58:46",
      "07:13:42",
      "07:27:56",
      "07:42:43",
      "07:58:27",
      "08:13:55",
      "08:29:02",
      "08:44:40",
      "08:59:21",
      "09:14:22",
      "09:28:56",
      "09:44:44",
      "09:59:18",
      "10:14:58",
      "10:29:43",
      "10:44:17",
      "10:59:06",
      "11:13:44",
      "11:29:14",
      "11:44:57",
      "11:59:50",
      "12:15:07",
      "12:29:39",
      "12:44:48",
      "12:59:44",
      "13:15:27",
      "13:30:27",
      "13:45:28",
      "14:00:55",
      "14:16:23",
      "14:30:45",
      "14:46:18",
      "15:01:56",
      "15:16:17",
      "15:31:57",
      "15:46:26",
      "16:01:20",
      "16:15:38",
      "16:30:54",
      "16:45:04",
      "17:00:00",
      "17:15:05",
      "17:30:23",
      "17:45:19",
      "18:00:34",
      "18:16:08",
      "18:30:18",
      "18:46:02",
      "19:00:44",
      "19:16:04",
      "19:31:28",
      "19:45:55",
      "20:01:40",
      "20:15:57",
      "20:30:42",
      "20:46:07",
      "21:01:46",
      "21:16:41",
      "21:32:29",
      "21:46:48",
      "22:01:54"
    ],
    "board": [
      14,
      10,
      5,
      5,
      13,
      0,
      6,
      11,
      1,
      3,
      9,
      3,
      10,
      14,
      8,
      9,
      2,
      14,
      12,
      3,
      12,
      12,
      4,
      4,
      4,
      2,
      15,
      9,
      8,
      4,
      5,
      15,
      15,
      12,
      8,
      7,
      8,
      13,
      12,
      8,
      11,
      7,
      3,
      4,
      5,
      4,
      8,
      7,
      0,
      5,
      13,
      15,
      8,
      4,
      1,
      10,
      7,
      5,
      9,
      5,
      14,
      11,
      6,
      2
    ],
    "alight": [
      15,
      14,
      10,
      3,
      13,
      7,
      8,
      4,
      14,
      7,
      5,
      3,
      15,
      14,
      12,
      8,
      8,
      6,
      8,
      13,
      11,
      13,
      0,
      14,
      11,
      5,
      11,
      1,
      0,
      4,
      2,
      12,
      15,
      7,
      0,
      8,
      8,
      9,
      3,
      12,
      13,
      9,
      13,
      15,
      8,
      11,
      0,
      2,
      3,
      5,
      4,
      4,
      13,
      6,
      13,
      12,
      0,
      10,
      8,
      9,
      11,
      2,
      10,
      2
    ]
  },
  "阳关农场": {
    "time": [
      "06:15:27",
      "06:29:42",
      "06:44:20",
      "06:58:46",
      "07:13:42",
      "07:27:56",
      "07:42:43",
      "07:58:27",
      "08:13:55",
      "08:29:02",
      "08:44:40",
      "08:59:21",
      "09:14:22",
      "09:28:56",
      "09:44:44",
      "09:59:18",
      "10:14:58",
      "10:29:43",
      "10:44:17",
      "10:59:06",
      "11:13:44",
      "11:29:14",
      "11:44:57",
      "11:59:50",
      "12:15:07",
      "12:29:39",
      "12:44:48",
      "12:59:44",
      "13:15:27",
      "13:30:27",
      "13:45:28",
      "14:00:55",
      "14:16:23",
      "14:30:45",
      "14:46:18",
      "15:01:56",
      "15:16:17",
      "15:31:57",
      "15:46:26",
      "16:01:20",
      "16:15:38",
      "16:30:54",
      "16:45:04",
      "17:00:00",
      "17:15:05",
      "17:30:23",
      "17:45:19",
      "18:00:34",
      "18:16:08",
      "18:30:18",
      "18:46:02",
      "19:00:44",
      "19:16:04",
      "19:31:28",
      "19:45:55",
      "20:01:40",
      "20:15:57",
      "20:30:42",
      "20:46:07",
      "21:01:46",
      "21:16:41",
      "21:32:29",
      "21:46:48",
      "22:01:54"
    ],
    "board": [
      2,
      9,
      14,
      9,
      5,
      2,
      7,
      10,
      5,
      6,
      10,
      12,
      3,
      9,
      0,
      8,
      10,
      2,
      4,
      3,
      8,
      7,
      12,
      13,
      15,
      7,
      7,
      14,
      5,
      11,
      6,
      10,
      8,
      13,
      6,
      3,
      5,
      8,
      2,
      0,
      6,
      2,
      12,
      6,
      10,
      8,
      3,
      6,
      12,
      8,
      3,
      7,
      15,
      6,
      8,
      6,
      11,
      5,
      6,
      6,
      0,
      13,
      3,
      2
    ],
    "alight": [
      5,
      1,
      11,
      2,
      4,
      7,
      13,
      9,
      0,
      13,
      15,
      1,
      9,
      3,
      12,
      7,
      7,
      12,
      9,
      1,
      3,
      7,
      5,
      5,
      4,
      10,
      5,
      8,
      7,
      9,
      9,
      0,
      3,
      12,
      8,
      14,
      10,
      1,
      8,
      12,
      0,
      12,
      2,
      14,
      14,
      11,
      4,
      7,
      13,
      6,
      8,
      10,
      9,
      6,
      5,
      4,
      6,
      6,
      6,
      12,
      7,
      3,
      11,
      9
    ]
  },
  "禾迎东北饺子馆(美的·林城时代南区店)": {
    "time": [
      "06:15:27",
      "06:29:42",
      "06:44:20",
      "06:58:46",
      "07:13:42",
      "07:27:56",
      "07:42:43",
      "07:58:27",
      "08:13:55",
      "08:29:02",
      "08:44:40",
      "08:59:21",
      "09:14:22",
      "09:28:56",
      "09:44:44",
      "09:59:18",
      "10:14:58",
      "10:29:43",
      "10:44:17",
      "10:59:06",
      "11:13:44",
      "11:29:14",
      "11:44:57",
      "11:59:50",
      "12:15:07",
      "12:29:39",
      "12:44:48",
      "12:59:44",
      "13:15:27",
      "13:30:27",
      "13:45:28",
      "14:00:55",
      "14:16:23",
      "14:30:45",
      "14:46:18",
      "15:01:56",
      "15:16:17",
      "15:31:57",
      "15:46:26",
      "16:01:20",
      "16:15:38",
      "16:30:54",
      "16:45:04",
      "17:00:00",
      "17:15:05",
      "17:30:23",
      "17:45:19",
      "18:00:34",
      "18:16:08",
      "18:30:18",
      "18:46:02",
      "19:00:44",
      "19:16:04",
      "19:31:28",
      "19:45:55",
      "20:01:40",
      "20:15:57",
      "20:30:42",
      "20:46:07",
      "21:01:46",
      "21:16:41",
      "21:32:29",
      "21:46:48",
      "22:01:54"
    ],
    "board": [
      9,
      3,
      1,
      8,
      13,
      5,
      11,
      8,
      1,
      7,
      3,
      11,
      1,
      2,
      9,
      15,
      6,
      11,
      9,
      11,
      13,
      15,
      2,
      8,
      11,
      7,
      11,
      8,
      12,
      1,
      3,
      9,
      10,
      7,
      6,
      11,
      14,
      4,
      15,
      11,
      2,
      6,
      15,
      8,
      15,
      1,
      5,
      2,
      3,
      14,
      2,
      15,
      0,
      11,
      3,
      0,
      5,
      2,
      9,
      15,
      4,
      2,
      13,
      6
    ],
    "alight": [
      12,
      12,
      14,
      3,
      12,
      10,
      15,
      15,
      13,
      0,
      0,
      14,
      2,
      9,
      5,
      5,
      6,
      5,
      8,
      2,
      6,
      13,
      12,
      13,
      9,
      14,
      7,
      8,
      2,
      4,
      7,
      5,
      15,
      13,
      3,
      1,
      1,
      4,
      0,
      3,
      1,
      12,
      8,
      1,
      13,
      7,
      4,
      0,
      9,
      5,
      6,
      15,
      6,
      6,
      2,
      9,
      0,
      14,
      13,
      1,
      4,
      5,
      2,
      1
    ]
  },
  "书亦烧仙草(贵阳观山湖美的林城店)": {
    "time": [
      "06:15:27",
      "06:29:42",
      "06:44:20",
      "06:58:46",
      "07:13:42",
      "07:27:56",
      "07:42:43",
      "07:58:27",
      "08:13:55",
      "08:29:02",
      "08:44:40",
      "08:59:21",
      "09:14:22",
      "09:28:56",
      "09:44:44",
      "09:59:18",
      "10:14:58",
      "10:29:43",
      "10:44:17",
      "10:59:06",
      "11:13:44",
      "11:29:14",
      "11:44:57",
      "11:59:50",
      "12:15:07",
      "12:29:39",
      "12:44:48",
      "12:59:44",
      "13:15:27",
      "13:30:27",
      "13:45:28",
      "14:00:55",
      "14:16:23",
      "14:30:45",
      "14:46:18",
      "15:01:56",
      "15:16:17",
      "15:31:57",
      "15:46:26",
      "16:01:20",
      "16:15:38",
      "16:30:54",
      "16:45:04",
      "17:00:00",
      "17:15:05",
      "17:30:23",
      "17:45:19",
      "18:00:34",
      "18:16:08",
      "18:30:18",
      "18:46:02",
      "19:00:44",
      "19:16:04",
      "19:31:28",
      "19:45:55",
      "20:01:40",
      "20:15:57",
      "20:30:42",
      "20:46:07",
      "21:01:46",
      "21:16:41",
      "21:32:29",
      "21:46:48",
      "22:01:54"
    ],
    "board": [
      8,
      13,
      13,
      7,
      14,
      11,
      7,
      12,
      4,
      0,
      3,
      13,
      1,
      13,
      11,
      7,
      1,
      4,
      3,
      3,
      3,
      4,
      1,
      8,
      8,
      4,
      12,
      3,
      0,
      6,
      15,
      5,
      12,
      0,
      8,
      2,
      15,
      8,
      5,
      13,
      14,
      6,
      7,
      3,
      7,
      13,
      6,
      0,
      13,
      4,
      0,
      8,
      6,
      0,
      3,
      9,
      6,
      2,
      1,
      0,
      14,
      6,
      8,
      8
    ],
    "alight": [
      3,
      3,
      13,
      15,
      3,
      2,
      13,
      14,
      2,
      5,
      12,
      14,
      3,
      0,
      2,
      4,
      8,
      10,
      8,
      10,
      14,
      6,
      7,
      0,
      12,
      9,
      5,
      12,
      8,
      10,
      9,
      6,
      1,
      7,
      12,
      3,
      5,
      9,
      4,
      6,
      11,
      6,
      3,
      15,
      13,
      5,
      11,
      9,
      3,
      10,
      10,
      14,
      11,
      5,
      1,
      4,
      8,
      9,
      11,
      15,
      0,
      14,
      15,
      14
    ]
  },
  "修脚匠": {
    "time": [
      "06:15:27",
      "06:29:42",
      "06:44:20",
      "06:58:46",
      "07:13:42",
      "07:27:56",
      "07:42:43",
      "07:58:27",
      "08:13:55",
      "08:29:02",
      "08:44:40",
      "08:59:21",
      "09:14:22",
      "09:28:56",
      "09:44:44",
      "09:59:18",
      "10:14:58",
      "10:29:43",
      "10:44:17",
      "10:59:06",
      "11:13:44",
      "11:29:14",
      "11:44:57",
      "11:59:50",
      "12:15:07",
      "12:29:39",
      "12:44:48",
      "12:59:44",
      "13:15:27",
      "13:30:27",
      "13:45:28",
      "14:00:55",
      "14:16:23",
      "14:30:45",
      "14:46:18",
      "15:01:56",
      "15:16:17",
      "15:31:57",
      "15:46:26",
      "16:01:20",
      "16:15:38",
      "16:30:54",
      "16:45:04",
      "17:00:00",
      "17:15:05",
      "17:30:23",
      "17:45:19",
      "18:00:34",
      "18:16:08",
      "18:30:18",
      "18:46:02",
      "19:00:44",
      "19:16:04",
      "19:31:28",
      "19:45:55",
      "20:01:40",
      "20:15:57",
      "20:30:42",
      "20:46:07",
      "21:01:46",
      "21:16:41",
      "21:32:29",
      "21:46:48",
      "22:01:54"
    ],
    "board": [
      4,
      10,
      12,
      7,
      6,
      2,
      5,
      10,
      15,
      13,
      2,
      13,
      13,
      10,
      14,
      15,
      3,
      5,
      10,
      2,
      15,
      1,
      13,
      1,
      5,
      9,
      1,
      13,
      8,
      6,
      11,
      5,
      15,
      13,
      3,
      4,
      14,
      15,
      15,
      10,
      11,
      4,
      14,
      1,
      8,
      2,
      5,
      5,
      0,
      1,
      15,
      8,
      4,
      4,
      6,
      12,
      10,
      15,
      0,
      12,
      4,
      9,
      12,
      11
    ],
    "alight": [
      2,
      5,
      11,
      15,
      14,
      13,
      1,
      3,
      4,
      15,
      10,
      5,
      0,
      12,
      14,
      11,
      2,
      8,
      1,
      5,
      1,
      0,
      3,
      1,
      5,
      1,
      3,
      3,
      0,
      11,
      13,
      7,
      3,
      10,
      5,
      10,
      2,
      0,
      14,
      5,
      7,
      0,
      8,
      6,
      8,
      1,
      9,
      14,
      14,
      0,
      4,
      12,
      4,
      12,
      1,
      3,
      7,
      11,
      13,
      15,
      6,
      6,
      14,
      13
    ]
  },
  "家福菜馆(长岭阳光店)": {
    "time": [
      "06:15:27",
      "06:29:42",
      "06:44:20",
      "06:58:46",
      "07:13:42",
      "07:27:56",
      "07:42:43",
      "07:58:27",
      "08:13:55",
      "08:29:02",
      "08:44:40",
      "08:59:21",
      "09:14:22",
      "09:28:56",
      "09:44:44",
      "09:59:18",
      "10:14:58",
      "10:29:43",
      "10:44:17",
      "10:59:06",
      "11:13:44",
      "11:29:14",
      "11:44:57",
      "11:59:50",
      "12:15:07",
      "12:29:39",
      "12:44:48",
      "12:59:44",
      "13:15:27",
      "13:30:27",
      "13:45:28",
      "14:00:55",
      "14:16:23",
      "14:30:45",
      "14:46:18",
      "15:01:56",
      "15:16:17",
      "15:31:57",
      "15:46:26",
      "16:01:20",
      "16:15:38",
      "16:30:54",
      "16:45:04",
      "17:00:00",
      "17:15:05",
      "17:30:23",
      "17:45:19",
      "18:00:34",
      "18:16:08",
      "18:30:18",
      "18:46:02",
      "19:00:44",
      "19:16:04",
      "19:31:28",
      "19:45:55",
      "20:01:40",
      "20:15:57",
      "20:30:42",
      "20:46:07",
      "21:01:46",
      "21:16:41",
      "21:32:29",
      "21:46:48",
      "22:01:54"
    ],
    "board": [
      13,
      10,
      14,
      4,
      3,
      2,
      2,
      14,
      12,
      4,
      7,
      13,
      9,
      1,
      4,
      14,
      15,
      11,
      5,
      6,
      13,
      10,
      14,
      15,
      14,
      2,
      11,
      6,
      14,
      12,
      3,
      11,
      11,
      13,
      3,
      11,
      13,
      11,
      11,
      5,
      9,
      13,
      1,
      13,
      14,
      1,
      0,
      4,
      4,
      15,
      15,
      5,
      9,
      2,
      6,
      7,
      0,
      14,
      10,
      7,
      2,
      13,
      0,
      2
    ],
    "alight": [
      7,
      5,
      13,
      7,
      7,
      0,
      1,
      2,
      12,
      5,
      5,
      0,
      3,
      13,
      6,
      2,
      8,
      14,
      13,
      14,
      8,
      10,
      8,
      9,
      11,
      8,
      14,
      8,
      15,
      2,
      6,
      2,
      13,
      11,
      6,
      11,
      5,
      9,
      14,
      6,
      9,
      3,
      3,
      7,
      12,
      10,
      13,
      13,
      11,
      5,
      4,
      5,
      3,
      0,
      0,
      8,
      6,
      2,
      10,
      1,
      11,
      11,
      11,
      14
    ]
  },
  "煜兴辣子鸡(月华轩店)": {
    "time": [
      "06:15:27",
      "06:29:42",
      "06:44:20",
      "06:58:46",
      "07:13:42",
      "07:27:56",
      "07:42:43",
      "07:58:27",
      "08:13:55",
      "08:29:02",
      "08:44:40",
      "08:59:21",
      "09:14:22",
      "09:28:56",
      "09:44:44",
      "09:59:18",
      "10:14:58",
      "10:29:43",
      "10:44:17",
      "10:59:06",
      "11:13:44",
      "11:29:14",
      "11:44:57",
      "11:59:50",
      "12:15:07",
      "12:29:39",
      "12:44:48",
      "12:59:44",
      "13:15:27",
      "13:30:27",
      "13:45:28",
      "14:00:55",
      "14:16:23",
      "14:30:45",
      "14:46:18",
      "15:01:56",
      "15:16:17",
      "15:31:57",
      "15:46:26",
      "16:01:20",
      "16:15:38",
      "16:30:54",
      "16:45:04",
      "17:00:00",
      "17:15:05",
      "17:30:23",
      "17:45:19",
      "18:00:34",
      "18:16:08",
      "18:30:18",
      "18:46:02",
      "19:00:44",
      "19:16:04",
      "19:31:28",
      "19:45:55",
      "20:01:40",
      "20:15:57",
      "20:30:42",
      "20:46:07",
      "21:01:46",
      "21:16:41",
      "21:32:29",
      "21:46:48",
      "22:01:54"
    ],
    "board": [
      4,
      7,
      3,
      10,
      7,
      3,
      14,
      1,
      15,
      10,
      10,
      1,
      6,
      4,
      12,
      10,
      14,
      14,
      6,
      7,
      6,
      9,
      15,
      10,
      15,
      5,
      6,
      13,
      3,
      13,
      7,
      2,
      13,
      3,
      0,
      13,
      13,
      12,
      3,
      3,
      4,
      5,
      3,
      4,
      5,
      6,
      2,
      3,
      6,
      8,
      13,
      10,
      15,
      10,
      8,
      5,
      0,
      5,
      12,
      13,
      3,
      10,
      5,
      9
    ],
    "alight": [
      0,
      6,
      15,
      15,
      15,
      7,
      13,
      7,
      1,
      13,
      3,
      10,
      14,
      12,
      14,
      14,
      4,
      2,
      12,
      6,
      14,
      14,
      14,
      0,
      11,
      5,
      12,
      11,
      13,
      7,
      0,
      1,
      10,
      7,
      10,
      10,
      3,
      11,
      10,
      14,
      15,
      5,
      5,
      7,
      10,
      11,
      6,
      0,
      2,
      0,
      10,
      3,
      11,
      4,
      13,
      11,
      15,
      0,
      0,
      3,
      1,
      4,
      12,
      9
    ]
  },
  "贵阳朵丫婴幼儿启蒙中心": {
    "time": [
      "06:15:27",
      "06:29:42",
      "06:44:20",
      "06:58:46",
      "07:13:42",
      "07:27:56",
      "07:42:43",
      "07:58:27",
      "08:13:55",
      "08:29:02",
      "08:44:40",
      "08:59:21",
      "09:14:22",
      "09:28:56",
      "09:44:44",
      "09:59:18",
      "10:14:58",
      "10:29:43",
      "10:44:17",
      "10:59:06",
      "11:13:44",
      "11:29:14",
      "11:44:57",
      "11:59:50",
      "12:15:07",
      "12:29:39",
      "12:44:48",
      "12:59:44",
      "13:15:27",
      "13:30:27",
      "13:45:28",
      "14:00:55",
      "14:16:23",
      "14:30:45",
      "14:46:18",
      "15:01:56",
      "15:16:17",
      "15:31:57",
      "15:46:26",
      "16:01:20",
      "16:15:38",
      "16:30:54",
      "16:45:04",
      "17:00:00",
      "17:15:05",
      "17:30:23",
      "17:45:19",
      "18:00:34",
      "18:16:08",
      "18:30:18",
      "18:46:02",
      "19:00:44",
      "19:16:04",
      "19:31:28",
      "19:45:55",
      "20:01:40",
      "20:15:57",
      "20:30:42",
      "20:46:07",
      "21:01:46",
      "21:16:41",
      "21:32:29",
      "21:46:48",
      "22:01:54"
    ],
    "board": [
      6,
      1,
      8,
      1,
      0,
      11,
      15,
      6,
      0,
      12,
      13,
      13,
      4,
      1,
      5,
      0,
      12,
      6,
      5,
      12,
      9,
      6,
      10,
      10,
      6,
      10,
      2,
      8,
      10,
      8,
      8,
      14,
      0,
      3,
      9,
      10,
      6,
      13,
      6,
      11,
      12,
      12,
      8,
      12,
      8,
      13,
      14,
      0,
      10,
      3,
      13,
      2,
      15,
      2,
      7,
      8,
      2,
      2,
      9,
      8,
      3,
      8,
      8,
      0
    ],
    "alight": [
      13,
      14,
      0,
      9,
      4,
      10,
      0,
      1,
      12,
      0,
      14,
      1,
      8,
      10,
      10,
      11,
      5,
      2,
      9,
      15,
      11,
      14,
      0,
      4,
      1,
      15,
      7,
      4,
      4,
      12,
      11,
      0,
      4,
      9,
      15,
      1,
      7,
      13,
      2,
      13,
      1,
      8,
      15,
      6,
      3,
      11,
      14,
      14,
      11,
      2,
      4,
      8,
      4,
      0,
      7,
      2,
      12,
      8,
      10,
      15,
      15,
      6,
      5,
      11
    ]
  },
  "贵阳市白云区白云艺术学校党支部": {
    "time": [
      "06:15:27",
      "06:29:42",
      "06:44:20",
      "06:58:46",
      "07:13:42",
      "07:27:56",
      "07:42:43",
      "07:58:27",
      "08:13:55",
      "08:29:02",
      "08:44:40",
      "08:59:21",
      "09:14:22",
      "09:28:56",
      "09:44:44",
      "09:59:18",
      "10:14:58",
      "10:29:43",
      "10:44:17",
      "10:59:06",
      "11:13:44",
      "11:29:14",
      "11:44:57",
      "11:59:50",
      "12:15:07",
      "12:29:39",
      "12:44:48",
      "12:59:44",
      "13:15:27",
      "13:30:27",
      "13:45:28",
      "14:00:55",
      "14:16:23",
      "14:30:45",
      "14:46:18",
      "15:01:56",
      "15:16:17",
      "15:31:57",
      "15:46:26",
      "16:01:20",
      "16:15:38",
      "16:30:54",
      "16:45:04",
      "17:00:00",
      "17:15:05",
      "17:30:23",
      "17:45:19",
      "18:00:34",
      "18:16:08",
      "18:30:18",
      "18:46:02",
      "19:00:44",
      "19:16:04",
      "19:31:28",
      "19:45:55",
      "20:01:40",
      "20:15:57",
      "20:30:42",
      "20:46:07",
      "21:01:46",
      "21:16:41",
      "21:32:29",
      "21:46:48",
      "22:01:54"
    ],
    "board": [
      4,
      2,
      6,
      12,
      5,
      15,
      10,
      9,
      6,
      8,
      6,
      6,
      11,
      2,
      10,
      11,
      5,
      3,
      3,
      5,
      8,
      9,
      0,
      9,
      5,
      7,
      14,
      6,
      4,
      6,
      12,
      7,
      9,
      10,
      15,
      6,
      10,
      15,
      10,
      5,
      15,
      4,
      7,
      8,
      15,
      1,
      5,
      9,
      10,
      3,
      8,
      6,
      11,
      11,
      6,
      7,
      6,
      6,
      15,
      6,
      1,
      9,
      6,
      9
    ],
    "alight": [
      9,
      2,
      15,
      5,
      6,
      7,
      0,
      3,
      2,
      2,
      13,
      8,
      11,
      5,
      9,
      6,
      0,
      6,
      10,
      5,
      14,
      3,
      14,
      15,
      15,
      7,
      15,
      12,
      10,
      12,
      1,
      2,
      10,
      13,
      9,
      10,
      15,
      13,
      14,
      3,
      12,
      15,
      4,
      6,
      14,
      13,
      13,
      10,
      7,
      9,
      3,
      5,
      9,
      3,
      10,
      1,
      11,
      8,
      8,
      8,
      5,
      7,
      9,
      13
    ]
  },
  "迎宾社区": {
    "time": [
      "06:15:27",
      "06:29:42",
      "06:44:20",
      "06:58:46",
      "07:13:42",
      "07:27:56",
      "07:42:43",
      "07:58:27",
      "08:13:55",
      "08:29:02",
      "08:44:40",
      "08:59:21",
      "09:14:22",
      "09:28:56",
      "09:44:44",
      "09:59:18",
      "10:14:58",
      "10:29:43",
      "10:44:17",
      "10:59:06",
      "11:13:44",
      "11:29:14",
      "11:44:57",
      "11:59:50",
      "12:15:07",
      "12:29:39",
      "12:44:48",
      "12:59:44",
      "13:15:27",
      "13:30:27",
      "13:45:28",
      "14:00:55",
      "14:16:23",
      "14:30:45",
      "14:46:18",
      "15:01:56",
      "15:16:17",
      "15:31:57",
      "15:46:26",
      "16:01:20",
      "16:15:38",
      "16:30:54",
      "16:45:04",
      "17:00:00",
      "17:15:05",
      "17:30:23",
      "17:45:19",
      "18:00:34",
      "18:16:08",
      "18:30:18",
      "18:46:02",
      "19:00:44",
      "19:16:04",
      "19:31:28",
      "19:45:55",
      "20:01:40",
      "20:15:57",
      "20:30:42",
      "20:46:07",
      "21:01:46",
      "21:16:41",
      "21:32:29",
      "21:46:48",
      "22:01:54"
    ],
    "board": [
      5,
      13,
      6,
      4,
      7,
      11,
      1,
      1,
      14,
      9,
      1,
      5,
      10,
      5,
      2,
      15,
      11,
      10,
      9,
      8,
      5,
      1,
      3,
      12,
      15,
      15,
      8,
      7,
      15,
      8,
      12,
      2,
      10,
      0,
      15,
      14,
      1,
      7,
      6,
      2,
      7,
      12,
      3,
      14,
      13,
      6,
      13,
      2,
      11,
      1,
      15,
      1,
      10,
      4,
      14,
      12,
      4,
      9,
      2,
      12,
      13,
      15,
      14,
      11
    ],
    "alight": [
      13,
      3,
      9,
      4,
      1,
      5,
      9,
      11,
      10,
      4,
      9,
      14,
      7,
      11,
      15,
      1,
      3,
      12,
      15,
      5,
      4,
      15,
      15,
      12,
      2,
      2,
      6,
      0,
      14,
      6,
      3,
      10,
      8,
      8,
      10,
      2,
      11,
      13,
      12,
      10,
      8,
      10,
      10,
      15,
      0,
      2,
      8,
      14,
      9,
      7,
      1,
      5,
      14,
      10,
      6,
      12,
      4,
      5,
      7,
      1,
      8,
      4,
      10,
      7
    ]
  },
  "白云铁桥(快速公交站)": {
    "time": [
      "06:15:27",
      "06:29:42",
      "06:44:20",
      "06:58:46",
      "07:13:42",
      "07:27:56",
      "07:42:43",
      "07:58:27",
      "08:13:55",
      "08:29:02",
      "08:44:40",
      "08:59:21",
      "09:14:22",
      "09:28:56",
      "09:44:44",
      "09:59:18",
      "10:14:58",
      "10:29:43",
      "10:44:17",
      "10:59:06",
      "11:13:44",
      "11:29:14",
      "11:44:57",
      "11:59:50",
      "12:15:07",
      "12:29:39",
      "12:44:48",
      "12:59:44",
      "13:15:27",
      "13:30:27",
      "13:45:28",
      "14:00:55",
      "14:16:23",
      "14:30:45",
      "14:46:18",
      "15:01:56",
      "15:16:17",
      "15:31:57",
      "15:46:26",
      "16:01:20",
      "16:15:38",
      "16:30:54",
      "16:45:04",
      "17:00:00",
      "17:15:05",
      "17:30:23",
      "17:45:19",
      "18:00:34",
      "18:16:08",
      "18:30:18",
      "18:46:02",
      "19:00:44",
      "19:16:04",
      "19:31:28",
      "19:45:55",
      "20:01:40",
      "20:15:57",
      "20:30:42",
      "20:46:07",
      "21:01:46",
      "21:16:41",
      "21:32:29",
      "21:46:48",
      "22:01:54"
    ],
    "board": [
      7,
      3,
      8,
      10,
      8,
      2,
      4,
      3,
      5,
      13,
      3,
      2,
      13,
      11,
      12,
      10,
      5,
      1,
      14,
      9,
      13,
      0,
      7,
      9,
      14,
      4,
      8,
      4,
      6,
      6,
      3,
      6,
      2,
      2,
      0,
      6,
      0,
      0,
      3,
      15,
      15,
      10,
      2,
      2,
      13,
      1,
      9,
      7,
      5,
      5,
      2,
      6,
      7,
      9,
      8,
      5,
      4,
      0,
      4,
      15,
      0,
      15,
      8,
      4
    ],
    "alight": [
      8,
      9,
      6,
      2,
      8,
      14,
      6,
      3,
      9,
      8,
      3,
      10,
      12,
      10,
      6,
      5,
      11,
      13,
      13,
      3,
      5,
      5,
      15,
      12,
      6,
      12,
      15,
      1,
      6,
      10,
      9,
      9,
      8,
      11,
      3,
      12,
      14,
      7,
      7,
      13,
      3,
      7,
      12,
      15,
      8,
      9,
      0,
      14,
      11,
      2,
      9,
      6,
      5,
      0,
      1,
      13,
      15,
      1,
      3,
      7,
      3,
      6,
      10,
      2
    ]
  },
  "佳居新苑": {
    "time": [
      "06:15:27",
      "06:29:42",
      "06:44:20",
      "06:58:46",
      "07:13:42",
      "07:27:56",
      "07:42:43",
      "07:58:27",
      "08:13:55",
      "08:29:02",
      "08:44:40",
      "08:59:21",
      "09:14:22",
      "09:28:56",
      "09:44:44",
      "09:59:18",
      "10:14:58",
      "10:29:43",
      "10:44:17",
      "10:59:06",
      "11:13:44",
      "11:29:14",
      "11:44:57",
      "11:59:50",
      "12:15:07",
      "12:29:39",
      "12:44:48",
      "12:59:44",
      "13:15:27",
      "13:30:27",
      "13:45:28",
      "14:00:55",
      "14:16:23",
      "14:30:45",
      "14:46:18",
      "15:01:56",
      "15:16:17",
      "15:31:57",
      "15:46:26",
      "16:01:20",
      "16:15:38",
      "16:30:54",
      "16:45:04",
      "17:00:00",
      "17:15:05",
      "17:30:23",
      "17:45:19",
      "18:00:34",
      "18:16:08",
      "18:30:18",
      "18:46:02",
      "19:00:44",
      "19:16:04",
      "19:31:28",
      "19:45:55",
      "20:01:40",
      "20:15:57",
      "20:30:42",
      "20:46:07",
      "21:01:46",
      "21:16:41",
      "21:32:29",
      "21:46:48",
      "22:01:54"
    ],
    "board": [
      2,
      4,
      7,
      1,
      9,
      4,
      4,
      11,
      1,
      15,
      14,
      8,
      15,
      7,
      13,
      1,
      12,
      10,
      6,
      0,
      4,
      1,
      3,
      0,
      11,
      3,
      4,
      2,
      14,
      14,
      14,
      13,
      2,
      15,
      15,
      10,
      14,
      9,
      4,
      0,
      11,
      6,
      15,
      7,
      8,
      6,
      14,
      7,
      6,
      5,
      0,
      3,
      11,
      1,
      13,
      3,
      13,
      4,
      11,
      8,
      11,
      6,
      1,
      11
    ],
    "alight": [
      10,
      15,
      8,
      9,
      9,
      1,
      13,
      7,
      12,
      0,
      10,
      3,
      5,
      8,
      6,
      15,
      13,
      0,
      10,
      4,
      9,
      4,
      6,
      0,
      9,
      0,
      5,
      7,
      15,
      0,
      3,
      4,
      3,
      0,
      3,
      10,
      6,
      7,
      1,
      1,
      8,
      13,
      10,
      10,
      13,
      14,
      2,
      13,
      5,
      15,
      15,
      13,
      0,
      7,
      8,
      12,
      12,
      4,
      5,
      12,
      7,
      11,
      15,
      5
    ]
  },
  "胜旺蛋糕房(朝晖星城店)": {
    "time": [
      "06:15:27",
      "06:29:42",
      "06:44:20",
      "06:58:46",
      "07:13:42",
      "07:27:56",
      "07:42:43",
      "07:58:27",
      "08:13:55",
      "08:29:02",
      "08:44:40",
      "08:59:21",
      "09:14:22",
      "09:28:56",
      "09:44:44",
      "09:59:18",
      "10:14:58",
      "10:29:43",
      "10:44:17",
      "10:59:06",
      "11:13:44",
      "11:29:14",
      "11:44:57",
      "11:59:50",
      "12:15:07",
      "12:29:39",
      "12:44:48",
      "12:59:44",
      "13:15:27",
      "13:30:27",
      "13:45:28",
      "14:00:55",
      "14:16:23",
      "14:30:45",
      "14:46:18",
      "15:01:56",
      "15:16:17",
      "15:31:57",
      "15:46:26",
      "16:01:20",
      "16:15:38",
      "16:30:54",
      "16:45:04",
      "17:00:00",
      "17:15:05",
      "17:30:23",
      "17:45:19",
      "18:00:34",
      "18:16:08",
      "18:30:18",
      "18:46:02",
      "19:00:44",
      "19:16:04",
      "19:31:28",
      "19:45:55",
      "20:01:40",
      "20:15:57",
      "20:30:42",
      "20:46:07",
      "21:01:46",
      "21:16:41",
      "21:32:29",
      "21:46:48",
      "22:01:54"
    ],
    "board": [
      15,
      12,
      1,
      9,
      1,
      2,
      4,
      5,
      8,
      8,
      7,
      1,
      7,
      7,
      4,
      8,
      10,
      6,
      9,
      3,
      9,
      8,
      10,
      6,
      11,
      15,
      7,
      13,
      13,
      8,
      15,
      10,
      10,
      15,
      0,
      7,
      1,
      2,
      15,
      14,
      8,
      12,
      14,
      13,
      10,
      12,
      10,
      14,
      0,
      1,
      0,
      7,
      9,
      4,
      7,
      2,
      5,
      9,
      8,
      11,
      13,
      13,
      1,
      3
    ],
    "alight": [
      5,
      0,
      6,
      0,
      11,
      4,
      2,
      3,
      9,
      15,
      2,
      9,
      3,
      8,
      12,
      2,
      2,
      0,
      12,
      10,
      2,
      12,
      0,
      3,
      14,
      12,
      11,
      3,
      10,
      2,
      9,
      11,
      12,
      7,
      11,
      7,
      13,
      3,
      9,
      11,
      3,
      7,
      8,
      9,
      5,
      1,
      6,
      15,
      12,
      3,
      5,
      2,
      7,
      5,
      2,
      1,
      6,
      7,
      4,
      11,
      10,
      4,
      2,
      2
    ]
  },
  "贵阳市白云区综合行政执法局": {
    "time": [
      "06:15:27",
      "06:29:42",
      "06:44:20",
      "06:58:46",
      "07:13:42",
      "07:27:56",
      "07:42:43",
      "07:58:27",
      "08:13:55",
      "08:29:02",
      "08:44:40",
      "08:59:21",
      "09:14:22",
      "09:28:56",
      "09:44:44",
      "09:59:18",
      "10:14:58",
      "10:29:43",
      "10:44:17",
      "10:59:06",
      "11:13:44",
      "11:29:14",
      "11:44:57",
      "11:59:50",
      "12:15:07",
      "12:29:39",
      "12:44:48",
      "12:59:44",
      "13:15:27",
      "13:30:27",
      "13:45:28",
      "14:00:55",
      "14:16:23",
      "14:30:45",
      "14:46:18",
      "15:01:56",
      "15:16:17",
      "15:31:57",
      "15:46:26",
      "16:01:20",
      "16:15:38",
      "16:30:54",
      "16:45:04",
      "17:00:00",
      "17:15:05",
      "17:30:23",
      "17:45:19",
      "18:00:34",
      "18:16:08",
      "18:30:18",
      "18:46:02",
      "19:00:44",
      "19:16:04",
      "19:31:28",
      "19:45:55",
      "20:01:40",
      "20:15:57",
      "20:30:42",
      "20:46:07",
      "21:01:46",
      "21:16:41",
      "21:32:29",
      "21:46:48",
      "22:01:54"
    ],
    "board": [
      15,
      2,
      3,
      0,
      10,
      6,
      2,
      3,
      0,
      2,
      6,
      4,
      4,
      13,
      5,
      6,
      1,
      6,
      4,
      5,
      10,
      9,
      6,
      7,
      15,
      13,
      10,
      6,
      6,
      13,
      14,
      12,
      7,
      9,
      5,
      9,
      0,
      11,
      14,
      8,
      7,
      0,
      3,
      1,
      15,
      5,
      5,
      15,
      14,
      6,
      2,
      12,
      13,
      11,
      14,
      14,
      11,
      5,
      14,
      14,
      12,
      2,
      12,
      4
    ],
    "alight": [
      3,
      6,
      3,
      9,
      15,
      3,
      7,
      9,
      3,
      5,
      8,
      15,
      1,
      6,
      10,
      13,
      7,
      4,
      11,
      9,
      4,
      5,
      4,
      12,
      9,
      14,
      0,
      9,
      5,
      5,
      1,
      3,
      8,
      1,
      14,
      1,
      1,
      15,
      9,
      3,
      10,
      14,
      0,
      4,
      3,
      14,
      10,
      15,
      3,
      15,
      13,
      14,
      1,
      8,
      1,
      15,
      7,
      11,
      4,
      4,
      10,
      8,
      1,
      0
    ]
  },
  "娃哈哈贵阳生产基地": {
    "time": [
      "06:15:27",
      "06:29:42",
      "06:44:20",
      "06:58:46",
      "07:13:42",
      "07:27:56",
      "07:42:43",
      "07:58:27",
      "08:13:55",
      "08:29:02",
      "08:44:40",
      "08:59:21",
      "09:14:22",
      "09:28:56",
      "09:44:44",
      "09:59:18",
      "10:14:58",
      "10:29:43",
      "10:44:17",
      "10:59:06",
      "11:13:44",
      "11:29:14",
      "11:44:57",
      "11:59:50",
      "12:15:07",
      "12:29:39",
      "12:44:48",
      "12:59:44",
      "13:15:27",
      "13:30:27",
      "13:45:28",
      "14:00:55",
      "14:16:23",
      "14:30:45",
      "14:46:18",
      "15:01:56",
      "15:16:17",
      "15:31:57",
      "15:46:26",
      "16:01:20",
      "16:15:38",
      "16:30:54",
      "16:45:04",
      "17:00:00",
      "17:15:05",
      "17:30:23",
      "17:45:19",
      "18:00:34",
      "18:16:08",
      "18:30:18",
      "18:46:02",
      "19:00:44",
      "19:16:04",
      "19:31:28",
      "19:45:55",
      "20:01:40",
      "20:15:57",
      "20:30:42",
      "20:46:07",
      "21:01:46",
      "21:16:41",
      "21:32:29",
      "21:46:48",
      "22:01:54"
    ],
    "board": [
      1,
      11,
      11,
      9,
      8,
      10,
      8,
      6,
      13,
      2,
      13,
      6,
      13,
      9,
      2,
      5,
      7,
      6,
      3,
      12,
      13,
      11,
      7,
      7,
      12,
      5,
      11,
      11,
      13,
      14,
      5,
      13,
      7,
      11,
      15,
      12,
      2,
      10,
      2,
      15,
      13,
      5,
      1,
      14,
      15,
      7,
      4,
      13,
      6,
      10,
      2,
      0,
      0,
      1,
      9,
      10,
      10,
      3,
      2,
      1,
      12,
      3,
      12,
      5
    ],
    "alight": [
      15,
      8,
      15,
      8,
      4,
      10,
      11,
      8,
      0,
      6,
      3,
      1,
      12,
      1,
      14,
      0,
      10,
      0,
      10,
      11,
      3,
      13,
      0,
      7,
      4,
      0,
      6,
      1,
      8,
      13,
      9,
      14,
      8,
      3,
      1,
      9,
      9,
      11,
      0,
      13,
      11,
      3,
      1,
      4,
      12,
      12,
      9,
      6,
      14,
      7,
      6,
      11,
      7,
      3,
      13,
      5,
      5,
      10,
      1,
      13,
      10,
      2,
      12,
      2
    ]
  },
  "贵阳惠通机动车检测有限公司": {
    "time": [
      "06:15:27",
      "06:29:42",
      "06:44:20",
      "06:58:46",
      "07:13:42",
      "07:27:56",
      "07:42:43",
      "07:58:27",
      "08:13:55",
      "08:29:02",
      "08:44:40",
      "08:59:21",
      "09:14:22",
      "09:28:56",
      "09:44:44",
      "09:59:18",
      "10:14:58",
      "10:29:43",
      "10:44:17",
      "10:59:06",
      "11:13:44",
      "11:29:14",
      "11:44:57",
      "11:59:50",
      "12:15:07",
      "12:29:39",
      "12:44:48",
      "12:59:44",
      "13:15:27",
      "13:30:27",
      "13:45:28",
      "14:00:55",
      "14:16:23",
      "14:30:45",
      "14:46:18",
      "15:01:56",
      "15:16:17",
      "15:31:57",
      "15:46:26",
      "16:01:20",
      "16:15:38",
      "16:30:54",
      "16:45:04",
      "17:00:00",
      "17:15:05",
      "17:30:23",
      "17:45:19",
      "18:00:34",
      "18:16:08",
      "18:30:18",
      "18:46:02",
      "19:00:44",
      "19:16:04",
      "19:31:28",
      "19:45:55",
      "20:01:40",
      "20:15:57",
      "20:30:42",
      "20:46:07",
      "21:01:46",
      "21:16:41",
      "21:32:29",
      "21:46:48",
      "22:01:54"
    ],
    "board": [
      7,
      2,
      3,
      15,
      9,
      2,
      12,
      10,
      6,
      12,
      11,
      10,
      10,
      2,
      5,
      3,
      14,
      9,
      1,
      0,
      4,
      15,
      10,
      5,
      6,
      10,
      14,
      14,
      1,
      1,
      7,
      10,
      15,
      8,
      10,
      10,
      8,
      9,
      14,
      5,
      11,
      13,
      4,
      5,
      3,
      7,
      14,
      15,
      15,
      6,
      15,
      3,
      14,
      14,
      6,
      2,
      3,
      2,
      12,
      15,
      15,
      14,
      14,
      6
    ],
    "alight": [
      9,
      13,
      12,
      11,
      6,
      1,
      9,
      2,
      11,
      5,
      12,
      7,
      2,
      2,
      3,
      8,
      15,
      11,
      8,
      14,
      14,
      3,
      15,
      3,
      6,
      6,
      8,
      8,
      8,
      12,
      7,
      0,
      3,
      7,
      8,
      6,
      9,
      1,
      2,
      6,
      6,
      9,
      15,
      15,
      14,
      9,
      5,
      0,
      6,
      3,
      6,
      7,
      9,
      7,
      3,
      12,
      6,
      3,
      14,
      4,
      3,
      11,
      14,
      13
    ]
  },
  "重庆铁板鸭(Y027店)": {
    "time": [
      "06:15:27",
      "06:29:42",
      "06:44:20",
      "06:58:46",
      "07:13:42",
      "07:27:56",
      "07:42:43",
      "07:58:27",
      "08:13:55",
      "08:29:02",
      "08:44:40",
      "08:59:21",
      "09:14:22",
      "09:28:56",
      "09:44:44",
      "09:59:18",
      "10:14:58",
      "10:29:43",
      "10:44:17",
      "10:59:06",
      "11:13:44",
      "11:29:14",
      "11:44:57",
      "11:59:50",
      "12:15:07",
      "12:29:39",
      "12:44:48",
      "12:59:44",
      "13:15:27",
      "13:30:27",
      "13:45:28",
      "14:00:55",
      "14:16:23",
      "14:30:45",
      "14:46:18",
      "15:01:56",
      "15:16:17",
      "15:31:57",
      "15:46:26",
      "16:01:20",
      "16:15:38",
      "16:30:54",
      "16:45:04",
      "17:00:00",
      "17:15:05",
      "17:30:23",
      "17:45:19",
      "18:00:34",
      "18:16:08",
      "18:30:18",
      "18:46:02",
      "19:00:44",
      "19:16:04",
      "19:31:28",
      "19:45:55",
      "20:01:40",
      "20:15:57",
      "20:30:42",
      "20:46:07",
      "21:01:46",
      "21:16:41",
      "21:32:29",
      "21:46:48",
      "22:01:54"
    ],
    "board": [
      2,
      6,
      5,
      0,
      15,
      10,
      13,
      11,
      0,
      14,
      7,
      11,
      13,
      11,
      1,
      1,
      11,
      13,
      4,
      10,
      14,
      14,
      1,
      1,
      3,
      6,
      5,
      8,
      4,
      11,
      5,
      7,
      4,
      15,
      1,
      5,
      13,
      10,
      2,
      0,
      7,
      7,
      9,
      0,
      11,
      12,
      15,
      0,
      3,
      13,
      10,
      2,
      4,
      10,
      8,
      4,
      12,
      10,
      15,
      9,
      8,
      8,
      13,
      2
    ],
    "alight": [
      13,
      11,
      5,
      3,
      6,
      3,
      5,
      4,
      2,
      4,
      10,
      7,
      11,
      15,
      8,
      4,
      11,
      6,
      6,
      5,
      9,
      8,
      12,
      2,
      7,
      5,
      4,
      8,
      14,
      3,
      1,
      10,
      14,
      13,
      15,
      5,
      5,
      12,
      1,
      15,
      15,
      12,
      7,
      9,
      10,
      6,
      9,
      7,
      11,
      1,
      12,
      6,
      6,
      4,
      0,
      15,
      8,
      5,
      14,
      6,
      7,
      4,
      15,
      8
    ]
  },
  "陈记香米炒饭(白云师范大学小吃街店)": {
    "time": [
      "06:15:27",
      "06:29:42",
      "06:44:20",
      "06:58:46",
      "07:13:42",
      "07:27:56",
      "07:42:43",
      "07:58:27",
      "08:13:55",
      "08:29:02",
      "08:44:40",
      "08:59:21",
      "09:14:22",
      "09:28:56",
      "09:44:44",
      "09:59:18",
      "10:14:58",
      "10:29:43",
      "10:44:17",
      "10:59:06",
      "11:13:44",
      "11:29:14",
      "11:44:57",
      "11:59:50",
      "12:15:07",
      "12:29:39",
      "12:44:48",
      "12:59:44",
      "13:15:27",
      "13:30:27",
      "13:45:28",
      "14:00:55",
      "14:16:23",
      "14:30:45",
      "14:46:18",
      "15:01:56",
      "15:16:17",
      "15:31:57",
      "15:46:26",
      "16:01:20",
      "16:15:38",
      "16:30:54",
      "16:45:04",
      "17:00:00",
      "17:15:05",
      "17:30:23",
      "17:45:19",
      "18:00:34",
      "18:16:08",
      "18:30:18",
      "18:46:02",
      "19:00:44",
      "19:16:04",
      "19:31:28",
      "19:45:55",
      "20:01:40",
      "20:15:57",
      "20:30:42",
      "20:46:07",
      "21:01:46",
      "21:16:41",
      "21:32:29",
      "21:46:48",
      "22:01:54"
    ],
    "board": [
      15,
      5,
      4,
      6,
      5,
      10,
      10,
      2,
      15,
      14,
      13,
      15,
      9,
      12,
      5,
      0,
      7,
      4,
      3,
      1,
      10,
      12,
      12,
      9,
      6,
      13,
      15,
      14,
      9,
      7,
      3,
      14,
      2,
      3,
      8,
      9,
      13,
      3,
      12,
      6,
      3,
      4,
      13,
      9,
      0,
      14,
      0,
      6,
      14,
      2,
      7,
      7,
      1,
      11,
      1,
      0,
      13,
      13,
      1,
      3,
      4,
      1,
      5,
      7
    ],
    "alight": [
      7,
      6,
      11,
      2,
      14,
      5,
      8,
      5,
      4,
      11,
      6,
      5,
      6,
      0,
      5,
      15,
      0,
      5,
      15,
      15,
      2,
      7,
      0,
      10,
      11,
      12,
      11,
      14,
      12,
      4,
      14,
      7,
      7,
      14,
      3,
      6,
      7,
      0,
      10,
      13,
      4,
      8,
      3,
      0,
      5,
      8,
      11,
      3,
      4,
      13,
      4,
      1,
      1,
      10,
      12,
      12,
      5,
      3,
      2,
      3,
      0,
      11,
      2,
      7
    ]
  },
  "正宗重庆太安鱼(麦架小吃一条街店)": {
    "time": [
      "06:15:27",
      "06:29:42",
      "06:44:20",
      "06:58:46",
      "07:13:42",
      "07:27:56",
      "07:42:43",
      "07:58:27",
      "08:13:55",
      "08:29:02",
      "08:44:40",
      "08:59:21",
      "09:14:22",
      "09:28:56",
      "09:44:44",
      "09:59:18",
      "10:14:58",
      "10:29:43",
      "10:44:17",
      "10:59:06",
      "11:13:44",
      "11:29:14",
      "11:44:57",
      "11:59:50",
      "12:15:07",
      "12:29:39",
      "12:44:48",
      "12:59:44",
      "13:15:27",
      "13:30:27",
      "13:45:28",
      "14:00:55",
      "14:16:23",
      "14:30:45",
      "14:46:18",
      "15:01:56",
      "15:16:17",
      "15:31:57",
      "15:46:26",
      "16:01:20",
      "16:15:38",
      "16:30:54",
      "16:45:04",
      "17:00:00",
      "17:15:05",
      "17:30:23",
      "17:45:19",
      "18:00:34",
      "18:16:08",
      "18:30:18",
      "18:46:02",
      "19:00:44",
      "19:16:04",
      "19:31:28",
      "19:45:55",
      "20:01:40",
      "20:15:57",
      "20:30:42",
      "20:46:07",
      "21:01:46",
      "21:16:41",
      "21:32:29",
      "21:46:48",
      "22:01:54"
    ],
    "board": [
      2,
      0,
      4,
      0,
      0,
      0,
      0,
      0,
      0,
      0,
      2,
      0,
      0,
      0,
      0,
      0,
      0,
      0,
      0,
      0,
      0,
      0,
      0,
      0,
      0,
      0,
      0,
      5,
      0,
      4,
      0,
      5,
      0,
      0,
      0,
      0,
      3,
      3,
      0,
      0,
      0,
      0,
      2,
      0,
      0,
      4,
      4,
      0,
      0,
      4,
      0,
      0,
      3,
      0,
      1,
      0,
      0,
      0,
      0,
      0,
      0,
      0,
      0,
      0
    ],
    "alight": [
      7,
      6,
      3,
      0,
      0,
      8,
      0,
      12,
      9,
      12,
      4,
      2,
      9,
      9,
      9,
      2,
      7,
      4,
      7,
      5,
      10,
      12,
      7,
      11,
      11,
      15,
      3,
      1,
      8,
      4,
      15,
      15,
      10,
      7,
      7,
      14,
      13,
      1,
      12,
      8,
      1,
      7,
      14,
      15,
      12,
      11,
      3,
      2,
      0,
      6,
      7,
      0,
      2,
      14,
      8,
      4,
      8,
      4,
      12,
      10,
      4,
      8,
      3,
      5
    ]
  },
  "麦架桥": {
    "time": [
      "06:15:27",
      "06:29:42",
      "06:44:20",
      "06:58:46",
      "07:13:42",
      "07:27:56",
      "07:42:43",
      "07:58:27",
      "08:13:55",
      "08:29:02",
      "08:44:40",
      "08:59:21",
      "09:14:22",
      "09:28:56",
      "09:44:44",
      "09:59:18",
      "10:14:58",
      "10:29:43",
      "10:44:17",
      "10:59:06",
      "11:13:44",
      "11:29:14",
      "11:44:57",
      "11:59:50",
      "12:15:07",
      "12:29:39",
      "12:44:48",
      "12:59:44",
      "13:15:27",
      "13:30:27",
      "13:45:28",
      "14:00:55",
      "14:16:23",
      "14:30:45",
      "14:46:18",
      "15:01:56",
      "15:16:17",
      "15:31:57",
      "15:46:26",
      "16:01:20",
      "16:15:38",
      "16:30:54",
      "16:45:04",
      "17:00:00",
      "17:15:05",
      "17:30:23",
      "17:45:19",
      "18:00:34",
      "18:16:08",
      "18:30:18",
      "18:46:02",
      "19:00:44",
      "19:16:04",
      "19:31:28",
      "19:45:55",
      "20:01:40",
      "20:15:57",
      "20:30:42",
      "20:46:07",
      "21:01:46",
      "21:16:41",
      "21:32:29",
      "21:46:48",
      "22:01:54"
    ],
    "board": [
      0,
      0,
      0,
      0,
      0,
      0,
      0,
      0,
      0,
      4,
      0,
      0,
      4,
      0,
      0,
      0,
      4,
      0,
      0,
      0,
      0,
      0,
      3,
      0,
      0,
      0,
      0,
      0,
      4,
      0,
      0,
      0,
      0,
      2,
      0,
      0,
      0,
      0,
      0,
      0,
      0,
      0,
      0,
      0,
      0,
      0,
      0,
      0,
      0,
      0,
      0,
      2,
      0,
      0,
      0,
      0,
      0,
      2,
      0,
      0,
      0,
      0,
      0,
      0
    ],
    "alight": [
      6,
      3,
      7,
      1,
      3,
      13,
      2,
      14,
      7,
      12,
      4,
      3,
      5,
      11,
      8,
      2,
      7,
      0,
      2,
      3,
      7,
      0,
      8,
      6,
      13,
      9,
      5,
      6,
      13,
      13,
      6,
      3,
      8,
      0,
      8,
      1,
      14,
      0,
      8,
      6,
      10,
      3,
      7,
      7,
      5,
      4,
      5,
      13,
      8,
      5,
      2,
      8,
      6,
      15,
      13,
      2,
      6,
      4,
      10,
      2,
      12,
      7,
      13,
      10
    ]
  },
  "泊林二幼": {
    "time": [
      "06:15:27",
      "06:29:42",
      "06:44:20",
      "06:58:46",
      "07:13:42",
      "07:27:56",
      "07:42:43",
      "07:58:27",
      "08:13:55",
      "08:29:02",
      "08:44:40",
      "08:59:21",
      "09:14:22",
      "09:28:56",
      "09:44:44",
      "09:59:18",
      "10:14:58",
      "10:29:43",
      "10:44:17",
      "10:59:06",
      "11:13:44",
      "11:29:14",
      "11:44:57",
      "11:59:50",
      "12:15:07",
      "12:29:39",
      "12:44:48",
      "12:59:44",
      "13:15:27",
      "13:30:27",
      "13:45:28",
      "14:00:55",
      "14:16:23",
      "14:30:45",
      "14:46:18",
      "15:01:56",
      "15:16:17",
      "15:31:57",
      "15:46:26",
      "16:01:20",
      "16:15:38",
      "16:30:54",
      "16:45:04",
      "17:00:00",
      "17:15:05",
      "17:30:23",
      "17:45:19",
      "18:00:34",
      "18:16:08",
      "18:30:18",
      "18:46:02",
      "19:00:44",
      "19:16:04",
      "19:31:28",
      "19:45:55",
      "20:01:40",
      "20:15:57",
      "20:30:42",
      "20:46:07",
      "21:01:46",
      "21:16:41",
      "21:32:29",
      "21:46:48",
      "22:01:54"
    ],
    "board": [
      0,
      0,
      0,
      0,
      0,
      0,
      0,
      0,
      0,
      0,
      3,
      0,
      2,
      0,
      0,
      0,
      0,
      0,
      0,
      0,
      0,
      0,
      3,
      0,
      0,
      0,
      0,
      0,
      0,
      0,
      0,
      0,
      0,
      0,
      0,
      2,
      0,
      0,
      0,
      0,
      0,
      0,
      0,
      0,
      0,
      0,
      0,
      0,
      0,
      0,
      0,
      0,
      0,
      0,
      0,
      0,
      0,
      0,
      0,
      0,
      0,
      0,
      0,
      0
    ],
    "alight": [
      0,
      8,
      3,
      15,
      8,
      0,
      8,
      14,
      10,
      3,
      8,
      7,
      1,
      8,
      2,
      9,
      7,
      11,
      3,
      6,
      3,
      3,
      6,
      2,
      8,
      0,
      3,
      13,
      4,
      0,
      7,
      4,
      8,
      12,
      2,
      6,
      0,
      12,
      6,
      8,
      1,
      3,
      1,
      6,
      13,
      2,
      10,
      0,
      0,
      5,
      1,
      13,
      15,
      14,
      4,
      4,
      10,
      0,
      2,
      12,
      14,
      0,
      12,
      6
    ]
  },
  "螃蟹田垂钓乐园": {
    "time": [
      "06:15:27",
      "06:29:42",
      "06:44:20",
      "06:58:46",
      "07:13:42",
      "07:27:56",
      "07:42:43",
      "07:58:27",
      "08:13:55",
      "08:29:02",
      "08:44:40",
      "08:59:21",
      "09:14:22",
      "09:28:56",
      "09:44:44",
      "09:59:18",
      "10:14:58",
      "10:29:43",
      "10:44:17",
      "10:59:06",
      "11:13:44",
      "11:29:14",
      "11:44:57",
      "11:59:50",
      "12:15:07",
      "12:29:39",
      "12:44:48",
      "12:59:44",
      "13:15:27",
      "13:30:27",
      "13:45:28",
      "14:00:55",
      "14:16:23",
      "14:30:45",
      "14:46:18",
      "15:01:56",
      "15:16:17",
      "15:31:57",
      "15:46:26",
      "16:01:20",
      "16:15:38",
      "16:30:54",
      "16:45:04",
      "17:00:00",
      "17:15:05",
      "17:30:23",
      "17:45:19",
      "18:00:34",
      "18:16:08",
      "18:30:18",
      "18:46:02",
      "19:00:44",
      "19:16:04",
      "19:31:28",
      "19:45:55",
      "20:01:40",
      "20:15:57",
      "20:30:42",
      "20:46:07",
      "21:01:46",
      "21:16:41",
      "21:32:29",
      "21:46:48",
      "22:01:54"
    ],
    "board": [
      0,
      0,
      0,
      0,
      0,
      0,
      0,
      0,
      0,
      0,
      0,
      0,
      0,
      0,
      0,
      0,
      0,
      0,
      0,
      0,
      0,
      0,
      0,
      0,
      0,
      0,
      0,
      0,
      0,
      0,
      0,
      0,
      0,
      0,
      0,
      0,
      0,
      0,
      0,
      0,
      0,
      0,
      0,
      0,
      0,
      0,
      0,
      0,
      0,
      0,
      0,
      0,
      0,
      0,
      0,
      0,
      0,
      0,
      0,
      0,
      0,
      0,
      0,
      0
    ],
    "alight": [
      12,
      15,
      6,
      14,
      13,
      2,
      5,
      13,
      15,
      14,
      8,
      12,
      13,
      7,
      5,
      13,
      1,
      13,
      4,
      0,
      13,
      7,
      6,
      10,
      12,
      6,
      0,
      12,
      12,
      7,
      1,
      9,
      11,
      4,
      4,
      10,
      6,
      9,
      11,
      6,
      10,
      15,
      2,
      8,
      3,
      12,
      3,
      11,
      6,
      13,
      8,
      4,
      4,
      14,
      12,
      2,
      11,
      12,
      2,
      12,
      2,
      9,
      3,
      4
    ]
  },
  "212国道": {
    "time": [
      "06:15:27",
      "06:29:42",
      "06:44:20",
      "06:58:46",
      "07:13:42",
      "07:27:56",
      "07:42:43",
      "07:58:27",
      "08:13:55",
      "08:29:02",
      "08:44:40",
      "08:59:21",
      "09:14:22",
      "09:28:56",
      "09:44:44",
      "09:59:18",
      "10:14:58",
      "10:29:43",
      "10:44:17",
      "10:59:06",
      "11:13:44",
      "11:29:14",
      "11:44:57",
      "11:59:50",
      "12:15:07",
      "12:29:39",
      "12:44:48",
      "12:59:44",
      "13:15:27",
      "13:30:27",
      "13:45:28",
      "14:00:55",
      "14:16:23",
      "14:30:45",
      "14:46:18",
      "15:01:56",
      "15:16:17",
      "15:31:57",
      "15:46:26",
      "16:01:20",
      "16:15:38",
      "16:30:54",
      "16:45:04",
      "17:00:00",
      "17:15:05",
      "17:30:23",
      "17:45:19",
      "18:00:34",
      "18:16:08",
      "18:30:18",
      "18:46:02",
      "19:00:44",
      "19:16:04",
      "19:31:28",
      "19:45:55",
      "20:01:40",
      "20:15:57",
      "20:30:42",
      "20:46:07",
      "21:01:46",
      "21:16:41",
      "21:32:29",
      "21:46:48",
      "22:01:54"
    ],
    "board": [
      0,
      0,
      0,
      0,
      0,
      0,
      0,
      0,
      0,
      0,
      0,
      0,
      0,
      0,
      0,
      0,
      0,
      0,
      0,
      0,
      0,
      0,
      0,
      0,
      0,
      0,
      0,
      0,
      0,
      0,
      0,
      0,
      0,
      0,
      0,
      0,
      0,
      0,
      0,
      0,
      0,
      0,
      0,
      0,
      0,
      0,
      0,
      0,
      0,
      0,
      0,
      0,
      0,
      0,
      0,
      0,
      0,
      0,
      0,
      0,
      0,
      0,
      0,
      0
    ],
    "alight": [
      10,
      3,
      13,
      1,
      2,
      3,
      0,
      15,
      15,
      8,
      9,
      8,
      0,
      5,
      7,
      3,
      7,
      9,
      5,
      15,
      14,
      7,
      13,
      1,
      14,
      15,
      14,
      8,
      7,
      13,
      10,
      8,
      4,
      14,
      5,
      6,
      6,
      4,
      9,
      14,
      1,
      3,
      11,
      4,
      0,
      7,
      7,
      4,
      2,
      14,
      2,
      13,
      2,
      9,
      13,
      6,
      10,
      2,
      5,
      12,
      15,
      6,
      12,
      15
    ]
  }
}