{
  "up": {
    "贵阳世纪城龙贤苑北区": 1,
    "龙泉苑街": 2,
    "静谧时光客栈(贵阳龙嘉苑店)": 3,
    "东亿": 4,
    "世纪金源购物中心A座乐尚生活馆(世纪金源购物中心店)": 5,
    "贵阳菲特斯酒店公寓": 6,
    "福艳口腔门诊": 7,
    "绝味鸭脖(中铁逸都店)": 8,
    "贵州鑫元电力建设工程有限公司": 9,
    "笔架山": 10,
    "豆腐皮火锅": 11,
    "碧桂园·观山府": 12,
    "柏曼酒店贵阳西南商贸城金阳客车站店大堂": 13,
    "干井村": 14,
    "绘艺源书画中心": 15,
    "黔湖驾校科三场地": 16,
    "河关": 17,
    "黔贵交通职业培训学校": 18,
    "贵阳绕城公路西南段第十四合同段路面工程中心拌和场": 19,
    "观山湖区第十八幼儿园": 20,
    "广大城·耀晟一期": 21,
    "贵州新格标识工程有限公司": 22,
    "清镇市政务中心交通警察大队车管所审验教育学习室": 23,
    "下铺源通驾校": 24,
    "香山檀悦茶会馆": 25,
    "清镇市南与幼儿园": 26,
    "刘姨妈黄粑(东门店)": 27,
    "7天连锁酒店(清镇东门桥店)": 28,
    "西点驾校": 29,
    "贵州正合隆长安马自达4S店(贵阳总店)": 30,
    "董家田公租房": 31,
    "华丰·东盟紫苑(建设中)": 32
  },
  "down": {
    "华丰·东盟紫苑(建设中)": 33,
    "董家田公租房": 34,
    "贵州正合隆长安马自达4S店(贵阳总店)": 35,
    "西点驾校": 36,
    "7天连锁酒店(清镇东门桥店)": 37,
    "刘姨妈黄粑(东门店)": 38,
    "清镇市南与幼儿园": 39,
    "香山檀悦茶会馆": 40,
    "下铺源通驾校": 41,
    "清镇市政务中心交通警察大队车管所审验教育学习室": 42,
    "贵州新格标识工程有限公司": 43,
    "广大城·耀晟一期": 44,
    "观山湖区第十八幼儿园": 45,
    "贵阳绕城公路西南段第十四合同段路面工程中心拌和场": 46,
    "黔贵交通职业培训学校": 47,
    "河关": 48,
    "黔湖驾校科三场地": 49,
    "绘艺源书画中心": 50,
    "干井村": 51,
    "柏曼酒店贵阳西南商贸城金阳客车站店大堂": 52,
    "碧桂园·观山府": 53,
    "豆腐皮火锅": 54,
    "笔架山": 55,
    "贵州鑫元电力建设工程有限公司": 56,
    "绝味鸭脖(中铁逸都店)": 57,
    "福艳口腔门诊": 58,
    "贵阳菲特斯酒店公寓": 59,
    "世纪金源购物中心A座乐尚生活馆(世纪金源购物中心店)": 60,
    "东亿": 61,
    "静谧时光客栈(贵阳龙嘉苑店)": 62,
    "龙泉苑街": 63,
    "贵阳世纪城龙贤苑北区": 64
  }
}