{
  "华丰·东盟紫苑(建设中)": 713,
  "董家田公租房": 1809,
  "贵州正合隆长安马自达4S店(贵阳总店)": 808,
  "西点驾校": 522,
  "7天连锁酒店(清镇东门桥店)": 574,
  "刘姨妈黄粑(东门店)": 486,
  "清镇市南与幼儿园": 506,
  "香山檀悦茶会馆": 2745,
  "下铺源通驾校": 638,
  "清镇市政务中心交通警察大队车管所审验教育学习室": 574,
  "贵州新格标识工程有限公司": 446,
  "广大城·耀晟一期": 450,
  "观山湖区第十八幼儿园": 544,
  "贵阳绕城公路西南段第十四合同段路面工程中心拌和场": 502,
  "黔贵交通职业培训学校": 1189,
  "河关": 759,
  "黔湖驾校科三场地": 681,
  "绘艺源书画中心": 462,
  "干井村": 482,
  "柏曼酒店贵阳西南商贸城金阳客车站店大堂": 539,
  "碧桂园·观山府": 489,
  "豆腐皮火锅": 462,
  "笔架山": 523,
  "贵州鑫元电力建设工程有限公司": 863,
  "绝味鸭脖(中铁逸都店)": 1050,
  "福艳口腔门诊": 634,
  "贵阳菲特斯酒店公寓": 444,
  "世纪金源购物中心A座乐尚生活馆(世纪金源购物中心店)": 439,
  "东亿": 497,
  "静谧时光客栈(贵阳龙嘉苑店)": 483,
  "龙泉苑街": 516
}