{
  "贵阳世纪城龙贤苑北区": 482,
  "龙泉苑街": 449,
  "静谧时光客栈(贵阳龙嘉苑店)": 463,
  "东亿": 405,
  "世纪金源购物中心A座乐尚生活馆(世纪金源购物中心店)": 410,
  "贵阳菲特斯酒店公寓": 600,
  "福艳口腔门诊": 1016,
  "绝味鸭脖(中铁逸都店)": 829,
  "贵州鑫元电力建设工程有限公司": 489,
  "笔架山": 428,
  "豆腐皮火锅": 455,
  "碧桂园·观山府": 505,
  "柏曼酒店贵阳西南商贸城金阳客车站店大堂": 448,
  "干井村": 428,
  "绘艺源书画中心": 647,
  "黔湖驾校科三场地": 725,
  "河关": 1155,
  "黔贵交通职业培训学校": 468,
  "贵阳绕城公路西南段第十四合同段路面工程中心拌和场": 510,
  "观山湖区第十八幼儿园": 416,
  "广大城·耀晟一期": 412,
  "贵州新格标识工程有限公司": 540,
  "清镇市政务中心交通警察大队车管所审验教育学习室": 604,
  "下铺源通驾校": 2711,
  "香山檀悦茶会馆": 472,
  "清镇市南与幼儿园": 452,
  "刘姨妈黄粑(东门店)": 540,
  "7天连锁酒店(清镇东门桥店)": 488,
  "西点驾校": 774,
  "贵州正合隆长安马自达4S店(贵阳总店)": 1775,
  "董家田公租房": 679
}