{
  "up": {
    "1": "贵阳世纪城龙贤苑北区",
    "2": "龙泉苑街",
    "3": "静谧时光客栈(贵阳龙嘉苑店)",
    "4": "东亿",
    "5": "世纪金源购物中心A座乐尚生活馆(世纪金源购物中心店)",
    "6": "贵阳菲特斯酒店公寓",
    "7": "福艳口腔门诊",
    "8": "绝味鸭脖(中铁逸都店)",
    "9": "贵州鑫元电力建设工程有限公司",
    "10": "笔架山",
    "11": "豆腐皮火锅",
    "12": "碧桂园·观山府",
    "13": "柏曼酒店贵阳西南商贸城金阳客车站店大堂",
    "14": "干井村",
    "15": "绘艺源书画中心",
    "16": "黔湖驾校科三场地",
    "17": "河关",
    "18": "黔贵交通职业培训学校",
    "19": "贵阳绕城公路西南段第十四合同段路面工程中心拌和场",
    "20": "观山湖区第十八幼儿园",
    "21": "广大城·耀晟一期",
    "22": "贵州新格标识工程有限公司",
    "23": "清镇市政务中心交通警察大队车管所审验教育学习室",
    "24": "下铺源通驾校",
    "25": "香山檀悦茶会馆",
    "26": "清镇市南与幼儿园",
    "27": "刘姨妈黄粑(东门店)",
    "28": "7天连锁酒店(清镇东门桥店)",
    "29": "西点驾校",
    "30": "贵州正合隆长安马自达4S店(贵阳总店)",
    "31": "董家田公租房",
    "32": "华丰·东盟紫苑(建设中)"
  },
  "down": {
    "33": "华丰·东盟紫苑(建设中)",
    "34": "董家田公租房",
    "35": "贵州正合隆长安马自达4S店(贵阳总店)",
    "36": "西点驾校",
    "37": "7天连锁酒店(清镇东门桥店)",
    "38": "刘姨妈黄粑(东门店)",
    "39": "清镇市南与幼儿园",
    "40": "香山檀悦茶会馆",
    "41": "下铺源通驾校",
    "42": "清镇市政务中心交通警察大队车管所审验教育学习室",
    "43": "贵州新格标识工程有限公司",
    "44": "广大城·耀晟一期",
    "45": "观山湖区第十八幼儿园",
    "46": "贵阳绕城公路西南段第十四合同段路面工程中心拌和场",
    "47": "黔贵交通职业培训学校",
    "48": "河关",
    "49": "黔湖驾校科三场地",
    "50": "绘艺源书画中心",
    "51": "干井村",
    "52": "柏曼酒店贵阳西南商贸城金阳客车站店大堂",
    "53": "碧桂园·观山府",
    "54": "豆腐皮火锅",
    "55": "笔架山",
    "56": "贵州鑫元电力建设工程有限公司",
    "57": "绝味鸭脖(中铁逸都店)",
    "58": "福艳口腔门诊",
    "59": "贵阳菲特斯酒店公寓",
    "60": "世纪金源购物中心A座乐尚生活馆(世纪金源购物中心店)",
    "61": "东亿",
    "62": "静谧时光客栈(贵阳龙嘉苑店)",
    "63": "龙泉苑街",
    "64": "贵阳世纪城龙贤苑北区"
  }
}