{
  "up": {
    "1": "白云大道",
    "2": "永洁汽车美容中心",
    "3": "粼圆梦家学教育",
    "4": "小帅雄奶茶店",
    "5": "贵阳市云岩区圣源学校",
    "6": "富力华庭",
    "7": "中环路西段入口(花果园方向)",
    "8": "双峰路",
    "9": "贵州医科大学附属肿瘤医院",
    "10": "双峰南巷",
    "11": "吉庆巷",
    "12": "达内(贵阳中心)",
    "13": "市西商业街南道",
    "14": "贵阳直通车学校",
    "15": "喜多·漫食界",
    "16": "中共贵阳市南明区委员会",
    "17": "豆豆甜品店(兴关路店)",
    "18": "南明堂社区群众工作站",
    "19": "贵阳市第四人民医院分院",
    "20": "卫城王马儿辣子鸡(南明区分店)",
    "21": "贵州武警总队医院男科",
    "22": "贵阳市森林公园-三顾茅庐",
    "23": "贵州师大附中新校区",
    "24": "朝庭四季花园",
    "25": "贵阳希尔菲酒店",
    "26": "陈记余庆敖溪剔骨鸭(机场路店)",
    "27": "广味园(砂之船奥特莱斯店)",
    "28": "机场路",
    "29": "见龙洞路",
    "30": "喷水池",
    "31": "交通警察"
  },
  "down": {
    "32": "交通警察",
    "33": "喷水池",
    "34": "见龙洞路",
    "35": "机场路",
    "36": "广味园(砂之船奥特莱斯店)",
    "37": "陈记余庆敖溪剔骨鸭(机场路店)",
    "38": "贵阳希尔菲酒店",
    "39": "朝庭四季花园",
    "40": "贵州师大附中新校区",
    "41": "贵阳市森林公园-三顾茅庐",
    "42": "贵州武警总队医院男科",
    "43": "卫城王马儿辣子鸡(南明区分店)",
    "44": "贵阳市第四人民医院分院",
    "45": "南明堂社区群众工作站",
    "46": "豆豆甜品店(兴关路店)",
    "47": "中共贵阳市南明区委员会",
    "48": "喜多·漫食界",
    "49": "贵阳直通车学校",
    "50": "市西商业街南道",
    "51": "达内(贵阳中心)",
    "52": "吉庆巷",
    "53": "双峰南巷",
    "54": "贵州医科大学附属肿瘤医院",
    "55": "双峰路",
    "56": "中环路西段入口(花果园方向)",
    "57": "富力华庭",
    "58": "贵阳市云岩区圣源学校",
    "59": "小帅雄奶茶店",
    "60": "粼圆梦家学教育",
    "61": "永洁汽车美容中心",
    "62": "白云大道"
  }
}