{
  "交通警察": 1999,
  "喷水池": 613,
  "见龙洞路": 437,
  "机场路": 743,
  "广味园(砂之船奥特莱斯店)": 671,
  "陈记余庆敖溪剔骨鸭(机场路店)": 547,
  "贵阳希尔菲酒店": 452,
  "朝庭四季花园": 624,
  "贵州师大附中新校区": 470,
  "贵阳市森林公园-三顾茅庐": 701,
  "贵州武警总队医院男科": 1875,
  "卫城王马儿辣子鸡(南明区分店)": 488,
  "贵阳市第四人民医院分院": 1177,
  "南明堂社区群众工作站": 508,
  "豆豆甜品店(兴关路店)": 470,
  "中共贵阳市南明区委员会": 460,
  "喜多·漫食界": 453,
  "贵阳直通车学校": 731,
  "市西商业街南道": 474,
  "达内(贵阳中心)": 452,
  "吉庆巷": 476,
  "双峰南巷": 618,
  "贵州医科大学附属肿瘤医院": 439,
  "双峰路": 650,
  "中环路西段入口(花果园方向)": 841,
  "富力华庭": 630,
  "贵阳市云岩区圣源学校": 431,
  "小帅雄奶茶店": 826,
  "粼圆梦家学教育": 682,
  "永洁汽车美容中心": 667
}