{
  "up": {
    "白云大道": 1,
    "永洁汽车美容中心": 2,
    "粼圆梦家学教育": 3,
    "小帅雄奶茶店": 4,
    "贵阳市云岩区圣源学校": 5,
    "富力华庭": 6,
    "中环路西段入口(花果园方向)": 7,
    "双峰路": 8,
    "贵州医科大学附属肿瘤医院": 9,
    "双峰南巷": 10,
    "吉庆巷": 11,
    "达内(贵阳中心)": 12,
    "市西商业街南道": 13,
    "贵阳直通车学校": 14,
    "喜多·漫食界": 15,
    "中共贵阳市南明区委员会": 16,
    "豆豆甜品店(兴关路店)": 17,
    "南明堂社区群众工作站": 18,
    "贵阳市第四人民医院分院": 19,
    "卫城王马儿辣子鸡(南明区分店)": 20,
    "贵州武警总队医院男科": 21,
    "贵阳市森林公园-三顾茅庐": 22,
    "贵州师大附中新校区": 23,
    "朝庭四季花园": 24,
    "贵阳希尔菲酒店": 25,
    "陈记余庆敖溪剔骨鸭(机场路店)": 26,
    "广味园(砂之船奥特莱斯店)": 27,
    "机场路": 28,
    "见龙洞路": 29,
    "喷水池": 30,
    "交通警察": 31
  },
  "down": {
    "交通警察": 32,
    "喷水池": 33,
    "见龙洞路": 34,
    "机场路": 35,
    "广味园(砂之船奥特莱斯店)": 36,
    "陈记余庆敖溪剔骨鸭(机场路店)": 37,
    "贵阳希尔菲酒店": 38,
    "朝庭四季花园": 39,
    "贵州师大附中新校区": 40,
    "贵阳市森林公园-三顾茅庐": 41,
    "贵州武警总队医院男科": 42,
    "卫城王马儿辣子鸡(南明区分店)": 43,
    "贵阳市第四人民医院分院": 44,
    "南明堂社区群众工作站": 45,
    "豆豆甜品店(兴关路店)": 46,
    "中共贵阳市南明区委员会": 47,
    "喜多·漫食界": 48,
    "贵阳直通车学校": 49,
    "市西商业街南道": 50,
    "达内(贵阳中心)": 51,
    "吉庆巷": 52,
    "双峰南巷": 53,
    "贵州医科大学附属肿瘤医院": 54,
    "双峰路": 55,
    "中环路西段入口(花果园方向)": 56,
    "富力华庭": 57,
    "贵阳市云岩区圣源学校": 58,
    "小帅雄奶茶店": 59,
    "粼圆梦家学教育": 60,
    "永洁汽车美容中心": 61,
    "白云大道": 62
  }
}