{
  "白云大道": 641,
  "永洁汽车美容中心": 656,
  "粼圆梦家学教育": 800,
  "小帅雄奶茶店": 405,
  "贵阳市云岩区圣源学校": 604,
  "富力华庭": 815,
  "中环路西段入口(花果园方向)": 624,
  "双峰路": 413,
  "贵州医科大学附属肿瘤医院": 592,
  "双峰南巷": 450,
  "吉庆巷": 426,
  "达内(贵阳中心)": 448,
  "市西商业街南道": 705,
  "贵阳直通车学校": 427,
  "喜多·漫食界": 434,
  "中共贵阳市南明区委员会": 444,
  "豆豆甜品店(兴关路店)": 482,
  "南明堂社区群众工作站": 1151,
  "贵阳市第四人民医院分院": 462,
  "卫城王马儿辣子鸡(南明区分店)": 1849,
  "贵州武警总队医院男科": 675,
  "贵阳市森林公园-三顾茅庐": 444,
  "贵州师大附中新校区": 598,
  "朝庭四季花园": 426,
  "贵阳希尔菲酒店": 521,
  "陈记余庆敖溪剔骨鸭(机场路店)": 645,
  "广味园(砂之船奥特莱斯店)": 717,
  "机场路": 411,
  "见龙洞路": 587,
  "喷水池": 1973
}