{
  "贵众合力蛋糕(伊顿公馆十五分店)": 1045,
  "息烽阳朗辣子鸡(马掌坡店)": 673,
  "警邮交通管理服务站": 1255,
  "贵阳市白云区城市管理局": 734,
  "南湖幼儿园(育才路)": 1135,
  "恒兴商业广场": 616,
  "七冶博盛泰和大厦项目部": 1336,
  "老凯里牛滚烫(云城尚品店)": 1172,
  "东风启辰白云专营店": 636,
  "临街院门(临街院门)": 620,
  "烧烤(长岭阳光店)": 624,
  "解忧炸鸡啤酒屋(长岭阳光店)": 836,
  "老凯里酸汤鱼(会展城店)": 1091,
  "麦丁钢琴学校(美的店)": 611,
  "长岭北路": 1257,
  "维尔斯酒店(贵阳北站店)": 667,
  "中国电建集团贵阳勘测设计研究院有限公司工程科研院": 1054,
  "滨湖盛泉餐厅(俊发滨湖俊园店)": 795,
  "盛成宾馆": 634,
  "吉隆主题酒店": 862,
  "金鸭派出所": 663,
  "经典原味小分脆哨": 707,
  "熊氏养身煨汤(和尚坡店)": 664,
  "特色香脆小辣椒": 621,
  "小小饮吧(新街店)": 1101,
  "白花坝": 811,
  "贵阳成豪大酒店": 725,
  "纽绅教育·枫丹白鹭中英文幼儿园": 796,
  "贵阳市云岩区未来小学": 622
}