{
  "up": {
    "林泉路": 1,
    "贵阳市云岩区未来小学": 2,
    "纽绅教育·枫丹白鹭中英文幼儿园": 3,
    "贵阳成豪大酒店": 4,
    "白花坝": 5,
    "小小饮吧(新街店)": 6,
    "特色香脆小辣椒": 7,
    "熊氏养身煨汤(和尚坡店)": 8,
    "经典原味小分脆哨": 9,
    "金鸭派出所": 10,
    "吉隆主题酒店": 11,
    "盛成宾馆": 12,
    "滨湖盛泉餐厅(俊发滨湖俊园店)": 13,
    "中国电建集团贵阳勘测设计研究院有限公司工程科研院": 14,
    "维尔斯酒店(贵阳北站店)": 15,
    "长岭北路": 16,
    "麦丁钢琴学校(美的店)": 17,
    "老凯里酸汤鱼(会展城店)": 18,
    "解忧炸鸡啤酒屋(长岭阳光店)": 19,
    "烧烤(长岭阳光店)": 20,
    "临街院门(临街院门)": 21,
    "东风启辰白云专营店": 22,
    "老凯里牛滚烫(云城尚品店)": 23,
    "七冶博盛泰和大厦项目部": 24,
    "恒兴商业广场": 25,
    "南湖幼儿园(育才路)": 26,
    "贵阳市白云区城市管理局": 27,
    "警邮交通管理服务站": 28,
    "息烽阳朗辣子鸡(马掌坡店)": 29,
    "贵众合力蛋糕(伊顿公馆十五分店)": 30
  },
  "down": {
    "贵众合力蛋糕(伊顿公馆十五分店)": 31,
    "息烽阳朗辣子鸡(马掌坡店)": 32,
    "警邮交通管理服务站": 33,
    "贵阳市白云区城市管理局": 34,
    "南湖幼儿园(育才路)": 35,
    "恒兴商业广场": 36,
    "七冶博盛泰和大厦项目部": 37,
    "老凯里牛滚烫(云城尚品店)": 38,
    "东风启辰白云专营店": 39,
    "临街院门(临街院门)": 40,
    "烧烤(长岭阳光店)": 41,
    "解忧炸鸡啤酒屋(长岭阳光店)": 42,
    "老凯里酸汤鱼(会展城店)": 43,
    "麦丁钢琴学校(美的店)": 44,
    "长岭北路": 45,
    "维尔斯酒店(贵阳北站店)": 46,
    "中国电建集团贵阳勘测设计研究院有限公司工程科研院": 47,
    "滨湖盛泉餐厅(俊发滨湖俊园店)": 48,
    "盛成宾馆": 49,
    "吉隆主题酒店": 50,
    "金鸭派出所": 51,
    "经典原味小分脆哨": 52,
    "熊氏养身煨汤(和尚坡店)": 53,
    "特色香脆小辣椒": 54,
    "小小饮吧(新街店)": 55,
    "白花坝": 56,
    "贵阳成豪大酒店": 57,
    "纽绅教育·枫丹白鹭中英文幼儿园": 58,
    "贵阳市云岩区未来小学": 59,
    "林泉路": 60
  }
}