{
  "林泉路": 417,
  "贵阳市云岩区未来小学": 591,
  "纽绅教育·枫丹白鹭中英文幼儿园": 520,
  "贵阳成豪大酒店": 606,
  "白花坝": 896,
  "小小饮吧(新街店)": 416,
  "特色香脆小辣椒": 459,
  "熊氏养身煨汤(和尚坡店)": 502,
  "经典原味小分脆哨": 458,
  "金鸭派出所": 657,
  "吉隆主题酒店": 429,
  "盛成宾馆": 590,
  "滨湖盛泉餐厅(俊发滨湖俊园店)": 849,
  "中国电建集团贵阳勘测设计研究院有限公司工程科研院": 462,
  "维尔斯酒店(贵阳北站店)": 1052,
  "长岭北路": 406,
  "麦丁钢琴学校(美的店)": 886,
  "老凯里酸汤鱼(会展城店)": 631,
  "解忧炸鸡啤酒屋(长岭阳光店)": 419,
  "烧烤(长岭阳光店)": 415,
  "临街院门(临街院门)": 431,
  "东风启辰白云专营店": 967,
  "老凯里牛滚烫(云城尚品店)": 1131,
  "七冶博盛泰和大厦项目部": 411,
  "恒兴商业广场": 930,
  "南湖幼儿园(育才路)": 529,
  "贵阳市白云区城市管理局": 1050,
  "警邮交通管理服务站": 468,
  "息烽阳朗辣子鸡(马掌坡店)": 840
}