{
  "up": {
    "1": "林泉路",
    "2": "贵阳市云岩区未来小学",
    "3": "纽绅教育·枫丹白鹭中英文幼儿园",
    "4": "贵阳成豪大酒店",
    "5": "白花坝",
    "6": "小小饮吧(新街店)",
    "7": "特色香脆小辣椒",
    "8": "熊氏养身煨汤(和尚坡店)",
    "9": "经典原味小分脆哨",
    "10": "金鸭派出所",
    "11": "吉隆主题酒店",
    "12": "盛成宾馆",
    "13": "滨湖盛泉餐厅(俊发滨湖俊园店)",
    "14": "中国电建集团贵阳勘测设计研究院有限公司工程科研院",
    "15": "维尔斯酒店(贵阳北站店)",
    "16": "长岭北路",
    "17": "麦丁钢琴学校(美的店)",
    "18": "老凯里酸汤鱼(会展城店)",
    "19": "解忧炸鸡啤酒屋(长岭阳光店)",
    "20": "烧烤(长岭阳光店)",
    "21": "临街院门(临街院门)",
    "22": "东风启辰白云专营店",
    "23": "老凯里牛滚烫(云城尚品店)",
    "24": "七冶博盛泰和大厦项目部",
    "25": "恒兴商业广场",
    "26": "南湖幼儿园(育才路)",
    "27": "贵阳市白云区城市管理局",
    "28": "警邮交通管理服务站",
    "29": "息烽阳朗辣子鸡(马掌坡店)",
    "30": "贵众合力蛋糕(伊顿公馆十五分店)"
  },
  "down": {
    "31": "贵众合力蛋糕(伊顿公馆十五分店)",
    "32": "息烽阳朗辣子鸡(马掌坡店)",
    "33": "警邮交通管理服务站",
    "34": "贵阳市白云区城市管理局",
    "35": "南湖幼儿园(育才路)",
    "36": "恒兴商业广场",
    "37": "七冶博盛泰和大厦项目部",
    "38": "老凯里牛滚烫(云城尚品店)",
    "39": "东风启辰白云专营店",
    "40": "临街院门(临街院门)",
    "41": "烧烤(长岭阳光店)",
    "42": "解忧炸鸡啤酒屋(长岭阳光店)",
    "43": "老凯里酸汤鱼(会展城店)",
    "44": "麦丁钢琴学校(美的店)",
    "45": "长岭北路",
    "46": "维尔斯酒店(贵阳北站店)",
    "47": "中国电建集团贵阳勘测设计研究院有限公司工程科研院",
    "48": "滨湖盛泉餐厅(俊发滨湖俊园店)",
    "49": "盛成宾馆",
    "50": "吉隆主题酒店",
    "51": "金鸭派出所",
    "52": "经典原味小分脆哨",
    "53": "熊氏养身煨汤(和尚坡店)",
    "54": "特色香脆小辣椒",
    "55": "小小饮吧(新街店)",
    "56": "白花坝",
    "57": "贵阳成豪大酒店",
    "58": "纽绅教育·枫丹白鹭中英文幼儿园",
    "59": "贵阳市云岩区未来小学",
    "60": "林泉路"
  }
}