{
  "贵阳铁投商砼有限公司": 501,
  "贵阳市乌当区高穴小学": 455,
  "迈达盛能源加油站(高穴二号站)": 2517,
  "培席大桥": 432,
  "贵阳白云骨粒化工厂": 419,
  "G6002贵阳绕城高速": 716,
  "贵阳新民食品有限公司": 412,
  "贵州鸿申医药销售有限公司": 690,
  "白云区都新社区居民议事会": 567,
  "金蓓蕾艺术幼儿园": 632,
  "青年山公园": 631,
  "贵州品诺执行文化传媒有限公司": 836,
  "都新派出所铁路警务室": 648,
  "冷水村综合楼": 979,
  "千里驹新能源汽车维修服务有限公司": 794,
  "派瑞义齿": 616,
  "尖坡互通": 2332,
  "小路汽修": 960,
  "贵州味醇食品有限公司": 1155,
  "杉坡": 482,
  "侗郎西 苗寨·酱酸(金融城店)": 833,
  "CHOU臭臭螺蛳粉&精酿酒馆(中天会展城B6组团店)": 543,
  "聚东北铁锅炖": 449,
  "姐妹小餐馆": 436,
  "电脑培训": 411,
  "舒家大院重庆老火锅(中天会展城路店)": 627,
  "君雅轩(中天会展城A5组团店)": 1263,
  "贵阳万佳乐酒店": 425,
  "贵州水投上善酒店(观山湖北站店)": 572,
  "黔灵山路": 427,
  "中国农业银行(观山湖支行)": 412,
  "沁园Qbakery(龙凯苑店)": 429,
  "鱼之味留一手特色烤鱼(关兴路总店)": 420
}