{
  "up": {
    "1": "苏斯汀酒店(贵阳世纪城店)",
    "2": "鱼之味留一手特色烤鱼(关兴路总店)",
    "3": "沁园Qbakery(龙凯苑店)",
    "4": "中国农业银行(观山湖支行)",
    "5": "黔灵山路",
    "6": "贵州水投上善酒店(观山湖北站店)",
    "7": "贵阳万佳乐酒店",
    "8": "君雅轩(中天会展城A5组团店)",
    "9": "舒家大院重庆老火锅(中天会展城路店)",
    "10": "电脑培训",
    "11": "姐妹小餐馆",
    "12": "聚东北铁锅炖",
    "13": "CHOU臭臭螺蛳粉&精酿酒馆(中天会展城B6组团店)",
    "14": "侗郎西 苗寨·酱酸(金融城店)",
    "15": "杉坡",
    "16": "贵州味醇食品有限公司",
    "17": "小路汽修",
    "18": "尖坡互通",
    "19": "派瑞义齿",
    "20": "千里驹新能源汽车维修服务有限公司",
    "21": "冷水村综合楼",
    "22": "都新派出所铁路警务室",
    "23": "贵州品诺执行文化传媒有限公司",
    "24": "青年山公园",
    "25": "金蓓蕾艺术幼儿园",
    "26": "白云区都新社区居民议事会",
    "27": "贵州鸿申医药销售有限公司",
    "28": "贵阳新民食品有限公司",
    "29": "G6002贵阳绕城高速",
    "30": "贵阳白云骨粒化工厂",
    "31": "培席大桥",
    "32": "迈达盛能源加油站(高穴二号站)",
    "33": "贵阳市乌当区高穴小学",
    "34": "贵阳铁投商砼有限公司"
  },
  "down": {
    "35": "贵阳铁投商砼有限公司",
    "36": "贵阳市乌当区高穴小学",
    "37": "迈达盛能源加油站(高穴二号站)",
    "38": "培席大桥",
    "39": "贵阳白云骨粒化工厂",
    "40": "G6002贵阳绕城高速",
    "41": "贵阳新民食品有限公司",
    "42": "贵州鸿申医药销售有限公司",
    "43": "白云区都新社区居民议事会",
    "44": "金蓓蕾艺术幼儿园",
    "45": "青年山公园",
    "46": "贵州品诺执行文化传媒有限公司",
    "47": "都新派出所铁路警务室",
    "48": "冷水村综合楼",
    "49": "千里驹新能源汽车维修服务有限公司",
    "50": "派瑞义齿",
    "51": "尖坡互通",
    "52": "小路汽修",
    "53": "贵州味醇食品有限公司",
    "54": "杉坡",
    "55": "侗郎西 苗寨·酱酸(金融城店)",
    "56": "CHOU臭臭螺蛳粉&精酿酒馆(中天会展城B6组团店)",
    "57": "聚东北铁锅炖",
    "58": "姐妹小餐馆",
    "59": "电脑培训",
    "60": "舒家大院重庆老火锅(中天会展城路店)",
    "61": "君雅轩(中天会展城A5组团店)",
    "62": "贵阳万佳乐酒店",
    "63": "贵州水投上善酒店(观山湖北站店)",
    "64": "黔灵山路",
    "65": "中国农业银行(观山湖支行)",
    "66": "沁园Qbakery(龙凯苑店)",
    "67": "鱼之味留一手特色烤鱼(关兴路总店)",
    "68": "苏斯汀酒店(贵阳世纪城店)"
  }
}