{
  "up": {
    "苏斯汀酒店(贵阳世纪城店)": 1,
    "鱼之味留一手特色烤鱼(关兴路总店)": 2,
    "沁园Qbakery(龙凯苑店)": 3,
    "中国农业银行(观山湖支行)": 4,
    "黔灵山路": 5,
    "贵州水投上善酒店(观山湖北站店)": 6,
    "贵阳万佳乐酒店": 7,
    "君雅轩(中天会展城A5组团店)": 8,
    "舒家大院重庆老火锅(中天会展城路店)": 9,
    "电脑培训": 10,
    "姐妹小餐馆": 11,
    "聚东北铁锅炖": 12,
    "CHOU臭臭螺蛳粉&精酿酒馆(中天会展城B6组团店)": 13,
    "侗郎西 苗寨·酱酸(金融城店)": 14,
    "杉坡": 15,
    "贵州味醇食品有限公司": 16,
    "小路汽修": 17,
    "尖坡互通": 18,
    "派瑞义齿": 19,
    "千里驹新能源汽车维修服务有限公司": 20,
    "冷水村综合楼": 21,
    "都新派出所铁路警务室": 22,
    "贵州品诺执行文化传媒有限公司": 23,
    "青年山公园": 24,
    "金蓓蕾艺术幼儿园": 25,
    "白云区都新社区居民议事会": 26,
    "贵州鸿申医药销售有限公司": 27,
    "贵阳新民食品有限公司": 28,
    "G6002贵阳绕城高速": 29,
    "贵阳白云骨粒化工厂": 30,
    "培席大桥": 31,
    "迈达盛能源加油站(高穴二号站)": 32,
    "贵阳市乌当区高穴小学": 33,
    "贵阳铁投商砼有限公司": 34
  },
  "down": {
    "贵阳铁投商砼有限公司": 35,
    "贵阳市乌当区高穴小学": 36,
    "迈达盛能源加油站(高穴二号站)": 37,
    "培席大桥": 38,
    "贵阳白云骨粒化工厂": 39,
    "G6002贵阳绕城高速": 40,
    "贵阳新民食品有限公司": 41,
    "贵州鸿申医药销售有限公司": 42,
    "白云区都新社区居民议事会": 43,
    "金蓓蕾艺术幼儿园": 44,
    "青年山公园": 45,
    "贵州品诺执行文化传媒有限公司": 46,
    "都新派出所铁路警务室": 47,
    "冷水村综合楼": 48,
    "千里驹新能源汽车维修服务有限公司": 49,
    "派瑞义齿": 50,
    "尖坡互通": 51,
    "小路汽修": 52,
    "贵州味醇食品有限公司": 53,
    "杉坡": 54,
    "侗郎西 苗寨·酱酸(金融城店)": 55,
    "CHOU臭臭螺蛳粉&精酿酒馆(中天会展城B6组团店)": 56,
    "聚东北铁锅炖": 57,
    "姐妹小餐馆": 58,
    "电脑培训": 59,
    "舒家大院重庆老火锅(中天会展城路店)": 60,
    "君雅轩(中天会展城A5组团店)": 61,
    "贵阳万佳乐酒店": 62,
    "贵州水投上善酒店(观山湖北站店)": 63,
    "黔灵山路": 64,
    "中国农业银行(观山湖支行)": 65,
    "沁园Qbakery(龙凯苑店)": 66,
    "鱼之味留一手特色烤鱼(关兴路总店)": 67,
    "苏斯汀酒店(贵阳世纪城店)": 68
  }
}