{
  "苏斯汀酒店(贵阳世纪城店)": 428,
  "鱼之味留一手特色烤鱼(关兴路总店)": 437,
  "沁园Qbakery(龙凯苑店)": 420,
  "中国农业银行(观山湖支行)": 435,
  "黔灵山路": 580,
  "贵州水投上善酒店(观山湖北站店)": 433,
  "贵阳万佳乐酒店": 1271,
  "君雅轩(中天会展城A5组团店)": 635,
  "舒家大院重庆老火锅(中天会展城路店)": 419,
  "电脑培训": 444,
  "姐妹小餐馆": 457,
  "聚东北铁锅炖": 551,
  "CHOU臭臭螺蛳粉&精酿酒馆(中天会展城B6组团店)": 841,
  "侗郎西 苗寨·酱酸(金融城店)": 490,
  "杉坡": 1163,
  "贵州味醇食品有限公司": 968,
  "小路汽修": 2340,
  "尖坡互通": 624,
  "派瑞义齿": 802,
  "千里驹新能源汽车维修服务有限公司": 987,
  "冷水村综合楼": 656,
  "都新派出所铁路警务室": 844,
  "贵州品诺执行文化传媒有限公司": 639,
  "青年山公园": 640,
  "金蓓蕾艺术幼儿园": 575,
  "白云区都新社区居民议事会": 698,
  "贵州鸿申医药销售有限公司": 420,
  "贵阳新民食品有限公司": 724,
  "G6002贵阳绕城高速": 427,
  "贵阳白云骨粒化工厂": 440,
  "培席大桥": 2525,
  "迈达盛能源加油站(高穴二号站)": 463,
  "贵阳市乌当区高穴小学": 509
}