{
  "贵遵路": 483,
  "贵阳市第十七中学熙山郡校区": 405,
  "长安跨越": 926,
  "三桥金山黑山羊肉粉": 602,
  "康骨堂(三桥店)": 521,
  "德艺门生艺术": 1501,
  "花果园T2区": 508,
  "云岩蔡家关社区卫生服务站": 488,
  "蔡家关村": 620,
  "花果园S区2区": 553,
  "二十六号屋顶自助烧烤": 771,
  "蝶泉亭": 2119,
  "新世纪挖掘机装载机叉车培训": 1478,
  "贵州省农业科学院科技信息研究所": 416,
  "盘山路": 436,
  "云上之星幼儿园": 1407,
  "贵阳市花溪区三合中学教师办公室": 2227,
  "羊龙幼儿园": 971,
  "贵阳景观石": 756,
  "高升塘": 966,
  "中国农业银行(石板分理处)": 408,
  "石板二村": 1248,
  "贵安大道": 830,
  "正群能量医学体验馆": 592,
  "格林森门窗有限公司": 592,
  "大宅门酸汤鱼酒楼(天河潭景区店)": 549,
  "云上天河酒店": 1589,
  "贵州文煜贸易有限公司": 511,
  "湖景农庄": 602
}