{
  "贵州正源工程质量检测有限公司贵安新区分公司": 785,
  "湖景农庄": 694,
  "贵州文煜贸易有限公司": 1772,
  "云上天河酒店": 732,
  "大宅门酸汤鱼酒楼(天河潭景区店)": 775,
  "格林森门窗有限公司": 775,
  "正群能量医学体验馆": 1013,
  "贵安大道": 1431,
  "石板二村": 591,
  "中国农业银行(石板分理处)": 1149,
  "高升塘": 939,
  "贵阳景观石": 1154,
  "羊龙幼儿园": 2410,
  "贵阳市花溪区三合中学教师办公室": 1590,
  "云上之星幼儿园": 619,
  "盘山路": 599,
  "贵州省农业科学院科技信息研究所": 1661,
  "新世纪挖掘机装载机叉车培训": 2302,
  "蝶泉亭": 954,
  "二十六号屋顶自助烧烤": 736,
  "花果园S区2区": 803,
  "蔡家关村": 671,
  "云岩蔡家关社区卫生服务站": 691,
  "花果园T2区": 1684,
  "德艺门生艺术": 704,
  "康骨堂(三桥店)": 785,
  "三桥金山黑山羊肉粉": 1109,
  "长安跨越": 588,
  "贵阳市第十七中学熙山郡校区": 666
}