{
  "up": {
    "1": "贵遵路",
    "2": "贵阳市第十七中学熙山郡校区",
    "3": "长安跨越",
    "4": "三桥金山黑山羊肉粉",
    "5": "康骨堂(三桥店)",
    "6": "德艺门生艺术",
    "7": "花果园T2区",
    "8": "云岩蔡家关社区卫生服务站",
    "9": "蔡家关村",
    "10": "花果园S区2区",
    "11": "二十六号屋顶自助烧烤",
    "12": "蝶泉亭",
    "13": "新世纪挖掘机装载机叉车培训",
    "14": "贵州省农业科学院科技信息研究所",
    "15": "盘山路",
    "16": "云上之星幼儿园",
    "17": "贵阳市花溪区三合中学教师办公室",
    "18": "羊龙幼儿园",
    "19": "贵阳景观石",
    "20": "高升塘",
    "21": "中国农业银行(石板分理处)",
    "22": "石板二村",
    "23": "贵安大道",
    "24": "正群能量医学体验馆",
    "25": "格林森门窗有限公司",
    "26": "大宅门酸汤鱼酒楼(天河潭景区店)",
    "27": "云上天河酒店",
    "28": "贵州文煜贸易有限公司",
    "29": "湖景农庄",
    "30": "贵州正源工程质量检测有限公司贵安新区分公司"
  },
  "down": {
    "31": "贵州正源工程质量检测有限公司贵安新区分公司",
    "32": "湖景农庄",
    "33": "贵州文煜贸易有限公司",
    "34": "云上天河酒店",
    "35": "大宅门酸汤鱼酒楼(天河潭景区店)",
    "36": "格林森门窗有限公司",
    "37": "正群能量医学体验馆",
    "38": "贵安大道",
    "39": "石板二村",
    "40": "中国农业银行(石板分理处)",
    "41": "高升塘",
    "42": "贵阳景观石",
    "43": "羊龙幼儿园",
    "44": "贵阳市花溪区三合中学教师办公室",
    "45": "云上之星幼儿园",
    "46": "盘山路",
    "47": "贵州省农业科学院科技信息研究所",
    "48": "新世纪挖掘机装载机叉车培训",
    "49": "蝶泉亭",
    "50": "二十六号屋顶自助烧烤",
    "51": "花果园S区2区",
    "52": "蔡家关村",
    "53": "云岩蔡家关社区卫生服务站",
    "54": "花果园T2区",
    "55": "德艺门生艺术",
    "56": "康骨堂(三桥店)",
    "57": "三桥金山黑山羊肉粉",
    "58": "长安跨越",
    "59": "贵阳市第十七中学熙山郡校区",
    "60": "贵遵路"
  }
}