{
  "up": {
    "贵遵路": 1,
    "贵阳市第十七中学熙山郡校区": 2,
    "长安跨越": 3,
    "三桥金山黑山羊肉粉": 4,
    "康骨堂(三桥店)": 5,
    "德艺门生艺术": 6,
    "花果园T2区": 7,
    "云岩蔡家关社区卫生服务站": 8,
    "蔡家关村": 9,
    "花果园S区2区": 10,
    "二十六号屋顶自助烧烤": 11,
    "蝶泉亭": 12,
    "新世纪挖掘机装载机叉车培训": 13,
    "贵州省农业科学院科技信息研究所": 14,
    "盘山路": 15,
    "云上之星幼儿园": 16,
    "贵阳市花溪区三合中学教师办公室": 17,
    "羊龙幼儿园": 18,
    "贵阳景观石": 19,
    "高升塘": 20,
    "中国农业银行(石板分理处)": 21,
    "石板二村": 22,
    "贵安大道": 23,
    "正群能量医学体验馆": 24,
    "格林森门窗有限公司": 25,
    "大宅门酸汤鱼酒楼(天河潭景区店)": 26,
    "云上天河酒店": 27,
    "贵州文煜贸易有限公司": 28,
    "湖景农庄": 29,
    "贵州正源工程质量检测有限公司贵安新区分公司": 30
  },
  "down": {
    "贵州正源工程质量检测有限公司贵安新区分公司": 31,
    "湖景农庄": 32,
    "贵州文煜贸易有限公司": 33,
    "云上天河酒店": 34,
    "大宅门酸汤鱼酒楼(天河潭景区店)": 35,
    "格林森门窗有限公司": 36,
    "正群能量医学体验馆": 37,
    "贵安大道": 38,
    "石板二村": 39,
    "中国农业银行(石板分理处)": 40,
    "高升塘": 41,
    "贵阳景观石": 42,
    "羊龙幼儿园": 43,
    "贵阳市花溪区三合中学教师办公室": 44,
    "云上之星幼儿园": 45,
    "盘山路": 46,
    "贵州省农业科学院科技信息研究所": 47,
    "新世纪挖掘机装载机叉车培训": 48,
    "蝶泉亭": 49,
    "二十六号屋顶自助烧烤": 50,
    "花果园S区2区": 51,
    "蔡家关村": 52,
    "云岩蔡家关社区卫生服务站": 53,
    "花果园T2区": 54,
    "德艺门生艺术": 55,
    "康骨堂(三桥店)": 56,
    "三桥金山黑山羊肉粉": 57,
    "长安跨越": 58,
    "贵阳市第十七中学熙山郡校区": 59,
    "贵遵路": 60
  }
}