{
  "陆航酒店(贵阳北站梦想城店)": {
    "time": [
      "06:14:15",
      "06:29:23",
      "06:44:26",
      "06:58:41",
      "07:14:22",
      "07:29:04",
      "07:43:43",
      "07:58:07",
      "08:13:43",
      "08:28:09",
      "08:42:55",
      "08:57:30",
      "09:12:53",
      "09:28:07",
      "09:43:34",
      "09:58:36",
      "10:13:15",
      "10:28:21",
      "10:43:06",
      "10:58:28",
      "11:13:54",
      "11:29:34",
      "11:44:21",
      "11:58:50",
      "12:14:23",
      "12:28:34",
      "12:44:07",
      "12:59:33",
      "13:15:10",
      "13:30:52",
      "13:45:04",
      "14:00:27",
      "14:15:01",
      "14:30:13",
      "14:46:02",
      "15:01:40",
      "15:16:50",
      "15:31:23",
      "15:46:13",
      "16:00:38",
      "16:16:01",
      "16:30:26",
      "16:45:13",
      "16:59:51",
      "17:15:26",
      "17:29:45",
      "17:44:04",
      "17:59:43",
      "18:15:29",
      "18:31:02",
      "18:45:52",
      "19:01:33",
      "19:16:59",
      "19:31:09",
      "19:46:51",
      "20:02:06",
      "20:16:33",
      "20:32:01",
      "20:47:07",
      "21:01:30",
      "21:16:48",
      "21:31:07",
      "21:46:08",
      "22:01:46"
    ],
    "board": [
      4,
      8,
      10,
      9,
      12,
      1,
      1,
      0,
      1,
      7,
      5,
      15,
      12,
      4,
      13,
      7,
      11,
      3,
      14,
      8,
      1,
      13,
      14,
      1,
      11,
      3,
      1,
      12,
      9,
      15,
      10,
      3,
      8,
      0,
      11,
      5,
      1,
      15,
      15,
      7,
      4,
      10,
      7,
      4,
      11,
      14,
      12,
      0,
      9,
      1,
      14,
      2,
      8,
      14,
      4,
      12,
      5,
      4,
      10,
      6,
      14,
      0,
      4,
      5
    ],
    "alight": [
      0,
      0,
      0,
      0,
      0,
      0,
      0,
      0,
      0,
      0,
      0,
      0,
      0,
      0,
      0,
      0,
      0,
      0,
      0,
      0,
      0,
      0,
      0,
      0,
      0,
      0,
      0,
      0,
      0,
      0,
      0,
      0,
      0,
      0,
      0,
      0,
      0,
      0,
      0,
      0,
      0,
      0,
      0,
      0,
      0,
      0,
      0,
      0,
      0,
      0,
      0,
      0,
      0,
      0,
      0,
      0,
      0,
      0,
      0,
      0,
      0,
      0,
      0,
      0
    ]
  },
  "北站公寓(黔灵山路分店)": {
    "time": [
      "06:14:15",
      "06:29:23",
      "06:44:26",
      "06:58:41",
      "07:14:22",
      "07:29:04",
      "07:43:43",
      "07:58:07",
      "08:13:43",
      "08:28:09",
      "08:42:55",
      "08:57:30",
      "09:12:53",
      "09:28:07",
      "09:43:34",
      "09:58:36",
      "10:13:15",
      "10:28:21",
      "10:43:06",
      "10:58:28",
      "11:13:54",
      "11:29:34",
      "11:44:21",
      "11:58:50",
      "12:14:23",
      "12:28:34",
      "12:44:07",
      "12:59:33",
      "13:15:10",
      "13:30:52",
      "13:45:04",
      "14:00:27",
      "14:15:01",
      "14:30:13",
      "14:46:02",
      "15:01:40",
      "15:16:50",
      "15:31:23",
      "15:46:13",
      "16:00:38",
      "16:16:01",
      "16:30:26",
      "16:45:13",
      "16:59:51",
      "17:15:26",
      "17:29:45",
      "17:44:04",
      "17:59:43",
      "18:15:29",
      "18:31:02",
      "18:45:52",
      "19:01:33",
      "19:16:59",
      "19:31:09",
      "19:46:51",
      "20:02:06",
      "20:16:33",
      "20:32:01",
      "20:47:07",
      "21:01:30",
      "21:16:48",
      "21:31:07",
      "21:46:08",
      "22:01:46"
    ],
    "board": [
      9,
      4,
      11,
      8,
      12,
      4,
      1,
      13,
      9,
      9,
      4,
      13,
      11,
      4,
      13,
      10,
      12,
      5,
      13,
      6,
      4,
      4,
      1,
      2,
      13,
      14,
      15,
      1,
      4,
      12,
      14,
      10,
      8,
      8,
      7,
      11,
      6,
      11,
      10,
      9,
      2,
      12,
      7,
      14,
      11,
      9,
      10,
      5,
      5,
      12,
      1,
      9,
      12,
      2,
      5,
      12,
      0,
      13,
      0,
      4,
      5,
      14,
      9,
      14
    ],
    "alight": [
      0,
      0,
      0,
      0,
      0,
      0,
      0,
      0,
      0,
      0,
      0,
      0,
      0,
      0,
      0,
      0,
      0,
      0,
      0,
      0,
      0,
      0,
      0,
      0,
      0,
      0,
      0,
      0,
      0,
      0,
      0,
      0,
      0,
      0,
      0,
      0,
      0,
      0,
      0,
      0,
      0,
      0,
      0,
      0,
      0,
      0,
      0,
      0,
      0,
      0,
      0,
      0,
      0,
      0,
      0,
      0,
      0,
      0,
      0,
      0,
      0,
      0,
      0,
      0
    ]
  },
  "贵阳市就业小额贷款担保中心": {
    "time": [
      "06:14:15",
      "06:29:23",
      "06:44:26",
      "06:58:41",
      "07:14:22",
      "07:29:04",
      "07:43:43",
      "07:58:07",
      "08:13:43",
      "08:28:09",
      "08:42:55",
      "08:57:30",
      "09:12:53",
      "09:28:07",
      "09:43:34",
      "09:58:36",
      "10:13:15",
      "10:28:21",
      "10:43:06",
      "10:58:28",
      "11:13:54",
      "11:29:34",
      "11:44:21",
      "11:58:50",
      "12:14:23",
      "12:28:34",
      "12:44:07",
      "12:59:33",
      "13:15:10",
      "13:30:52",
      "13:45:04",
      "14:00:27",
      "14:15:01",
      "14:30:13",
      "14:46:02",
      "15:01:40",
      "15:16:50",
      "15:31:23",
      "15:46:13",
      "16:00:38",
      "16:16:01",
      "16:30:26",
      "16:45:13",
      "16:59:51",
      "17:15:26",
      "17:29:45",
      "17:44:04",
      "17:59:43",
      "18:15:29",
      "18:31:02",
      "18:45:52",
      "19:01:33",
      "19:16:59",
      "19:31:09",
      "19:46:51",
      "20:02:06",
      "20:16:33",
      "20:32:01",
      "20:47:07",
      "21:01:30",
      "21:16:48",
      "21:31:07",
      "21:46:08",
      "22:01:46"
    ],
    "board": [
      5,
      9,
      1,
      6,
      9,
      15,
      11,
      8,
      1,
      5,
      5,
      6,
      10,
      6,
      13,
      10,
      3,
      3,
      14,
      5,
      0,
      14,
      8,
      6,
      7,
      12,
      3,
      7,
      0,
      6,
      0,
      15,
      6,
      1,
      15,
      0,
      14,
      14,
      15,
      11,
      12,
      3,
      1,
      14,
      2,
      13,
      13,
      1,
      13,
      0,
      4,
      2,
      7,
      12,
      6,
      15,
      0,
      10,
      11,
      6,
      15,
      11,
      12,
      3
    ],
    "alight": [
      0,
      0,
      0,
      0,
      0,
      0,
      0,
      0,
      0,
      0,
      0,
      0,
      0,
      0,
      0,
      0,
      0,
      0,
      0,
      0,
      0,
      0,
      2,
      0,
      0,
      0,
      0,
      0,
      0,
      0,
      0,
      0,
      0,
      0,
      0,
      0,
      0,
      0,
      0,
      3,
      0,
      2,
      0,
      0,
      0,
      0,
      0,
      0,
      0,
      0,
      0,
      3,
      1,
      0,
      0,
      0,
      0,
      0,
      0,
      0,
      0,
      0,
      0,
      0
    ]
  },
  "阳关村": {
    "time": [
      "06:14:15",
      "06:29:23",
      "06:44:26",
      "06:58:41",
      "07:14:22",
      "07:29:04",
      "07:43:43",
      "07:58:07",
      "08:13:43",
      "08:28:09",
      "08:42:55",
      "08:57:30",
      "09:12:53",
      "09:28:07",
      "09:43:34",
      "09:58:36",
      "10:13:15",
      "10:28:21",
      "10:43:06",
      "10:58:28",
      "11:13:54",
      "11:29:34",
      "11:44:21",
      "11:58:50",
      "12:14:23",
      "12:28:34",
      "12:44:07",
      "12:59:33",
      "13:15:10",
      "13:30:52",
      "13:45:04",
      "14:00:27",
      "14:15:01",
      "14:30:13",
      "14:46:02",
      "15:01:40",
      "15:16:50",
      "15:31:23",
      "15:46:13",
      "16:00:38",
      "16:16:01",
      "16:30:26",
      "16:45:13",
      "16:59:51",
      "17:15:26",
      "17:29:45",
      "17:44:04",
      "17:59:43",
      "18:15:29",
      "18:31:02",
      "18:45:52",
      "19:01:33",
      "19:16:59",
      "19:31:09",
      "19:46:51",
      "20:02:06",
      "20:16:33",
      "20:32:01",
      "20:47:07",
      "21:01:30",
      "21:16:48",
      "21:31:07",
      "21:46:08",
      "22:01:46"
    ],
    "board": [
      13,
      6,
      10,
      4,
      1,
      6,
      10,
      8,
      9,
      11,
      4,
      4,
      14,
      8,
      0,
      11,
      15,
      7,
      15,
      13,
      12,
      5,
      14,
      5,
      0,
      12,
      12,
      14,
      1,
      0,
      5,
      0,
      0,
      11,
      12,
      10,
      4,
      13,
      2,
      10,
      11,
      14,
      15,
      13,
      10,
      15,
      0,
      4,
      13,
      10,
      4,
      15,
      3,
      1,
      8,
      0,
      8,
      7,
      10,
      11,
      2,
      9,
      14,
      10
    ],
    "alight": [
      0,
      0,
      0,
      0,
      0,
      0,
      0,
      0,
      0,
      0,
      3,
      0,
      0,
      0,
      0,
      0,
      0,
      2,
      0,
      0,
      0,
      0,
      0,
      0,
      0,
      0,
      0,
      0,
      0,
      0,
      0,
      0,
      0,
      0,
      0,
      0,
      0,
      0,
      0,
      0,
      0,
      3,
      0,
      0,
      0,
      0,
      0,
      0,
      0,
      0,
      0,
      0,
      0,
      0,
      0,
      0,
      0,
      0,
      0,
      0,
      0,
      0,
      1,
      0
    ]
  },
  "苗族蒋氏祖传康复店": {
    "time": [
      "06:14:15",
      "06:29:23",
      "06:44:26",
      "06:58:41",
      "07:14:22",
      "07:29:04",
      "07:43:43",
      "07:58:07",
      "08:13:43",
      "08:28:09",
      "08:42:55",
      "08:57:30",
      "09:12:53",
      "09:28:07",
      "09:43:34",
      "09:58:36",
      "10:13:15",
      "10:28:21",
      "10:43:06",
      "10:58:28",
      "11:13:54",
      "11:29:34",
      "11:44:21",
      "11:58:50",
      "12:14:23",
      "12:28:34",
      "12:44:07",
      "12:59:33",
      "13:15:10",
      "13:30:52",
      "13:45:04",
      "14:00:27",
      "14:15:01",
      "14:30:13",
      "14:46:02",
      "15:01:40",
      "15:16:50",
      "15:31:23",
      "15:46:13",
      "16:00:38",
      "16:16:01",
      "16:30:26",
      "16:45:13",
      "16:59:51",
      "17:15:26",
      "17:29:45",
      "17:44:04",
      "17:59:43",
      "18:15:29",
      "18:31:02",
      "18:45:52",
      "19:01:33",
      "19:16:59",
      "19:31:09",
      "19:46:51",
      "20:02:06",
      "20:16:33",
      "20:32:01",
      "20:47:07",
      "21:01:30",
      "21:16:48",
      "21:31:07",
      "21:46:08",
      "22:01:46"
    ],
    "board": [
      10,
      7,
      1,
      14,
      7,
      1,
      15,
      0,
      3,
      5,
      14,
      3,
      0,
      12,
      0,
      15,
      15,
      11,
      6,
      8,
      15,
      9,
      13,
      8,
      7,
      2,
      7,
      12,
      8,
      13,
      2,
      15,
      14,
      11,
      14,
      15,
      10,
      0,
      3,
      9,
      14,
      14,
      10,
      7,
      8,
      7,
      3,
      14,
      7,
      8,
      9,
      15,
      0,
      7,
      3,
      15,
      2,
      14,
      3,
      11,
      4,
      15,
      3,
      14
    ],
    "alight": [
      10,
      14,
      0,
      7,
      6,
      0,
      3,
      4,
      12,
      7,
      12,
      11,
      9,
      8,
      14,
      1,
      5,
      6,
      9,
      7,
      0,
      11,
      9,
      7,
      1,
      3,
      4,
      14,
      15,
      8,
      9,
      15,
      1,
      6,
      1,
      14,
      13,
      12,
      4,
      2,
      14,
      4,
      6,
      3,
      11,
      2,
      7,
      13,
      1,
      0,
      11,
      10,
      0,
      14,
      4,
      5,
      6,
      12,
      12,
      6,
      11,
      10,
      11,
      8
    ]
  },
  "贵阳市观山湖区新星学校": {
    "time": [
      "06:14:15",
      "06:29:23",
      "06:44:26",
      "06:58:41",
      "07:14:22",
      "07:29:04",
      "07:43:43",
      "07:58:07",
      "08:13:43",
      "08:28:09",
      "08:42:55",
      "08:57:30",
      "09:12:53",
      "09:28:07",
      "09:43:34",
      "09:58:36",
      "10:13:15",
      "10:28:21",
      "10:43:06",
      "10:58:28",
      "11:13:54",
      "11:29:34",
      "11:44:21",
      "11:58:50",
      "12:14:23",
      "12:28:34",
      "12:44:07",
      "12:59:33",
      "13:15:10",
      "13:30:52",
      "13:45:04",
      "14:00:27",
      "14:15:01",
      "14:30:13",
      "14:46:02",
      "15:01:40",
      "15:16:50",
      "15:31:23",
      "15:46:13",
      "16:00:38",
      "16:16:01",
      "16:30:26",
      "16:45:13",
      "16:59:51",
      "17:15:26",
      "17:29:45",
      "17:44:04",
      "17:59:43",
      "18:15:29",
      "18:31:02",
      "18:45:52",
      "19:01:33",
      "19:16:59",
      "19:31:09",
      "19:46:51",
      "20:02:06",
      "20:16:33",
      "20:32:01",
      "20:47:07",
      "21:01:30",
      "21:16:48",
      "21:31:07",
      "21:46:08",
      "22:01:46"
    ],
    "board": [
      3,
      5,
      8,
      11,
      11,
      2,
      14,
      2,
      2,
      5,
      13,
      11,
      12,
      3,
      1,
      9,
      3,
      7,
      6,
      9,
      4,
      11,
      10,
      10,
      6,
      7,
      12,
      13,
      2,
      14,
      6,
      4,
      0,
      4,
      10,
      13,
      4,
      6,
      15,
      13,
      15,
      0,
      15,
      11,
      7,
      1,
      12,
      11,
      5,
      0,
      10,
      12,
      4,
      3,
      0,
      7,
      14,
      1,
      9,
      1,
      12,
      14,
      11,
      6
    ],
    "alight": [
      4,
      12,
      2,
      12,
      0,
      3,
      7,
      10,
      0,
      12,
      12,
      15,
      3,
      7,
      1,
      2,
      0,
      10,
      9,
      8,
      2,
      12,
      0,
      7,
      12,
      14,
      0,
      2,
      3,
      3,
      6,
      0,
      11,
      8,
      9,
      5,
      6,
      3,
      8,
      8,
      2,
      0,
      1,
      13,
      1,
      0,
      14,
      10,
      12,
      5,
      7,
      10,
      0,
      12,
      4,
      11,
      10,
      9,
      12,
      13,
      4,
      7,
      1,
      4
    ]
  },
  "贵阳银行(贵阳会展城支行)": {
    "time": [
      "06:14:15",
      "06:29:23",
      "06:44:26",
      "06:58:41",
      "07:14:22",
      "07:29:04",
      "07:43:43",
      "07:58:07",
      "08:13:43",
      "08:28:09",
      "08:42:55",
      "08:57:30",
      "09:12:53",
      "09:28:07",
      "09:43:34",
      "09:58:36",
      "10:13:15",
      "10:28:21",
      "10:43:06",
      "10:58:28",
      "11:13:54",
      "11:29:34",
      "11:44:21",
      "11:58:50",
      "12:14:23",
      "12:28:34",
      "12:44:07",
      "12:59:33",
      "13:15:10",
      "13:30:52",
      "13:45:04",
      "14:00:27",
      "14:15:01",
      "14:30:13",
      "14:46:02",
      "15:01:40",
      "15:16:50",
      "15:31:23",
      "15:46:13",
      "16:00:38",
      "16:16:01",
      "16:30:26",
      "16:45:13",
      "16:59:51",
      "17:15:26",
      "17:29:45",
      "17:44:04",
      "17:59:43",
      "18:15:29",
      "18:31:02",
      "18:45:52",
      "19:01:33",
      "19:16:59",
      "19:31:09",
      "19:46:51",
      "20:02:06",
      "20:16:33",
      "20:32:01",
      "20:47:07",
      "21:01:30",
      "21:16:48",
      "21:31:07",
      "21:46:08",
      "22:01:46"
    ],
    "board": [
      1,
      0,
      1,
      9,
      0,
      14,
      6,
      7,
      12,
      14,
      5,
      7,
      4,
      15,
      11,
      3,
      3,
      9,
      6,
      14,
      10,
      10,
      13,
      9,
      6,
      7,
      9,
      10,
      9,
      7,
      10,
      14,
      10,
      13,
      0,
      0,
      9,
      5,
      2,
      10,
      10,
      9,
      3,
      0,
      11,
      9,
      10,
      11,
      15,
      5,
      12,
      4,
      2,
      2,
      1,
      6,
      3,
      15,
      15,
      9,
      12,
      11,
      9,
      14
    ],
    "alight": [
      7,
      12,
      14,
      9,
      1,
      9,
      6,
      13,
      15,
      3,
      2,
      15,
      8,
      13,
      6,
      7,
      9,
      3,
      14,
      5,
      6,
      10,
      8,
      5,
      12,
      3,
      13,
      3,
      13,
      5,
      8,
      10,
      8,
      7,
      5,
      14,
      2,
      0,
      12,
      8,
      8,
      2,
      10,
      1,
      13,
      6,
      13,
      3,
      8,
      7,
      9,
      10,
      14,
      0,
      15,
      12,
      4,
      8,
      3,
      6,
      6,
      4,
      15,
      13
    ]
  },
  "中天会展城A7组团": {
    "time": [
      "06:14:15",
      "06:29:23",
      "06:44:26",
      "06:58:41",
      "07:14:22",
      "07:29:04",
      "07:43:43",
      "07:58:07",
      "08:13:43",
      "08:28:09",
      "08:42:55",
      "08:57:30",
      "09:12:53",
      "09:28:07",
      "09:43:34",
      "09:58:36",
      "10:13:15",
      "10:28:21",
      "10:43:06",
      "10:58:28",
      "11:13:54",
      "11:29:34",
      "11:44:21",
      "11:58:50",
      "12:14:23",
      "12:28:34",
      "12:44:07",
      "12:59:33",
      "13:15:10",
      "13:30:52",
      "13:45:04",
      "14:00:27",
      "14:15:01",
      "14:30:13",
      "14:46:02",
      "15:01:40",
      "15:16:50",
      "15:31:23",
      "15:46:13",
      "16:00:38",
      "16:16:01",
      "16:30:26",
      "16:45:13",
      "16:59:51",
      "17:15:26",
      "17:29:45",
      "17:44:04",
      "17:59:43",
      "18:15:29",
      "18:31:02",
      "18:45:52",
      "19:01:33",
      "19:16:59",
      "19:31:09",
      "19:46:51",
      "20:02:06",
      "20:16:33",
      "20:32:01",
      "20:47:07",
      "21:01:30",
      "21:16:48",
      "21:31:07",
      "21:46:08",
      "22:01:46"
    ],
    "board": [
      0,
      0,
      14,
      6,
      1,
      4,
      10,
      6,
      14,
      1,
      15,
      13,
      0,
      4,
      15,
      3,
      9,
      10,
      1,
      11,
      11,
      9,
      3,
      12,
      14,
      8,
      7,
      9,
      7,
      3,
      6,
      14,
      5,
      1,
      7,
      13,
      1,
      9,
      4,
      0,
      15,
      15,
      15,
      9,
      11,
      5,
      14,
      2,
      14,
      13,
      15,
      14,
      10,
      0,
      15,
      5,
      3,
      1,
      0,
      7,
      12,
      4,
      1,
      5
    ],
    "alight": [
      15,
      1,
      8,
      15,
      8,
      8,
      1,
      14,
      5,
      2,
      15,
      8,
      9,
      6,
      14,
      4,
      13,
      10,
      10,
      13,
      14,
      2,
      5,
      1,
      6,
      12,
      6,
      14,
      4,
      12,
      4,
      1,
      0,
      6,
      14,
      5,
      2,
      10,
      14,
      10,
      1,
      8,
      14,
      14,
      8,
      4,
      11,
      7,
      11,
      11,
      10,
      12,
      5,
      2,
      11,
      7,
      14,
      2,
      3,
      8,
      10,
      1,
      0,
      12
    ]
  },
  "贵厨酸汤牛肉(会展城店)": {
    "time": [
      "06:14:15",
      "06:29:23",
      "06:44:26",
      "06:58:41",
      "07:14:22",
      "07:29:04",
      "07:43:43",
      "07:58:07",
      "08:13:43",
      "08:28:09",
      "08:42:55",
      "08:57:30",
      "09:12:53",
      "09:28:07",
      "09:43:34",
      "09:58:36",
      "10:13:15",
      "10:28:21",
      "10:43:06",
      "10:58:28",
      "11:13:54",
      "11:29:34",
      "11:44:21",
      "11:58:50",
      "12:14:23",
      "12:28:34",
      "12:44:07",
      "12:59:33",
      "13:15:10",
      "13:30:52",
      "13:45:04",
      "14:00:27",
      "14:15:01",
      "14:30:13",
      "14:46:02",
      "15:01:40",
      "15:16:50",
      "15:31:23",
      "15:46:13",
      "16:00:38",
      "16:16:01",
      "16:30:26",
      "16:45:13",
      "16:59:51",
      "17:15:26",
      "17:29:45",
      "17:44:04",
      "17:59:43",
      "18:15:29",
      "18:31:02",
      "18:45:52",
      "19:01:33",
      "19:16:59",
      "19:31:09",
      "19:46:51",
      "20:02:06",
      "20:16:33",
      "20:32:01",
      "20:47:07",
      "21:01:30",
      "21:16:48",
      "21:31:07",
      "21:46:08",
      "22:01:46"
    ],
    "board": [
      1,
      4,
      2,
      1,
      14,
      2,
      2,
      14,
      7,
      7,
      6,
      10,
      15,
      8,
      7,
      13,
      12,
      15,
      9,
      15,
      12,
      15,
      15,
      9,
      4,
      3,
      9,
      5,
      14,
      15,
      8,
      1,
      6,
      5,
      0,
      7,
      4,
      9,
      14,
      9,
      7,
      14,
      12,
      5,
      2,
      0,
      2,
      13,
      2,
      1,
      14,
      0,
      5,
      7,
      3,
      4,
      3,
      1,
      8,
      1,
      7,
      4,
      12,
      9
    ],
    "alight": [
      4,
      0,
      4,
      5,
      3,
      8,
      9,
      11,
      2,
      14,
      2,
      13,
      6,
      7,
      11,
      12,
      10,
      1,
      11,
      2,
      1,
      9,
      12,
      6,
      10,
      5,
      1,
      14,
      6,
      13,
      2,
      9,
      6,
      15,
      10,
      13,
      11,
      4,
      4,
      2,
      5,
      0,
      14,
      3,
      0,
      11,
      14,
      3,
      7,
      2,
      2,
      4,
      3,
      11,
      6,
      3,
      5,
      13,
      0,
      15,
      7,
      7,
      7,
      15
    ]
  },
  "观山湖公园爱心妈妈小屋": {
    "time": [
      "06:14:15",
      "06:29:23",
      "06:44:26",
      "06:58:41",
      "07:14:22",
      "07:29:04",
      "07:43:43",
      "07:58:07",
      "08:13:43",
      "08:28:09",
      "08:42:55",
      "08:57:30",
      "09:12:53",
      "09:28:07",
      "09:43:34",
      "09:58:36",
      "10:13:15",
      "10:28:21",
      "10:43:06",
      "10:58:28",
      "11:13:54",
      "11:29:34",
      "11:44:21",
      "11:58:50",
      "12:14:23",
      "12:28:34",
      "12:44:07",
      "12:59:33",
      "13:15:10",
      "13:30:52",
      "13:45:04",
      "14:00:27",
      "14:15:01",
      "14:30:13",
      "14:46:02",
      "15:01:40",
      "15:16:50",
      "15:31:23",
      "15:46:13",
      "16:00:38",
      "16:16:01",
      "16:30:26",
      "16:45:13",
      "16:59:51",
      "17:15:26",
      "17:29:45",
      "17:44:04",
      "17:59:43",
      "18:15:29",
      "18:31:02",
      "18:45:52",
      "19:01:33",
      "19:16:59",
      "19:31:09",
      "19:46:51",
      "20:02:06",
      "20:16:33",
      "20:32:01",
      "20:47:07",
      "21:01:30",
      "21:16:48",
      "21:31:07",
      "21:46:08",
      "22:01:46"
    ],
    "board": [
      13,
      6,
      2,
      2,
      11,
      2,
      2,
      14,
      1,
      8,
      4,
      0,
      4,
      14,
      3,
      7,
      8,
      13,
      15,
      14,
      5,
      1,
      0,
      6,
      13,
      4,
      7,
      6,
      7,
      6,
      1,
      13,
      12,
      9,
      0,
      0,
      15,
      12,
      9,
      5,
      0,
      6,
      15,
      0,
      10,
      7,
      2,
      14,
      1,
      10,
      13,
      2,
      8,
      4,
      8,
      7,
      0,
      0,
      11,
      3,
      11,
      8,
      0,
      5
    ],
    "alight": [
      0,
      6,
      12,
      4,
      3,
      11,
      6,
      4,
      8,
      2,
      4,
      3,
      0,
      14,
      4,
      11,
      13,
      9,
      3,
      4,
      10,
      14,
      9,
      8,
      13,
      0,
      10,
      3,
      4,
      14,
      9,
      9,
      6,
      13,
      9,
      12,
      0,
      9,
      6,
      8,
      14,
      7,
      13,
      4,
      9,
      6,
      13,
      13,
      3,
      8,
      5,
      8,
      11,
      5,
      10,
      9,
      6,
      7,
      15,
      7,
      10,
      1,
      5,
      11
    ]
  },
  "贵阳金阳怡豪酒店": {
    "time": [
      "06:14:15",
      "06:29:23",
      "06:44:26",
      "06:58:41",
      "07:14:22",
      "07:29:04",
      "07:43:43",
      "07:58:07",
      "08:13:43",
      "08:28:09",
      "08:42:55",
      "08:57:30",
      "09:12:53",
      "09:28:07",
      "09:43:34",
      "09:58:36",
      "10:13:15",
      "10:28:21",
      "10:43:06",
      "10:58:28",
      "11:13:54",
      "11:29:34",
      "11:44:21",
      "11:58:50",
      "12:14:23",
      "12:28:34",
      "12:44:07",
      "12:59:33",
      "13:15:10",
      "13:30:52",
      "13:45:04",
      "14:00:27",
      "14:15:01",
      "14:30:13",
      "14:46:02",
      "15:01:40",
      "15:16:50",
      "15:31:23",
      "15:46:13",
      "16:00:38",
      "16:16:01",
      "16:30:26",
      "16:45:13",
      "16:59:51",
      "17:15:26",
      "17:29:45",
      "17:44:04",
      "17:59:43",
      "18:15:29",
      "18:31:02",
      "18:45:52",
      "19:01:33",
      "19:16:59",
      "19:31:09",
      "19:46:51",
      "20:02:06",
      "20:16:33",
      "20:32:01",
      "20:47:07",
      "21:01:30",
      "21:16:48",
      "21:31:07",
      "21:46:08",
      "22:01:46"
    ],
    "board": [
      15,
      4,
      14,
      6,
      6,
      7,
      8,
      6,
      10,
      11,
      10,
      13,
      5,
      9,
      11,
      9,
      6,
      1,
      1,
      8,
      9,
      1,
      4,
      4,
      14,
      2,
      13,
      9,
      11,
      8,
      10,
      5,
      3,
      11,
      2,
      13,
      11,
      8,
      11,
      14,
      1,
      13,
      4,
      11,
      15,
      0,
      13,
      4,
      14,
      8,
      11,
      9,
      9,
      3,
      14,
      10,
      15,
      2,
      7,
      4,
      9,
      2,
      7,
      4
    ],
    "alight": [
      13,
      15,
      9,
      11,
      9,
      6,
      12,
      12,
      4,
      1,
      10,
      2,
      4,
      3,
      6,
      3,
      14,
      4,
      8,
      15,
      8,
      4,
      11,
      15,
      13,
      4,
      8,
      2,
      8,
      13,
      3,
      13,
      3,
      15,
      1,
      0,
      15,
      14,
      14,
      2,
      13,
      0,
      1,
      5,
      7,
      3,
      6,
      15,
      14,
      13,
      1,
      11,
      3,
      8,
      0,
      5,
      6,
      12,
      12,
      11,
      14,
      15,
      10,
      15
    ]
  },
  "陕西老碗面": {
    "time": [
      "06:14:15",
      "06:29:23",
      "06:44:26",
      "06:58:41",
      "07:14:22",
      "07:29:04",
      "07:43:43",
      "07:58:07",
      "08:13:43",
      "08:28:09",
      "08:42:55",
      "08:57:30",
      "09:12:53",
      "09:28:07",
      "09:43:34",
      "09:58:36",
      "10:13:15",
      "10:28:21",
      "10:43:06",
      "10:58:28",
      "11:13:54",
      "11:29:34",
      "11:44:21",
      "11:58:50",
      "12:14:23",
      "12:28:34",
      "12:44:07",
      "12:59:33",
      "13:15:10",
      "13:30:52",
      "13:45:04",
      "14:00:27",
      "14:15:01",
      "14:30:13",
      "14:46:02",
      "15:01:40",
      "15:16:50",
      "15:31:23",
      "15:46:13",
      "16:00:38",
      "16:16:01",
      "16:30:26",
      "16:45:13",
      "16:59:51",
      "17:15:26",
      "17:29:45",
      "17:44:04",
      "17:59:43",
      "18:15:29",
      "18:31:02",
      "18:45:52",
      "19:01:33",
      "19:16:59",
      "19:31:09",
      "19:46:51",
      "20:02:06",
      "20:16:33",
      "20:32:01",
      "20:47:07",
      "21:01:30",
      "21:16:48",
      "21:31:07",
      "21:46:08",
      "22:01:46"
    ],
    "board": [
      12,
      7,
      3,
      12,
      0,
      11,
      6,
      15,
      13,
      12,
      11,
      7,
      10,
      0,
      2,
      3,
      15,
      3,
      5,
      6,
      4,
      14,
      13,
      14,
      8,
      5,
      4,
      7,
      3,
      5,
      5,
      4,
      9,
      7,
      6,
      12,
      7,
      4,
      10,
      13,
      14,
      11,
      7,
      13,
      12,
      0,
      3,
      14,
      9,
      8,
      3,
      6,
      15,
      0,
      2,
      3,
      6,
      1,
      11,
      4,
      10,
      6,
      8,
      11
    ],
    "alight": [
      5,
      4,
      4,
      0,
      11,
      15,
      10,
      3,
      13,
      0,
      6,
      11,
      6,
      0,
      8,
      10,
      6,
      12,
      10,
      5,
      2,
      4,
      3,
      3,
      7,
      4,
      2,
      1,
      1,
      7,
      5,
      14,
      13,
      8,
      7,
      12,
      4,
      10,
      4,
      13,
      10,
      6,
      12,
      7,
      1,
      2,
      10,
      12,
      1,
      9,
      9,
      6,
      9,
      15,
      12,
      3,
      12,
      5,
      5,
      12,
      8,
      11,
      10,
      14
    ]
  },
  "观山湖区第八中学": {
    "time": [
      "06:14:15",
      "06:29:23",
      "06:44:26",
      "06:58:41",
      "07:14:22",
      "07:29:04",
      "07:43:43",
      "07:58:07",
      "08:13:43",
      "08:28:09",
      "08:42:55",
      "08:57:30",
      "09:12:53",
      "09:28:07",
      "09:43:34",
      "09:58:36",
      "10:13:15",
      "10:28:21",
      "10:43:06",
      "10:58:28",
      "11:13:54",
      "11:29:34",
      "11:44:21",
      "11:58:50",
      "12:14:23",
      "12:28:34",
      "12:44:07",
      "12:59:33",
      "13:15:10",
      "13:30:52",
      "13:45:04",
      "14:00:27",
      "14:15:01",
      "14:30:13",
      "14:46:02",
      "15:01:40",
      "15:16:50",
      "15:31:23",
      "15:46:13",
      "16:00:38",
      "16:16:01",
      "16:30:26",
      "16:45:13",
      "16:59:51",
      "17:15:26",
      "17:29:45",
      "17:44:04",
      "17:59:43",
      "18:15:29",
      "18:31:02",
      "18:45:52",
      "19:01:33",
      "19:16:59",
      "19:31:09",
      "19:46:51",
      "20:02:06",
      "20:16:33",
      "20:32:01",
      "20:47:07",
      "21:01:30",
      "21:16:48",
      "21:31:07",
      "21:46:08",
      "22:01:46"
    ],
    "board": [
      14,
      4,
      7,
      12,
      9,
      8,
      14,
      6,
      4,
      5,
      9,
      14,
      9,
      12,
      0,
      3,
      7,
      15,
      15,
      0,
      0,
      1,
      11,
      8,
      2,
      10,
      14,
      11,
      15,
      1,
      13,
      3,
      13,
      6,
      5,
      6,
      11,
      1,
      0,
      13,
      9,
      5,
      4,
      0,
      8,
      11,
      9,
      5,
      1,
      7,
      14,
      8,
      7,
      6,
      8,
      6,
      11,
      12,
      12,
      8,
      6,
      13,
      8,
      15
    ],
    "alight": [
      5,
      11,
      11,
      4,
      2,
      11,
      9,
      15,
      11,
      2,
      12,
      12,
      0,
      12,
      6,
      12,
      15,
      7,
      11,
      0,
      7,
      2,
      7,
      2,
      8,
      7,
      0,
      1,
      7,
      3,
      14,
      8,
      2,
      6,
      14,
      6,
      6,
      5,
      15,
      11,
      4,
      12,
      13,
      13,
      12,
      14,
      1,
      6,
      0,
      0,
      12,
      10,
      3,
      13,
      12,
      8,
      14,
      1,
      13,
      7,
      15,
      1,
      3,
      1
    ]
  },
  "观山西路": {
    "time": [
      "06:14:15",
      "06:29:23",
      "06:44:26",
      "06:58:41",
      "07:14:22",
      "07:29:04",
      "07:43:43",
      "07:58:07",
      "08:13:43",
      "08:28:09",
      "08:42:55",
      "08:57:30",
      "09:12:53",
      "09:28:07",
      "09:43:34",
      "09:58:36",
      "10:13:15",
      "10:28:21",
      "10:43:06",
      "10:58:28",
      "11:13:54",
      "11:29:34",
      "11:44:21",
      "11:58:50",
      "12:14:23",
      "12:28:34",
      "12:44:07",
      "12:59:33",
      "13:15:10",
      "13:30:52",
      "13:45:04",
      "14:00:27",
      "14:15:01",
      "14:30:13",
      "14:46:02",
      "15:01:40",
      "15:16:50",
      "15:31:23",
      "15:46:13",
      "16:00:38",
      "16:16:01",
      "16:30:26",
      "16:45:13",
      "16:59:51",
      "17:15:26",
      "17:29:45",
      "17:44:04",
      "17:59:43",
      "18:15:29",
      "18:31:02",
      "18:45:52",
      "19:01:33",
      "19:16:59",
      "19:31:09",
      "19:46:51",
      "20:02:06",
      "20:16:33",
      "20:32:01",
      "20:47:07",
      "21:01:30",
      "21:16:48",
      "21:31:07",
      "21:46:08",
      "22:01:46"
    ],
    "board": [
      12,
      9,
      15,
      3,
      1,
      6,
      11,
      10,
      4,
      0,
      0,
      8,
      8,
      11,
      0,
      1,
      10,
      15,
      11,
      2,
      1,
      4,
      0,
      1,
      11,
      0,
      3,
      14,
      1,
      7,
      12,
      10,
      8,
      14,
      13,
      6,
      12,
      6,
      13,
      14,
      15,
      0,
      5,
      1,
      3,
      0,
      7,
      1,
      14,
      10,
      1,
      5,
      13,
      7,
      12,
      2,
      6,
      14,
      14,
      3,
      4,
      13,
      5,
      0
    ],
    "alight": [
      7,
      0,
      8,
      0,
      4,
      3,
      9,
      8,
      2,
      10,
      2,
      12,
      9,
      2,
      3,
      6,
      0,
      6,
      14,
      4,
      10,
      9,
      1,
      1,
      4,
      3,
      9,
      2,
      12,
      1,
      0,
      14,
      5,
      12,
      4,
      11,
      15,
      12,
      15,
      13,
      11,
      3,
      2,
      2,
      15,
      2,
      9,
      10,
      7,
      9,
      12,
      12,
      1,
      10,
      6,
      3,
      8,
      4,
      13,
      7,
      13,
      8,
      14,
      15
    ]
  },
  "上麦西": {
    "time": [
      "06:14:15",
      "06:29:23",
      "06:44:26",
      "06:58:41",
      "07:14:22",
      "07:29:04",
      "07:43:43",
      "07:58:07",
      "08:13:43",
      "08:28:09",
      "08:42:55",
      "08:57:30",
      "09:12:53",
      "09:28:07",
      "09:43:34",
      "09:58:36",
      "10:13:15",
      "10:28:21",
      "10:43:06",
      "10:58:28",
      "11:13:54",
      "11:29:34",
      "11:44:21",
      "11:58:50",
      "12:14:23",
      "12:28:34",
      "12:44:07",
      "12:59:33",
      "13:15:10",
      "13:30:52",
      "13:45:04",
      "14:00:27",
      "14:15:01",
      "14:30:13",
      "14:46:02",
      "15:01:40",
      "15:16:50",
      "15:31:23",
      "15:46:13",
      "16:00:38",
      "16:16:01",
      "16:30:26",
      "16:45:13",
      "16:59:51",
      "17:15:26",
      "17:29:45",
      "17:44:04",
      "17:59:43",
      "18:15:29",
      "18:31:02",
      "18:45:52",
      "19:01:33",
      "19:16:59",
      "19:31:09",
      "19:46:51",
      "20:02:06",
      "20:16:33",
      "20:32:01",
      "20:47:07",
      "21:01:30",
      "21:16:48",
      "21:31:07",
      "21:46:08",
      "22:01:46"
    ],
    "board": [
      2,
      0,
      8,
      4,
      1,
      8,
      4,
      6,
      14,
      1,
      8,
      12,
      4,
      11,
      14,
      10,
      9,
      13,
      5,
      3,
      8,
      6,
      5,
      3,
      1,
      13,
      11,
      8,
      9,
      5,
      15,
      4,
      3,
      5,
      8,
      9,
      13,
      14,
      3,
      4,
      11,
      15,
      5,
      15,
      13,
      0,
      7,
      15,
      7,
      4,
      13,
      6,
      10,
      10,
      0,
      6,
      9,
      10,
      4,
      6,
      8,
      0,
      4,
      9
    ],
    "alight": [
      3,
      0,
      1,
      6,
      12,
      8,
      11,
      0,
      2,
      10,
      7,
      0,
      6,
      6,
      6,
      15,
      4,
      7,
      4,
      11,
      3,
      6,
      3,
      3,
      13,
      12,
      13,
      7,
      0,
      6,
      13,
      10,
      0,
      0,
      12,
      3,
      13,
      13,
      0,
      10,
      0,
      9,
      13,
      0,
      9,
      12,
      3,
      7,
      10,
      15,
      13,
      0,
      11,
      7,
      14,
      6,
      6,
      7,
      0,
      3,
      1,
      15,
      10,
      11
    ]
  },
  "煮意餐厅": {
    "time": [
      "06:14:15",
      "06:29:23",
      "06:44:26",
      "06:58:41",
      "07:14:22",
      "07:29:04",
      "07:43:43",
      "07:58:07",
      "08:13:43",
      "08:28:09",
      "08:42:55",
      "08:57:30",
      "09:12:53",
      "09:28:07",
      "09:43:34",
      "09:58:36",
      "10:13:15",
      "10:28:21",
      "10:43:06",
      "10:58:28",
      "11:13:54",
      "11:29:34",
      "11:44:21",
      "11:58:50",
      "12:14:23",
      "12:28:34",
      "12:44:07",
      "12:59:33",
      "13:15:10",
      "13:30:52",
      "13:45:04",
      "14:00:27",
      "14:15:01",
      "14:30:13",
      "14:46:02",
      "15:01:40",
      "15:16:50",
      "15:31:23",
      "15:46:13",
      "16:00:38",
      "16:16:01",
      "16:30:26",
      "16:45:13",
      "16:59:51",
      "17:15:26",
      "17:29:45",
      "17:44:04",
      "17:59:43",
      "18:15:29",
      "18:31:02",
      "18:45:52",
      "19:01:33",
      "19:16:59",
      "19:31:09",
      "19:46:51",
      "20:02:06",
      "20:16:33",
      "20:32:01",
      "20:47:07",
      "21:01:30",
      "21:16:48",
      "21:31:07",
      "21:46:08",
      "22:01:46"
    ],
    "board": [
      8,
      8,
      9,
      2,
      14,
      10,
      15,
      14,
      6,
      14,
      1,
      12,
      8,
      15,
      8,
      10,
      7,
      1,
      15,
      0,
      11,
      14,
      0,
      15,
      4,
      10,
      13,
      9,
      15,
      2,
      12,
      1,
      4,
      0,
      3,
      3,
      15,
      0,
      15,
      2,
      10,
      1,
      9,
      10,
      12,
      9,
      14,
      5,
      10,
      11,
      7,
      12,
      5,
      7,
      7,
      15,
      0,
      1,
      15,
      12,
      4,
      7,
      13,
      2
    ],
    "alight": [
      11,
      14,
      11,
      14,
      14,
      14,
      13,
      9,
      8,
      4,
      10,
      1,
      14,
      15,
      3,
      15,
      6,
      6,
      8,
      8,
      1,
      14,
      13,
      9,
      13,
      15,
      5,
      5,
      14,
      8,
      14,
      5,
      15,
      6,
      13,
      8,
      6,
      4,
      14,
      15,
      9,
      15,
      13,
      1,
      0,
      2,
      11,
      14,
      13,
      7,
      6,
      13,
      4,
      4,
      13,
      12,
      1,
      6,
      14,
      13,
      13,
      15,
      2,
      0
    ]
  },
  "白岩关": {
    "time": [
      "06:14:15",
      "06:29:23",
      "06:44:26",
      "06:58:41",
      "07:14:22",
      "07:29:04",
      "07:43:43",
      "07:58:07",
      "08:13:43",
      "08:28:09",
      "08:42:55",
      "08:57:30",
      "09:12:53",
      "09:28:07",
      "09:43:34",
      "09:58:36",
      "10:13:15",
      "10:28:21",
      "10:43:06",
      "10:58:28",
      "11:13:54",
      "11:29:34",
      "11:44:21",
      "11:58:50",
      "12:14:23",
      "12:28:34",
      "12:44:07",
      "12:59:33",
      "13:15:10",
      "13:30:52",
      "13:45:04",
      "14:00:27",
      "14:15:01",
      "14:30:13",
      "14:46:02",
      "15:01:40",
      "15:16:50",
      "15:31:23",
      "15:46:13",
      "16:00:38",
      "16:16:01",
      "16:30:26",
      "16:45:13",
      "16:59:51",
      "17:15:26",
      "17:29:45",
      "17:44:04",
      "17:59:43",
      "18:15:29",
      "18:31:02",
      "18:45:52",
      "19:01:33",
      "19:16:59",
      "19:31:09",
      "19:46:51",
      "20:02:06",
      "20:16:33",
      "20:32:01",
      "20:47:07",
      "21:01:30",
      "21:16:48",
      "21:31:07",
      "21:46:08",
      "22:01:46"
    ],
    "board": [
      6,
      14,
      10,
      4,
      5,
      3,
      8,
      2,
      13,
      3,
      5,
      11,
      13,
      4,
      13,
      12,
      11,
      12,
      11,
      0,
      9,
      8,
      5,
      10,
      6,
      1,
      11,
      15,
      9,
      6,
      5,
      9,
      7,
      13,
      2,
      7,
      5,
      15,
      12,
      5,
      13,
      10,
      10,
      9,
      15,
      9,
      15,
      12,
      14,
      0,
      12,
      6,
      12,
      0,
      4,
      14,
      7,
      3,
      9,
      8,
      9,
      7,
      10,
      1
    ],
    "alight": [
      0,
      11,
      11,
      0,
      4,
      14,
      0,
      3,
      11,
      12,
      2,
      7,
      6,
      9,
      2,
      15,
      1,
      6,
      13,
      1,
      7,
      1,
      7,
      8,
      12,
      0,
      13,
      9,
      10,
      0,
      3,
      8,
      12,
      15,
      5,
      12,
      12,
      3,
      15,
      13,
      9,
      5,
      7,
      12,
      14,
      4,
      5,
      0,
      14,
      15,
      8,
      6,
      1,
      11,
      6,
      14,
      1,
      12,
      10,
      8,
      14,
      13,
      13,
      4
    ]
  },
  "煜兴盛汽车服务有限公司": {
    "time": [
      "06:14:15",
      "06:29:23",
      "06:44:26",
      "06:58:41",
      "07:14:22",
      "07:29:04",
      "07:43:43",
      "07:58:07",
      "08:13:43",
      "08:28:09",
      "08:42:55",
      "08:57:30",
      "09:12:53",
      "09:28:07",
      "09:43:34",
      "09:58:36",
      "10:13:15",
      "10:28:21",
      "10:43:06",
      "10:58:28",
      "11:13:54",
      "11:29:34",
      "11:44:21",
      "11:58:50",
      "12:14:23",
      "12:28:34",
      "12:44:07",
      "12:59:33",
      "13:15:10",
      "13:30:52",
      "13:45:04",
      "14:00:27",
      "14:15:01",
      "14:30:13",
      "14:46:02",
      "15:01:40",
      "15:16:50",
      "15:31:23",
      "15:46:13",
      "16:00:38",
      "16:16:01",
      "16:30:26",
      "16:45:13",
      "16:59:51",
      "17:15:26",
      "17:29:45",
      "17:44:04",
      "17:59:43",
      "18:15:29",
      "18:31:02",
      "18:45:52",
      "19:01:33",
      "19:16:59",
      "19:31:09",
      "19:46:51",
      "20:02:06",
      "20:16:33",
      "20:32:01",
      "20:47:07",
      "21:01:30",
      "21:16:48",
      "21:31:07",
      "21:46:08",
      "22:01:46"
    ],
    "board": [
      5,
      2,
      14,
      12,
      3,
      7,
      1,
      1,
      3,
      15,
      4,
      2,
      15,
      8,
      12,
      12,
      8,
      6,
      11,
      10,
      5,
      8,
      7,
      9,
      6,
      14,
      9,
      15,
      0,
      3,
      8,
      6,
      13,
      1,
      13,
      10,
      4,
      13,
      9,
      6,
      4,
      13,
      7,
      12,
      14,
      7,
      10,
      1,
      4,
      15,
      6,
      10,
      11,
      3,
      3,
      6,
      9,
      13,
      5,
      2,
      12,
      6,
      2,
      5
    ],
    "alight": [
      1,
      9,
      2,
      6,
      4,
      7,
      2,
      7,
      12,
      6,
      5,
      15,
      12,
      14,
      14,
      12,
      0,
      12,
      13,
      8,
      0,
      4,
      7,
      4,
      6,
      5,
      11,
      13,
      8,
      12,
      0,
      11,
      14,
      2,
      13,
      7,
      7,
      0,
      5,
      7,
      6,
      3,
      3,
      5,
      11,
      15,
      4,
      10,
      7,
      13,
      6,
      12,
      12,
      7,
      5,
      9,
      15,
      3,
      2,
      3,
      5,
      6,
      2,
      8
    ]
  },
  "贵阳义生隆水泥制品厂": {
    "time": [
      "06:14:15",
      "06:29:23",
      "06:44:26",
      "06:58:41",
      "07:14:22",
      "07:29:04",
      "07:43:43",
      "07:58:07",
      "08:13:43",
      "08:28:09",
      "08:42:55",
      "08:57:30",
      "09:12:53",
      "09:28:07",
      "09:43:34",
      "09:58:36",
      "10:13:15",
      "10:28:21",
      "10:43:06",
      "10:58:28",
      "11:13:54",
      "11:29:34",
      "11:44:21",
      "11:58:50",
      "12:14:23",
      "12:28:34",
      "12:44:07",
      "12:59:33",
      "13:15:10",
      "13:30:52",
      "13:45:04",
      "14:00:27",
      "14:15:01",
      "14:30:13",
      "14:46:02",
      "15:01:40",
      "15:16:50",
      "15:31:23",
      "15:46:13",
      "16:00:38",
      "16:16:01",
      "16:30:26",
      "16:45:13",
      "16:59:51",
      "17:15:26",
      "17:29:45",
      "17:44:04",
      "17:59:43",
      "18:15:29",
      "18:31:02",
      "18:45:52",
      "19:01:33",
      "19:16:59",
      "19:31:09",
      "19:46:51",
      "20:02:06",
      "20:16:33",
      "20:32:01",
      "20:47:07",
      "21:01:30",
      "21:16:48",
      "21:31:07",
      "21:46:08",
      "22:01:46"
    ],
    "board": [
      12,
      13,
      6,
      2,
      2,
      8,
      4,
      5,
      10,
      6,
      8,
      4,
      6,
      4,
      2,
      15,
      11,
      13,
      0,
      3,
      15,
      2,
      14,
      5,
      6,
      9,
      7,
      6,
      3,
      2,
      12,
      15,
      2,
      12,
      7,
      13,
      11,
      12,
      6,
      3,
      11,
      0,
      10,
      4,
      4,
      9,
      5,
      0,
      9,
      5,
      3,
      9,
      7,
      11,
      15,
      14,
      2,
      4,
      7,
      8,
      3,
      4,
      10,
      13
    ],
    "alight": [
      4,
      4,
      2,
      11,
      5,
      3,
      14,
      2,
      4,
      8,
      6,
      0,
      9,
      6,
      11,
      13,
      11,
      12,
      3,
      8,
      3,
      6,
      12,
      13,
      0,
      12,
      13,
      11,
      5,
      6,
      1,
      12,
      14,
      6,
      3,
      13,
      0,
      8,
      8,
      14,
      13,
      7,
      3,
      1,
      15,
      9,
      10,
      14,
      9,
      10,
      11,
      0,
      0,
      14,
      9,
      0,
      12,
      11,
      15,
      4,
      14,
      11,
      0,
      4
    ]
  },
  "贵阳温泉度假村酒店": {
    "time": [
      "06:14:15",
      "06:29:23",
      "06:44:26",
      "06:58:41",
      "07:14:22",
      "07:29:04",
      "07:43:43",
      "07:58:07",
      "08:13:43",
      "08:28:09",
      "08:42:55",
      "08:57:30",
      "09:12:53",
      "09:28:07",
      "09:43:34",
      "09:58:36",
      "10:13:15",
      "10:28:21",
      "10:43:06",
      "10:58:28",
      "11:13:54",
      "11:29:34",
      "11:44:21",
      "11:58:50",
      "12:14:23",
      "12:28:34",
      "12:44:07",
      "12:59:33",
      "13:15:10",
      "13:30:52",
      "13:45:04",
      "14:00:27",
      "14:15:01",
      "14:30:13",
      "14:46:02",
      "15:01:40",
      "15:16:50",
      "15:31:23",
      "15:46:13",
      "16:00:38",
      "16:16:01",
      "16:30:26",
      "16:45:13",
      "16:59:51",
      "17:15:26",
      "17:29:45",
      "17:44:04",
      "17:59:43",
      "18:15:29",
      "18:31:02",
      "18:45:52",
      "19:01:33",
      "19:16:59",
      "19:31:09",
      "19:46:51",
      "20:02:06",
      "20:16:33",
      "20:32:01",
      "20:47:07",
      "21:01:30",
      "21:16:48",
      "21:31:07",
      "21:46:08",
      "22:01:46"
    ],
    "board": [
      9,
      3,
      5,
      2,
      2,
      4,
      15,
      4,
      2,
      5,
      14,
      11,
      9,
      0,
      15,
      11,
      10,
      2,
      4,
      12,
      12,
      9,
      12,
      13,
      14,
      3,
      3,
      1,
      0,
      8,
      14,
      4,
      9,
      5,
      12,
      15,
      9,
      13,
      4,
      8,
      8,
      4,
      5,
      9,
      9,
      10,
      8,
      2,
      3,
      4,
      10,
      2,
      14,
      14,
      10,
      4,
      3,
      3,
      13,
      7,
      3,
      0,
      12,
      12
    ],
    "alight": [
      8,
      14,
      14,
      7,
      12,
      14,
      11,
      2,
      12,
      13,
      8,
      4,
      6,
      11,
      3,
      1,
      10,
      11,
      8,
      14,
      10,
      5,
      15,
      12,
      11,
      13,
      3,
      4,
      6,
      3,
      5,
      12,
      13,
      3,
      10,
      3,
      9,
      12,
      2,
      11,
      6,
      11,
      10,
      6,
      14,
      12,
      1,
      4,
      4,
      10,
      9,
      3,
      0,
      12,
      4,
      0,
      12,
      4,
      14,
      5,
      11,
      5,
      4,
      5
    ]
  },
  "亲香豆花面": {
    "time": [
      "06:14:15",
      "06:29:23",
      "06:44:26",
      "06:58:41",
      "07:14:22",
      "07:29:04",
      "07:43:43",
      "07:58:07",
      "08:13:43",
      "08:28:09",
      "08:42:55",
      "08:57:30",
      "09:12:53",
      "09:28:07",
      "09:43:34",
      "09:58:36",
      "10:13:15",
      "10:28:21",
      "10:43:06",
      "10:58:28",
      "11:13:54",
      "11:29:34",
      "11:44:21",
      "11:58:50",
      "12:14:23",
      "12:28:34",
      "12:44:07",
      "12:59:33",
      "13:15:10",
      "13:30:52",
      "13:45:04",
      "14:00:27",
      "14:15:01",
      "14:30:13",
      "14:46:02",
      "15:01:40",
      "15:16:50",
      "15:31:23",
      "15:46:13",
      "16:00:38",
      "16:16:01",
      "16:30:26",
      "16:45:13",
      "16:59:51",
      "17:15:26",
      "17:29:45",
      "17:44:04",
      "17:59:43",
      "18:15:29",
      "18:31:02",
      "18:45:52",
      "19:01:33",
      "19:16:59",
      "19:31:09",
      "19:46:51",
      "20:02:06",
      "20:16:33",
      "20:32:01",
      "20:47:07",
      "21:01:30",
      "21:16:48",
      "21:31:07",
      "21:46:08",
      "22:01:46"
    ],
    "board": [
      1,
      7,
      2,
      9,
      5,
      7,
      6,
      3,
      1,
      15,
      1,
      12,
      5,
      10,
      1,
      4,
      5,
      9,
      13,
      8,
      7,
      10,
      10,
      8,
      7,
      1,
      12,
      3,
      10,
      1,
      11,
      3,
      14,
      12,
      2,
      8,
      8,
      8,
      7,
      7,
      4,
      12,
      3,
      7,
      0,
      15,
      12,
      6,
      5,
      10,
      15,
      5,
      10,
      10,
      15,
      3,
      4,
      3,
      3,
      14,
      4,
      7,
      0,
      14
    ],
    "alight": [
      4,
      5,
      5,
      9,
      7,
      2,
      13,
      14,
      6,
      8,
      2,
      7,
      11,
      11,
      9,
      10,
      9,
      4,
      9,
      9,
      5,
      3,
      12,
      2,
      9,
      15,
      9,
      5,
      7,
      0,
      10,
      3,
      3,
      12,
      6,
      15,
      1,
      9,
      13,
      4,
      1,
      15,
      15,
      13,
      11,
      8,
      0,
      6,
      9,
      7,
      1,
      7,
      14,
      6,
      7,
      0,
      4,
      11,
      7,
      11,
      4,
      1,
      1,
      13
    ]
  },
  "G6002贵阳绕城高速": {
    "time": [
      "06:14:15",
      "06:29:23",
      "06:44:26",
      "06:58:41",
      "07:14:22",
      "07:29:04",
      "07:43:43",
      "07:58:07",
      "08:13:43",
      "08:28:09",
      "08:42:55",
      "08:57:30",
      "09:12:53",
      "09:28:07",
      "09:43:34",
      "09:58:36",
      "10:13:15",
      "10:28:21",
      "10:43:06",
      "10:58:28",
      "11:13:54",
      "11:29:34",
      "11:44:21",
      "11:58:50",
      "12:14:23",
      "12:28:34",
      "12:44:07",
      "12:59:33",
      "13:15:10",
      "13:30:52",
      "13:45:04",
      "14:00:27",
      "14:15:01",
      "14:30:13",
      "14:46:02",
      "15:01:40",
      "15:16:50",
      "15:31:23",
      "15:46:13",
      "16:00:38",
      "16:16:01",
      "16:30:26",
      "16:45:13",
      "16:59:51",
      "17:15:26",
      "17:29:45",
      "17:44:04",
      "17:59:43",
      "18:15:29",
      "18:31:02",
      "18:45:52",
      "19:01:33",
      "19:16:59",
      "19:31:09",
      "19:46:51",
      "20:02:06",
      "20:16:33",
      "20:32:01",
      "20:47:07",
      "21:01:30",
      "21:16:48",
      "21:31:07",
      "21:46:08",
      "22:01:46"
    ],
    "board": [
      0,
      3,
      12,
      2,
      15,
      13,
      5,
      7,
      3,
      8,
      7,
      4,
      14,
      7,
      4,
      14,
      8,
      12,
      5,
      9,
      13,
      13,
      1,
      8,
      6,
      1,
      5,
      9,
      12,
      10,
      13,
      13,
      3,
      4,
      14,
      12,
      6,
      1,
      5,
      11,
      9,
      1,
      10,
      9,
      0,
      2,
      4,
      13,
      2,
      7,
      3,
      1,
      1,
      11,
      15,
      12,
      6,
      13,
      12,
      10,
      12,
      2,
      9,
      9
    ],
    "alight": [
      13,
      5,
      3,
      5,
      2,
      3,
      0,
      12,
      3,
      6,
      10,
      13,
      14,
      9,
      0,
      15,
      7,
      10,
      9,
      1,
      12,
      0,
      9,
      6,
      8,
      12,
      15,
      6,
      12,
      5,
      9,
      0,
      14,
      4,
      6,
      6,
      2,
      8,
      3,
      5,
      6,
      11,
      11,
      5,
      1,
      13,
      13,
      4,
      12,
      1,
      1,
      7,
      0,
      0,
      13,
      13,
      8,
      12,
      2,
      4,
      15,
      10,
      5,
      7
    ]
  },
  "金阳客车站候车大厅": {
    "time": [
      "06:14:15",
      "06:29:23",
      "06:44:26",
      "06:58:41",
      "07:14:22",
      "07:29:04",
      "07:43:43",
      "07:58:07",
      "08:13:43",
      "08:28:09",
      "08:42:55",
      "08:57:30",
      "09:12:53",
      "09:28:07",
      "09:43:34",
      "09:58:36",
      "10:13:15",
      "10:28:21",
      "10:43:06",
      "10:58:28",
      "11:13:54",
      "11:29:34",
      "11:44:21",
      "11:58:50",
      "12:14:23",
      "12:28:34",
      "12:44:07",
      "12:59:33",
      "13:15:10",
      "13:30:52",
      "13:45:04",
      "14:00:27",
      "14:15:01",
      "14:30:13",
      "14:46:02",
      "15:01:40",
      "15:16:50",
      "15:31:23",
      "15:46:13",
      "16:00:38",
      "16:16:01",
      "16:30:26",
      "16:45:13",
      "16:59:51",
      "17:15:26",
      "17:29:45",
      "17:44:04",
      "17:59:43",
      "18:15:29",
      "18:31:02",
      "18:45:52",
      "19:01:33",
      "19:16:59",
      "19:31:09",
      "19:46:51",
      "20:02:06",
      "20:16:33",
      "20:32:01",
      "20:47:07",
      "21:01:30",
      "21:16:48",
      "21:31:07",
      "21:46:08",
      "22:01:46"
    ],
    "board": [
      15,
      0,
      15,
      13,
      2,
      9,
      1,
      3,
      7,
      0,
      2,
      11,
      9,
      9,
      3,
      6,
      8,
      11,
      2,
      3,
      3,
      0,
      2,
      0,
      11,
      14,
      9,
      0,
      6,
      7,
      1,
      4,
      4,
      5,
      12,
      1,
      1,
      7,
      12,
      14,
      2,
      1,
      12,
      11,
      1,
      13,
      7,
      12,
      5,
      11,
      7,
      14,
      6,
      14,
      5,
      15,
      11,
      0,
      0,
      7,
      9,
      9,
      10,
      13
    ],
    "alight": [
      5,
      7,
      6,
      9,
      15,
      2,
      11,
      12,
      15,
      15,
      7,
      0,
      5,
      2,
      6,
      7,
      8,
      3,
      3,
      4,
      11,
      11,
      15,
      4,
      6,
      1,
      4,
      1,
      11,
      12,
      14,
      13,
      14,
      12,
      7,
      14,
      15,
      4,
      11,
      3,
      8,
      14,
      7,
      15,
      14,
      1,
      5,
      8,
      13,
      2,
      13,
      6,
      12,
      2,
      3,
      5,
      15,
      1,
      12,
      7,
      14,
      1,
      11,
      2
    ]
  },
  "中共干井村支部委员会": {
    "time": [
      "06:14:15",
      "06:29:23",
      "06:44:26",
      "06:58:41",
      "07:14:22",
      "07:29:04",
      "07:43:43",
      "07:58:07",
      "08:13:43",
      "08:28:09",
      "08:42:55",
      "08:57:30",
      "09:12:53",
      "09:28:07",
      "09:43:34",
      "09:58:36",
      "10:13:15",
      "10:28:21",
      "10:43:06",
      "10:58:28",
      "11:13:54",
      "11:29:34",
      "11:44:21",
      "11:58:50",
      "12:14:23",
      "12:28:34",
      "12:44:07",
      "12:59:33",
      "13:15:10",
      "13:30:52",
      "13:45:04",
      "14:00:27",
      "14:15:01",
      "14:30:13",
      "14:46:02",
      "15:01:40",
      "15:16:50",
      "15:31:23",
      "15:46:13",
      "16:00:38",
      "16:16:01",
      "16:30:26",
      "16:45:13",
      "16:59:51",
      "17:15:26",
      "17:29:45",
      "17:44:04",
      "17:59:43",
      "18:15:29",
      "18:31:02",
      "18:45:52",
      "19:01:33",
      "19:16:59",
      "19:31:09",
      "19:46:51",
      "20:02:06",
      "20:16:33",
      "20:32:01",
      "20:47:07",
      "21:01:30",
      "21:16:48",
      "21:31:07",
      "21:46:08",
      "22:01:46"
    ],
    "board": [
      3,
      15,
      4,
      5,
      15,
      5,
      5,
      12,
      5,
      0,
      15,
      8,
      0,
      6,
      4,
      6,
      15,
      4,
      14,
      3,
      15,
      5,
      9,
      8,
      7,
      11,
      9,
      8,
      9,
      9,
      9,
      3,
      8,
      2,
      13,
      0,
      15,
      6,
      2,
      14,
      12,
      11,
      13,
      13,
      12,
      8,
      10,
      11,
      9,
      3,
      11,
      4,
      1,
      5,
      11,
      7,
      1,
      0,
      3,
      4,
      11,
      7,
      3,
      4
    ],
    "alight": [
      3,
      14,
      12,
      9,
      5,
      0,
      7,
      6,
      15,
      5,
      13,
      14,
      15,
      10,
      1,
      14,
      9,
      0,
      9,
      9,
      12,
      13,
      10,
      10,
      12,
      2,
      9,
      14,
      1,
      3,
      11,
      12,
      13,
      8,
      12,
      2,
      11,
      8,
      8,
      11,
      0,
      14,
      9,
      6,
      13,
      8,
      8,
      8,
      8,
      2,
      1,
      11,
      0,
      1,
      1,
      0,
      14,
      1,
      14,
      10,
      8,
      15,
      12,
      9
    ]
  },
  "金华镇村镇建设服务中心": {
    "time": [
      "06:14:15",
      "06:29:23",
      "06:44:26",
      "06:58:41",
      "07:14:22",
      "07:29:04",
      "07:43:43",
      "07:58:07",
      "08:13:43",
      "08:28:09",
      "08:42:55",
      "08:57:30",
      "09:12:53",
      "09:28:07",
      "09:43:34",
      "09:58:36",
      "10:13:15",
      "10:28:21",
      "10:43:06",
      "10:58:28",
      "11:13:54",
      "11:29:34",
      "11:44:21",
      "11:58:50",
      "12:14:23",
      "12:28:34",
      "12:44:07",
      "12:59:33",
      "13:15:10",
      "13:30:52",
      "13:45:04",
      "14:00:27",
      "14:15:01",
      "14:30:13",
      "14:46:02",
      "15:01:40",
      "15:16:50",
      "15:31:23",
      "15:46:13",
      "16:00:38",
      "16:16:01",
      "16:30:26",
      "16:45:13",
      "16:59:51",
      "17:15:26",
      "17:29:45",
      "17:44:04",
      "17:59:43",
      "18:15:29",
      "18:31:02",
      "18:45:52",
      "19:01:33",
      "19:16:59",
      "19:31:09",
      "19:46:51",
      "20:02:06",
      "20:16:33",
      "20:32:01",
      "20:47:07",
      "21:01:30",
      "21:16:48",
      "21:31:07",
      "21:46:08",
      "22:01:46"
    ],
    "board": [
      6,
      14,
      2,
      13,
      15,
      2,
      4,
      7,
      2,
      14,
      13,
      6,
      1,
      6,
      9,
      6,
      13,
      14,
      3,
      3,
      4,
      14,
      10,
      0,
      8,
      15,
      0,
      0,
      6,
      15,
      7,
      14,
      12,
      11,
      1,
      5,
      13,
      8,
      14,
      11,
      15,
      7,
      13,
      3,
      2,
      7,
      7,
      15,
      15,
      5,
      11,
      8,
      5,
      6,
      4,
      6,
      2,
      2,
      1,
      7,
      15,
      15,
      10,
      4
    ],
    "alight": [
      0,
      11,
      8,
      6,
      3,
      1,
      4,
      9,
      8,
      6,
      6,
      7,
      6,
      13,
      14,
      3,
      2,
      6,
      8,
      1,
      15,
      15,
      0,
      13,
      4,
      2,
      7,
      15,
      4,
      0,
      4,
      2,
      6,
      9,
      2,
      8,
      6,
      5,
      11,
      11,
      7,
      5,
      0,
      2,
      12,
      7,
      4,
      0,
      1,
      7,
      15,
      5,
      3,
      7,
      3,
      0,
      12,
      3,
      15,
      3,
      15,
      7,
      3,
      5
    ]
  },
  "小韩铁板烧": {
    "time": [
      "06:14:15",
      "06:29:23",
      "06:44:26",
      "06:58:41",
      "07:14:22",
      "07:29:04",
      "07:43:43",
      "07:58:07",
      "08:13:43",
      "08:28:09",
      "08:42:55",
      "08:57:30",
      "09:12:53",
      "09:28:07",
      "09:43:34",
      "09:58:36",
      "10:13:15",
      "10:28:21",
      "10:43:06",
      "10:58:28",
      "11:13:54",
      "11:29:34",
      "11:44:21",
      "11:58:50",
      "12:14:23",
      "12:28:34",
      "12:44:07",
      "12:59:33",
      "13:15:10",
      "13:30:52",
      "13:45:04",
      "14:00:27",
      "14:15:01",
      "14:30:13",
      "14:46:02",
      "15:01:40",
      "15:16:50",
      "15:31:23",
      "15:46:13",
      "16:00:38",
      "16:16:01",
      "16:30:26",
      "16:45:13",
      "16:59:51",
      "17:15:26",
      "17:29:45",
      "17:44:04",
      "17:59:43",
      "18:15:29",
      "18:31:02",
      "18:45:52",
      "19:01:33",
      "19:16:59",
      "19:31:09",
      "19:46:51",
      "20:02:06",
      "20:16:33",
      "20:32:01",
      "20:47:07",
      "21:01:30",
      "21:16:48",
      "21:31:07",
      "21:46:08",
      "22:01:46"
    ],
    "board": [
      11,
      14,
      10,
      0,
      14,
      3,
      15,
      7,
      9,
      8,
      13,
      5,
      0,
      4,
      2,
      15,
      3,
      8,
      14,
      7,
      6,
      12,
      14,
      13,
      14,
      12,
      6,
      15,
      6,
      10,
      15,
      9,
      15,
      0,
      6,
      11,
      14,
      1,
      13,
      6,
      8,
      2,
      2,
      6,
      3,
      1,
      10,
      9,
      6,
      13,
      7,
      1,
      12,
      11,
      11,
      3,
      4,
      10,
      9,
      15,
      0,
      2,
      4,
      11
    ],
    "alight": [
      8,
      14,
      13,
      7,
      4,
      8,
      12,
      6,
      15,
      12,
      8,
      6,
      14,
      9,
      13,
      2,
      9,
      4,
      0,
      0,
      8,
      10,
      1,
      12,
      8,
      4,
      9,
      4,
      14,
      11,
      12,
      2,
      15,
      7,
      6,
      2,
      4,
      15,
      12,
      11,
      1,
      8,
      14,
      8,
      9,
      1,
      6,
      8,
      4,
      4,
      11,
      4,
      4,
      7,
      7,
      7,
      8,
      8,
      5,
      0,
      14,
      6,
      14,
      5
    ]
  },
  "凯艺艺术中心": {
    "time": [
      "06:14:15",
      "06:29:23",
      "06:44:26",
      "06:58:41",
      "07:14:22",
      "07:29:04",
      "07:43:43",
      "07:58:07",
      "08:13:43",
      "08:28:09",
      "08:42:55",
      "08:57:30",
      "09:12:53",
      "09:28:07",
      "09:43:34",
      "09:58:36",
      "10:13:15",
      "10:28:21",
      "10:43:06",
      "10:58:28",
      "11:13:54",
      "11:29:34",
      "11:44:21",
      "11:58:50",
      "12:14:23",
      "12:28:34",
      "12:44:07",
      "12:59:33",
      "13:15:10",
      "13:30:52",
      "13:45:04",
      "14:00:27",
      "14:15:01",
      "14:30:13",
      "14:46:02",
      "15:01:40",
      "15:16:50",
      "15:31:23",
      "15:46:13",
      "16:00:38",
      "16:16:01",
      "16:30:26",
      "16:45:13",
      "16:59:51",
      "17:15:26",
      "17:29:45",
      "17:44:04",
      "17:59:43",
      "18:15:29",
      "18:31:02",
      "18:45:52",
      "19:01:33",
      "19:16:59",
      "19:31:09",
      "19:46:51",
      "20:02:06",
      "20:16:33",
      "20:32:01",
      "20:47:07",
      "21:01:30",
      "21:16:48",
      "21:31:07",
      "21:46:08",
      "22:01:46"
    ],
    "board": [
      0,
      14,
      13,
      0,
      0,
      3,
      10,
      6,
      10,
      12,
      12,
      0,
      0,
      7,
      3,
      3,
      7,
      1,
      0,
      11,
      5,
      6,
      6,
      10,
      0,
      15,
      4,
      0,
      12,
      3,
      1,
      7,
      0,
      2,
      8,
      13,
      11,
      10,
      2,
      7,
      1,
      3,
      4,
      9,
      6,
      10,
      6,
      7,
      12,
      1,
      14,
      11,
      5,
      5,
      11,
      12,
      4,
      4,
      9,
      5,
      1,
      8,
      2,
      15
    ],
    "alight": [
      4,
      8,
      5,
      13,
      5,
      5,
      11,
      1,
      3,
      2,
      13,
      7,
      7,
      13,
      5,
      12,
      13,
      6,
      10,
      9,
      0,
      9,
      15,
      0,
      0,
      8,
      1,
      11,
      3,
      15,
      12,
      9,
      13,
      1,
      11,
      8,
      7,
      0,
      4,
      9,
      2,
      3,
      12,
      12,
      10,
      4,
      5,
      1,
      1,
      14,
      6,
      15,
      11,
      8,
      13,
      5,
      9,
      11,
      6,
      10,
      14,
      7,
      4,
      0
    ]
  },
  "狗场派出所": {
    "time": [
      "06:14:15",
      "06:29:23",
      "06:44:26",
      "06:58:41",
      "07:14:22",
      "07:29:04",
      "07:43:43",
      "07:58:07",
      "08:13:43",
      "08:28:09",
      "08:42:55",
      "08:57:30",
      "09:12:53",
      "09:28:07",
      "09:43:34",
      "09:58:36",
      "10:13:15",
      "10:28:21",
      "10:43:06",
      "10:58:28",
      "11:13:54",
      "11:29:34",
      "11:44:21",
      "11:58:50",
      "12:14:23",
      "12:28:34",
      "12:44:07",
      "12:59:33",
      "13:15:10",
      "13:30:52",
      "13:45:04",
      "14:00:27",
      "14:15:01",
      "14:30:13",
      "14:46:02",
      "15:01:40",
      "15:16:50",
      "15:31:23",
      "15:46:13",
      "16:00:38",
      "16:16:01",
      "16:30:26",
      "16:45:13",
      "16:59:51",
      "17:15:26",
      "17:29:45",
      "17:44:04",
      "17:59:43",
      "18:15:29",
      "18:31:02",
      "18:45:52",
      "19:01:33",
      "19:16:59",
      "19:31:09",
      "19:46:51",
      "20:02:06",
      "20:16:33",
      "20:32:01",
      "20:47:07",
      "21:01:30",
      "21:16:48",
      "21:31:07",
      "21:46:08",
      "22:01:46"
    ],
    "board": [
      1,
      2,
      15,
      15,
      7,
      4,
      4,
      8,
      14,
      4,
      6,
      10,
      5,
      12,
      11,
      9,
      5,
      0,
      8,
      8,
      14,
      3,
      15,
      5,
      9,
      9,
      12,
      3,
      12,
      9,
      0,
      15,
      10,
      11,
      4,
      4,
      2,
      9,
      0,
      15,
      13,
      4,
      8,
      7,
      2,
      15,
      15,
      13,
      7,
      1,
      2,
      14,
      11,
      1,
      8,
      4,
      8,
      13,
      11,
      15,
      8,
      9,
      10,
      13
    ],
    "alight": [
      10,
      13,
      4,
      13,
      6,
      13,
      15,
      9,
      12,
      2,
      2,
      1,
      13,
      9,
      15,
      15,
      7,
      7,
      15,
      1,
      9,
      14,
      7,
      3,
      13,
      0,
      1,
      10,
      12,
      14,
      9,
      12,
      7,
      8,
      13,
      11,
      12,
      9,
      10,
      4,
      11,
      1,
      0,
      4,
      0,
      5,
      8,
      0,
      2,
      15,
      14,
      6,
      13,
      8,
      1,
      2,
      5,
      15,
      14,
      11,
      12,
      0,
      1,
      8
    ]
  },
  "牛角坡": {
    "time": [
      "06:14:15",
      "06:29:23",
      "06:44:26",
      "06:58:41",
      "07:14:22",
      "07:29:04",
      "07:43:43",
      "07:58:07",
      "08:13:43",
      "08:28:09",
      "08:42:55",
      "08:57:30",
      "09:12:53",
      "09:28:07",
      "09:43:34",
      "09:58:36",
      "10:13:15",
      "10:28:21",
      "10:43:06",
      "10:58:28",
      "11:13:54",
      "11:29:34",
      "11:44:21",
      "11:58:50",
      "12:14:23",
      "12:28:34",
      "12:44:07",
      "12:59:33",
      "13:15:10",
      "13:30:52",
      "13:45:04",
      "14:00:27",
      "14:15:01",
      "14:30:13",
      "14:46:02",
      "15:01:40",
      "15:16:50",
      "15:31:23",
      "15:46:13",
      "16:00:38",
      "16:16:01",
      "16:30:26",
      "16:45:13",
      "16:59:51",
      "17:15:26",
      "17:29:45",
      "17:44:04",
      "17:59:43",
      "18:15:29",
      "18:31:02",
      "18:45:52",
      "19:01:33",
      "19:16:59",
      "19:31:09",
      "19:46:51",
      "20:02:06",
      "20:16:33",
      "20:32:01",
      "20:47:07",
      "21:01:30",
      "21:16:48",
      "21:31:07",
      "21:46:08",
      "22:01:46"
    ],
    "board": [
      0,
      0,
      0,
      0,
      0,
      0,
      0,
      0,
      0,
      0,
      0,
      0,
      0,
      0,
      0,
      0,
      0,
      0,
      0,
      0,
      0,
      0,
      0,
      0,
      0,
      0,
      0,
      0,
      0,
      0,
      0,
      0,
      2,
      0,
      0,
      0,
      0,
      0,
      0,
      0,
      0,
      0,
      0,
      0,
      0,
      0,
      0,
      0,
      0,
      3,
      0,
      0,
      0,
      0,
      0,
      4,
      0,
      0,
      0,
      0,
      0,
      0,
      0,
      0
    ],
    "alight": [
      3,
      3,
      9,
      10,
      12,
      1,
      11,
      10,
      10,
      0,
      2,
      5,
      15,
      6,
      13,
      15,
      5,
      9,
      8,
      8,
      8,
      4,
      2,
      14,
      5,
      14,
      8,
      15,
      4,
      15,
      10,
      1,
      5,
      4,
      4,
      8,
      15,
      9,
      6,
      7,
      6,
      0,
      3,
      9,
      9,
      8,
      3,
      13,
      6,
      8,
      4,
      8,
      3,
      14,
      2,
      1,
      5,
      4,
      3,
      3,
      5,
      10,
      9,
      15
    ]
  },
  "G60沪昆高速": {
    "time": [
      "06:14:15",
      "06:29:23",
      "06:44:26",
      "06:58:41",
      "07:14:22",
      "07:29:04",
      "07:43:43",
      "07:58:07",
      "08:13:43",
      "08:28:09",
      "08:42:55",
      "08:57:30",
      "09:12:53",
      "09:28:07",
      "09:43:34",
      "09:58:36",
      "10:13:15",
      "10:28:21",
      "10:43:06",
      "10:58:28",
      "11:13:54",
      "11:29:34",
      "11:44:21",
      "11:58:50",
      "12:14:23",
      "12:28:34",
      "12:44:07",
      "12:59:33",
      "13:15:10",
      "13:30:52",
      "13:45:04",
      "14:00:27",
      "14:15:01",
      "14:30:13",
      "14:46:02",
      "15:01:40",
      "15:16:50",
      "15:31:23",
      "15:46:13",
      "16:00:38",
      "16:16:01",
      "16:30:26",
      "16:45:13",
      "16:59:51",
      "17:15:26",
      "17:29:45",
      "17:44:04",
      "17:59:43",
      "18:15:29",
      "18:31:02",
      "18:45:52",
      "19:01:33",
      "19:16:59",
      "19:31:09",
      "19:46:51",
      "20:02:06",
      "20:16:33",
      "20:32:01",
      "20:47:07",
      "21:01:30",
      "21:16:48",
      "21:31:07",
      "21:46:08",
      "22:01:46"
    ],
    "board": [
      0,
      0,
      0,
      0,
      0,
      0,
      0,
      0,
      0,
      0,
      0,
      0,
      0,
      0,
      0,
      0,
      0,
      0,
      0,
      0,
      4,
      0,
      0,
      0,
      0,
      0,
      0,
      0,
      0,
      0,
      0,
      0,
      0,
      0,
      0,
      0,
      0,
      0,
      0,
      0,
      0,
      0,
      3,
      0,
      0,
      0,
      0,
      0,
      0,
      0,
      0,
      0,
      0,
      0,
      0,
      3,
      0,
      1,
      0,
      0,
      0,
      0,
      0,
      1
    ],
    "alight": [
      13,
      10,
      1,
      6,
      15,
      11,
      8,
      7,
      6,
      11,
      15,
      15,
      2,
      11,
      10,
      6,
      1,
      12,
      14,
      13,
      7,
      7,
      8,
      15,
      14,
      3,
      7,
      11,
      4,
      13,
      10,
      13,
      3,
      5,
      9,
      14,
      1,
      3,
      5,
      2,
      5,
      9,
      12,
      7,
      10,
      7,
      3,
      8,
      3,
      5,
      1,
      3,
      11,
      11,
      2,
      9,
      1,
      9,
      10,
      4,
      5,
      15,
      1,
      0
    ]
  },
  "茫父艺术中心": {
    "time": [
      "06:14:15",
      "06:29:23",
      "06:44:26",
      "06:58:41",
      "07:14:22",
      "07:29:04",
      "07:43:43",
      "07:58:07",
      "08:13:43",
      "08:28:09",
      "08:42:55",
      "08:57:30",
      "09:12:53",
      "09:28:07",
      "09:43:34",
      "09:58:36",
      "10:13:15",
      "10:28:21",
      "10:43:06",
      "10:58:28",
      "11:13:54",
      "11:29:34",
      "11:44:21",
      "11:58:50",
      "12:14:23",
      "12:28:34",
      "12:44:07",
      "12:59:33",
      "13:15:10",
      "13:30:52",
      "13:45:04",
      "14:00:27",
      "14:15:01",
      "14:30:13",
      "14:46:02",
      "15:01:40",
      "15:16:50",
      "15:31:23",
      "15:46:13",
      "16:00:38",
      "16:16:01",
      "16:30:26",
      "16:45:13",
      "16:59:51",
      "17:15:26",
      "17:29:45",
      "17:44:04",
      "17:59:43",
      "18:15:29",
      "18:31:02",
      "18:45:52",
      "19:01:33",
      "19:16:59",
      "19:31:09",
      "19:46:51",
      "20:02:06",
      "20:16:33",
      "20:32:01",
      "20:47:07",
      "21:01:30",
      "21:16:48",
      "21:31:07",
      "21:46:08",
      "22:01:46"
    ],
    "board": [
      0,
      0,
      0,
      0,
      0,
      0,
      0,
      0,
      0,
      0,
      0,
      0,
      0,
      0,
      0,
      0,
      0,
      0,
      2,
      0,
      0,
      0,
      0,
      0,
      0,
      0,
      0,
      0,
      2,
      0,
      0,
      0,
      0,
      0,
      0,
      0,
      0,
      0,
      0,
      0,
      0,
      0,
      3,
      0,
      0,
      0,
      0,
      0,
      0,
      0,
      0,
      0,
      0,
      0,
      0,
      0,
      0,
      0,
      0,
      0,
      0,
      0,
      0,
      0
    ],
    "alight": [
      15,
      10,
      14,
      13,
      6,
      1,
      1,
      1,
      2,
      4,
      6,
      12,
      12,
      13,
      10,
      11,
      13,
      6,
      2,
      4,
      12,
      10,
      15,
      5,
      8,
      8,
      9,
      8,
      7,
      2,
      1,
      0,
      1,
      4,
      4,
      12,
      13,
      4,
      10,
      9,
      10,
      5,
      6,
      6,
      7,
      15,
      5,
      13,
      1,
      12,
      15,
      0,
      15,
      7,
      10,
      3,
      13,
      7,
      4,
      4,
      6,
      11,
      4,
      5
    ]
  },
  "012乡道": {
    "time": [
      "06:14:15",
      "06:29:23",
      "06:44:26",
      "06:58:41",
      "07:14:22",
      "07:29:04",
      "07:43:43",
      "07:58:07",
      "08:13:43",
      "08:28:09",
      "08:42:55",
      "08:57:30",
      "09:12:53",
      "09:28:07",
      "09:43:34",
      "09:58:36",
      "10:13:15",
      "10:28:21",
      "10:43:06",
      "10:58:28",
      "11:13:54",
      "11:29:34",
      "11:44:21",
      "11:58:50",
      "12:14:23",
      "12:28:34",
      "12:44:07",
      "12:59:33",
      "13:15:10",
      "13:30:52",
      "13:45:04",
      "14:00:27",
      "14:15:01",
      "14:30:13",
      "14:46:02",
      "15:01:40",
      "15:16:50",
      "15:31:23",
      "15:46:13",
      "16:00:38",
      "16:16:01",
      "16:30:26",
      "16:45:13",
      "16:59:51",
      "17:15:26",
      "17:29:45",
      "17:44:04",
      "17:59:43",
      "18:15:29",
      "18:31:02",
      "18:45:52",
      "19:01:33",
      "19:16:59",
      "19:31:09",
      "19:46:51",
      "20:02:06",
      "20:16:33",
      "20:32:01",
      "20:47:07",
      "21:01:30",
      "21:16:48",
      "21:31:07",
      "21:46:08",
      "22:01:46"
    ],
    "board": [
      0,
      0,
      0,
      0,
      0,
      0,
      0,
      0,
      0,
      0,
      0,
      0,
      0,
      0,
      0,
      0,
      0,
      0,
      0,
      0,
      0,
      0,
      0,
      0,
      0,
      0,
      0,
      0,
      0,
      0,
      0,
      0,
      0,
      0,
      0,
      0,
      0,
      0,
      0,
      0,
      0,
      0,
      0,
      0,
      0,
      0,
      0,
      0,
      0,
      0,
      0,
      0,
      0,
      0,
      0,
      0,
      0,
      0,
      0,
      0,
      0,
      0,
      0,
      0
    ],
    "alight": [
      9,
      9,
      1,
      9,
      4,
      7,
      15,
      2,
      5,
      4,
      11,
      6,
      2,
      15,
      13,
      8,
      3,
      7,
      4,
      10,
      6,
      13,
      4,
      5,
      9,
      11,
      12,
      11,
      0,
      12,
      10,
      10,
      9,
      10,
      10,
      7,
      3,
      0,
      7,
      4,
      2,
      0,
      13,
      10,
      9,
      11,
      15,
      7,
      6,
      0,
      14,
      8,
      3,
      11,
      15,
      7,
      9,
      6,
      9,
      15,
      4,
      2,
      5,
      15
    ]
  },
  "久安高效茶叶示范园区": {
    "time": [
      "06:14:15",
      "06:29:23",
      "06:44:26",
      "06:58:41",
      "07:14:22",
      "07:29:04",
      "07:43:43",
      "07:58:07",
      "08:13:43",
      "08:28:09",
      "08:42:55",
      "08:57:30",
      "09:12:53",
      "09:28:07",
      "09:43:34",
      "09:58:36",
      "10:13:15",
      "10:28:21",
      "10:43:06",
      "10:58:28",
      "11:13:54",
      "11:29:34",
      "11:44:21",
      "11:58:50",
      "12:14:23",
      "12:28:34",
      "12:44:07",
      "12:59:33",
      "13:15:10",
      "13:30:52",
      "13:45:04",
      "14:00:27",
      "14:15:01",
      "14:30:13",
      "14:46:02",
      "15:01:40",
      "15:16:50",
      "15:31:23",
      "15:46:13",
      "16:00:38",
      "16:16:01",
      "16:30:26",
      "16:45:13",
      "16:59:51",
      "17:15:26",
      "17:29:45",
      "17:44:04",
      "17:59:43",
      "18:15:29",
      "18:31:02",
      "18:45:52",
      "19:01:33",
      "19:16:59",
      "19:31:09",
      "19:46:51",
      "20:02:06",
      "20:16:33",
      "20:32:01",
      "20:47:07",
      "21:01:30",
      "21:16:48",
      "21:31:07",
      "21:46:08",
      "22:01:46"
    ],
    "board": [
      0,
      0,
      0,
      0,
      0,
      0,
      0,
      0,
      0,
      0,
      0,
      0,
      0,
      0,
      0,
      0,
      0,
      0,
      0,
      0,
      0,
      0,
      0,
      0,
      0,
      0,
      0,
      0,
      0,
      0,
      0,
      0,
      0,
      0,
      0,
      0,
      0,
      0,
      0,
      0,
      0,
      0,
      0,
      0,
      0,
      0,
      0,
      0,
      0,
      0,
      0,
      0,
      0,
      0,
      0,
      0,
      0,
      0,
      0,
      0,
      0,
      0,
      0,
      0
    ],
    "alight": [
      10,
      9,
      2,
      1,
      14,
      2,
      14,
      11,
      12,
      6,
      14,
      4,
      10,
      8,
      10,
      9,
      13,
      4,
      15,
      7,
      11,
      8,
      14,
      5,
      5,
      0,
      6,
      1,
      10,
      4,
      3,
      6,
      7,
      6,
      13,
      0,
      5,
      0,
      7,
      13,
      2,
      0,
      8,
      4,
      2,
      13,
      9,
      7,
      7,
      15,
      15,
      4,
      6,
      14,
      6,
      7,
      10,
      6,
      5,
      12,
      2,
      4,
      15,
      3
    ]
  }
}