{
  "花溪区长坝小学": 1534,
  "馨竹居": 389,
  "鑫荣花园": 360,
  "漓江路": 678,
  "木子美艺舞蹈": 362,
  "八只钳(香江花园店)": 451,
  "山水黔城环A": 508,
  "华烽幼儿园四方河分园": 1779,
  "贵州大学沙冲校区-贵州大学培训中心": 603,
  "华莱士(大理店)": 597,
  "桂花园": 744,
  "贵阳铁盛酒店": 654,
  "贵阳华美口腔": 614,
  "向天歌清汤鹅(贵阳总店)": 406,
  "小黑码编程": 481,
  "武松醉鹅(金顶山店)": 567,
  "云岩村": 424,
  "三板桥老素粉(黄金路店)": 459,
  "书亦烧仙草(黔灵山公园店)": 368,
  "黔灵山公园-藏经楼": 579,
  "二桥出口(中环路西段西北向)": 770,
  "贵阳市第三实验幼儿园分园": 559,
  "中坝立交": 360,
  "贵阳市云岩区圣源学校": 755,
  "能量医学": 612,
  "鼎记啫啫煲(万达广场店)": 562,
  "北城教育(观山湖第二校区)": 463,
  "龙凯路": 467,
  "贵阳世纪城龙宇苑东区": 468,
  "茅台国际商务中心工程2期": 680,
  "7天酒店(贵阳世纪城会展城店)": 433
}