{
  "up": {
    "1": "尚好食品大食堂(金利大厦店)",
    "2": "7天酒店(贵阳世纪城会展城店)",
    "3": "茅台国际商务中心工程2期",
    "4": "贵阳世纪城龙宇苑东区",
    "5": "龙凯路",
    "6": "北城教育(观山湖第二校区)",
    "7": "鼎记啫啫煲(万达广场店)",
    "8": "能量医学",
    "9": "贵阳市云岩区圣源学校",
    "10": "中坝立交",
    "11": "贵阳市第三实验幼儿园分园",
    "12": "二桥出口(中环路西段西北向)",
    "13": "黔灵山公园-藏经楼",
    "14": "书亦烧仙草(黔灵山公园店)",
    "15": "三板桥老素粉(黄金路店)",
    "16": "云岩村",
    "17": "武松醉鹅(金顶山店)",
    "18": "小黑码编程",
    "19": "向天歌清汤鹅(贵阳总店)",
    "20": "贵阳华美口腔",
    "21": "贵阳铁盛酒店",
    "22": "桂花园",
    "23": "华莱士(大理店)",
    "24": "贵州大学沙冲校区-贵州大学培训中心",
    "25": "华烽幼儿园四方河分园",
    "26": "山水黔城环A",
    "27": "八只钳(香江花园店)",
    "28": "木子美艺舞蹈",
    "29": "漓江路",
    "30": "鑫荣花园",
    "31": "馨竹居",
    "32": "花溪区长坝小学"
  },
  "down": {
    "33": "花溪区长坝小学",
    "34": "馨竹居",
    "35": "鑫荣花园",
    "36": "漓江路",
    "37": "木子美艺舞蹈",
    "38": "八只钳(香江花园店)",
    "39": "山水黔城环A",
    "40": "华烽幼儿园四方河分园",
    "41": "贵州大学沙冲校区-贵州大学培训中心",
    "42": "华莱士(大理店)",
    "43": "桂花园",
    "44": "贵阳铁盛酒店",
    "45": "贵阳华美口腔",
    "46": "向天歌清汤鹅(贵阳总店)",
    "47": "小黑码编程",
    "48": "武松醉鹅(金顶山店)",
    "49": "云岩村",
    "50": "三板桥老素粉(黄金路店)",
    "51": "书亦烧仙草(黔灵山公园店)",
    "52": "黔灵山公园-藏经楼",
    "53": "二桥出口(中环路西段西北向)",
    "54": "贵阳市第三实验幼儿园分园",
    "55": "中坝立交",
    "56": "贵阳市云岩区圣源学校",
    "57": "能量医学",
    "58": "鼎记啫啫煲(万达广场店)",
    "59": "北城教育(观山湖第二校区)",
    "60": "龙凯路",
    "61": "贵阳世纪城龙宇苑东区",
    "62": "茅台国际商务中心工程2期",
    "63": "7天酒店(贵阳世纪城会展城店)",
    "64": "尚好食品大食堂(金利大厦店)"
  }
}