{
  "尚好食品大食堂(金利大厦店)": 478,
  "7天酒店(贵阳世纪城会展城店)": 725,
  "茅台国际商务中心工程2期": 513,
  "贵阳世纪城龙宇苑东区": 512,
  "龙凯路": 508,
  "北城教育(观山湖第二校区)": 607,
  "鼎记啫啫煲(万达广场店)": 657,
  "能量医学": 800,
  "贵阳市云岩区圣源学校": 405,
  "中坝立交": 604,
  "贵阳市第三实验幼儿园分园": 815,
  "二桥出口(中环路西段西北向)": 624,
  "黔灵山公园-藏经楼": 413,
  "书亦烧仙草(黔灵山公园店)": 504,
  "三板桥老素粉(黄金路店)": 469,
  "云岩村": 612,
  "武松醉鹅(金顶山店)": 526,
  "小黑码编程": 451,
  "向天歌清汤鹅(贵阳总店)": 659,
  "贵阳华美口腔": 699,
  "贵阳铁盛酒店": 789,
  "桂花园": 642,
  "华莱士(大理店)": 648,
  "贵州大学沙冲校区-贵州大学培训中心": 1824,
  "华烽幼儿园四方河分园": 553,
  "山水黔城环A": 496,
  "八只钳(香江花园店)": 407,
  "木子美艺舞蹈": 723,
  "漓江路": 405,
  "鑫荣花园": 434,
  "馨竹居": 1579
}