{
  "up": {
    "尚好食品大食堂(金利大厦店)": 1,
    "7天酒店(贵阳世纪城会展城店)": 2,
    "茅台国际商务中心工程2期": 3,
    "贵阳世纪城龙宇苑东区": 4,
    "龙凯路": 5,
    "北城教育(观山湖第二校区)": 6,
    "鼎记啫啫煲(万达广场店)": 7,
    "能量医学": 8,
    "贵阳市云岩区圣源学校": 9,
    "中坝立交": 10,
    "贵阳市第三实验幼儿园分园": 11,
    "二桥出口(中环路西段西北向)": 12,
    "黔灵山公园-藏经楼": 13,
    "书亦烧仙草(黔灵山公园店)": 14,
    "三板桥老素粉(黄金路店)": 15,
    "云岩村": 16,
    "武松醉鹅(金顶山店)": 17,
    "小黑码编程": 18,
    "向天歌清汤鹅(贵阳总店)": 19,
    "贵阳华美口腔": 20,
    "贵阳铁盛酒店": 21,
    "桂花园": 22,
    "华莱士(大理店)": 23,
    "贵州大学沙冲校区-贵州大学培训中心": 24,
    "华烽幼儿园四方河分园": 25,
    "山水黔城环A": 26,
    "八只钳(香江花园店)": 27,
    "木子美艺舞蹈": 28,
    "漓江路": 29,
    "鑫荣花园": 30,
    "馨竹居": 31,
    "花溪区长坝小学": 32
  },
  "down": {
    "花溪区长坝小学": 33,
    "馨竹居": 34,
    "鑫荣花园": 35,
    "漓江路": 36,
    "木子美艺舞蹈": 37,
    "八只钳(香江花园店)": 38,
    "山水黔城环A": 39,
    "华烽幼儿园四方河分园": 40,
    "贵州大学沙冲校区-贵州大学培训中心": 41,
    "华莱士(大理店)": 42,
    "桂花园": 43,
    "贵阳铁盛酒店": 44,
    "贵阳华美口腔": 45,
    "向天歌清汤鹅(贵阳总店)": 46,
    "小黑码编程": 47,
    "武松醉鹅(金顶山店)": 48,
    "云岩村": 49,
    "三板桥老素粉(黄金路店)": 50,
    "书亦烧仙草(黔灵山公园店)": 51,
    "黔灵山公园-藏经楼": 52,
    "二桥出口(中环路西段西北向)": 53,
    "贵阳市第三实验幼儿园分园": 54,
    "中坝立交": 55,
    "贵阳市云岩区圣源学校": 56,
    "能量医学": 57,
    "鼎记啫啫煲(万达广场店)": 58,
    "北城教育(观山湖第二校区)": 59,
    "龙凯路": 60,
    "贵阳世纪城龙宇苑东区": 61,
    "茅台国际商务中心工程2期": 62,
    "7天酒店(贵阳世纪城会展城店)": 63,
    "尚好食品大食堂(金利大厦店)": 64
  }
}