{
  "up": {
    "阳关小龙井": 1,
    "iu酒店(贵阳北站梦想城店)": 2,
    "贵遵高速": 3,
    "小坪坝": 4,
    "贵阳一泉优雅酒店": 5,
    "贵阳车游天下租车飞租V店": 6,
    "成铁局贵州铁路建设大厦": 7,
    "贵阳陈信平宾馆": 8,
    "黔灵山公园": 9,
    "麒麟洞": 10,
    "伊网情深网吧(八鸽岩路总店)": 11,
    "成都光头蟹(威清路店)": 12,
    "大中小寻味生活餐厅": 13,
    "启航英语市西路校区": 14,
    "都司高架桥路": 15,
    "大秦古筝(都司路总店)": 16,
    "贵阳市职业技能鉴定指导中心南明区鉴定办公室": 17,
    "彭家巷": 18,
    "合力超市(南浦路店)": 19,
    "青年东路": 20,
    "永江仪表厂宿舍": 21,
    "贵州省武警总队医院白癜风诊疗中心急诊科": 22,
    "贵州师大附中新校区警务室": 23,
    "吾之幼·幼儿园": 24,
    "服务区": 25,
    "鑫香醉鹅(首开·紫郡店)": 26,
    "南明区人民法院": 27,
    "机场路出口(东南向)": 28,
    "碗碗香(多彩店)": 29,
    "多彩贵州城水街D组团": 30,
    "贵阳市南明区龙洞堡街道办事处大坡东社区居民委员会": 31,
    "菠萝山": 32
  },
  "down": {
    "菠萝山": 33,
    "贵阳市南明区龙洞堡街道办事处大坡东社区居民委员会": 34,
    "多彩贵州城水街D组团": 35,
    "碗碗香(多彩店)": 36,
    "机场路出口(东南向)": 37,
    "南明区人民法院": 38,
    "鑫香醉鹅(首开·紫郡店)": 39,
    "服务区": 40,
    "吾之幼·幼儿园": 41,
    "贵州师大附中新校区警务室": 42,
    "贵州省武警总队医院白癜风诊疗中心急诊科": 43,
    "永江仪表厂宿舍": 44,
    "青年东路": 45,
    "合力超市(南浦路店)": 46,
    "彭家巷": 47,
    "贵阳市职业技能鉴定指导中心南明区鉴定办公室": 48,
    "大秦古筝(都司路总店)": 49,
    "都司高架桥路": 50,
    "启航英语市西路校区": 51,
    "大中小寻味生活餐厅": 52,
    "成都光头蟹(威清路店)": 53,
    "伊网情深网吧(八鸽岩路总店)": 54,
    "麒麟洞": 55,
    "黔灵山公园": 56,
    "贵阳陈信平宾馆": 57,
    "成铁局贵州铁路建设大厦": 58,
    "贵阳车游天下租车飞租V店": 59,
    "贵阳一泉优雅酒店": 60,
    "小坪坝": 61,
    "贵遵高速": 62,
    "iu酒店(贵阳北站梦想城店)": 63,
    "阳关小龙井": 64
  }
}