{
  "up": {
    "1": "阳关小龙井",
    "2": "iu酒店(贵阳北站梦想城店)",
    "3": "贵遵高速",
    "4": "小坪坝",
    "5": "贵阳一泉优雅酒店",
    "6": "贵阳车游天下租车飞租V店",
    "7": "成铁局贵州铁路建设大厦",
    "8": "贵阳陈信平宾馆",
    "9": "黔灵山公园",
    "10": "麒麟洞",
    "11": "伊网情深网吧(八鸽岩路总店)",
    "12": "成都光头蟹(威清路店)",
    "13": "大中小寻味生活餐厅",
    "14": "启航英语市西路校区",
    "15": "都司高架桥路",
    "16": "大秦古筝(都司路总店)",
    "17": "贵阳市职业技能鉴定指导中心南明区鉴定办公室",
    "18": "彭家巷",
    "19": "合力超市(南浦路店)",
    "20": "青年东路",
    "21": "永江仪表厂宿舍",
    "22": "贵州省武警总队医院白癜风诊疗中心急诊科",
    "23": "贵州师大附中新校区警务室",
    "24": "吾之幼·幼儿园",
    "25": "服务区",
    "26": "鑫香醉鹅(首开·紫郡店)",
    "27": "南明区人民法院",
    "28": "机场路出口(东南向)",
    "29": "碗碗香(多彩店)",
    "30": "多彩贵州城水街D组团",
    "31": "贵阳市南明区龙洞堡街道办事处大坡东社区居民委员会",
    "32": "菠萝山"
  },
  "down": {
    "33": "菠萝山",
    "34": "贵阳市南明区龙洞堡街道办事处大坡东社区居民委员会",
    "35": "多彩贵州城水街D组团",
    "36": "碗碗香(多彩店)",
    "37": "机场路出口(东南向)",
    "38": "南明区人民法院",
    "39": "鑫香醉鹅(首开·紫郡店)",
    "40": "服务区",
    "41": "吾之幼·幼儿园",
    "42": "贵州师大附中新校区警务室",
    "43": "贵州省武警总队医院白癜风诊疗中心急诊科",
    "44": "永江仪表厂宿舍",
    "45": "青年东路",
    "46": "合力超市(南浦路店)",
    "47": "彭家巷",
    "48": "贵阳市职业技能鉴定指导中心南明区鉴定办公室",
    "49": "大秦古筝(都司路总店)",
    "50": "都司高架桥路",
    "51": "启航英语市西路校区",
    "52": "大中小寻味生活餐厅",
    "53": "成都光头蟹(威清路店)",
    "54": "伊网情深网吧(八鸽岩路总店)",
    "55": "麒麟洞",
    "56": "黔灵山公园",
    "57": "贵阳陈信平宾馆",
    "58": "成铁局贵州铁路建设大厦",
    "59": "贵阳车游天下租车飞租V店",
    "60": "贵阳一泉优雅酒店",
    "61": "小坪坝",
    "62": "贵遵高速",
    "63": "iu酒店(贵阳北站梦想城店)",
    "64": "阳关小龙井"
  }
}