{
  "阳关小龙井": 451,
  "iu酒店(贵阳北站梦想城店)": 469,
  "贵遵高速": 471,
  "小坪坝": 472,
  "贵阳一泉优雅酒店": 429,
  "贵阳车游天下租车飞租V店": 604,
  "成铁局贵州铁路建设大厦": 976,
  "贵阳陈信平宾馆": 937,
  "黔灵山公园": 1794,
  "麒麟洞": 964,
  "伊网情深网吧(八鸽岩路总店)": 715,
  "成都光头蟹(威清路店)": 437,
  "大中小寻味生活餐厅": 448,
  "启航英语市西路校区": 705,
  "都司高架桥路": 427,
  "大秦古筝(都司路总店)": 434,
  "贵阳市职业技能鉴定指导中心南明区鉴定办公室": 444,
  "彭家巷": 482,
  "合力超市(南浦路店)": 1151,
  "青年东路": 462,
  "永江仪表厂宿舍": 1849,
  "贵州省武警总队医院白癜风诊疗中心急诊科": 675,
  "贵州师大附中新校区警务室": 444,
  "吾之幼·幼儿园": 598,
  "服务区": 426,
  "鑫香醉鹅(首开·紫郡店)": 521,
  "南明区人民法院": 645,
  "机场路出口(东南向)": 717,
  "碗碗香(多彩店)": 411,
  "多彩贵州城水街D组团": 587,
  "贵阳市南明区龙洞堡街道办事处大坡东社区居民委员会": 1973
}