{
  "菠萝山": 1935,
  "贵阳市南明区龙洞堡街道办事处大坡东社区居民委员会": 549,
  "多彩贵州城水街D组团": 373,
  "碗碗香(多彩店)": 679,
  "机场路出口(东南向)": 607,
  "南明区人民法院": 483,
  "鑫香醉鹅(首开·紫郡店)": 388,
  "服务区": 560,
  "吾之幼·幼儿园": 406,
  "贵州师大附中新校区警务室": 637,
  "贵州省武警总队医院白癜风诊疗中心急诊科": 1811,
  "永江仪表厂宿舍": 424,
  "青年东路": 1113,
  "合力超市(南浦路店)": 444,
  "彭家巷": 406,
  "贵阳市职业技能鉴定指导中心南明区鉴定办公室": 396,
  "大秦古筝(都司路总店)": 389,
  "都司高架桥路": 667,
  "启航英语市西路校区": 410,
  "大中小寻味生活餐厅": 399,
  "成都光头蟹(威清路店)": 677,
  "伊网情深网吧(八鸽岩路总店)": 926,
  "麒麟洞": 1756,
  "黔灵山公园": 899,
  "贵阳陈信平宾馆": 938,
  "成铁局贵州铁路建设大厦": 566,
  "贵阳车游天下租车飞租V店": 391,
  "贵阳一泉优雅酒店": 434,
  "小坪坝": 433,
  "贵遵高速": 431,
  "iu酒店(贵阳北站梦想城店)": 413
}