{
  "up": {
    "川黔缘秘制火锅": 1,
    "新街": 2,
    "金叶物流市场": 3,
    "贵州经贸职业技术学院招生就业处": 4,
    "书锦幼儿园": 5,
    "江南小渔村": 6,
    "贵州易车社会化机动车登记服务站": 7,
    "贵阳爱尔美医疗整形": 8,
    "阳关龙家泡椒牛肉猪脚粉面": 9,
    "中共金阳街道上寨村支部委员会": 10,
    "恺跃酒店(会展店)": 11,
    "美新医疗美容": 12,
    "贵阳农商银行": 13,
    "杨广批发部": 14,
    "前锋涂料厂": 15,
    "派瑞义齿": 16,
    "贵州省交通建设咨询监理有限公司工程质量检测中心": 17,
    "冷水村村委会": 18,
    "冷水村": 19,
    "公牛爱眼LED灯": 20,
    "贵州宏恩理容商贸有限公司": 21,
    "保税区出口(G6002贵阳绕城高速东向)": 22,
    "千千舞蹈艺术中心": 23,
    "金兰旅社": 24,
    "惠诚滋知(官方旗舰店)": 25,
    "贵阳乾元冷链物流有限公司": 26,
    "贵阳白云骨粒化工厂": 27,
    "斑鸠井": 28,
    "北京东路": 29,
    "三江立交桥": 30,
    "岩背后": 31
  },
  "down": {
    "岩背后": 32,
    "三江立交桥": 33,
    "北京东路": 34,
    "斑鸠井": 35,
    "贵阳白云骨粒化工厂": 36,
    "贵阳乾元冷链物流有限公司": 37,
    "惠诚滋知(官方旗舰店)": 38,
    "金兰旅社": 39,
    "千千舞蹈艺术中心": 40,
    "保税区出口(G6002贵阳绕城高速东向)": 41,
    "贵州宏恩理容商贸有限公司": 42,
    "公牛爱眼LED灯": 43,
    "冷水村": 44,
    "冷水村村委会": 45,
    "贵州省交通建设咨询监理有限公司工程质量检测中心": 46,
    "派瑞义齿": 47,
    "前锋涂料厂": 48,
    "杨广批发部": 49,
    "贵阳农商银行": 50,
    "美新医疗美容": 51,
    "恺跃酒店(会展店)": 52,
    "中共金阳街道上寨村支部委员会": 53,
    "阳关龙家泡椒牛肉猪脚粉面": 54,
    "贵阳爱尔美医疗整形": 55,
    "贵州易车社会化机动车登记服务站": 56,
    "江南小渔村": 57,
    "书锦幼儿园": 58,
    "贵州经贸职业技术学院招生就业处": 59,
    "金叶物流市场": 60,
    "新街": 61,
    "川黔缘秘制火锅": 62
  }
}