{
  "川黔缘秘制火锅": 466,
  "新街": 443,
  "金叶物流市场": 1189,
  "贵州经贸职业技术学院招生就业处": 688,
  "书锦幼儿园": 770,
  "江南小渔村": 478,
  "贵州易车社会化机动车登记服务站": 575,
  "贵阳爱尔美医疗整形": 1259,
  "阳关龙家泡椒牛肉猪脚粉面": 426,
  "中共金阳街道上寨村支部委员会": 927,
  "恺跃酒店(会展店)": 841,
  "美新医疗美容": 490,
  "贵阳农商银行": 1163,
  "杨广批发部": 968,
  "前锋涂料厂": 2340,
  "派瑞义齿": 624,
  "贵州省交通建设咨询监理有限公司工程质量检测中心": 802,
  "冷水村村委会": 987,
  "冷水村": 656,
  "公牛爱眼LED灯": 844,
  "贵州宏恩理容商贸有限公司": 639,
  "保税区出口(G6002贵阳绕城高速东向)": 640,
  "千千舞蹈艺术中心": 575,
  "金兰旅社": 698,
  "惠诚滋知(官方旗舰店)": 420,
  "贵阳乾元冷链物流有限公司": 676,
  "贵阳白云骨粒化工厂": 579,
  "斑鸠井": 2044,
  "北京东路": 1147,
  "三江立交桥": 1386
}