{
  "岩背后": 1154,
  "三江立交桥": 915,
  "北京东路": 1812,
  "斑鸠井": 347,
  "贵阳白云骨粒化工厂": 444,
  "贵阳乾元冷链物流有限公司": 188,
  "惠诚滋知(官方旗舰店)": 466,
  "金兰旅社": 343,
  "千千舞蹈艺术中心": 408,
  "保税区出口(G6002贵阳绕城高速东向)": 407,
  "贵州宏恩理容商贸有限公司": 612,
  "公牛爱眼LED灯": 424,
  "冷水村": 755,
  "冷水村村委会": 570,
  "贵州省交通建设咨询监理有限公司工程质量检测中心": 392,
  "派瑞义齿": 2108,
  "前锋涂料厂": 736,
  "杨广批发部": 931,
  "贵阳农商银行": 258,
  "美新医疗美容": 609,
  "恺跃酒店(会展店)": 695,
  "中共金阳街道上寨村支部委员会": 194,
  "阳关龙家泡椒牛肉猪脚粉面": 1027,
  "贵阳爱尔美医疗整形": 343,
  "贵州易车社会化机动车登记服务站": 246,
  "江南小渔村": 538,
  "书锦幼儿园": 456,
  "贵州经贸职业技术学院招生就业处": 957,
  "金叶物流市场": 211,
  "新街": 234
}