{
  "up": {
    "1": "川黔缘秘制火锅",
    "2": "新街",
    "3": "金叶物流市场",
    "4": "贵州经贸职业技术学院招生就业处",
    "5": "书锦幼儿园",
    "6": "江南小渔村",
    "7": "贵州易车社会化机动车登记服务站",
    "8": "贵阳爱尔美医疗整形",
    "9": "阳关龙家泡椒牛肉猪脚粉面",
    "10": "中共金阳街道上寨村支部委员会",
    "11": "恺跃酒店(会展店)",
    "12": "美新医疗美容",
    "13": "贵阳农商银行",
    "14": "杨广批发部",
    "15": "前锋涂料厂",
    "16": "派瑞义齿",
    "17": "贵州省交通建设咨询监理有限公司工程质量检测中心",
    "18": "冷水村村委会",
    "19": "冷水村",
    "20": "公牛爱眼LED灯",
    "21": "贵州宏恩理容商贸有限公司",
    "22": "保税区出口(G6002贵阳绕城高速东向)",
    "23": "千千舞蹈艺术中心",
    "24": "金兰旅社",
    "25": "惠诚滋知(官方旗舰店)",
    "26": "贵阳乾元冷链物流有限公司",
    "27": "贵阳白云骨粒化工厂",
    "28": "斑鸠井",
    "29": "北京东路",
    "30": "三江立交桥",
    "31": "岩背后"
  },
  "down": {
    "32": "岩背后",
    "33": "三江立交桥",
    "34": "北京东路",
    "35": "斑鸠井",
    "36": "贵阳白云骨粒化工厂",
    "37": "贵阳乾元冷链物流有限公司",
    "38": "惠诚滋知(官方旗舰店)",
    "39": "金兰旅社",
    "40": "千千舞蹈艺术中心",
    "41": "保税区出口(G6002贵阳绕城高速东向)",
    "42": "贵州宏恩理容商贸有限公司",
    "43": "公牛爱眼LED灯",
    "44": "冷水村",
    "45": "冷水村村委会",
    "46": "贵州省交通建设咨询监理有限公司工程质量检测中心",
    "47": "派瑞义齿",
    "48": "前锋涂料厂",
    "49": "杨广批发部",
    "50": "贵阳农商银行",
    "51": "美新医疗美容",
    "52": "恺跃酒店(会展店)",
    "53": "中共金阳街道上寨村支部委员会",
    "54": "阳关龙家泡椒牛肉猪脚粉面",
    "55": "贵阳爱尔美医疗整形",
    "56": "贵州易车社会化机动车登记服务站",
    "57": "江南小渔村",
    "58": "书锦幼儿园",
    "59": "贵州经贸职业技术学院招生就业处",
    "60": "金叶物流市场",
    "61": "新街",
    "62": "川黔缘秘制火锅"
  }
}