{
  "up": {
    "郑远元专业修脚房(兰州路店)": 1,
    "早晚课堂(世纪城校区)": 2,
    "湾河禅院": 3,
    "恒大中央广场": 4,
    "梵门古法体征养生馆": 5,
    "绝味砂锅酸辣汤(贵阳世纪城龙吉苑店)": 6,
    "乾山公园": 7,
    "小食代·土黄牛肉粉": 8,
    "贵州广播电视大学(新校区)": 9,
    "贵阳市残疾人康复托养中心": 10,
    "贵阳高仕通商务酒店": 11,
    "龙昌坝": 12,
    "宾阳街道社区卫生服务中心": 13,
    "贵阳交警车辆管理所机动车查验区": 14,
    "东旭宾馆(贵阳金阳新客车站店)": 15,
    "母享宾馆": 16,
    "观山湖区摩托车考试中心黔湖摩托车考场": 17,
    "何官村人民调解委员会": 18,
    "中洋建工": 19,
    "邓坡": 20,
    "中国石油百花一号加油站": 21,
    "广大城": 22,
    "林东小学": 23,
    "庙山": 24,
    "清镇市公安局交通警察大队": 25,
    "智慧幼儿园": 26,
    "寒坡岭": 27,
    "华晨金杯(清镇店)": 28,
    "中国石油加油站(7天酒店东门桥店西南)": 29,
    "河滨西路": 30
  },
  "down": {
    "河滨西路": 31,
    "中国石油加油站(7天酒店东门桥店西南)": 32,
    "华晨金杯(清镇店)": 33,
    "寒坡岭": 34,
    "智慧幼儿园": 35,
    "清镇市公安局交通警察大队": 36,
    "庙山": 37,
    "林东小学": 38,
    "广大城": 39,
    "中国石油百花一号加油站": 40,
    "邓坡": 41,
    "中洋建工": 42,
    "何官村人民调解委员会": 43,
    "观山湖区摩托车考试中心黔湖摩托车考场": 44,
    "母享宾馆": 45,
    "东旭宾馆(贵阳金阳新客车站店)": 46,
    "贵阳交警车辆管理所机动车查验区": 47,
    "宾阳街道社区卫生服务中心": 48,
    "龙昌坝": 49,
    "贵阳高仕通商务酒店": 50,
    "贵阳市残疾人康复托养中心": 51,
    "贵州广播电视大学(新校区)": 52,
    "小食代·土黄牛肉粉": 53,
    "乾山公园": 54,
    "绝味砂锅酸辣汤(贵阳世纪城龙吉苑店)": 55,
    "梵门古法体征养生馆": 56,
    "恒大中央广场": 57,
    "湾河禅院": 58,
    "早晚课堂(世纪城校区)": 59,
    "郑远元专业修脚房(兰州路店)": 60
  }
}