{
  "郑远元专业修脚房(兰州路店)": 414,
  "早晚课堂(世纪城校区)": 508,
  "湾河禅院": 474,
  "恒大中央广场": 811,
  "梵门古法体征养生馆": 759,
  "绝味砂锅酸辣汤(贵阳世纪城龙吉苑店)": 410,
  "乾山公园": 600,
  "小食代·土黄牛肉粉": 1016,
  "贵州广播电视大学(新校区)": 829,
  "贵阳市残疾人康复托养中心": 489,
  "贵阳高仕通商务酒店": 428,
  "龙昌坝": 455,
  "宾阳街道社区卫生服务中心": 505,
  "贵阳交警车辆管理所机动车查验区": 448,
  "东旭宾馆(贵阳金阳新客车站店)": 428,
  "母享宾馆": 647,
  "观山湖区摩托车考试中心黔湖摩托车考场": 725,
  "何官村人民调解委员会": 1155,
  "中洋建工": 468,
  "邓坡": 510,
  "中国石油百花一号加油站": 416,
  "广大城": 412,
  "林东小学": 540,
  "庙山": 604,
  "清镇市公安局交通警察大队": 2711,
  "智慧幼儿园": 472,
  "寒坡岭": 452,
  "华晨金杯(清镇店)": 540,
  "中国石油加油站(7天酒店东门桥店西南)": 772
}