{
  "河滨西路": 927,
  "中国石油加油站(7天酒店东门桥店西南)": 695,
  "华晨金杯(清镇店)": 607,
  "寒坡岭": 627,
  "智慧幼儿园": 2866,
  "清镇市公安局交通警察大队": 759,
  "庙山": 695,
  "林东小学": 567,
  "广大城": 571,
  "中国石油百花一号加油站": 665,
  "邓坡": 623,
  "中洋建工": 1310,
  "何官村人民调解委员会": 880,
  "观山湖区摩托车考试中心黔湖摩托车考场": 802,
  "母享宾馆": 583,
  "东旭宾馆(贵阳金阳新客车站店)": 603,
  "贵阳交警车辆管理所机动车查验区": 660,
  "宾阳街道社区卫生服务中心": 610,
  "龙昌坝": 583,
  "贵阳高仕通商务酒店": 644,
  "贵阳市残疾人康复托养中心": 984,
  "贵州广播电视大学(新校区)": 1171,
  "小食代·土黄牛肉粉": 755,
  "乾山公园": 565,
  "绝味砂锅酸辣汤(贵阳世纪城龙吉苑店)": 914,
  "梵门古法体征养生馆": 966,
  "恒大中央广场": 629,
  "湾河禅院": 663,
  "早晚课堂(世纪城校区)": 569
}