{
  "up": {
    "1": "郑远元专业修脚房(兰州路店)",
    "2": "早晚课堂(世纪城校区)",
    "3": "湾河禅院",
    "4": "恒大中央广场",
    "5": "梵门古法体征养生馆",
    "6": "绝味砂锅酸辣汤(贵阳世纪城龙吉苑店)",
    "7": "乾山公园",
    "8": "小食代·土黄牛肉粉",
    "9": "贵州广播电视大学(新校区)",
    "10": "贵阳市残疾人康复托养中心",
    "11": "贵阳高仕通商务酒店",
    "12": "龙昌坝",
    "13": "宾阳街道社区卫生服务中心",
    "14": "贵阳交警车辆管理所机动车查验区",
    "15": "东旭宾馆(贵阳金阳新客车站店)",
    "16": "母享宾馆",
    "17": "观山湖区摩托车考试中心黔湖摩托车考场",
    "18": "何官村人民调解委员会",
    "19": "中洋建工",
    "20": "邓坡",
    "21": "中国石油百花一号加油站",
    "22": "广大城",
    "23": "林东小学",
    "24": "庙山",
    "25": "清镇市公安局交通警察大队",
    "26": "智慧幼儿园",
    "27": "寒坡岭",
    "28": "华晨金杯(清镇店)",
    "29": "中国石油加油站(7天酒店东门桥店西南)",
    "30": "河滨西路"
  },
  "down": {
    "31": "河滨西路",
    "32": "中国石油加油站(7天酒店东门桥店西南)",
    "33": "华晨金杯(清镇店)",
    "34": "寒坡岭",
    "35": "智慧幼儿园",
    "36": "清镇市公安局交通警察大队",
    "37": "庙山",
    "38": "林东小学",
    "39": "广大城",
    "40": "中国石油百花一号加油站",
    "41": "邓坡",
    "42": "中洋建工",
    "43": "何官村人民调解委员会",
    "44": "观山湖区摩托车考试中心黔湖摩托车考场",
    "45": "母享宾馆",
    "46": "东旭宾馆(贵阳金阳新客车站店)",
    "47": "贵阳交警车辆管理所机动车查验区",
    "48": "宾阳街道社区卫生服务中心",
    "49": "龙昌坝",
    "50": "贵阳高仕通商务酒店",
    "51": "贵阳市残疾人康复托养中心",
    "52": "贵州广播电视大学(新校区)",
    "53": "小食代·土黄牛肉粉",
    "54": "乾山公园",
    "55": "绝味砂锅酸辣汤(贵阳世纪城龙吉苑店)",
    "56": "梵门古法体征养生馆",
    "57": "恒大中央广场",
    "58": "湾河禅院",
    "59": "早晚课堂(世纪城校区)",
    "60": "郑远元专业修脚房(兰州路店)"
  }
}