{
  "up": {
    "1": "梓木苑小区",
    "2": "贵州省质量技术监督局稽查局",
    "3": "枣山路",
    "4": "约森龙虾",
    "5": "中信银行(贵阳瑞金支行)",
    "6": "兴义刘氏糕点铺(普陀店)",
    "7": "贵州医科大学附属口腔医院儿童青少年早期矫治门诊",
    "8": "金仓路",
    "9": "贵阳开磷总医院百花分院",
    "10": "利民学校",
    "11": "未来方舟F10组团",
    "12": "未来方舟f1组团",
    "13": "刘丽特色豆干火锅(二分店)",
    "14": "云岩区政务大厅办税服务窗口",
    "15": "吾界咖啡",
    "16": "贵阳市第八幼儿园(甜蜜分园)",
    "17": "白岩脚",
    "18": "128县道",
    "19": "高枧1号大桥",
    "20": "情人谷路口(公交站)",
    "21": "高枧2号大桥",
    "22": "玫瑰庄园",
    "23": "情人谷赵云烧烤农家饭",
    "24": "乐湾国际山语林花园",
    "25": "乐湾国际关山小区(南门)",
    "26": "贵州乐湾国际高尔夫会所",
    "27": "渔洞峡2号桥",
    "28": "大正学校",
    "29": "天宝供暖",
    "30": "乌当顺达塑料厂",
    "31": "张天水",
    "32": "贵阳市乌当区先胜粮食加工厂",
    "33": "朱家田"
  },
  "down": {
    "34": "朱家田",
    "35": "贵阳市乌当区先胜粮食加工厂",
    "36": "张天水",
    "37": "乌当顺达塑料厂",
    "38": "天宝供暖",
    "39": "大正学校",
    "40": "渔洞峡2号桥",
    "41": "贵州乐湾国际高尔夫会所",
    "42": "乐湾国际关山小区(南门)",
    "43": "乐湾国际山语林花园",
    "44": "情人谷赵云烧烤农家饭",
    "45": "玫瑰庄园",
    "46": "高枧2号大桥",
    "47": "情人谷路口(公交站)",
    "48": "高枧1号大桥",
    "49": "128县道",
    "50": "白岩脚",
    "51": "贵阳市第八幼儿园(甜蜜分园)",
    "52": "吾界咖啡",
    "53": "云岩区政务大厅办税服务窗口",
    "54": "刘丽特色豆干火锅(二分店)",
    "55": "未来方舟f1组团",
    "56": "未来方舟F10组团",
    "57": "利民学校",
    "58": "贵阳开磷总医院百花分院",
    "59": "金仓路",
    "60": "贵州医科大学附属口腔医院儿童青少年早期矫治门诊",
    "61": "兴义刘氏糕点铺(普陀店)",
    "62": "中信银行(贵阳瑞金支行)",
    "63": "约森龙虾",
    "64": "枣山路",
    "65": "贵州省质量技术监督局稽查局",
    "66": "梓木苑小区"
  }
}