{
  "朱家田": 2296,
  "贵阳市乌当区先胜粮食加工厂": 548,
  "张天水": 712,
  "乌当顺达塑料厂": 515,
  "天宝供暖": 440,
  "大正学校": 469,
  "渔洞峡2号桥": 475,
  "贵州乐湾国际高尔夫会所": 365,
  "乐湾国际关山小区(南门)": 1324,
  "乐湾国际山语林花园": 1318,
  "情人谷赵云烧烤农家饭": 898,
  "玫瑰庄园": 403,
  "高枧2号大桥": 396,
  "情人谷路口(公交站)": 377,
  "高枧1号大桥": 511,
  "128县道": 525,
  "白岩脚": 566,
  "贵阳市第八幼儿园(甜蜜分园)": 1481,
  "吾界咖啡": 633,
  "云岩区政务大厅办税服务窗口": 412,
  "刘丽特色豆干火锅(二分店)": 441,
  "未来方舟f1组团": 371,
  "未来方舟F10组团": 1359,
  "利民学校": 405,
  "贵阳开磷总医院百花分院": 688,
  "金仓路": 532,
  "贵州医科大学附属口腔医院儿童青少年早期矫治门诊": 740,
  "兴义刘氏糕点铺(普陀店)": 631,
  "中信银行(贵阳瑞金支行)": 424,
  "约森龙虾": 403,
  "枣山路": 355,
  "贵州省质量技术监督局稽查局": 484
}