{
  "up": {
    "梓木苑小区": 1,
    "贵州省质量技术监督局稽查局": 2,
    "枣山路": 3,
    "约森龙虾": 4,
    "中信银行(贵阳瑞金支行)": 5,
    "兴义刘氏糕点铺(普陀店)": 6,
    "贵州医科大学附属口腔医院儿童青少年早期矫治门诊": 7,
    "金仓路": 8,
    "贵阳开磷总医院百花分院": 9,
    "利民学校": 10,
    "未来方舟F10组团": 11,
    "未来方舟f1组团": 12,
    "刘丽特色豆干火锅(二分店)": 13,
    "云岩区政务大厅办税服务窗口": 14,
    "吾界咖啡": 15,
    "贵阳市第八幼儿园(甜蜜分园)": 16,
    "白岩脚": 17,
    "128县道": 18,
    "高枧1号大桥": 19,
    "情人谷路口(公交站)": 20,
    "高枧2号大桥": 21,
    "玫瑰庄园": 22,
    "情人谷赵云烧烤农家饭": 23,
    "乐湾国际山语林花园": 24,
    "乐湾国际关山小区(南门)": 25,
    "贵州乐湾国际高尔夫会所": 26,
    "渔洞峡2号桥": 27,
    "大正学校": 28,
    "天宝供暖": 29,
    "乌当顺达塑料厂": 30,
    "张天水": 31,
    "贵阳市乌当区先胜粮食加工厂": 32,
    "朱家田": 33
  },
  "down": {
    "朱家田": 34,
    "贵阳市乌当区先胜粮食加工厂": 35,
    "张天水": 36,
    "乌当顺达塑料厂": 37,
    "天宝供暖": 38,
    "大正学校": 39,
    "渔洞峡2号桥": 40,
    "贵州乐湾国际高尔夫会所": 41,
    "乐湾国际关山小区(南门)": 42,
    "乐湾国际山语林花园": 43,
    "情人谷赵云烧烤农家饭": 44,
    "玫瑰庄园": 45,
    "高枧2号大桥": 46,
    "情人谷路口(公交站)": 47,
    "高枧1号大桥": 48,
    "128县道": 49,
    "白岩脚": 50,
    "贵阳市第八幼儿园(甜蜜分园)": 51,
    "吾界咖啡": 52,
    "云岩区政务大厅办税服务窗口": 53,
    "刘丽特色豆干火锅(二分店)": 54,
    "未来方舟f1组团": 55,
    "未来方舟F10组团": 56,
    "利民学校": 57,
    "贵阳开磷总医院百花分院": 58,
    "金仓路": 59,
    "贵州医科大学附属口腔医院儿童青少年早期矫治门诊": 60,
    "兴义刘氏糕点铺(普陀店)": 61,
    "中信银行(贵阳瑞金支行)": 62,
    "约森龙虾": 63,
    "枣山路": 64,
    "贵州省质量技术监督局稽查局": 65,
    "梓木苑小区": 66
  }
}