{
  "梓木苑小区": 536,
  "贵州省质量技术监督局稽查局": 407,
  "枣山路": 455,
  "约森龙虾": 476,
  "中信银行(贵阳瑞金支行)": 683,
  "兴义刘氏糕点铺(普陀店)": 792,
  "贵州医科大学附属口腔医院儿童青少年早期矫治门诊": 584,
  "金仓路": 740,
  "贵阳开磷总医院百花分院": 457,
  "利民学校": 1411,
  "未来方舟F10组团": 423,
  "未来方舟f1组团": 493,
  "刘丽特色豆干火锅(二分店)": 464,
  "云岩区政务大厅办税服务窗口": 685,
  "吾界咖啡": 1533,
  "贵阳市第八幼儿园(甜蜜分园)": 618,
  "白岩脚": 577,
  "128县道": 563,
  "高枧1号大桥": 429,
  "情人谷路口(公交站)": 448,
  "高枧2号大桥": 455,
  "玫瑰庄园": 950,
  "情人谷赵云烧烤农家饭": 1370,
  "乐湾国际山语林花园": 1376,
  "乐湾国际关山小区(南门)": 417,
  "贵州乐湾国际高尔夫会所": 527,
  "渔洞峡2号桥": 521,
  "大正学校": 492,
  "天宝供暖": 567,
  "乌当顺达塑料厂": 764,
  "张天水": 600,
  "贵阳市乌当区先胜粮食加工厂": 2348
}