{
  "up": {
    "1": "小肥羊火锅(世纪金源购物中心店)",
    "2": "UIOT超级智慧家(世纪金源购物中心店)",
    "3": "饿大头糯米饭(世纪城店)",
    "4": "老重庆",
    "5": "恒大中央广场",
    "6": "光明桂花园",
    "7": "贵州省交通科学研究院",
    "8": "圣泉流云花园观云邸",
    "9": "亨特·萃山国际",
    "10": "无限极中草药保健美容",
    "11": "头桥派出所双峰路55号治安室",
    "12": "方丈苑",
    "13": "谢幺妹火锅特色辣子鸡(双峰路店)",
    "14": "金色家园(黄金路)",
    "15": "头桥派出所第三警务室",
    "16": "大方手撕豆腐(金顶路店)",
    "17": "贵州省建筑医院",
    "18": "南明区人民政府政务服务大厅",
    "19": "浦发银行(解放路支行)",
    "20": "曹中华养生堂",
    "21": "后巢乡人民政府",
    "22": "沙冲中路社区居委会",
    "23": "贵州省建筑材料科学研究设计院有限责任公司",
    "24": "龙大哥辣子鸡(小河店)",
    "25": "笔记安顺夺夺粉小河分店",
    "26": "星月楼",
    "27": "榕筑鲜花广场",
    "28": "中航工业贵航大厦(锦江路)",
    "29": "千里香馄饨王",
    "30": "重庆乌鱼府",
    "31": "贵州航天凯山石油仪器有限公司"
  },
  "down": {
    "32": "贵州航天凯山石油仪器有限公司",
    "33": "重庆乌鱼府",
    "34": "千里香馄饨王",
    "35": "中航工业贵航大厦(锦江路)",
    "36": "榕筑鲜花广场",
    "37": "星月楼",
    "38": "笔记安顺夺夺粉小河分店",
    "39": "龙大哥辣子鸡(小河店)",
    "40": "贵州省建筑材料科学研究设计院有限责任公司",
    "41": "沙冲中路社区居委会",
    "42": "后巢乡人民政府",
    "43": "曹中华养生堂",
    "44": "浦发银行(解放路支行)",
    "45": "南明区人民政府政务服务大厅",
    "46": "贵州省建筑医院",
    "47": "大方手撕豆腐(金顶路店)",
    "48": "头桥派出所第三警务室",
    "49": "金色家园(黄金路)",
    "50": "谢幺妹火锅特色辣子鸡(双峰路店)",
    "51": "方丈苑",
    "52": "头桥派出所双峰路55号治安室",
    "53": "无限极中草药保健美容",
    "54": "亨特·萃山国际",
    "55": "圣泉流云花园观云邸",
    "56": "贵州省交通科学研究院",
    "57": "光明桂花园",
    "58": "恒大中央广场",
    "59": "老重庆",
    "60": "饿大头糯米饭(世纪城店)",
    "61": "UIOT超级智慧家(世纪金源购物中心店)",
    "62": "小肥羊火锅(世纪金源购物中心店)"
  }
}