{
  "贵州航天凯山石油仪器有限公司": 693,
  "重庆乌鱼府": 391,
  "千里香馄饨王": 362,
  "中航工业贵航大厦(锦江路)": 680,
  "榕筑鲜花广场": 364,
  "星月楼": 453,
  "笔记安顺夺夺粉小河分店": 510,
  "龙大哥辣子鸡(小河店)": 1781,
  "贵州省建筑材料科学研究设计院有限责任公司": 605,
  "沙冲中路社区居委会": 599,
  "后巢乡人民政府": 746,
  "曹中华养生堂": 656,
  "浦发银行(解放路支行)": 616,
  "南明区人民政府政务服务大厅": 408,
  "贵州省建筑医院": 483,
  "大方手撕豆腐(金顶路店)": 569,
  "头桥派出所第三警务室": 426,
  "金色家园(黄金路)": 461,
  "谢幺妹火锅特色辣子鸡(双峰路店)": 370,
  "方丈苑": 581,
  "头桥派出所双峰路55号治安室": 772,
  "无限极中草药保健美容": 561,
  "亨特·萃山国际": 362,
  "圣泉流云花园观云邸": 757,
  "贵州省交通科学研究院": 614,
  "光明桂花园": 561,
  "恒大中央广场": 392,
  "老重庆": 398,
  "饿大头糯米饭(世纪城店)": 717,
  "UIOT超级智慧家(世纪金源购物中心店)": 414
}