{
  "up": {
    "小肥羊火锅(世纪金源购物中心店)": 1,
    "UIOT超级智慧家(世纪金源购物中心店)": 2,
    "饿大头糯米饭(世纪城店)": 3,
    "老重庆": 4,
    "恒大中央广场": 5,
    "光明桂花园": 6,
    "贵州省交通科学研究院": 7,
    "圣泉流云花园观云邸": 8,
    "亨特·萃山国际": 9,
    "无限极中草药保健美容": 10,
    "头桥派出所双峰路55号治安室": 11,
    "方丈苑": 12,
    "谢幺妹火锅特色辣子鸡(双峰路店)": 13,
    "金色家园(黄金路)": 14,
    "头桥派出所第三警务室": 15,
    "大方手撕豆腐(金顶路店)": 16,
    "贵州省建筑医院": 17,
    "南明区人民政府政务服务大厅": 18,
    "浦发银行(解放路支行)": 19,
    "曹中华养生堂": 20,
    "后巢乡人民政府": 21,
    "沙冲中路社区居委会": 22,
    "贵州省建筑材料科学研究设计院有限责任公司": 23,
    "龙大哥辣子鸡(小河店)": 24,
    "笔记安顺夺夺粉小河分店": 25,
    "星月楼": 26,
    "榕筑鲜花广场": 27,
    "中航工业贵航大厦(锦江路)": 28,
    "千里香馄饨王": 29,
    "重庆乌鱼府": 30,
    "贵州航天凯山石油仪器有限公司": 31
  },
  "down": {
    "贵州航天凯山石油仪器有限公司": 32,
    "重庆乌鱼府": 33,
    "千里香馄饨王": 34,
    "中航工业贵航大厦(锦江路)": 35,
    "榕筑鲜花广场": 36,
    "星月楼": 37,
    "笔记安顺夺夺粉小河分店": 38,
    "龙大哥辣子鸡(小河店)": 39,
    "贵州省建筑材料科学研究设计院有限责任公司": 40,
    "沙冲中路社区居委会": 41,
    "后巢乡人民政府": 42,
    "曹中华养生堂": 43,
    "浦发银行(解放路支行)": 44,
    "南明区人民政府政务服务大厅": 45,
    "贵州省建筑医院": 46,
    "大方手撕豆腐(金顶路店)": 47,
    "头桥派出所第三警务室": 48,
    "金色家园(黄金路)": 49,
    "谢幺妹火锅特色辣子鸡(双峰路店)": 50,
    "方丈苑": 51,
    "头桥派出所双峰路55号治安室": 52,
    "无限极中草药保健美容": 53,
    "亨特·萃山国际": 54,
    "圣泉流云花园观云邸": 55,
    "贵州省交通科学研究院": 56,
    "光明桂花园": 57,
    "恒大中央广场": 58,
    "老重庆": 59,
    "饿大头糯米饭(世纪城店)": 60,
    "UIOT超级智慧家(世纪金源购物中心店)": 61,
    "小肥羊火锅(世纪金源购物中心店)": 62
  }
}