{
  "小肥羊火锅(世纪金源购物中心店)": 457,
  "UIOT超级智慧家(世纪金源购物中心店)": 760,
  "饿大头糯米饭(世纪城店)": 441,
  "老重庆": 435,
  "恒大中央广场": 604,
  "光明桂花园": 657,
  "贵州省交通科学研究院": 800,
  "圣泉流云花园观云邸": 405,
  "亨特·萃山国际": 604,
  "无限极中草药保健美容": 815,
  "头桥派出所双峰路55号治安室": 624,
  "方丈苑": 413,
  "谢幺妹火锅特色辣子鸡(双峰路店)": 504,
  "金色家园(黄金路)": 469,
  "头桥派出所第三警务室": 612,
  "大方手撕豆腐(金顶路店)": 526,
  "贵州省建筑医院": 451,
  "南明区人民政府政务服务大厅": 659,
  "浦发银行(解放路支行)": 699,
  "曹中华养生堂": 789,
  "后巢乡人民政府": 642,
  "沙冲中路社区居委会": 648,
  "贵州省建筑材料科学研究设计院有限责任公司": 1824,
  "龙大哥辣子鸡(小河店)": 553,
  "笔记安顺夺夺粉小河分店": 496,
  "星月楼": 407,
  "榕筑鲜花广场": 723,
  "中航工业贵航大厦(锦江路)": 405,
  "千里香馄饨王": 434,
  "重庆乌鱼府": 736
}