{
  "金关社区": 661,
  "贵阳市金关小学": 1573,
  "贵州五龙腾溪酒业有限公司全国运营中心": 1178,
  "贵阳睿缘旅社": 426,
  "三月未来教育": 988,
  "贵阳市绿化处基质场": 553,
  "花果园S区3区": 771,
  "贵阳市渣土管理处": 2119,
  "竹林村村委会": 1478,
  "新烂泥沟": 416,
  "农业科学院附属中学小学部": 436,
  "金竹镇省农科院交流中心": 1407,
  "贵阳市机动车科目一考场东方考点": 2227,
  "潜乡虾皇": 971,
  "贵州万家灯火电器科技有限公司": 756,
  "誉将安全门": 966,
  "金东国际": 408,
  "贵阳依倩宾馆": 1248,
  "石板镇人民代表大会": 830,
  "环山烧烤": 592,
  "梵隐(天河潭店)": 592,
  "顶帝门窗贵阳分厂": 549,
  "摆顶": 485,
  "花溪海丰建材厂": 627,
  "001县道": 1100,
  "天河潭风景区-梦草亭": 903,
  "合肥路": 3024,
  "贵阳市长城职业学校(花溪校区)": 904,
  "390村道": 537
}