{
  "贵州黔龙东奥汽车驾驶培训有限公司": 763,
  "390村道": 1130,
  "贵阳市长城职业学校(花溪校区)": 3250,
  "合肥路": 1129,
  "天河潭风景区-梦草亭": 1326,
  "001县道": 853,
  "花溪海丰建材厂": 711,
  "摆顶": 775,
  "顶帝门窗贵阳分厂": 818,
  "梵隐(天河潭店)": 818,
  "环山烧烤": 1056,
  "石板镇人民代表大会": 1474,
  "贵阳依倩宾馆": 634,
  "金东国际": 1192,
  "誉将安全门": 982,
  "贵州万家灯火电器科技有限公司": 1197,
  "潜乡虾皇": 2453,
  "贵阳市机动车科目一考场东方考点": 1633,
  "金竹镇省农科院交流中心": 662,
  "农业科学院附属中学小学部": 642,
  "新烂泥沟": 1704,
  "竹林村村委会": 2345,
  "贵阳市渣土管理处": 997,
  "花果园S区3区": 779,
  "贵阳市绿化处基质场": 1214,
  "三月未来教育": 652,
  "贵阳睿缘旅社": 1404,
  "贵州五龙腾溪酒业有限公司全国运营中心": 1799,
  "贵阳市金关小学": 887
}