{
  "up": {
    "1": "金关社区",
    "2": "贵阳市金关小学",
    "3": "贵州五龙腾溪酒业有限公司全国运营中心",
    "4": "贵阳睿缘旅社",
    "5": "三月未来教育",
    "6": "贵阳市绿化处基质场",
    "7": "花果园S区3区",
    "8": "贵阳市渣土管理处",
    "9": "竹林村村委会",
    "10": "新烂泥沟",
    "11": "农业科学院附属中学小学部",
    "12": "金竹镇省农科院交流中心",
    "13": "贵阳市机动车科目一考场东方考点",
    "14": "潜乡虾皇",
    "15": "贵州万家灯火电器科技有限公司",
    "16": "誉将安全门",
    "17": "金东国际",
    "18": "贵阳依倩宾馆",
    "19": "石板镇人民代表大会",
    "20": "环山烧烤",
    "21": "梵隐(天河潭店)",
    "22": "顶帝门窗贵阳分厂",
    "23": "摆顶",
    "24": "花溪海丰建材厂",
    "25": "001县道",
    "26": "天河潭风景区-梦草亭",
    "27": "合肥路",
    "28": "贵阳市长城职业学校(花溪校区)",
    "29": "390村道",
    "30": "贵州黔龙东奥汽车驾驶培训有限公司"
  },
  "down": {
    "31": "贵州黔龙东奥汽车驾驶培训有限公司",
    "32": "390村道",
    "33": "贵阳市长城职业学校(花溪校区)",
    "34": "合肥路",
    "35": "天河潭风景区-梦草亭",
    "36": "001县道",
    "37": "花溪海丰建材厂",
    "38": "摆顶",
    "39": "顶帝门窗贵阳分厂",
    "40": "梵隐(天河潭店)",
    "41": "环山烧烤",
    "42": "石板镇人民代表大会",
    "43": "贵阳依倩宾馆",
    "44": "金东国际",
    "45": "誉将安全门",
    "46": "贵州万家灯火电器科技有限公司",
    "47": "潜乡虾皇",
    "48": "贵阳市机动车科目一考场东方考点",
    "49": "金竹镇省农科院交流中心",
    "50": "农业科学院附属中学小学部",
    "51": "新烂泥沟",
    "52": "竹林村村委会",
    "53": "贵阳市渣土管理处",
    "54": "花果园S区3区",
    "55": "贵阳市绿化处基质场",
    "56": "三月未来教育",
    "57": "贵阳睿缘旅社",
    "58": "贵州五龙腾溪酒业有限公司全国运营中心",
    "59": "贵阳市金关小学",
    "60": "金关社区"
  }
}