{
  "up": {
    "金关社区": 1,
    "贵阳市金关小学": 2,
    "贵州五龙腾溪酒业有限公司全国运营中心": 3,
    "贵阳睿缘旅社": 4,
    "三月未来教育": 5,
    "贵阳市绿化处基质场": 6,
    "花果园S区3区": 7,
    "贵阳市渣土管理处": 8,
    "竹林村村委会": 9,
    "新烂泥沟": 10,
    "农业科学院附属中学小学部": 11,
    "金竹镇省农科院交流中心": 12,
    "贵阳市机动车科目一考场东方考点": 13,
    "潜乡虾皇": 14,
    "贵州万家灯火电器科技有限公司": 15,
    "誉将安全门": 16,
    "金东国际": 17,
    "贵阳依倩宾馆": 18,
    "石板镇人民代表大会": 19,
    "环山烧烤": 20,
    "梵隐(天河潭店)": 21,
    "顶帝门窗贵阳分厂": 22,
    "摆顶": 23,
    "花溪海丰建材厂": 24,
    "001县道": 25,
    "天河潭风景区-梦草亭": 26,
    "合肥路": 27,
    "贵阳市长城职业学校(花溪校区)": 28,
    "390村道": 29,
    "贵州黔龙东奥汽车驾驶培训有限公司": 30
  },
  "down": {
    "贵州黔龙东奥汽车驾驶培训有限公司": 31,
    "390村道": 32,
    "贵阳市长城职业学校(花溪校区)": 33,
    "合肥路": 34,
    "天河潭风景区-梦草亭": 35,
    "001县道": 36,
    "花溪海丰建材厂": 37,
    "摆顶": 38,
    "顶帝门窗贵阳分厂": 39,
    "梵隐(天河潭店)": 40,
    "环山烧烤": 41,
    "石板镇人民代表大会": 42,
    "贵阳依倩宾馆": 43,
    "金东国际": 44,
    "誉将安全门": 45,
    "贵州万家灯火电器科技有限公司": 46,
    "潜乡虾皇": 47,
    "贵阳市机动车科目一考场东方考点": 48,
    "金竹镇省农科院交流中心": 49,
    "农业科学院附属中学小学部": 50,
    "新烂泥沟": 51,
    "竹林村村委会": 52,
    "贵阳市渣土管理处": 53,
    "花果园S区3区": 54,
    "贵阳市绿化处基质场": 55,
    "三月未来教育": 56,
    "贵阳睿缘旅社": 57,
    "贵州五龙腾溪酒业有限公司全国运营中心": 58,
    "贵阳市金关小学": 59,
    "金关社区": 60
  }
}