{
  "up": {
    "1": "亚特斯酒店(贵阳高铁北站店)",
    "2": "凯里路",
    "3": "刀削面(贵阳观山湖区)",
    "4": "贵阳召唤师电竞酒店",
    "5": "创新东路",
    "6": "贵阳陌上花开酒店",
    "7": "顺风北站科目二考场",
    "8": "贵阳创缘宾馆",
    "9": "贵州省审计厅-培训中心",
    "10": "奥鹏教育(贵阳学习中心)",
    "11": "蔡记红汤丝娃娃",
    "12": "狼外婆卤锅串串(汇金星力城店)",
    "13": "育苗幼儿园(市西路)",
    "14": "一通源中医养生馆(次南门店)",
    "15": "依水丽都",
    "16": "贵州民族文化宫",
    "17": "富中商务大厦",
    "18": "西湖路",
    "19": "卫城王马儿辣子鸡(南明区分店)",
    "20": "米兰西饼(城南枫竹苑南苑店)",
    "21": "贵阳市森林公园-中山园(园林路)",
    "22": "远洋万和世家",
    "23": "贵州教师教育学校",
    "24": "森林公园地铁站A口",
    "25": "贵州建工绿地控股",
    "26": "星巴克(贵阳砂之船店)",
    "27": "机场路入口",
    "28": "云盘(地铁站)",
    "29": "小碧地铁站C口",
    "30": "海洋珊瑚礁鱼区",
    "31": "白龙禅寺",
    "32": "多彩贵州城温泉小镇"
  },
  "down": {
    "33": "多彩贵州城温泉小镇",
    "34": "白龙禅寺",
    "35": "海洋珊瑚礁鱼区",
    "36": "小碧地铁站C口",
    "37": "云盘(地铁站)",
    "38": "机场路入口",
    "39": "星巴克(贵阳砂之船店)",
    "40": "贵州建工绿地控股",
    "41": "森林公园地铁站A口",
    "42": "贵州教师教育学校",
    "43": "远洋万和世家",
    "44": "贵阳市森林公园-中山园(园林路)",
    "45": "米兰西饼(城南枫竹苑南苑店)",
    "46": "卫城王马儿辣子鸡(南明区分店)",
    "47": "西湖路",
    "48": "富中商务大厦",
    "49": "贵州民族文化宫",
    "50": "依水丽都",
    "51": "一通源中医养生馆(次南门店)",
    "52": "育苗幼儿园(市西路)",
    "53": "狼外婆卤锅串串(汇金星力城店)",
    "54": "蔡记红汤丝娃娃",
    "55": "奥鹏教育(贵阳学习中心)",
    "56": "贵州省审计厅-培训中心",
    "57": "贵阳创缘宾馆",
    "58": "顺风北站科目二考场",
    "59": "贵阳陌上花开酒店",
    "60": "创新东路",
    "61": "贵阳召唤师电竞酒店",
    "62": "刀削面(贵阳观山湖区)",
    "63": "凯里路",
    "64": "亚特斯酒店(贵阳高铁北站店)"
  }
}