{
  "多彩贵州城温泉小镇": 545,
  "白龙禅寺": 571,
  "海洋珊瑚礁鱼区": 686,
  "小碧地铁站C口": 510,
  "云盘(地铁站)": 816,
  "机场路入口": 744,
  "星巴克(贵阳砂之船店)": 620,
  "贵州建工绿地控股": 525,
  "森林公园地铁站A口": 697,
  "贵州教师教育学校": 543,
  "远洋万和世家": 774,
  "贵阳市森林公园-中山园(园林路)": 1948,
  "米兰西饼(城南枫竹苑南苑店)": 561,
  "卫城王马儿辣子鸡(南明区分店)": 1250,
  "西湖路": 581,
  "富中商务大厦": 543,
  "贵州民族文化宫": 533,
  "依水丽都": 526,
  "一通源中医养生馆(次南门店)": 804,
  "育苗幼儿园(市西路)": 547,
  "狼外婆卤锅串串(汇金星力城店)": 536,
  "蔡记红汤丝娃娃": 814,
  "奥鹏教育(贵阳学习中心)": 1063,
  "贵州省审计厅-培训中心": 1893,
  "贵阳创缘宾馆": 1036,
  "顺风北站科目二考场": 1299,
  "贵阳陌上花开酒店": 644,
  "创新东路": 536,
  "贵阳召唤师电竞酒店": 594,
  "刀削面(贵阳观山湖区)": 551,
  "凯里路": 518
}