{
  "亚特斯酒店(贵阳高铁北站店)": 419,
  "凯里路": 452,
  "刀削面(贵阳观山湖区)": 495,
  "贵阳召唤师电竞酒店": 437,
  "创新东路": 545,
  "贵阳陌上花开酒店": 1200,
  "顺风北站科目二考场": 937,
  "贵阳创缘宾馆": 1794,
  "贵州省审计厅-培训中心": 964,
  "奥鹏教育(贵阳学习中心)": 715,
  "蔡记红汤丝娃娃": 437,
  "狼外婆卤锅串串(汇金星力城店)": 448,
  "育苗幼儿园(市西路)": 705,
  "一通源中医养生馆(次南门店)": 427,
  "依水丽都": 434,
  "贵州民族文化宫": 444,
  "富中商务大厦": 482,
  "西湖路": 1151,
  "卫城王马儿辣子鸡(南明区分店)": 462,
  "米兰西饼(城南枫竹苑南苑店)": 1849,
  "贵阳市森林公园-中山园(园林路)": 675,
  "远洋万和世家": 444,
  "贵州教师教育学校": 598,
  "森林公园地铁站A口": 426,
  "贵州建工绿地控股": 521,
  "星巴克(贵阳砂之船店)": 645,
  "机场路入口": 717,
  "云盘(地铁站)": 411,
  "小碧地铁站C口": 587,
  "海洋珊瑚礁鱼区": 472,
  "白龙禅寺": 446
}