{
  "up": {
    "亚特斯酒店(贵阳高铁北站店)": 1,
    "凯里路": 2,
    "刀削面(贵阳观山湖区)": 3,
    "贵阳召唤师电竞酒店": 4,
    "创新东路": 5,
    "贵阳陌上花开酒店": 6,
    "顺风北站科目二考场": 7,
    "贵阳创缘宾馆": 8,
    "贵州省审计厅-培训中心": 9,
    "奥鹏教育(贵阳学习中心)": 10,
    "蔡记红汤丝娃娃": 11,
    "狼外婆卤锅串串(汇金星力城店)": 12,
    "育苗幼儿园(市西路)": 13,
    "一通源中医养生馆(次南门店)": 14,
    "依水丽都": 15,
    "贵州民族文化宫": 16,
    "富中商务大厦": 17,
    "西湖路": 18,
    "卫城王马儿辣子鸡(南明区分店)": 19,
    "米兰西饼(城南枫竹苑南苑店)": 20,
    "贵阳市森林公园-中山园(园林路)": 21,
    "远洋万和世家": 22,
    "贵州教师教育学校": 23,
    "森林公园地铁站A口": 24,
    "贵州建工绿地控股": 25,
    "星巴克(贵阳砂之船店)": 26,
    "机场路入口": 27,
    "云盘(地铁站)": 28,
    "小碧地铁站C口": 29,
    "海洋珊瑚礁鱼区": 30,
    "白龙禅寺": 31,
    "多彩贵州城温泉小镇": 32
  },
  "down": {
    "多彩贵州城温泉小镇": 33,
    "白龙禅寺": 34,
    "海洋珊瑚礁鱼区": 35,
    "小碧地铁站C口": 36,
    "云盘(地铁站)": 37,
    "机场路入口": 38,
    "星巴克(贵阳砂之船店)": 39,
    "贵州建工绿地控股": 40,
    "森林公园地铁站A口": 41,
    "贵州教师教育学校": 42,
    "远洋万和世家": 43,
    "贵阳市森林公园-中山园(园林路)": 44,
    "米兰西饼(城南枫竹苑南苑店)": 45,
    "卫城王马儿辣子鸡(南明区分店)": 46,
    "西湖路": 47,
    "富中商务大厦": 48,
    "贵州民族文化宫": 49,
    "依水丽都": 50,
    "一通源中医养生馆(次南门店)": 51,
    "育苗幼儿园(市西路)": 52,
    "狼外婆卤锅串串(汇金星力城店)": 53,
    "蔡记红汤丝娃娃": 54,
    "奥鹏教育(贵阳学习中心)": 55,
    "贵州省审计厅-培训中心": 56,
    "贵阳创缘宾馆": 57,
    "顺风北站科目二考场": 58,
    "贵阳陌上花开酒店": 59,
    "创新东路": 60,
    "贵阳召唤师电竞酒店": 61,
    "刀削面(贵阳观山湖区)": 62,
    "凯里路": 63,
    "亚特斯酒店(贵阳高铁北站店)": 64
  }
}