{
  "清镇市中等职业技术学校": {
    "time": [
      "06:14:27",
      "06:29:32",
      "06:44:50",
      "06:59:58",
      "07:14:25",
      "07:28:40",
      "07:44:30",
      "07:59:12",
      "08:13:45",
      "08:28:55",
      "08:44:24",
      "09:00:11",
      "09:15:51",
      "09:30:29",
      "09:45:13",
      "10:00:02",
      "10:14:18",
      "10:29:49",
      "10:44:04",
      "10:58:38",
      "11:13:09",
      "11:28:07",
      "11:43:40",
      "11:58:49",
      "12:13:03",
      "12:27:45",
      "12:42:56",
      "12:58:04",
      "13:13:44",
      "13:28:21",
      "13:42:33",
      "13:57:56",
      "14:13:13",
      "14:28:53",
      "14:43:15",
      "14:57:32",
      "15:13:10",
      "15:28:48",
      "15:44:20",
      "15:58:55",
      "16:13:06",
      "16:28:24",
      "16:42:49",
      "16:58:25",
      "17:14:12",
      "17:28:55",
      "17:44:45",
      "17:59:44",
      "18:14:39",
      "18:29:00",
      "18:43:36",
      "18:58:21",
      "19:13:58",
      "19:29:34",
      "19:44:35",
      "19:59:13",
      "20:13:46",
      "20:28:03",
      "20:43:05",
      "20:57:23",
      "21:12:32",
      "21:27:07",
      "21:42:50",
      "21:57:11",
      "22:12:58"
    ],
    "board": [
      13,
      8,
      10,
      8,
      8,
      12,
      3,
      11,
      0,
      6,
      1,
      15,
      4,
      2,
      11,
      12,
      1,
      12,
      3,
      14,
      13,
      9,
      2,
      15,
      2,
      2,
      11,
      3,
      0,
      6,
      0,
      11,
      1,
      1,
      11,
      2,
      12,
      10,
      10,
      5,
      2,
      6,
      1,
      4,
      10,
      9,
      1,
      7,
      4,
      3,
      4,
      10,
      8,
      2,
      10,
      15,
      2,
      11,
      9,
      1,
      8,
      15,
      6,
      8,
      12
    ],
    "alight": [
      0,
      0,
      0,
      0,
      0,
      0,
      0,
      0,
      0,
      0,
      0,
      0,
      0,
      0,
      0,
      0,
      0,
      0,
      0,
      0,
      0,
      0,
      0,
      0,
      0,
      0,
      0,
      0,
      0,
      0,
      0,
      0,
      0,
      0,
      0,
      0,
      0,
      0,
      0,
      0,
      0,
      0,
      0,
      0,
      0,
      0,
      0,
      0,
      0,
      0,
      0,
      0,
      0,
      0,
      0,
      0,
      0,
      0,
      0,
      0,
      0,
      0,
      0,
      0,
      0
    ]
  },
  "九聚坊(银河世纪店)": {
    "time": [
      "06:14:27",
      "06:29:32",
      "06:44:50",
      "06:59:58",
      "07:14:25",
      "07:28:40",
      "07:44:30",
      "07:59:12",
      "08:13:45",
      "08:28:55",
      "08:44:24",
      "09:00:11",
      "09:15:51",
      "09:30:29",
      "09:45:13",
      "10:00:02",
      "10:14:18",
      "10:29:49",
      "10:44:04",
      "10:58:38",
      "11:13:09",
      "11:28:07",
      "11:43:40",
      "11:58:49",
      "12:13:03",
      "12:27:45",
      "12:42:56",
      "12:58:04",
      "13:13:44",
      "13:28:21",
      "13:42:33",
      "13:57:56",
      "14:13:13",
      "14:28:53",
      "14:43:15",
      "14:57:32",
      "15:13:10",
      "15:28:48",
      "15:44:20",
      "15:58:55",
      "16:13:06",
      "16:28:24",
      "16:42:49",
      "16:58:25",
      "17:14:12",
      "17:28:55",
      "17:44:45",
      "17:59:44",
      "18:14:39",
      "18:29:00",
      "18:43:36",
      "18:58:21",
      "19:13:58",
      "19:29:34",
      "19:44:35",
      "19:59:13",
      "20:13:46",
      "20:28:03",
      "20:43:05",
      "20:57:23",
      "21:12:32",
      "21:27:07",
      "21:42:50",
      "21:57:11",
      "22:12:58"
    ],
    "board": [
      7,
      2,
      9,
      6,
      4,
      10,
      15,
      14,
      6,
      10,
      8,
      11,
      1,
      11,
      10,
      14,
      5,
      6,
      13,
      11,
      8,
      1,
      9,
      1,
      12,
      0,
      2,
      3,
      9,
      15,
      5,
      13,
      1,
      12,
      10,
      3,
      2,
      4,
      4,
      15,
      13,
      7,
      2,
      0,
      2,
      10,
      1,
      1,
      7,
      12,
      2,
      14,
      10,
      3,
      7,
      8,
      8,
      10,
      13,
      8,
      0,
      1,
      6,
      9,
      11
    ],
    "alight": [
      0,
      0,
      0,
      0,
      0,
      0,
      0,
      0,
      0,
      0,
      0,
      0,
      0,
      0,
      0,
      0,
      0,
      0,
      0,
      0,
      0,
      0,
      0,
      0,
      0,
      0,
      0,
      0,
      0,
      0,
      0,
      0,
      0,
      0,
      0,
      0,
      0,
      0,
      0,
      0,
      0,
      0,
      0,
      0,
      0,
      0,
      0,
      0,
      0,
      0,
      0,
      0,
      0,
      0,
      0,
      0,
      0,
      0,
      0,
      0,
      0,
      0,
      0,
      0,
      0
    ]
  },
  "凉水井村村委会": {
    "time": [
      "06:14:27",
      "06:29:32",
      "06:44:50",
      "06:59:58",
      "07:14:25",
      "07:28:40",
      "07:44:30",
      "07:59:12",
      "08:13:45",
      "08:28:55",
      "08:44:24",
      "09:00:11",
      "09:15:51",
      "09:30:29",
      "09:45:13",
      "10:00:02",
      "10:14:18",
      "10:29:49",
      "10:44:04",
      "10:58:38",
      "11:13:09",
      "11:28:07",
      "11:43:40",
      "11:58:49",
      "12:13:03",
      "12:27:45",
      "12:42:56",
      "12:58:04",
      "13:13:44",
      "13:28:21",
      "13:42:33",
      "13:57:56",
      "14:13:13",
      "14:28:53",
      "14:43:15",
      "14:57:32",
      "15:13:10",
      "15:28:48",
      "15:44:20",
      "15:58:55",
      "16:13:06",
      "16:28:24",
      "16:42:49",
      "16:58:25",
      "17:14:12",
      "17:28:55",
      "17:44:45",
      "17:59:44",
      "18:14:39",
      "18:29:00",
      "18:43:36",
      "18:58:21",
      "19:13:58",
      "19:29:34",
      "19:44:35",
      "19:59:13",
      "20:13:46",
      "20:28:03",
      "20:43:05",
      "20:57:23",
      "21:12:32",
      "21:27:07",
      "21:42:50",
      "21:57:11",
      "22:12:58"
    ],
    "board": [
      12,
      11,
      1,
      0,
      2,
      8,
      7,
      6,
      12,
      13,
      12,
      10,
      6,
      1,
      14,
      6,
      0,
      8,
      6,
      1,
      3,
      13,
      11,
      1,
      9,
      9,
      11,
      2,
      7,
      2,
      13,
      2,
      3,
      10,
      9,
      12,
      7,
      8,
      12,
      1,
      15,
      9,
      9,
      1,
      10,
      6,
      8,
      11,
      12,
      9,
      3,
      6,
      8,
      11,
      10,
      15,
      8,
      9,
      9,
      11,
      13,
      1,
      3,
      7,
      4
    ],
    "alight": [
      0,
      0,
      0,
      0,
      0,
      0,
      0,
      0,
      0,
      0,
      0,
      0,
      0,
      0,
      0,
      0,
      0,
      0,
      0,
      0,
      0,
      0,
      0,
      0,
      0,
      0,
      0,
      0,
      0,
      0,
      0,
      0,
      0,
      0,
      0,
      0,
      0,
      0,
      0,
      0,
      0,
      0,
      0,
      0,
      0,
      0,
      0,
      0,
      0,
      0,
      2,
      1,
      0,
      0,
      0,
      0,
      0,
      0,
      0,
      0,
      0,
      0,
      0,
      0,
      0
    ]
  },
  "广大上城南区C1组团": {
    "time": [
      "06:14:27",
      "06:29:32",
      "06:44:50",
      "06:59:58",
      "07:14:25",
      "07:28:40",
      "07:44:30",
      "07:59:12",
      "08:13:45",
      "08:28:55",
      "08:44:24",
      "09:00:11",
      "09:15:51",
      "09:30:29",
      "09:45:13",
      "10:00:02",
      "10:14:18",
      "10:29:49",
      "10:44:04",
      "10:58:38",
      "11:13:09",
      "11:28:07",
      "11:43:40",
      "11:58:49",
      "12:13:03",
      "12:27:45",
      "12:42:56",
      "12:58:04",
      "13:13:44",
      "13:28:21",
      "13:42:33",
      "13:57:56",
      "14:13:13",
      "14:28:53",
      "14:43:15",
      "14:57:32",
      "15:13:10",
      "15:28:48",
      "15:44:20",
      "15:58:55",
      "16:13:06",
      "16:28:24",
      "16:42:49",
      "16:58:25",
      "17:14:12",
      "17:28:55",
      "17:44:45",
      "17:59:44",
      "18:14:39",
      "18:29:00",
      "18:43:36",
      "18:58:21",
      "19:13:58",
      "19:29:34",
      "19:44:35",
      "19:59:13",
      "20:13:46",
      "20:28:03",
      "20:43:05",
      "20:57:23",
      "21:12:32",
      "21:27:07",
      "21:42:50",
      "21:57:11",
      "22:12:58"
    ],
    "board": [
      11,
      11,
      7,
      15,
      12,
      12,
      13,
      5,
      7,
      10,
      11,
      9,
      11,
      0,
      7,
      8,
      4,
      13,
      11,
      11,
      11,
      6,
      6,
      0,
      13,
      13,
      9,
      8,
      11,
      11,
      8,
      10,
      15,
      1,
      0,
      12,
      1,
      2,
      6,
      6,
      2,
      13,
      8,
      10,
      7,
      8,
      15,
      13,
      0,
      8,
      7,
      3,
      10,
      10,
      10,
      15,
      5,
      4,
      10,
      14,
      10,
      1,
      13,
      12,
      14
    ],
    "alight": [
      0,
      4,
      0,
      0,
      0,
      0,
      3,
      0,
      0,
      0,
      0,
      0,
      0,
      0,
      0,
      0,
      0,
      0,
      0,
      0,
      0,
      0,
      0,
      0,
      0,
      0,
      0,
      0,
      0,
      0,
      0,
      0,
      3,
      0,
      0,
      0,
      0,
      0,
      0,
      0,
      0,
      0,
      0,
      0,
      0,
      2,
      0,
      0,
      0,
      0,
      0,
      0,
      0,
      0,
      0,
      0,
      0,
      0,
      0,
      0,
      0,
      0,
      0,
      0,
      0
    ]
  },
  "余生有味": {
    "time": [
      "06:14:27",
      "06:29:32",
      "06:44:50",
      "06:59:58",
      "07:14:25",
      "07:28:40",
      "07:44:30",
      "07:59:12",
      "08:13:45",
      "08:28:55",
      "08:44:24",
      "09:00:11",
      "09:15:51",
      "09:30:29",
      "09:45:13",
      "10:00:02",
      "10:14:18",
      "10:29:49",
      "10:44:04",
      "10:58:38",
      "11:13:09",
      "11:28:07",
      "11:43:40",
      "11:58:49",
      "12:13:03",
      "12:27:45",
      "12:42:56",
      "12:58:04",
      "13:13:44",
      "13:28:21",
      "13:42:33",
      "13:57:56",
      "14:13:13",
      "14:28:53",
      "14:43:15",
      "14:57:32",
      "15:13:10",
      "15:28:48",
      "15:44:20",
      "15:58:55",
      "16:13:06",
      "16:28:24",
      "16:42:49",
      "16:58:25",
      "17:14:12",
      "17:28:55",
      "17:44:45",
      "17:59:44",
      "18:14:39",
      "18:29:00",
      "18:43:36",
      "18:58:21",
      "19:13:58",
      "19:29:34",
      "19:44:35",
      "19:59:13",
      "20:13:46",
      "20:28:03",
      "20:43:05",
      "20:57:23",
      "21:12:32",
      "21:27:07",
      "21:42:50",
      "21:57:11",
      "22:12:58"
    ],
    "board": [
      13,
      4,
      11,
      12,
      12,
      15,
      5,
      2,
      11,
      3,
      2,
      0,
      10,
      14,
      5,
      3,
      12,
      10,
      11,
      14,
      11,
      1,
      15,
      8,
      0,
      6,
      12,
      1,
      0,
      8,
      1,
      13,
      11,
      11,
      2,
      15,
      12,
      10,
      7,
      13,
      10,
      9,
      4,
      12,
      14,
      13,
      5,
      6,
      11,
      12,
      11,
      4,
      1,
      12,
      12,
      14,
      1,
      12,
      14,
      13,
      14,
      10,
      3,
      0,
      1
    ],
    "alight": [
      6,
      15,
      4,
      8,
      0,
      11,
      5,
      8,
      10,
      14,
      8,
      8,
      1,
      12,
      2,
      15,
      13,
      13,
      9,
      8,
      8,
      13,
      11,
      10,
      12,
      7,
      14,
      13,
      2,
      12,
      0,
      10,
      10,
      8,
      10,
      14,
      3,
      2,
      4,
      0,
      12,
      12,
      3,
      10,
      10,
      3,
      7,
      14,
      12,
      12,
      14,
      1,
      7,
      7,
      5,
      4,
      10,
      4,
      15,
      14,
      14,
      11,
      9,
      11,
      9
    ]
  },
  "贵阳蔻华汽车部件有限公司": {
    "time": [
      "06:14:27",
      "06:29:32",
      "06:44:50",
      "06:59:58",
      "07:14:25",
      "07:28:40",
      "07:44:30",
      "07:59:12",
      "08:13:45",
      "08:28:55",
      "08:44:24",
      "09:00:11",
      "09:15:51",
      "09:30:29",
      "09:45:13",
      "10:00:02",
      "10:14:18",
      "10:29:49",
      "10:44:04",
      "10:58:38",
      "11:13:09",
      "11:28:07",
      "11:43:40",
      "11:58:49",
      "12:13:03",
      "12:27:45",
      "12:42:56",
      "12:58:04",
      "13:13:44",
      "13:28:21",
      "13:42:33",
      "13:57:56",
      "14:13:13",
      "14:28:53",
      "14:43:15",
      "14:57:32",
      "15:13:10",
      "15:28:48",
      "15:44:20",
      "15:58:55",
      "16:13:06",
      "16:28:24",
      "16:42:49",
      "16:58:25",
      "17:14:12",
      "17:28:55",
      "17:44:45",
      "17:59:44",
      "18:14:39",
      "18:29:00",
      "18:43:36",
      "18:58:21",
      "19:13:58",
      "19:29:34",
      "19:44:35",
      "19:59:13",
      "20:13:46",
      "20:28:03",
      "20:43:05",
      "20:57:23",
      "21:12:32",
      "21:27:07",
      "21:42:50",
      "21:57:11",
      "22:12:58"
    ],
    "board": [
      5,
      4,
      2,
      12,
      5,
      2,
      15,
      4,
      4,
      2,
      0,
      7,
      1,
      7,
      1,
      1,
      8,
      12,
      0,
      4,
      9,
      8,
      10,
      2,
      8,
      5,
      12,
      3,
      11,
      1,
      0,
      3,
      5,
      8,
      1,
      1,
      14,
      10,
      5,
      12,
      5,
      1,
      11,
      9,
      4,
      6,
      9,
      7,
      4,
      7,
      14,
      5,
      4,
      4,
      12,
      7,
      4,
      2,
      7,
      5,
      0,
      11,
      1,
      15,
      2
    ],
    "alight": [
      15,
      3,
      1,
      4,
      15,
      10,
      4,
      5,
      9,
      6,
      8,
      0,
      8,
      13,
      2,
      9,
      6,
      14,
      6,
      1,
      9,
      6,
      14,
      9,
      4,
      7,
      0,
      8,
      5,
      5,
      8,
      11,
      0,
      15,
      4,
      15,
      10,
      12,
      8,
      5,
      1,
      4,
      12,
      15,
      4,
      8,
      12,
      12,
      14,
      7,
      10,
      11,
      12,
      6,
      2,
      3,
      1,
      9,
      3,
      5,
      4,
      3,
      4,
      9,
      6
    ]
  },
  "黔湖驾校科三场地": {
    "time": [
      "06:14:27",
      "06:29:32",
      "06:44:50",
      "06:59:58",
      "07:14:25",
      "07:28:40",
      "07:44:30",
      "07:59:12",
      "08:13:45",
      "08:28:55",
      "08:44:24",
      "09:00:11",
      "09:15:51",
      "09:30:29",
      "09:45:13",
      "10:00:02",
      "10:14:18",
      "10:29:49",
      "10:44:04",
      "10:58:38",
      "11:13:09",
      "11:28:07",
      "11:43:40",
      "11:58:49",
      "12:13:03",
      "12:27:45",
      "12:42:56",
      "12:58:04",
      "13:13:44",
      "13:28:21",
      "13:42:33",
      "13:57:56",
      "14:13:13",
      "14:28:53",
      "14:43:15",
      "14:57:32",
      "15:13:10",
      "15:28:48",
      "15:44:20",
      "15:58:55",
      "16:13:06",
      "16:28:24",
      "16:42:49",
      "16:58:25",
      "17:14:12",
      "17:28:55",
      "17:44:45",
      "17:59:44",
      "18:14:39",
      "18:29:00",
      "18:43:36",
      "18:58:21",
      "19:13:58",
      "19:29:34",
      "19:44:35",
      "19:59:13",
      "20:13:46",
      "20:28:03",
      "20:43:05",
      "20:57:23",
      "21:12:32",
      "21:27:07",
      "21:42:50",
      "21:57:11",
      "22:12:58"
    ],
    "board": [
      13,
      9,
      8,
      3,
      0,
      15,
      15,
      14,
      7,
      7,
      0,
      14,
      12,
      12,
      10,
      4,
      3,
      6,
      13,
      5,
      14,
      14,
      8,
      13,
      11,
      8,
      9,
      2,
      4,
      6,
      12,
      12,
      2,
      11,
      2,
      9,
      13,
      9,
      6,
      5,
      9,
      6,
      7,
      9,
      12,
      1,
      1,
      12,
      10,
      10,
      14,
      2,
      4,
      6,
      13,
      15,
      0,
      13,
      10,
      11,
      9,
      3,
      7,
      2,
      5
    ],
    "alight": [
      5,
      8,
      15,
      7,
      11,
      10,
      3,
      3,
      13,
      15,
      13,
      1,
      5,
      15,
      3,
      6,
      14,
      5,
      6,
      0,
      11,
      11,
      13,
      5,
      13,
      12,
      4,
      6,
      0,
      4,
      13,
      4,
      13,
      5,
      11,
      9,
      0,
      11,
      11,
      4,
      14,
      7,
      5,
      11,
      5,
      8,
      9,
      13,
      2,
      4,
      15,
      8,
      11,
      0,
      2,
      5,
      14,
      10,
      5,
      7,
      12,
      9,
      11,
      15,
      15
    ]
  },
  "吉利汽车贵阳制造基地": {
    "time": [
      "06:14:27",
      "06:29:32",
      "06:44:50",
      "06:59:58",
      "07:14:25",
      "07:28:40",
      "07:44:30",
      "07:59:12",
      "08:13:45",
      "08:28:55",
      "08:44:24",
      "09:00:11",
      "09:15:51",
      "09:30:29",
      "09:45:13",
      "10:00:02",
      "10:14:18",
      "10:29:49",
      "10:44:04",
      "10:58:38",
      "11:13:09",
      "11:28:07",
      "11:43:40",
      "11:58:49",
      "12:13:03",
      "12:27:45",
      "12:42:56",
      "12:58:04",
      "13:13:44",
      "13:28:21",
      "13:42:33",
      "13:57:56",
      "14:13:13",
      "14:28:53",
      "14:43:15",
      "14:57:32",
      "15:13:10",
      "15:28:48",
      "15:44:20",
      "15:58:55",
      "16:13:06",
      "16:28:24",
      "16:42:49",
      "16:58:25",
      "17:14:12",
      "17:28:55",
      "17:44:45",
      "17:59:44",
      "18:14:39",
      "18:29:00",
      "18:43:36",
      "18:58:21",
      "19:13:58",
      "19:29:34",
      "19:44:35",
      "19:59:13",
      "20:13:46",
      "20:28:03",
      "20:43:05",
      "20:57:23",
      "21:12:32",
      "21:27:07",
      "21:42:50",
      "21:57:11",
      "22:12:58"
    ],
    "board": [
      9,
      5,
      0,
      9,
      7,
      12,
      8,
      9,
      3,
      8,
      10,
      6,
      12,
      15,
      5,
      12,
      15,
      13,
      6,
      13,
      13,
      11,
      0,
      3,
      14,
      4,
      12,
      7,
      1,
      5,
      14,
      7,
      14,
      8,
      5,
      5,
      15,
      5,
      11,
      1,
      5,
      6,
      8,
      9,
      12,
      4,
      15,
      11,
      7,
      14,
      1,
      6,
      13,
      5,
      4,
      10,
      11,
      11,
      10,
      0,
      10,
      13,
      7,
      9,
      4
    ],
    "alight": [
      8,
      7,
      12,
      14,
      14,
      5,
      12,
      6,
      1,
      13,
      7,
      6,
      12,
      12,
      7,
      6,
      15,
      12,
      12,
      9,
      2,
      11,
      10,
      8,
      3,
      1,
      4,
      2,
      5,
      15,
      15,
      4,
      10,
      12,
      12,
      9,
      8,
      1,
      9,
      10,
      14,
      12,
      12,
      7,
      9,
      11,
      6,
      6,
      2,
      4,
      14,
      1,
      9,
      0,
      7,
      2,
      1,
      5,
      13,
      5,
      0,
      8,
      9,
      9,
      4
    ]
  },
  "菱角塘": {
    "time": [
      "06:14:27",
      "06:29:32",
      "06:44:50",
      "06:59:58",
      "07:14:25",
      "07:28:40",
      "07:44:30",
      "07:59:12",
      "08:13:45",
      "08:28:55",
      "08:44:24",
      "09:00:11",
      "09:15:51",
      "09:30:29",
      "09:45:13",
      "10:00:02",
      "10:14:18",
      "10:29:49",
      "10:44:04",
      "10:58:38",
      "11:13:09",
      "11:28:07",
      "11:43:40",
      "11:58:49",
      "12:13:03",
      "12:27:45",
      "12:42:56",
      "12:58:04",
      "13:13:44",
      "13:28:21",
      "13:42:33",
      "13:57:56",
      "14:13:13",
      "14:28:53",
      "14:43:15",
      "14:57:32",
      "15:13:10",
      "15:28:48",
      "15:44:20",
      "15:58:55",
      "16:13:06",
      "16:28:24",
      "16:42:49",
      "16:58:25",
      "17:14:12",
      "17:28:55",
      "17:44:45",
      "17:59:44",
      "18:14:39",
      "18:29:00",
      "18:43:36",
      "18:58:21",
      "19:13:58",
      "19:29:34",
      "19:44:35",
      "19:59:13",
      "20:13:46",
      "20:28:03",
      "20:43:05",
      "20:57:23",
      "21:12:32",
      "21:27:07",
      "21:42:50",
      "21:57:11",
      "22:12:58"
    ],
    "board": [
      3,
      12,
      8,
      9,
      3,
      1,
      0,
      9,
      12,
      3,
      10,
      10,
      10,
      5,
      1,
      0,
      6,
      9,
      4,
      3,
      12,
      3,
      2,
      0,
      3,
      0,
      14,
      13,
      1,
      15,
      4,
      9,
      9,
      14,
      14,
      5,
      13,
      8,
      7,
      8,
      15,
      14,
      11,
      2,
      8,
      6,
      4,
      1,
      1,
      9,
      3,
      10,
      7,
      0,
      1,
      0,
      2,
      2,
      7,
      14,
      13,
      10,
      11,
      6,
      13
    ],
    "alight": [
      5,
      1,
      6,
      0,
      5,
      14,
      8,
      2,
      4,
      8,
      3,
      6,
      13,
      2,
      3,
      13,
      12,
      1,
      1,
      13,
      6,
      8,
      8,
      0,
      2,
      7,
      12,
      5,
      10,
      11,
      6,
      11,
      5,
      12,
      9,
      14,
      13,
      10,
      12,
      6,
      9,
      8,
      4,
      11,
      2,
      9,
      4,
      12,
      15,
      15,
      1,
      2,
      0,
      2,
      8,
      7,
      12,
      6,
      14,
      1,
      3,
      11,
      1,
      7,
      7
    ]
  },
  "名匠广告发光字加工厂": {
    "time": [
      "06:14:27",
      "06:29:32",
      "06:44:50",
      "06:59:58",
      "07:14:25",
      "07:28:40",
      "07:44:30",
      "07:59:12",
      "08:13:45",
      "08:28:55",
      "08:44:24",
      "09:00:11",
      "09:15:51",
      "09:30:29",
      "09:45:13",
      "10:00:02",
      "10:14:18",
      "10:29:49",
      "10:44:04",
      "10:58:38",
      "11:13:09",
      "11:28:07",
      "11:43:40",
      "11:58:49",
      "12:13:03",
      "12:27:45",
      "12:42:56",
      "12:58:04",
      "13:13:44",
      "13:28:21",
      "13:42:33",
      "13:57:56",
      "14:13:13",
      "14:28:53",
      "14:43:15",
      "14:57:32",
      "15:13:10",
      "15:28:48",
      "15:44:20",
      "15:58:55",
      "16:13:06",
      "16:28:24",
      "16:42:49",
      "16:58:25",
      "17:14:12",
      "17:28:55",
      "17:44:45",
      "17:59:44",
      "18:14:39",
      "18:29:00",
      "18:43:36",
      "18:58:21",
      "19:13:58",
      "19:29:34",
      "19:44:35",
      "19:59:13",
      "20:13:46",
      "20:28:03",
      "20:43:05",
      "20:57:23",
      "21:12:32",
      "21:27:07",
      "21:42:50",
      "21:57:11",
      "22:12:58"
    ],
    "board": [
      5,
      9,
      0,
      13,
      14,
      10,
      12,
      4,
      6,
      7,
      6,
      0,
      14,
      6,
      2,
      9,
      3,
      14,
      6,
      11,
      8,
      2,
      8,
      10,
      0,
      14,
      12,
      3,
      15,
      3,
      1,
      10,
      8,
      5,
      4,
      7,
      4,
      6,
      6,
      15,
      9,
      15,
      8,
      3,
      0,
      3,
      12,
      0,
      14,
      4,
      15,
      3,
      0,
      3,
      1,
      11,
      15,
      12,
      0,
      12,
      10,
      11,
      14,
      9,
      8
    ],
    "alight": [
      5,
      11,
      13,
      1,
      2,
      0,
      14,
      14,
      2,
      15,
      12,
      15,
      13,
      3,
      1,
      3,
      5,
      5,
      12,
      0,
      7,
      4,
      14,
      0,
      8,
      5,
      5,
      7,
      6,
      12,
      11,
      14,
      15,
      13,
      4,
      11,
      4,
      15,
      14,
      13,
      10,
      0,
      2,
      10,
      12,
      3,
      6,
      8,
      0,
      10,
      13,
      14,
      6,
      14,
      5,
      2,
      15,
      1,
      5,
      5,
      2,
      13,
      15,
      7,
      10
    ]
  },
  "碧桂园贵州区域": {
    "time": [
      "06:14:27",
      "06:29:32",
      "06:44:50",
      "06:59:58",
      "07:14:25",
      "07:28:40",
      "07:44:30",
      "07:59:12",
      "08:13:45",
      "08:28:55",
      "08:44:24",
      "09:00:11",
      "09:15:51",
      "09:30:29",
      "09:45:13",
      "10:00:02",
      "10:14:18",
      "10:29:49",
      "10:44:04",
      "10:58:38",
      "11:13:09",
      "11:28:07",
      "11:43:40",
      "11:58:49",
      "12:13:03",
      "12:27:45",
      "12:42:56",
      "12:58:04",
      "13:13:44",
      "13:28:21",
      "13:42:33",
      "13:57:56",
      "14:13:13",
      "14:28:53",
      "14:43:15",
      "14:57:32",
      "15:13:10",
      "15:28:48",
      "15:44:20",
      "15:58:55",
      "16:13:06",
      "16:28:24",
      "16:42:49",
      "16:58:25",
      "17:14:12",
      "17:28:55",
      "17:44:45",
      "17:59:44",
      "18:14:39",
      "18:29:00",
      "18:43:36",
      "18:58:21",
      "19:13:58",
      "19:29:34",
      "19:44:35",
      "19:59:13",
      "20:13:46",
      "20:28:03",
      "20:43:05",
      "20:57:23",
      "21:12:32",
      "21:27:07",
      "21:42:50",
      "21:57:11",
      "22:12:58"
    ],
    "board": [
      0,
      13,
      3,
      13,
      7,
      7,
      10,
      14,
      0,
      2,
      4,
      13,
      10,
      5,
      15,
      14,
      9,
      7,
      14,
      3,
      5,
      13,
      6,
      12,
      6,
      4,
      9,
      13,
      9,
      9,
      11,
      10,
      11,
      8,
      2,
      3,
      10,
      9,
      8,
      3,
      12,
      6,
      6,
      3,
      7,
      2,
      14,
      6,
      3,
      15,
      9,
      4,
      15,
      4,
      9,
      6,
      0,
      13,
      15,
      9,
      1,
      2,
      0,
      2,
      9
    ],
    "alight": [
      0,
      12,
      7,
      9,
      11,
      5,
      12,
      2,
      10,
      10,
      15,
      11,
      14,
      6,
      11,
      4,
      11,
      4,
      6,
      10,
      13,
      5,
      9,
      4,
      5,
      8,
      8,
      1,
      11,
      15,
      1,
      5,
      8,
      11,
      13,
      0,
      14,
      13,
      2,
      1,
      6,
      12,
      2,
      6,
      0,
      10,
      12,
      1,
      2,
      7,
      2,
      5,
      0,
      10,
      2,
      13,
      2,
      9,
      6,
      13,
      4,
      3,
      14,
      3,
      7
    ]
  },
  "小熊猫热汤丝娃娃": {
    "time": [
      "06:14:27",
      "06:29:32",
      "06:44:50",
      "06:59:58",
      "07:14:25",
      "07:28:40",
      "07:44:30",
      "07:59:12",
      "08:13:45",
      "08:28:55",
      "08:44:24",
      "09:00:11",
      "09:15:51",
      "09:30:29",
      "09:45:13",
      "10:00:02",
      "10:14:18",
      "10:29:49",
      "10:44:04",
      "10:58:38",
      "11:13:09",
      "11:28:07",
      "11:43:40",
      "11:58:49",
      "12:13:03",
      "12:27:45",
      "12:42:56",
      "12:58:04",
      "13:13:44",
      "13:28:21",
      "13:42:33",
      "13:57:56",
      "14:13:13",
      "14:28:53",
      "14:43:15",
      "14:57:32",
      "15:13:10",
      "15:28:48",
      "15:44:20",
      "15:58:55",
      "16:13:06",
      "16:28:24",
      "16:42:49",
      "16:58:25",
      "17:14:12",
      "17:28:55",
      "17:44:45",
      "17:59:44",
      "18:14:39",
      "18:29:00",
      "18:43:36",
      "18:58:21",
      "19:13:58",
      "19:29:34",
      "19:44:35",
      "19:59:13",
      "20:13:46",
      "20:28:03",
      "20:43:05",
      "20:57:23",
      "21:12:32",
      "21:27:07",
      "21:42:50",
      "21:57:11",
      "22:12:58"
    ],
    "board": [
      7,
      9,
      11,
      15,
      15,
      1,
      15,
      15,
      2,
      14,
      3,
      4,
      12,
      5,
      9,
      2,
      15,
      6,
      11,
      6,
      15,
      7,
      9,
      12,
      11,
      14,
      4,
      9,
      13,
      4,
      13,
      8,
      10,
      3,
      2,
      7,
      8,
      6,
      4,
      8,
      7,
      8,
      3,
      0,
      11,
      14,
      14,
      13,
      9,
      2,
      2,
      1,
      3,
      12,
      12,
      1,
      3,
      3,
      11,
      0,
      10,
      3,
      13,
      9,
      14
    ],
    "alight": [
      5,
      3,
      0,
      0,
      2,
      11,
      9,
      11,
      15,
      6,
      12,
      12,
      5,
      15,
      14,
      11,
      10,
      4,
      9,
      3,
      4,
      3,
      13,
      13,
      9,
      0,
      0,
      7,
      9,
      12,
      8,
      5,
      3,
      0,
      9,
      9,
      1,
      8,
      14,
      6,
      3,
      9,
      11,
      7,
      14,
      4,
      4,
      6,
      0,
      6,
      11,
      15,
      1,
      15,
      6,
      13,
      7,
      11,
      1,
      2,
      15,
      8,
      9,
      4,
      3
    ]
  },
  "西南国际商贸城咨询台(西南国际商贸城1号楼店)": {
    "time": [
      "06:14:27",
      "06:29:32",
      "06:44:50",
      "06:59:58",
      "07:14:25",
      "07:28:40",
      "07:44:30",
      "07:59:12",
      "08:13:45",
      "08:28:55",
      "08:44:24",
      "09:00:11",
      "09:15:51",
      "09:30:29",
      "09:45:13",
      "10:00:02",
      "10:14:18",
      "10:29:49",
      "10:44:04",
      "10:58:38",
      "11:13:09",
      "11:28:07",
      "11:43:40",
      "11:58:49",
      "12:13:03",
      "12:27:45",
      "12:42:56",
      "12:58:04",
      "13:13:44",
      "13:28:21",
      "13:42:33",
      "13:57:56",
      "14:13:13",
      "14:28:53",
      "14:43:15",
      "14:57:32",
      "15:13:10",
      "15:28:48",
      "15:44:20",
      "15:58:55",
      "16:13:06",
      "16:28:24",
      "16:42:49",
      "16:58:25",
      "17:14:12",
      "17:28:55",
      "17:44:45",
      "17:59:44",
      "18:14:39",
      "18:29:00",
      "18:43:36",
      "18:58:21",
      "19:13:58",
      "19:29:34",
      "19:44:35",
      "19:59:13",
      "20:13:46",
      "20:28:03",
      "20:43:05",
      "20:57:23",
      "21:12:32",
      "21:27:07",
      "21:42:50",
      "21:57:11",
      "22:12:58"
    ],
    "board": [
      11,
      10,
      6,
      3,
      12,
      2,
      2,
      7,
      11,
      6,
      4,
      10,
      7,
      4,
      15,
      11,
      8,
      10,
      13,
      5,
      6,
      8,
      4,
      4,
      8,
      10,
      11,
      15,
      10,
      11,
      11,
      4,
      9,
      14,
      8,
      3,
      12,
      1,
      8,
      12,
      15,
      15,
      14,
      12,
      8,
      14,
      11,
      14,
      13,
      3,
      0,
      14,
      10,
      5,
      0,
      0,
      10,
      1,
      12,
      11,
      2,
      11,
      6,
      13,
      4
    ],
    "alight": [
      11,
      6,
      11,
      2,
      13,
      8,
      3,
      13,
      10,
      15,
      12,
      6,
      2,
      4,
      10,
      15,
      2,
      9,
      0,
      6,
      9,
      12,
      2,
      2,
      13,
      0,
      0,
      2,
      3,
      3,
      3,
      2,
      6,
      9,
      5,
      11,
      0,
      2,
      0,
      12,
      7,
      5,
      7,
      15,
      8,
      1,
      13,
      0,
      4,
      7,
      14,
      9,
      4,
      5,
      14,
      4,
      3,
      1,
      13,
      13,
      15,
      5,
      13,
      2,
      10
    ]
  },
  "北京西路辅路": {
    "time": [
      "06:14:27",
      "06:29:32",
      "06:44:50",
      "06:59:58",
      "07:14:25",
      "07:28:40",
      "07:44:30",
      "07:59:12",
      "08:13:45",
      "08:28:55",
      "08:44:24",
      "09:00:11",
      "09:15:51",
      "09:30:29",
      "09:45:13",
      "10:00:02",
      "10:14:18",
      "10:29:49",
      "10:44:04",
      "10:58:38",
      "11:13:09",
      "11:28:07",
      "11:43:40",
      "11:58:49",
      "12:13:03",
      "12:27:45",
      "12:42:56",
      "12:58:04",
      "13:13:44",
      "13:28:21",
      "13:42:33",
      "13:57:56",
      "14:13:13",
      "14:28:53",
      "14:43:15",
      "14:57:32",
      "15:13:10",
      "15:28:48",
      "15:44:20",
      "15:58:55",
      "16:13:06",
      "16:28:24",
      "16:42:49",
      "16:58:25",
      "17:14:12",
      "17:28:55",
      "17:44:45",
      "17:59:44",
      "18:14:39",
      "18:29:00",
      "18:43:36",
      "18:58:21",
      "19:13:58",
      "19:29:34",
      "19:44:35",
      "19:59:13",
      "20:13:46",
      "20:28:03",
      "20:43:05",
      "20:57:23",
      "21:12:32",
      "21:27:07",
      "21:42:50",
      "21:57:11",
      "22:12:58"
    ],
    "board": [
      8,
      1,
      7,
      5,
      1,
      2,
      14,
      5,
      8,
      14,
      6,
      6,
      3,
      0,
      12,
      13,
      5,
      2,
      4,
      13,
      8,
      9,
      8,
      7,
      4,
      4,
      7,
      6,
      11,
      12,
      1,
      7,
      8,
      6,
      12,
      6,
      5,
      3,
      5,
      1,
      15,
      6,
      3,
      15,
      10,
      13,
      13,
      13,
      12,
      3,
      2,
      15,
      10,
      3,
      1,
      0,
      6,
      2,
      12,
      0,
      3,
      14,
      3,
      0,
      10
    ],
    "alight": [
      14,
      5,
      1,
      13,
      11,
      15,
      1,
      0,
      7,
      4,
      4,
      11,
      11,
      14,
      14,
      0,
      14,
      13,
      8,
      9,
      5,
      7,
      7,
      14,
      12,
      0,
      13,
      15,
      9,
      7,
      5,
      14,
      10,
      9,
      4,
      4,
      4,
      3,
      11,
      6,
      6,
      6,
      9,
      7,
      3,
      7,
      14,
      6,
      13,
      5,
      6,
      5,
      9,
      8,
      4,
      2,
      5,
      3,
      7,
      6,
      6,
      12,
      6,
      1,
      6
    ]
  },
  "贵阳市残疾人康复托养中心": {
    "time": [
      "06:14:27",
      "06:29:32",
      "06:44:50",
      "06:59:58",
      "07:14:25",
      "07:28:40",
      "07:44:30",
      "07:59:12",
      "08:13:45",
      "08:28:55",
      "08:44:24",
      "09:00:11",
      "09:15:51",
      "09:30:29",
      "09:45:13",
      "10:00:02",
      "10:14:18",
      "10:29:49",
      "10:44:04",
      "10:58:38",
      "11:13:09",
      "11:28:07",
      "11:43:40",
      "11:58:49",
      "12:13:03",
      "12:27:45",
      "12:42:56",
      "12:58:04",
      "13:13:44",
      "13:28:21",
      "13:42:33",
      "13:57:56",
      "14:13:13",
      "14:28:53",
      "14:43:15",
      "14:57:32",
      "15:13:10",
      "15:28:48",
      "15:44:20",
      "15:58:55",
      "16:13:06",
      "16:28:24",
      "16:42:49",
      "16:58:25",
      "17:14:12",
      "17:28:55",
      "17:44:45",
      "17:59:44",
      "18:14:39",
      "18:29:00",
      "18:43:36",
      "18:58:21",
      "19:13:58",
      "19:29:34",
      "19:44:35",
      "19:59:13",
      "20:13:46",
      "20:28:03",
      "20:43:05",
      "20:57:23",
      "21:12:32",
      "21:27:07",
      "21:42:50",
      "21:57:11",
      "22:12:58"
    ],
    "board": [
      0,
      13,
      7,
      13,
      0,
      10,
      10,
      10,
      15,
      0,
      0,
      1,
      2,
      6,
      8,
      15,
      3,
      12,
      7,
      0,
      9,
      1,
      11,
      8,
      7,
      10,
      8,
      2,
      1,
      0,
      8,
      3,
      11,
      4,
      11,
      5,
      4,
      13,
      3,
      3,
      8,
      1,
      2,
      11,
      11,
      2,
      14,
      13,
      6,
      9,
      15,
      8,
      4,
      2,
      3,
      5,
      7,
      13,
      12,
      4,
      12,
      5,
      13,
      13,
      5
    ],
    "alight": [
      11,
      6,
      7,
      14,
      3,
      3,
      4,
      5,
      10,
      3,
      4,
      10,
      1,
      1,
      7,
      5,
      15,
      14,
      8,
      11,
      15,
      2,
      0,
      10,
      10,
      13,
      3,
      13,
      2,
      6,
      3,
      7,
      7,
      0,
      11,
      7,
      1,
      15,
      9,
      0,
      4,
      7,
      5,
      9,
      15,
      6,
      3,
      4,
      7,
      3,
      14,
      1,
      2,
      9,
      10,
      0,
      0,
      15,
      7,
      14,
      7,
      10,
      13,
      2,
      0
    ]
  },
  "贵州职业技术学院": {
    "time": [
      "06:14:27",
      "06:29:32",
      "06:44:50",
      "06:59:58",
      "07:14:25",
      "07:28:40",
      "07:44:30",
      "07:59:12",
      "08:13:45",
      "08:28:55",
      "08:44:24",
      "09:00:11",
      "09:15:51",
      "09:30:29",
      "09:45:13",
      "10:00:02",
      "10:14:18",
      "10:29:49",
      "10:44:04",
      "10:58:38",
      "11:13:09",
      "11:28:07",
      "11:43:40",
      "11:58:49",
      "12:13:03",
      "12:27:45",
      "12:42:56",
      "12:58:04",
      "13:13:44",
      "13:28:21",
      "13:42:33",
      "13:57:56",
      "14:13:13",
      "14:28:53",
      "14:43:15",
      "14:57:32",
      "15:13:10",
      "15:28:48",
      "15:44:20",
      "15:58:55",
      "16:13:06",
      "16:28:24",
      "16:42:49",
      "16:58:25",
      "17:14:12",
      "17:28:55",
      "17:44:45",
      "17:59:44",
      "18:14:39",
      "18:29:00",
      "18:43:36",
      "18:58:21",
      "19:13:58",
      "19:29:34",
      "19:44:35",
      "19:59:13",
      "20:13:46",
      "20:28:03",
      "20:43:05",
      "20:57:23",
      "21:12:32",
      "21:27:07",
      "21:42:50",
      "21:57:11",
      "22:12:58"
    ],
    "board": [
      14,
      2,
      13,
      0,
      6,
      0,
      6,
      15,
      5,
      8,
      15,
      4,
      12,
      11,
      8,
      6,
      8,
      9,
      14,
      3,
      15,
      12,
      6,
      2,
      0,
      5,
      12,
      6,
      15,
      15,
      12,
      12,
      11,
      1,
      15,
      7,
      12,
      8,
      1,
      4,
      1,
      13,
      11,
      1,
      5,
      15,
      3,
      10,
      9,
      6,
      0,
      1,
      13,
      11,
      11,
      13,
      9,
      11,
      6,
      3,
      10,
      8,
      13,
      5,
      15
    ],
    "alight": [
      5,
      9,
      15,
      9,
      6,
      7,
      6,
      10,
      10,
      11,
      9,
      14,
      4,
      3,
      4,
      6,
      1,
      13,
      7,
      2,
      4,
      3,
      2,
      3,
      13,
      9,
      15,
      1,
      13,
      1,
      11,
      11,
      13,
      0,
      1,
      4,
      7,
      13,
      1,
      10,
      7,
      5,
      11,
      13,
      12,
      12,
      15,
      1,
      12,
      2,
      6,
      15,
      7,
      11,
      8,
      9,
      2,
      11,
      5,
      4,
      1,
      9,
      4,
      0,
      13
    ]
  },
  "汤霸带皮牛肉粉": {
    "time": [
      "06:14:27",
      "06:29:32",
      "06:44:50",
      "06:59:58",
      "07:14:25",
      "07:28:40",
      "07:44:30",
      "07:59:12",
      "08:13:45",
      "08:28:55",
      "08:44:24",
      "09:00:11",
      "09:15:51",
      "09:30:29",
      "09:45:13",
      "10:00:02",
      "10:14:18",
      "10:29:49",
      "10:44:04",
      "10:58:38",
      "11:13:09",
      "11:28:07",
      "11:43:40",
      "11:58:49",
      "12:13:03",
      "12:27:45",
      "12:42:56",
      "12:58:04",
      "13:13:44",
      "13:28:21",
      "13:42:33",
      "13:57:56",
      "14:13:13",
      "14:28:53",
      "14:43:15",
      "14:57:32",
      "15:13:10",
      "15:28:48",
      "15:44:20",
      "15:58:55",
      "16:13:06",
      "16:28:24",
      "16:42:49",
      "16:58:25",
      "17:14:12",
      "17:28:55",
      "17:44:45",
      "17:59:44",
      "18:14:39",
      "18:29:00",
      "18:43:36",
      "18:58:21",
      "19:13:58",
      "19:29:34",
      "19:44:35",
      "19:59:13",
      "20:13:46",
      "20:28:03",
      "20:43:05",
      "20:57:23",
      "21:12:32",
      "21:27:07",
      "21:42:50",
      "21:57:11",
      "22:12:58"
    ],
    "board": [
      3,
      8,
      10,
      15,
      12,
      0,
      12,
      8,
      10,
      3,
      15,
      11,
      7,
      7,
      9,
      7,
      10,
      8,
      11,
      9,
      8,
      10,
      10,
      0,
      4,
      8,
      6,
      8,
      3,
      13,
      10,
      1,
      15,
      8,
      6,
      2,
      3,
      0,
      7,
      10,
      5,
      13,
      10,
      10,
      6,
      0,
      4,
      8,
      10,
      1,
      12,
      0,
      10,
      7,
      1,
      9,
      9,
      7,
      12,
      2,
      14,
      2,
      3,
      3,
      7
    ],
    "alight": [
      9,
      5,
      1,
      3,
      5,
      5,
      11,
      6,
      9,
      8,
      6,
      7,
      10,
      11,
      0,
      15,
      6,
      12,
      9,
      4,
      9,
      11,
      9,
      7,
      2,
      0,
      14,
      14,
      11,
      9,
      6,
      9,
      11,
      6,
      10,
      13,
      13,
      9,
      9,
      15,
      9,
      15,
      6,
      9,
      0,
      12,
      6,
      15,
      6,
      12,
      2,
      9,
      15,
      0,
      1,
      6,
      15,
      13,
      0,
      4,
      13,
      15,
      9,
      10,
      7
    ]
  },
  "中国光大银行(观山湖支行)": {
    "time": [
      "06:14:27",
      "06:29:32",
      "06:44:50",
      "06:59:58",
      "07:14:25",
      "07:28:40",
      "07:44:30",
      "07:59:12",
      "08:13:45",
      "08:28:55",
      "08:44:24",
      "09:00:11",
      "09:15:51",
      "09:30:29",
      "09:45:13",
      "10:00:02",
      "10:14:18",
      "10:29:49",
      "10:44:04",
      "10:58:38",
      "11:13:09",
      "11:28:07",
      "11:43:40",
      "11:58:49",
      "12:13:03",
      "12:27:45",
      "12:42:56",
      "12:58:04",
      "13:13:44",
      "13:28:21",
      "13:42:33",
      "13:57:56",
      "14:13:13",
      "14:28:53",
      "14:43:15",
      "14:57:32",
      "15:13:10",
      "15:28:48",
      "15:44:20",
      "15:58:55",
      "16:13:06",
      "16:28:24",
      "16:42:49",
      "16:58:25",
      "17:14:12",
      "17:28:55",
      "17:44:45",
      "17:59:44",
      "18:14:39",
      "18:29:00",
      "18:43:36",
      "18:58:21",
      "19:13:58",
      "19:29:34",
      "19:44:35",
      "19:59:13",
      "20:13:46",
      "20:28:03",
      "20:43:05",
      "20:57:23",
      "21:12:32",
      "21:27:07",
      "21:42:50",
      "21:57:11",
      "22:12:58"
    ],
    "board": [
      6,
      9,
      7,
      15,
      8,
      1,
      0,
      9,
      11,
      4,
      3,
      12,
      1,
      11,
      8,
      13,
      14,
      5,
      4,
      7,
      3,
      6,
      1,
      10,
      8,
      4,
      1,
      2,
      6,
      5,
      8,
      2,
      3,
      9,
      1,
      5,
      3,
      4,
      0,
      5,
      1,
      13,
      6,
      12,
      2,
      8,
      0,
      12,
      1,
      3,
      6,
      11,
      11,
      6,
      1,
      7,
      9,
      11,
      1,
      11,
      10,
      7,
      9,
      0,
      10
    ],
    "alight": [
      12,
      3,
      9,
      3,
      5,
      11,
      11,
      10,
      8,
      5,
      3,
      11,
      6,
      11,
      2,
      6,
      1,
      8,
      5,
      4,
      3,
      2,
      7,
      14,
      7,
      0,
      6,
      1,
      13,
      1,
      12,
      11,
      2,
      7,
      11,
      4,
      4,
      2,
      8,
      12,
      14,
      13,
      11,
      9,
      4,
      15,
      15,
      9,
      14,
      12,
      2,
      11,
      6,
      2,
      9,
      15,
      10,
      15,
      9,
      0,
      7,
      4,
      7,
      7,
      5
    ]
  },
  "壹号炒王(福州街店)": {
    "time": [
      "06:14:27",
      "06:29:32",
      "06:44:50",
      "06:59:58",
      "07:14:25",
      "07:28:40",
      "07:44:30",
      "07:59:12",
      "08:13:45",
      "08:28:55",
      "08:44:24",
      "09:00:11",
      "09:15:51",
      "09:30:29",
      "09:45:13",
      "10:00:02",
      "10:14:18",
      "10:29:49",
      "10:44:04",
      "10:58:38",
      "11:13:09",
      "11:28:07",
      "11:43:40",
      "11:58:49",
      "12:13:03",
      "12:27:45",
      "12:42:56",
      "12:58:04",
      "13:13:44",
      "13:28:21",
      "13:42:33",
      "13:57:56",
      "14:13:13",
      "14:28:53",
      "14:43:15",
      "14:57:32",
      "15:13:10",
      "15:28:48",
      "15:44:20",
      "15:58:55",
      "16:13:06",
      "16:28:24",
      "16:42:49",
      "16:58:25",
      "17:14:12",
      "17:28:55",
      "17:44:45",
      "17:59:44",
      "18:14:39",
      "18:29:00",
      "18:43:36",
      "18:58:21",
      "19:13:58",
      "19:29:34",
      "19:44:35",
      "19:59:13",
      "20:13:46",
      "20:28:03",
      "20:43:05",
      "20:57:23",
      "21:12:32",
      "21:27:07",
      "21:42:50",
      "21:57:11",
      "22:12:58"
    ],
    "board": [
      6,
      13,
      2,
      1,
      2,
      7,
      2,
      0,
      15,
      15,
      2,
      7,
      12,
      6,
      3,
      10,
      5,
      15,
      9,
      12,
      14,
      1,
      2,
      0,
      9,
      6,
      12,
      3,
      11,
      14,
      13,
      3,
      12,
      8,
      0,
      7,
      9,
      12,
      10,
      8,
      6,
      2,
      3,
      14,
      7,
      8,
      5,
      11,
      10,
      4,
      0,
      8,
      8,
      3,
      13,
      7,
      15,
      8,
      15,
      0,
      6,
      4,
      1,
      6,
      3
    ],
    "alight": [
      15,
      1,
      8,
      6,
      10,
      8,
      12,
      3,
      9,
      0,
      15,
      1,
      9,
      4,
      11,
      0,
      0,
      0,
      1,
      11,
      14,
      15,
      0,
      12,
      0,
      12,
      3,
      12,
      0,
      12,
      3,
      10,
      11,
      6,
      6,
      11,
      15,
      13,
      5,
      6,
      11,
      1,
      9,
      5,
      10,
      10,
      8,
      7,
      9,
      14,
      15,
      14,
      13,
      10,
      3,
      12,
      5,
      8,
      13,
      13,
      11,
      6,
      3,
      12,
      11
    ]
  },
  "刘二妈米皮(世纪城店)": {
    "time": [
      "06:14:27",
      "06:29:32",
      "06:44:50",
      "06:59:58",
      "07:14:25",
      "07:28:40",
      "07:44:30",
      "07:59:12",
      "08:13:45",
      "08:28:55",
      "08:44:24",
      "09:00:11",
      "09:15:51",
      "09:30:29",
      "09:45:13",
      "10:00:02",
      "10:14:18",
      "10:29:49",
      "10:44:04",
      "10:58:38",
      "11:13:09",
      "11:28:07",
      "11:43:40",
      "11:58:49",
      "12:13:03",
      "12:27:45",
      "12:42:56",
      "12:58:04",
      "13:13:44",
      "13:28:21",
      "13:42:33",
      "13:57:56",
      "14:13:13",
      "14:28:53",
      "14:43:15",
      "14:57:32",
      "15:13:10",
      "15:28:48",
      "15:44:20",
      "15:58:55",
      "16:13:06",
      "16:28:24",
      "16:42:49",
      "16:58:25",
      "17:14:12",
      "17:28:55",
      "17:44:45",
      "17:59:44",
      "18:14:39",
      "18:29:00",
      "18:43:36",
      "18:58:21",
      "19:13:58",
      "19:29:34",
      "19:44:35",
      "19:59:13",
      "20:13:46",
      "20:28:03",
      "20:43:05",
      "20:57:23",
      "21:12:32",
      "21:27:07",
      "21:42:50",
      "21:57:11",
      "22:12:58"
    ],
    "board": [
      3,
      10,
      12,
      15,
      4,
      11,
      11,
      2,
      9,
      14,
      0,
      9,
      7,
      6,
      7,
      3,
      0,
      8,
      15,
      9,
      4,
      15,
      13,
      10,
      13,
      6,
      11,
      5,
      15,
      12,
      2,
      5,
      0,
      7,
      0,
      3,
      8,
      0,
      13,
      13,
      13,
      11,
      14,
      4,
      7,
      10,
      3,
      10,
      0,
      15,
      0,
      14,
      4,
      9,
      8,
      8,
      6,
      15,
      13,
      15,
      13,
      13,
      3,
      10,
      11
    ],
    "alight": [
      13,
      11,
      5,
      6,
      5,
      6,
      9,
      7,
      9,
      14,
      8,
      11,
      10,
      3,
      9,
      8,
      15,
      8,
      15,
      15,
      0,
      11,
      0,
      15,
      14,
      2,
      8,
      1,
      6,
      5,
      11,
      6,
      9,
      11,
      8,
      15,
      9,
      7,
      1,
      10,
      0,
      4,
      11,
      6,
      13,
      3,
      2,
      14,
      15,
      3,
      15,
      9,
      13,
      8,
      12,
      5,
      14,
      7,
      11,
      12,
      1,
      9,
      1,
      5,
      3
    ]
  },
  "老家炒菜": {
    "time": [
      "06:14:27",
      "06:29:32",
      "06:44:50",
      "06:59:58",
      "07:14:25",
      "07:28:40",
      "07:44:30",
      "07:59:12",
      "08:13:45",
      "08:28:55",
      "08:44:24",
      "09:00:11",
      "09:15:51",
      "09:30:29",
      "09:45:13",
      "10:00:02",
      "10:14:18",
      "10:29:49",
      "10:44:04",
      "10:58:38",
      "11:13:09",
      "11:28:07",
      "11:43:40",
      "11:58:49",
      "12:13:03",
      "12:27:45",
      "12:42:56",
      "12:58:04",
      "13:13:44",
      "13:28:21",
      "13:42:33",
      "13:57:56",
      "14:13:13",
      "14:28:53",
      "14:43:15",
      "14:57:32",
      "15:13:10",
      "15:28:48",
      "15:44:20",
      "15:58:55",
      "16:13:06",
      "16:28:24",
      "16:42:49",
      "16:58:25",
      "17:14:12",
      "17:28:55",
      "17:44:45",
      "17:59:44",
      "18:14:39",
      "18:29:00",
      "18:43:36",
      "18:58:21",
      "19:13:58",
      "19:29:34",
      "19:44:35",
      "19:59:13",
      "20:13:46",
      "20:28:03",
      "20:43:05",
      "20:57:23",
      "21:12:32",
      "21:27:07",
      "21:42:50",
      "21:57:11",
      "22:12:58"
    ],
    "board": [
      8,
      4,
      5,
      6,
      14,
      14,
      14,
      10,
      1,
      12,
      0,
      9,
      6,
      5,
      5,
      7,
      10,
      1,
      9,
      8,
      1,
      11,
      2,
      0,
      4,
      11,
      7,
      3,
      10,
      8,
      8,
      5,
      9,
      1,
      13,
      1,
      0,
      5,
      4,
      4,
      11,
      15,
      7,
      10,
      0,
      2,
      15,
      8,
      2,
      14,
      7,
      14,
      15,
      1,
      5,
      10,
      6,
      15,
      12,
      15,
      13,
      1,
      12,
      12,
      4
    ],
    "alight": [
      4,
      1,
      7,
      6,
      4,
      7,
      7,
      11,
      7,
      4,
      10,
      7,
      7,
      12,
      2,
      9,
      6,
      10,
      6,
      3,
      2,
      14,
      1,
      4,
      4,
      14,
      11,
      11,
      3,
      0,
      1,
      0,
      8,
      1,
      15,
      4,
      15,
      7,
      6,
      6,
      9,
      7,
      8,
      12,
      6,
      1,
      5,
      3,
      2,
      4,
      4,
      7,
      5,
      14,
      1,
      5,
      1,
      5,
      12,
      9,
      14,
      3,
      5,
      3,
      2
    ]
  },
  "唇律·南山重庆老火锅(金阳店)": {
    "time": [
      "06:14:27",
      "06:29:32",
      "06:44:50",
      "06:59:58",
      "07:14:25",
      "07:28:40",
      "07:44:30",
      "07:59:12",
      "08:13:45",
      "08:28:55",
      "08:44:24",
      "09:00:11",
      "09:15:51",
      "09:30:29",
      "09:45:13",
      "10:00:02",
      "10:14:18",
      "10:29:49",
      "10:44:04",
      "10:58:38",
      "11:13:09",
      "11:28:07",
      "11:43:40",
      "11:58:49",
      "12:13:03",
      "12:27:45",
      "12:42:56",
      "12:58:04",
      "13:13:44",
      "13:28:21",
      "13:42:33",
      "13:57:56",
      "14:13:13",
      "14:28:53",
      "14:43:15",
      "14:57:32",
      "15:13:10",
      "15:28:48",
      "15:44:20",
      "15:58:55",
      "16:13:06",
      "16:28:24",
      "16:42:49",
      "16:58:25",
      "17:14:12",
      "17:28:55",
      "17:44:45",
      "17:59:44",
      "18:14:39",
      "18:29:00",
      "18:43:36",
      "18:58:21",
      "19:13:58",
      "19:29:34",
      "19:44:35",
      "19:59:13",
      "20:13:46",
      "20:28:03",
      "20:43:05",
      "20:57:23",
      "21:12:32",
      "21:27:07",
      "21:42:50",
      "21:57:11",
      "22:12:58"
    ],
    "board": [
      3,
      0,
      13,
      10,
      12,
      10,
      8,
      14,
      5,
      2,
      13,
      5,
      4,
      6,
      7,
      12,
      15,
      15,
      13,
      9,
      15,
      4,
      0,
      6,
      6,
      2,
      8,
      15,
      14,
      8,
      4,
      14,
      8,
      13,
      4,
      2,
      11,
      2,
      8,
      7,
      1,
      4,
      8,
      15,
      11,
      14,
      4,
      4,
      13,
      2,
      11,
      6,
      3,
      8,
      1,
      3,
      7,
      7,
      4,
      3,
      15,
      5,
      11,
      10,
      11
    ],
    "alight": [
      5,
      5,
      5,
      5,
      7,
      10,
      10,
      6,
      11,
      11,
      2,
      8,
      0,
      3,
      0,
      12,
      3,
      13,
      8,
      6,
      3,
      6,
      12,
      9,
      2,
      11,
      10,
      4,
      5,
      7,
      8,
      3,
      10,
      13,
      2,
      13,
      3,
      1,
      11,
      9,
      9,
      8,
      10,
      7,
      6,
      15,
      14,
      1,
      12,
      12,
      3,
      10,
      6,
      1,
      11,
      11,
      10,
      5,
      15,
      3,
      0,
      11,
      4,
      3,
      11
    ]
  },
  "红馆STORY KTV(数博店)": {
    "time": [
      "06:14:27",
      "06:29:32",
      "06:44:50",
      "06:59:58",
      "07:14:25",
      "07:28:40",
      "07:44:30",
      "07:59:12",
      "08:13:45",
      "08:28:55",
      "08:44:24",
      "09:00:11",
      "09:15:51",
      "09:30:29",
      "09:45:13",
      "10:00:02",
      "10:14:18",
      "10:29:49",
      "10:44:04",
      "10:58:38",
      "11:13:09",
      "11:28:07",
      "11:43:40",
      "11:58:49",
      "12:13:03",
      "12:27:45",
      "12:42:56",
      "12:58:04",
      "13:13:44",
      "13:28:21",
      "13:42:33",
      "13:57:56",
      "14:13:13",
      "14:28:53",
      "14:43:15",
      "14:57:32",
      "15:13:10",
      "15:28:48",
      "15:44:20",
      "15:58:55",
      "16:13:06",
      "16:28:24",
      "16:42:49",
      "16:58:25",
      "17:14:12",
      "17:28:55",
      "17:44:45",
      "17:59:44",
      "18:14:39",
      "18:29:00",
      "18:43:36",
      "18:58:21",
      "19:13:58",
      "19:29:34",
      "19:44:35",
      "19:59:13",
      "20:13:46",
      "20:28:03",
      "20:43:05",
      "20:57:23",
      "21:12:32",
      "21:27:07",
      "21:42:50",
      "21:57:11",
      "22:12:58"
    ],
    "board": [
      6,
      0,
      9,
      10,
      14,
      5,
      11,
      9,
      11,
      11,
      5,
      10,
      5,
      6,
      5,
      11,
      0,
      4,
      13,
      14,
      0,
      12,
      13,
      9,
      11,
      14,
      11,
      14,
      14,
      15,
      6,
      2,
      6,
      11,
      1,
      13,
      14,
      14,
      6,
      10,
      6,
      0,
      10,
      11,
      12,
      5,
      13,
      10,
      6,
      9,
      2,
      13,
      0,
      8,
      8,
      15,
      14,
      8,
      13,
      11,
      11,
      7,
      6,
      2,
      8
    ],
    "alight": [
      7,
      11,
      4,
      12,
      11,
      2,
      9,
      15,
      2,
      6,
      5,
      15,
      0,
      15,
      0,
      7,
      12,
      3,
      5,
      3,
      14,
      0,
      15,
      15,
      8,
      12,
      14,
      4,
      1,
      4,
      9,
      2,
      14,
      11,
      3,
      11,
      0,
      7,
      3,
      7,
      0,
      4,
      3,
      5,
      6,
      13,
      6,
      4,
      12,
      2,
      4,
      0,
      13,
      2,
      14,
      4,
      11,
      13,
      9,
      2,
      14,
      7,
      10,
      8,
      14
    ]
  },
  "兵味道": {
    "time": [
      "06:14:27",
      "06:29:32",
      "06:44:50",
      "06:59:58",
      "07:14:25",
      "07:28:40",
      "07:44:30",
      "07:59:12",
      "08:13:45",
      "08:28:55",
      "08:44:24",
      "09:00:11",
      "09:15:51",
      "09:30:29",
      "09:45:13",
      "10:00:02",
      "10:14:18",
      "10:29:49",
      "10:44:04",
      "10:58:38",
      "11:13:09",
      "11:28:07",
      "11:43:40",
      "11:58:49",
      "12:13:03",
      "12:27:45",
      "12:42:56",
      "12:58:04",
      "13:13:44",
      "13:28:21",
      "13:42:33",
      "13:57:56",
      "14:13:13",
      "14:28:53",
      "14:43:15",
      "14:57:32",
      "15:13:10",
      "15:28:48",
      "15:44:20",
      "15:58:55",
      "16:13:06",
      "16:28:24",
      "16:42:49",
      "16:58:25",
      "17:14:12",
      "17:28:55",
      "17:44:45",
      "17:59:44",
      "18:14:39",
      "18:29:00",
      "18:43:36",
      "18:58:21",
      "19:13:58",
      "19:29:34",
      "19:44:35",
      "19:59:13",
      "20:13:46",
      "20:28:03",
      "20:43:05",
      "20:57:23",
      "21:12:32",
      "21:27:07",
      "21:42:50",
      "21:57:11",
      "22:12:58"
    ],
    "board": [
      12,
      12,
      15,
      6,
      1,
      15,
      8,
      7,
      4,
      5,
      0,
      9,
      6,
      13,
      3,
      14,
      11,
      8,
      7,
      6,
      3,
      15,
      8,
      15,
      6,
      4,
      0,
      8,
      7,
      10,
      15,
      12,
      6,
      9,
      6,
      12,
      13,
      13,
      13,
      10,
      3,
      11,
      7,
      12,
      2,
      4,
      6,
      3,
      13,
      9,
      8,
      8,
      5,
      2,
      14,
      14,
      14,
      2,
      13,
      6,
      5,
      5,
      9,
      2,
      4
    ],
    "alight": [
      4,
      13,
      4,
      15,
      4,
      3,
      7,
      3,
      3,
      15,
      15,
      3,
      0,
      2,
      0,
      5,
      10,
      10,
      9,
      9,
      1,
      9,
      7,
      14,
      8,
      5,
      11,
      2,
      12,
      3,
      7,
      12,
      1,
      3,
      8,
      1,
      4,
      10,
      1,
      1,
      5,
      2,
      4,
      15,
      5,
      12,
      4,
      1,
      6,
      15,
      11,
      6,
      7,
      12,
      10,
      7,
      9,
      13,
      9,
      14,
      5,
      11,
      0,
      4,
      12
    ]
  },
  "贵遵路": {
    "time": [
      "06:14:27",
      "06:29:32",
      "06:44:50",
      "06:59:58",
      "07:14:25",
      "07:28:40",
      "07:44:30",
      "07:59:12",
      "08:13:45",
      "08:28:55",
      "08:44:24",
      "09:00:11",
      "09:15:51",
      "09:30:29",
      "09:45:13",
      "10:00:02",
      "10:14:18",
      "10:29:49",
      "10:44:04",
      "10:58:38",
      "11:13:09",
      "11:28:07",
      "11:43:40",
      "11:58:49",
      "12:13:03",
      "12:27:45",
      "12:42:56",
      "12:58:04",
      "13:13:44",
      "13:28:21",
      "13:42:33",
      "13:57:56",
      "14:13:13",
      "14:28:53",
      "14:43:15",
      "14:57:32",
      "15:13:10",
      "15:28:48",
      "15:44:20",
      "15:58:55",
      "16:13:06",
      "16:28:24",
      "16:42:49",
      "16:58:25",
      "17:14:12",
      "17:28:55",
      "17:44:45",
      "17:59:44",
      "18:14:39",
      "18:29:00",
      "18:43:36",
      "18:58:21",
      "19:13:58",
      "19:29:34",
      "19:44:35",
      "19:59:13",
      "20:13:46",
      "20:28:03",
      "20:43:05",
      "20:57:23",
      "21:12:32",
      "21:27:07",
      "21:42:50",
      "21:57:11",
      "22:12:58"
    ],
    "board": [
      8,
      11,
      1,
      13,
      0,
      6,
      8,
      8,
      6,
      1,
      7,
      10,
      6,
      1,
      10,
      0,
      3,
      13,
      0,
      8,
      4,
      13,
      11,
      0,
      2,
      4,
      10,
      0,
      13,
      15,
      13,
      12,
      13,
      9,
      0,
      2,
      6,
      8,
      2,
      11,
      0,
      5,
      10,
      8,
      4,
      13,
      10,
      0,
      12,
      1,
      12,
      10,
      5,
      5,
      6,
      14,
      5,
      6,
      12,
      6,
      13,
      9,
      12,
      4,
      5
    ],
    "alight": [
      2,
      15,
      2,
      7,
      7,
      14,
      15,
      3,
      15,
      12,
      4,
      7,
      8,
      0,
      8,
      9,
      11,
      15,
      12,
      2,
      4,
      10,
      7,
      6,
      10,
      11,
      12,
      9,
      9,
      9,
      6,
      9,
      1,
      4,
      15,
      11,
      11,
      9,
      3,
      1,
      15,
      7,
      8,
      2,
      8,
      2,
      15,
      13,
      10,
      13,
      14,
      6,
      6,
      14,
      11,
      4,
      15,
      2,
      7,
      12,
      12,
      2,
      5,
      3,
      5
    ]
  },
  "深沥摩托车维修部": {
    "time": [
      "06:14:27",
      "06:29:32",
      "06:44:50",
      "06:59:58",
      "07:14:25",
      "07:28:40",
      "07:44:30",
      "07:59:12",
      "08:13:45",
      "08:28:55",
      "08:44:24",
      "09:00:11",
      "09:15:51",
      "09:30:29",
      "09:45:13",
      "10:00:02",
      "10:14:18",
      "10:29:49",
      "10:44:04",
      "10:58:38",
      "11:13:09",
      "11:28:07",
      "11:43:40",
      "11:58:49",
      "12:13:03",
      "12:27:45",
      "12:42:56",
      "12:58:04",
      "13:13:44",
      "13:28:21",
      "13:42:33",
      "13:57:56",
      "14:13:13",
      "14:28:53",
      "14:43:15",
      "14:57:32",
      "15:13:10",
      "15:28:48",
      "15:44:20",
      "15:58:55",
      "16:13:06",
      "16:28:24",
      "16:42:49",
      "16:58:25",
      "17:14:12",
      "17:28:55",
      "17:44:45",
      "17:59:44",
      "18:14:39",
      "18:29:00",
      "18:43:36",
      "18:58:21",
      "19:13:58",
      "19:29:34",
      "19:44:35",
      "19:59:13",
      "20:13:46",
      "20:28:03",
      "20:43:05",
      "20:57:23",
      "21:12:32",
      "21:27:07",
      "21:42:50",
      "21:57:11",
      "22:12:58"
    ],
    "board": [
      0,
      0,
      0,
      0,
      0,
      0,
      0,
      0,
      0,
      0,
      0,
      0,
      0,
      0,
      0,
      0,
      5,
      2,
      0,
      0,
      0,
      0,
      0,
      0,
      0,
      0,
      0,
      0,
      0,
      0,
      3,
      0,
      0,
      0,
      0,
      0,
      0,
      0,
      0,
      0,
      0,
      0,
      0,
      0,
      0,
      0,
      0,
      0,
      0,
      0,
      0,
      0,
      0,
      0,
      0,
      0,
      0,
      0,
      0,
      0,
      0,
      0,
      0,
      0,
      5
    ],
    "alight": [
      13,
      14,
      15,
      10,
      13,
      4,
      13,
      14,
      7,
      9,
      0,
      4,
      7,
      3,
      4,
      9,
      5,
      9,
      11,
      15,
      0,
      13,
      3,
      14,
      1,
      1,
      9,
      9,
      0,
      14,
      7,
      3,
      1,
      4,
      13,
      4,
      2,
      12,
      8,
      11,
      4,
      13,
      6,
      5,
      6,
      12,
      0,
      14,
      15,
      2,
      15,
      9,
      4,
      9,
      5,
      7,
      11,
      6,
      8,
      0,
      2,
      12,
      7,
      13,
      13
    ]
  },
  "改茶大道": {
    "time": [
      "06:14:27",
      "06:29:32",
      "06:44:50",
      "06:59:58",
      "07:14:25",
      "07:28:40",
      "07:44:30",
      "07:59:12",
      "08:13:45",
      "08:28:55",
      "08:44:24",
      "09:00:11",
      "09:15:51",
      "09:30:29",
      "09:45:13",
      "10:00:02",
      "10:14:18",
      "10:29:49",
      "10:44:04",
      "10:58:38",
      "11:13:09",
      "11:28:07",
      "11:43:40",
      "11:58:49",
      "12:13:03",
      "12:27:45",
      "12:42:56",
      "12:58:04",
      "13:13:44",
      "13:28:21",
      "13:42:33",
      "13:57:56",
      "14:13:13",
      "14:28:53",
      "14:43:15",
      "14:57:32",
      "15:13:10",
      "15:28:48",
      "15:44:20",
      "15:58:55",
      "16:13:06",
      "16:28:24",
      "16:42:49",
      "16:58:25",
      "17:14:12",
      "17:28:55",
      "17:44:45",
      "17:59:44",
      "18:14:39",
      "18:29:00",
      "18:43:36",
      "18:58:21",
      "19:13:58",
      "19:29:34",
      "19:44:35",
      "19:59:13",
      "20:13:46",
      "20:28:03",
      "20:43:05",
      "20:57:23",
      "21:12:32",
      "21:27:07",
      "21:42:50",
      "21:57:11",
      "22:12:58"
    ],
    "board": [
      0,
      0,
      0,
      0,
      3,
      3,
      0,
      0,
      0,
      4,
      0,
      0,
      0,
      0,
      0,
      0,
      0,
      3,
      0,
      0,
      0,
      0,
      0,
      0,
      0,
      0,
      0,
      0,
      0,
      0,
      0,
      0,
      0,
      0,
      0,
      0,
      0,
      3,
      0,
      0,
      0,
      0,
      0,
      0,
      0,
      0,
      0,
      0,
      0,
      0,
      0,
      0,
      0,
      0,
      0,
      0,
      0,
      0,
      4,
      0,
      4,
      0,
      0,
      0,
      0
    ],
    "alight": [
      6,
      10,
      15,
      1,
      0,
      1,
      12,
      6,
      6,
      8,
      3,
      3,
      1,
      0,
      8,
      6,
      3,
      2,
      15,
      8,
      1,
      1,
      12,
      3,
      7,
      11,
      6,
      0,
      14,
      14,
      13,
      5,
      11,
      8,
      1,
      8,
      2,
      14,
      1,
      12,
      6,
      10,
      15,
      1,
      3,
      5,
      3,
      2,
      6,
      12,
      7,
      2,
      5,
      14,
      4,
      9,
      0,
      10,
      3,
      8,
      0,
      0,
      0,
      0,
      13
    ]
  },
  "太阳能路灯": {
    "time": [
      "06:14:27",
      "06:29:32",
      "06:44:50",
      "06:59:58",
      "07:14:25",
      "07:28:40",
      "07:44:30",
      "07:59:12",
      "08:13:45",
      "08:28:55",
      "08:44:24",
      "09:00:11",
      "09:15:51",
      "09:30:29",
      "09:45:13",
      "10:00:02",
      "10:14:18",
      "10:29:49",
      "10:44:04",
      "10:58:38",
      "11:13:09",
      "11:28:07",
      "11:43:40",
      "11:58:49",
      "12:13:03",
      "12:27:45",
      "12:42:56",
      "12:58:04",
      "13:13:44",
      "13:28:21",
      "13:42:33",
      "13:57:56",
      "14:13:13",
      "14:28:53",
      "14:43:15",
      "14:57:32",
      "15:13:10",
      "15:28:48",
      "15:44:20",
      "15:58:55",
      "16:13:06",
      "16:28:24",
      "16:42:49",
      "16:58:25",
      "17:14:12",
      "17:28:55",
      "17:44:45",
      "17:59:44",
      "18:14:39",
      "18:29:00",
      "18:43:36",
      "18:58:21",
      "19:13:58",
      "19:29:34",
      "19:44:35",
      "19:59:13",
      "20:13:46",
      "20:28:03",
      "20:43:05",
      "20:57:23",
      "21:12:32",
      "21:27:07",
      "21:42:50",
      "21:57:11",
      "22:12:58"
    ],
    "board": [
      0,
      0,
      0,
      0,
      0,
      0,
      0,
      0,
      0,
      0,
      3,
      0,
      0,
      3,
      0,
      0,
      3,
      0,
      0,
      0,
      0,
      0,
      0,
      0,
      0,
      0,
      0,
      0,
      0,
      0,
      3,
      0,
      0,
      1,
      1,
      0,
      0,
      0,
      0,
      0,
      0,
      0,
      0,
      0,
      0,
      0,
      0,
      0,
      0,
      0,
      0,
      0,
      3,
      0,
      2,
      0,
      0,
      0,
      0,
      0,
      0,
      0,
      0,
      0,
      0
    ],
    "alight": [
      8,
      8,
      9,
      15,
      3,
      3,
      4,
      3,
      4,
      0,
      0,
      15,
      6,
      7,
      5,
      4,
      14,
      10,
      8,
      4,
      6,
      13,
      13,
      14,
      10,
      9,
      4,
      0,
      12,
      15,
      8,
      3,
      7,
      9,
      0,
      15,
      14,
      7,
      6,
      0,
      13,
      5,
      3,
      2,
      8,
      7,
      3,
      4,
      1,
      13,
      13,
      15,
      1,
      14,
      4,
      8,
      13,
      9,
      0,
      11,
      6,
      5,
      0,
      5,
      10
    ]
  },
  "贵阳市黄花街小学": {
    "time": [
      "06:14:27",
      "06:29:32",
      "06:44:50",
      "06:59:58",
      "07:14:25",
      "07:28:40",
      "07:44:30",
      "07:59:12",
      "08:13:45",
      "08:28:55",
      "08:44:24",
      "09:00:11",
      "09:15:51",
      "09:30:29",
      "09:45:13",
      "10:00:02",
      "10:14:18",
      "10:29:49",
      "10:44:04",
      "10:58:38",
      "11:13:09",
      "11:28:07",
      "11:43:40",
      "11:58:49",
      "12:13:03",
      "12:27:45",
      "12:42:56",
      "12:58:04",
      "13:13:44",
      "13:28:21",
      "13:42:33",
      "13:57:56",
      "14:13:13",
      "14:28:53",
      "14:43:15",
      "14:57:32",
      "15:13:10",
      "15:28:48",
      "15:44:20",
      "15:58:55",
      "16:13:06",
      "16:28:24",
      "16:42:49",
      "16:58:25",
      "17:14:12",
      "17:28:55",
      "17:44:45",
      "17:59:44",
      "18:14:39",
      "18:29:00",
      "18:43:36",
      "18:58:21",
      "19:13:58",
      "19:29:34",
      "19:44:35",
      "19:59:13",
      "20:13:46",
      "20:28:03",
      "20:43:05",
      "20:57:23",
      "21:12:32",
      "21:27:07",
      "21:42:50",
      "21:57:11",
      "22:12:58"
    ],
    "board": [
      0,
      0,
      0,
      0,
      0,
      0,
      0,
      0,
      0,
      0,
      0,
      0,
      0,
      0,
      0,
      0,
      0,
      0,
      0,
      0,
      0,
      0,
      0,
      0,
      0,
      0,
      0,
      0,
      0,
      0,
      0,
      0,
      0,
      0,
      0,
      0,
      0,
      0,
      0,
      0,
      0,
      0,
      0,
      0,
      0,
      0,
      0,
      0,
      0,
      0,
      0,
      0,
      0,
      0,
      0,
      0,
      0,
      0,
      0,
      0,
      0,
      0,
      0,
      0,
      0
    ],
    "alight": [
      1,
      6,
      10,
      1,
      12,
      10,
      8,
      15,
      3,
      9,
      10,
      11,
      13,
      8,
      4,
      1,
      13,
      11,
      15,
      6,
      10,
      4,
      6,
      10,
      14,
      1,
      14,
      9,
      2,
      3,
      6,
      15,
      5,
      10,
      5,
      11,
      10,
      2,
      7,
      13,
      3,
      7,
      0,
      11,
      4,
      1,
      0,
      7,
      7,
      8,
      13,
      10,
      7,
      8,
      3,
      10,
      2,
      1,
      7,
      7,
      4,
      9,
      11,
      10,
      4
    ]
  },
  "美林居": {
    "time": [
      "06:14:27",
      "06:29:32",
      "06:44:50",
      "06:59:58",
      "07:14:25",
      "07:28:40",
      "07:44:30",
      "07:59:12",
      "08:13:45",
      "08:28:55",
      "08:44:24",
      "09:00:11",
      "09:15:51",
      "09:30:29",
      "09:45:13",
      "10:00:02",
      "10:14:18",
      "10:29:49",
      "10:44:04",
      "10:58:38",
      "11:13:09",
      "11:28:07",
      "11:43:40",
      "11:58:49",
      "12:13:03",
      "12:27:45",
      "12:42:56",
      "12:58:04",
      "13:13:44",
      "13:28:21",
      "13:42:33",
      "13:57:56",
      "14:13:13",
      "14:28:53",
      "14:43:15",
      "14:57:32",
      "15:13:10",
      "15:28:48",
      "15:44:20",
      "15:58:55",
      "16:13:06",
      "16:28:24",
      "16:42:49",
      "16:58:25",
      "17:14:12",
      "17:28:55",
      "17:44:45",
      "17:59:44",
      "18:14:39",
      "18:29:00",
      "18:43:36",
      "18:58:21",
      "19:13:58",
      "19:29:34",
      "19:44:35",
      "19:59:13",
      "20:13:46",
      "20:28:03",
      "20:43:05",
      "20:57:23",
      "21:12:32",
      "21:27:07",
      "21:42:50",
      "21:57:11",
      "22:12:58"
    ],
    "board": [
      0,
      0,
      0,
      0,
      0,
      0,
      0,
      0,
      0,
      0,
      0,
      0,
      0,
      0,
      0,
      0,
      0,
      0,
      0,
      0,
      0,
      0,
      0,
      0,
      0,
      0,
      0,
      0,
      0,
      0,
      0,
      0,
      0,
      0,
      0,
      0,
      0,
      0,
      0,
      0,
      0,
      0,
      0,
      0,
      0,
      0,
      0,
      0,
      0,
      0,
      0,
      0,
      0,
      0,
      0,
      0,
      0,
      0,
      0,
      0,
      0,
      0,
      0,
      0,
      0
    ],
    "alight": [
      13,
      10,
      7,
      0,
      12,
      6,
      6,
      12,
      1,
      7,
      8,
      1,
      10,
      7,
      13,
      5,
      14,
      5,
      3,
      1,
      12,
      9,
      0,
      4,
      4,
      8,
      2,
      2,
      14,
      6,
      3,
      12,
      4,
      0,
      0,
      7,
      12,
      6,
      8,
      14,
      11,
      3,
      6,
      2,
      14,
      1,
      0,
      6,
      1,
      7,
      13,
      13,
      15,
      11,
      5,
      3,
      13,
      11,
      14,
      3,
      11,
      0,
      9,
      10,
      13
    ]
  }
}