{
  "up": {
    "1": "中共新阳总支部委员会",
    "2": "通号·云璟台",
    "3": "新长征大厦",
    "4": "小两口饭店",
    "5": "张晓洁缸缸麻辣烫(美的林城时代店)",
    "6": "小丸子糖水铺(美的·林城时代南区店)",
    "7": "美的·林城时代3期",
    "8": "包整(贵州小吃研究中心)观山湖店",
    "9": "令居精品酒店(贵阳会展城CCPARK网红街店)",
    "10": "酸菜腊肉豆米火锅(知秋轩店)",
    "11": "贵州味醇食品有限公司",
    "12": "建发和玺(建设中)",
    "13": "治安卡点",
    "14": "贵州大明建筑机械有限公司",
    "15": "贵遵高速",
    "16": "121县道",
    "17": "冷水村便民利民服务大厅",
    "18": "G6002贵阳绕城高速",
    "19": "综保收费站(G6002贵阳绕城高速出口)",
    "20": "中国石油火石坡服务区加油站",
    "21": "伴山别院餐厅",
    "22": "贵阳添一味食品有限公司",
    "23": "云保大道",
    "24": "乌当出口(G6002贵阳绕城高速西南向)",
    "25": "滥坝",
    "26": "宋姐草莓园",
    "27": "三江村委会社会治理综合服务中心",
    "28": "小张牛肉粉面馆",
    "29": "三江休闲钓鱼中心",
    "30": "平聚农庄",
    "31": "李资村",
    "32": "李子园"
  },
  "down": {
    "33": "李子园",
    "34": "李资村",
    "35": "平聚农庄",
    "36": "三江休闲钓鱼中心",
    "37": "小张牛肉粉面馆",
    "38": "三江村委会社会治理综合服务中心",
    "39": "宋姐草莓园",
    "40": "滥坝",
    "41": "乌当出口(G6002贵阳绕城高速西南向)",
    "42": "云保大道",
    "43": "贵阳添一味食品有限公司",
    "44": "伴山别院餐厅",
    "45": "中国石油火石坡服务区加油站",
    "46": "综保收费站(G6002贵阳绕城高速出口)",
    "47": "G6002贵阳绕城高速",
    "48": "冷水村便民利民服务大厅",
    "49": "121县道",
    "50": "贵遵高速",
    "51": "贵州大明建筑机械有限公司",
    "52": "治安卡点",
    "53": "建发和玺(建设中)",
    "54": "贵州味醇食品有限公司",
    "55": "酸菜腊肉豆米火锅(知秋轩店)",
    "56": "令居精品酒店(贵阳会展城CCPARK网红街店)",
    "57": "包整(贵州小吃研究中心)观山湖店",
    "58": "美的·林城时代3期",
    "59": "小丸子糖水铺(美的·林城时代南区店)",
    "60": "张晓洁缸缸麻辣烫(美的林城时代店)",
    "61": "小两口饭店",
    "62": "新长征大厦",
    "63": "通号·云璟台",
    "64": "中共新阳总支部委员会"
  }
}