{
  "李子园": 109,
  "李资村": 329,
  "平聚农庄": 62,
  "三江休闲钓鱼中心": 707,
  "小张牛肉粉面馆": 1031,
  "三江村委会社会治理综合服务中心": 792,
  "宋姐草莓园": 1689,
  "滥坝": 224,
  "乌当出口(G6002贵阳绕城高速西南向)": 321,
  "云保大道": 65,
  "贵阳添一味食品有限公司": 343,
  "伴山别院餐厅": 220,
  "中国石油火石坡服务区加油站": 285,
  "综保收费站(G6002贵阳绕城高速出口)": 284,
  "G6002贵阳绕城高速": 489,
  "冷水村便民利民服务大厅": 301,
  "121县道": 632,
  "贵遵高速": 447,
  "贵州大明建筑机械有限公司": 269,
  "治安卡点": 1985,
  "建发和玺(建设中)": 613,
  "贵州味醇食品有限公司": 808,
  "酸菜腊肉豆米火锅(知秋轩店)": 135,
  "令居精品酒店(贵阳会展城CCPARK网红街店)": 486,
  "包整(贵州小吃研究中心)观山湖店": 311,
  "美的·林城时代3期": 175,
  "小丸子糖水铺(美的·林城时代南区店)": 159,
  "张晓洁缸缸麻辣烫(美的林城时代店)": 697,
  "小两口饭店": 107,
  "新长征大厦": 494,
  "通号·云璟台": 461
}