{
  "up": {
    "中共新阳总支部委员会": 1,
    "通号·云璟台": 2,
    "新长征大厦": 3,
    "小两口饭店": 4,
    "张晓洁缸缸麻辣烫(美的林城时代店)": 5,
    "小丸子糖水铺(美的·林城时代南区店)": 6,
    "美的·林城时代3期": 7,
    "包整(贵州小吃研究中心)观山湖店": 8,
    "令居精品酒店(贵阳会展城CCPARK网红街店)": 9,
    "酸菜腊肉豆米火锅(知秋轩店)": 10,
    "贵州味醇食品有限公司": 11,
    "建发和玺(建设中)": 12,
    "治安卡点": 13,
    "贵州大明建筑机械有限公司": 14,
    "贵遵高速": 15,
    "121县道": 16,
    "冷水村便民利民服务大厅": 17,
    "G6002贵阳绕城高速": 18,
    "综保收费站(G6002贵阳绕城高速出口)": 19,
    "中国石油火石坡服务区加油站": 20,
    "伴山别院餐厅": 21,
    "贵阳添一味食品有限公司": 22,
    "云保大道": 23,
    "乌当出口(G6002贵阳绕城高速西南向)": 24,
    "滥坝": 25,
    "宋姐草莓园": 26,
    "三江村委会社会治理综合服务中心": 27,
    "小张牛肉粉面馆": 28,
    "三江休闲钓鱼中心": 29,
    "平聚农庄": 30,
    "李资村": 31,
    "李子园": 32
  },
  "down": {
    "李子园": 33,
    "李资村": 34,
    "平聚农庄": 35,
    "三江休闲钓鱼中心": 36,
    "小张牛肉粉面馆": 37,
    "三江村委会社会治理综合服务中心": 38,
    "宋姐草莓园": 39,
    "滥坝": 40,
    "乌当出口(G6002贵阳绕城高速西南向)": 41,
    "云保大道": 42,
    "贵阳添一味食品有限公司": 43,
    "伴山别院餐厅": 44,
    "中国石油火石坡服务区加油站": 45,
    "综保收费站(G6002贵阳绕城高速出口)": 46,
    "G6002贵阳绕城高速": 47,
    "冷水村便民利民服务大厅": 48,
    "121县道": 49,
    "贵遵高速": 50,
    "贵州大明建筑机械有限公司": 51,
    "治安卡点": 52,
    "建发和玺(建设中)": 53,
    "贵州味醇食品有限公司": 54,
    "酸菜腊肉豆米火锅(知秋轩店)": 55,
    "令居精品酒店(贵阳会展城CCPARK网红街店)": 56,
    "包整(贵州小吃研究中心)观山湖店": 57,
    "美的·林城时代3期": 58,
    "小丸子糖水铺(美的·林城时代南区店)": 59,
    "张晓洁缸缸麻辣烫(美的林城时代店)": 60,
    "小两口饭店": 61,
    "新长征大厦": 62,
    "通号·云璟台": 63,
    "中共新阳总支部委员会": 64
  }
}