{
  "中共新阳总支部委员会": 816,
  "通号·云璟台": 849,
  "新长征大厦": 462,
  "小两口饭店": 1052,
  "张晓洁缸缸麻辣烫(美的林城时代店)": 514,
  "小丸子糖水铺(美的·林城时代南区店)": 530,
  "美的·林城时代3期": 666,
  "包整(贵州小吃研究中心)观山湖店": 841,
  "令居精品酒店(贵阳会展城CCPARK网红街店)": 490,
  "酸菜腊肉豆米火锅(知秋轩店)": 1163,
  "贵州味醇食品有限公司": 968,
  "建发和玺(建设中)": 2340,
  "治安卡点": 624,
  "贵州大明建筑机械有限公司": 802,
  "贵遵高速": 987,
  "121县道": 656,
  "冷水村便民利民服务大厅": 844,
  "G6002贵阳绕城高速": 639,
  "综保收费站(G6002贵阳绕城高速出口)": 640,
  "中国石油火石坡服务区加油站": 575,
  "伴山别院餐厅": 698,
  "贵阳添一味食品有限公司": 420,
  "云保大道": 676,
  "乌当出口(G6002贵阳绕城高速西南向)": 579,
  "滥坝": 2044,
  "宋姐草莓园": 1147,
  "三江村委会社会治理综合服务中心": 1386,
  "小张牛肉粉面馆": 1062,
  "三江休闲钓鱼中心": 417,
  "平聚农庄": 684,
  "李资村": 464
}