{
  "九茗茶舍": {
    "time": [
      "06:15:42",
      "06:30:05",
      "06:44:43",
      "07:00:02",
      "07:14:59",
      "07:29:31",
      "07:45:04",
      "08:00:32",
      "08:14:51",
      "08:29:45",
      "08:44:27",
      "08:58:42",
      "09:13:02",
      "09:28:08",
      "09:42:42",
      "09:57:22",
      "10:13:07",
      "10:27:59",
      "10:43:13",
      "10:59:00",
      "11:13:40",
      "11:28:22",
      "11:43:21",
      "11:59:07",
      "12:14:37",
      "12:29:37",
      "12:45:22",
      "13:00:04",
      "13:15:06",
      "13:29:59",
      "13:44:48",
      "13:59:36",
      "14:14:32",
      "14:29:21",
      "14:45:08",
      "15:00:25",
      "15:14:54",
      "15:30:07",
      "15:45:08",
      "16:00:08",
      "16:14:38",
      "16:29:30",
      "16:43:52",
      "16:59:38",
      "17:14:43",
      "17:29:53",
      "17:44:35",
      "17:59:12",
      "18:13:24",
      "18:27:52",
      "18:42:38",
      "18:57:44",
      "19:12:17",
      "19:27:55",
      "19:42:48",
      "19:56:59",
      "20:12:42",
      "20:28:08",
      "20:42:29",
      "20:58:08",
      "21:12:23",
      "21:28:10",
      "21:42:41",
      "21:57:50",
      "22:13:03"
    ],
    "board": [
      1,
      8,
      6,
      10,
      4,
      0,
      10,
      11,
      5,
      15,
      1,
      14,
      8,
      10,
      4,
      4,
      14,
      5,
      8,
      1,
      2,
      7,
      3,
      8,
      6,
      7,
      9,
      5,
      2,
      7,
      5,
      9,
      6,
      10,
      9,
      11,
      13,
      14,
      14,
      15,
      9,
      4,
      1,
      9,
      3,
      5,
      2,
      5,
      6,
      5,
      14,
      7,
      1,
      12,
      4,
      11,
      7,
      6,
      14,
      3,
      0,
      10,
      1,
      2,
      1
    ],
    "alight": [
      0,
      0,
      0,
      0,
      0,
      0,
      0,
      0,
      0,
      0,
      0,
      0,
      0,
      0,
      0,
      0,
      0,
      0,
      0,
      0,
      0,
      0,
      0,
      0,
      0,
      0,
      0,
      0,
      0,
      0,
      0,
      0,
      0,
      0,
      0,
      0,
      0,
      0,
      0,
      0,
      0,
      0,
      0,
      0,
      0,
      0,
      0,
      0,
      0,
      0,
      0,
      0,
      0,
      0,
      0,
      0,
      0,
      0,
      0,
      0,
      0,
      0,
      0,
      0,
      0
    ]
  },
  "贵阳北站(东进站口)": {
    "time": [
      "06:15:42",
      "06:30:05",
      "06:44:43",
      "07:00:02",
      "07:14:59",
      "07:29:31",
      "07:45:04",
      "08:00:32",
      "08:14:51",
      "08:29:45",
      "08:44:27",
      "08:58:42",
      "09:13:02",
      "09:28:08",
      "09:42:42",
      "09:57:22",
      "10:13:07",
      "10:27:59",
      "10:43:13",
      "10:59:00",
      "11:13:40",
      "11:28:22",
      "11:43:21",
      "11:59:07",
      "12:14:37",
      "12:29:37",
      "12:45:22",
      "13:00:04",
      "13:15:06",
      "13:29:59",
      "13:44:48",
      "13:59:36",
      "14:14:32",
      "14:29:21",
      "14:45:08",
      "15:00:25",
      "15:14:54",
      "15:30:07",
      "15:45:08",
      "16:00:08",
      "16:14:38",
      "16:29:30",
      "16:43:52",
      "16:59:38",
      "17:14:43",
      "17:29:53",
      "17:44:35",
      "17:59:12",
      "18:13:24",
      "18:27:52",
      "18:42:38",
      "18:57:44",
      "19:12:17",
      "19:27:55",
      "19:42:48",
      "19:56:59",
      "20:12:42",
      "20:28:08",
      "20:42:29",
      "20:58:08",
      "21:12:23",
      "21:28:10",
      "21:42:41",
      "21:57:50",
      "22:13:03"
    ],
    "board": [
      4,
      5,
      13,
      5,
      0,
      6,
      7,
      15,
      14,
      10,
      11,
      15,
      2,
      3,
      4,
      10,
      4,
      15,
      6,
      9,
      5,
      8,
      4,
      0,
      1,
      10,
      3,
      15,
      13,
      4,
      9,
      11,
      14,
      6,
      14,
      4,
      6,
      10,
      11,
      1,
      1,
      5,
      12,
      0,
      13,
      15,
      13,
      15,
      10,
      1,
      7,
      5,
      4,
      4,
      5,
      15,
      15,
      5,
      0,
      13,
      10,
      14,
      9,
      4,
      4
    ],
    "alight": [
      0,
      0,
      0,
      0,
      0,
      0,
      0,
      0,
      0,
      0,
      0,
      0,
      0,
      0,
      0,
      0,
      0,
      0,
      0,
      0,
      0,
      0,
      0,
      0,
      0,
      0,
      0,
      0,
      0,
      0,
      0,
      0,
      0,
      0,
      0,
      0,
      0,
      0,
      0,
      0,
      0,
      0,
      0,
      0,
      0,
      0,
      0,
      0,
      0,
      0,
      0,
      0,
      0,
      0,
      0,
      0,
      0,
      0,
      0,
      0,
      0,
      0,
      0,
      0,
      0
    ]
  },
  "贵阳北站西广场": {
    "time": [
      "06:15:42",
      "06:30:05",
      "06:44:43",
      "07:00:02",
      "07:14:59",
      "07:29:31",
      "07:45:04",
      "08:00:32",
      "08:14:51",
      "08:29:45",
      "08:44:27",
      "08:58:42",
      "09:13:02",
      "09:28:08",
      "09:42:42",
      "09:57:22",
      "10:13:07",
      "10:27:59",
      "10:43:13",
      "10:59:00",
      "11:13:40",
      "11:28:22",
      "11:43:21",
      "11:59:07",
      "12:14:37",
      "12:29:37",
      "12:45:22",
      "13:00:04",
      "13:15:06",
      "13:29:59",
      "13:44:48",
      "13:59:36",
      "14:14:32",
      "14:29:21",
      "14:45:08",
      "15:00:25",
      "15:14:54",
      "15:30:07",
      "15:45:08",
      "16:00:08",
      "16:14:38",
      "16:29:30",
      "16:43:52",
      "16:59:38",
      "17:14:43",
      "17:29:53",
      "17:44:35",
      "17:59:12",
      "18:13:24",
      "18:27:52",
      "18:42:38",
      "18:57:44",
      "19:12:17",
      "19:27:55",
      "19:42:48",
      "19:56:59",
      "20:12:42",
      "20:28:08",
      "20:42:29",
      "20:58:08",
      "21:12:23",
      "21:28:10",
      "21:42:41",
      "21:57:50",
      "22:13:03"
    ],
    "board": [
      13,
      9,
      12,
      3,
      12,
      7,
      2,
      9,
      7,
      10,
      6,
      4,
      13,
      15,
      8,
      2,
      8,
      13,
      7,
      10,
      15,
      1,
      12,
      4,
      10,
      12,
      7,
      1,
      13,
      15,
      5,
      14,
      3,
      9,
      6,
      6,
      7,
      7,
      9,
      0,
      14,
      1,
      13,
      6,
      2,
      11,
      1,
      13,
      9,
      14,
      11,
      11,
      10,
      7,
      2,
      10,
      11,
      3,
      10,
      6,
      5,
      2,
      5,
      0,
      14
    ],
    "alight": [
      0,
      0,
      0,
      0,
      0,
      0,
      0,
      0,
      0,
      1,
      3,
      0,
      0,
      0,
      0,
      0,
      0,
      0,
      0,
      0,
      0,
      1,
      0,
      0,
      0,
      0,
      0,
      0,
      0,
      0,
      0,
      0,
      0,
      0,
      0,
      0,
      3,
      3,
      0,
      3,
      0,
      0,
      0,
      0,
      0,
      0,
      0,
      0,
      0,
      0,
      0,
      0,
      0,
      0,
      1,
      0,
      0,
      0,
      0,
      0,
      0,
      0,
      0,
      0,
      0
    ]
  },
  "梦都主题酒店(贵阳高铁北站店)": {
    "time": [
      "06:15:42",
      "06:30:05",
      "06:44:43",
      "07:00:02",
      "07:14:59",
      "07:29:31",
      "07:45:04",
      "08:00:32",
      "08:14:51",
      "08:29:45",
      "08:44:27",
      "08:58:42",
      "09:13:02",
      "09:28:08",
      "09:42:42",
      "09:57:22",
      "10:13:07",
      "10:27:59",
      "10:43:13",
      "10:59:00",
      "11:13:40",
      "11:28:22",
      "11:43:21",
      "11:59:07",
      "12:14:37",
      "12:29:37",
      "12:45:22",
      "13:00:04",
      "13:15:06",
      "13:29:59",
      "13:44:48",
      "13:59:36",
      "14:14:32",
      "14:29:21",
      "14:45:08",
      "15:00:25",
      "15:14:54",
      "15:30:07",
      "15:45:08",
      "16:00:08",
      "16:14:38",
      "16:29:30",
      "16:43:52",
      "16:59:38",
      "17:14:43",
      "17:29:53",
      "17:44:35",
      "17:59:12",
      "18:13:24",
      "18:27:52",
      "18:42:38",
      "18:57:44",
      "19:12:17",
      "19:27:55",
      "19:42:48",
      "19:56:59",
      "20:12:42",
      "20:28:08",
      "20:42:29",
      "20:58:08",
      "21:12:23",
      "21:28:10",
      "21:42:41",
      "21:57:50",
      "22:13:03"
    ],
    "board": [
      5,
      11,
      10,
      6,
      2,
      11,
      1,
      15,
      7,
      0,
      9,
      15,
      15,
      15,
      15,
      3,
      6,
      2,
      2,
      15,
      3,
      10,
      7,
      7,
      3,
      3,
      10,
      10,
      7,
      3,
      6,
      2,
      5,
      6,
      14,
      10,
      0,
      1,
      12,
      10,
      5,
      9,
      14,
      0,
      5,
      0,
      4,
      9,
      4,
      13,
      15,
      6,
      2,
      6,
      8,
      13,
      12,
      15,
      11,
      8,
      2,
      2,
      14,
      8,
      9
    ],
    "alight": [
      0,
      0,
      0,
      0,
      0,
      1,
      0,
      0,
      0,
      0,
      0,
      0,
      0,
      0,
      0,
      0,
      4,
      1,
      0,
      0,
      0,
      0,
      0,
      0,
      0,
      0,
      0,
      0,
      0,
      1,
      0,
      0,
      0,
      0,
      0,
      0,
      0,
      0,
      0,
      0,
      0,
      0,
      0,
      0,
      0,
      0,
      0,
      0,
      0,
      0,
      0,
      0,
      0,
      0,
      0,
      0,
      4,
      0,
      0,
      0,
      0,
      4,
      0,
      0,
      0
    ]
  },
  "油菜研究所": {
    "time": [
      "06:15:42",
      "06:30:05",
      "06:44:43",
      "07:00:02",
      "07:14:59",
      "07:29:31",
      "07:45:04",
      "08:00:32",
      "08:14:51",
      "08:29:45",
      "08:44:27",
      "08:58:42",
      "09:13:02",
      "09:28:08",
      "09:42:42",
      "09:57:22",
      "10:13:07",
      "10:27:59",
      "10:43:13",
      "10:59:00",
      "11:13:40",
      "11:28:22",
      "11:43:21",
      "11:59:07",
      "12:14:37",
      "12:29:37",
      "12:45:22",
      "13:00:04",
      "13:15:06",
      "13:29:59",
      "13:44:48",
      "13:59:36",
      "14:14:32",
      "14:29:21",
      "14:45:08",
      "15:00:25",
      "15:14:54",
      "15:30:07",
      "15:45:08",
      "16:00:08",
      "16:14:38",
      "16:29:30",
      "16:43:52",
      "16:59:38",
      "17:14:43",
      "17:29:53",
      "17:44:35",
      "17:59:12",
      "18:13:24",
      "18:27:52",
      "18:42:38",
      "18:57:44",
      "19:12:17",
      "19:27:55",
      "19:42:48",
      "19:56:59",
      "20:12:42",
      "20:28:08",
      "20:42:29",
      "20:58:08",
      "21:12:23",
      "21:28:10",
      "21:42:41",
      "21:57:50",
      "22:13:03"
    ],
    "board": [
      7,
      7,
      2,
      14,
      5,
      4,
      13,
      6,
      13,
      0,
      12,
      9,
      0,
      9,
      7,
      1,
      1,
      13,
      5,
      10,
      14,
      6,
      9,
      0,
      12,
      11,
      12,
      11,
      7,
      0,
      3,
      4,
      13,
      2,
      3,
      11,
      9,
      8,
      8,
      13,
      1,
      15,
      5,
      15,
      3,
      9,
      14,
      11,
      14,
      2,
      4,
      12,
      1,
      0,
      5,
      0,
      9,
      2,
      13,
      3,
      13,
      3,
      13,
      3,
      5
    ],
    "alight": [
      5,
      5,
      9,
      3,
      11,
      0,
      15,
      6,
      3,
      4,
      11,
      10,
      1,
      1,
      10,
      1,
      2,
      3,
      10,
      15,
      10,
      1,
      3,
      4,
      2,
      2,
      8,
      10,
      6,
      14,
      2,
      8,
      10,
      6,
      13,
      1,
      9,
      1,
      10,
      14,
      14,
      9,
      6,
      14,
      0,
      15,
      14,
      2,
      7,
      9,
      10,
      9,
      5,
      15,
      3,
      7,
      4,
      14,
      5,
      14,
      4,
      6,
      4,
      3,
      10
    ]
  },
  "仡佬源民族酒楼": {
    "time": [
      "06:15:42",
      "06:30:05",
      "06:44:43",
      "07:00:02",
      "07:14:59",
      "07:29:31",
      "07:45:04",
      "08:00:32",
      "08:14:51",
      "08:29:45",
      "08:44:27",
      "08:58:42",
      "09:13:02",
      "09:28:08",
      "09:42:42",
      "09:57:22",
      "10:13:07",
      "10:27:59",
      "10:43:13",
      "10:59:00",
      "11:13:40",
      "11:28:22",
      "11:43:21",
      "11:59:07",
      "12:14:37",
      "12:29:37",
      "12:45:22",
      "13:00:04",
      "13:15:06",
      "13:29:59",
      "13:44:48",
      "13:59:36",
      "14:14:32",
      "14:29:21",
      "14:45:08",
      "15:00:25",
      "15:14:54",
      "15:30:07",
      "15:45:08",
      "16:00:08",
      "16:14:38",
      "16:29:30",
      "16:43:52",
      "16:59:38",
      "17:14:43",
      "17:29:53",
      "17:44:35",
      "17:59:12",
      "18:13:24",
      "18:27:52",
      "18:42:38",
      "18:57:44",
      "19:12:17",
      "19:27:55",
      "19:42:48",
      "19:56:59",
      "20:12:42",
      "20:28:08",
      "20:42:29",
      "20:58:08",
      "21:12:23",
      "21:28:10",
      "21:42:41",
      "21:57:50",
      "22:13:03"
    ],
    "board": [
      9,
      12,
      2,
      15,
      11,
      0,
      0,
      4,
      6,
      12,
      10,
      7,
      9,
      14,
      0,
      14,
      0,
      13,
      5,
      2,
      13,
      5,
      7,
      0,
      8,
      9,
      11,
      5,
      14,
      1,
      7,
      9,
      10,
      9,
      11,
      13,
      13,
      11,
      14,
      9,
      12,
      1,
      9,
      13,
      9,
      4,
      9,
      7,
      2,
      8,
      9,
      6,
      5,
      9,
      5,
      11,
      4,
      0,
      14,
      12,
      11,
      2,
      6,
      3,
      7
    ],
    "alight": [
      3,
      2,
      12,
      13,
      15,
      7,
      1,
      0,
      11,
      11,
      5,
      7,
      14,
      15,
      11,
      10,
      12,
      15,
      4,
      0,
      2,
      2,
      6,
      9,
      5,
      2,
      11,
      1,
      0,
      3,
      14,
      11,
      1,
      3,
      1,
      7,
      14,
      8,
      11,
      13,
      11,
      11,
      10,
      5,
      1,
      15,
      6,
      6,
      10,
      7,
      0,
      8,
      10,
      12,
      10,
      6,
      13,
      5,
      14,
      15,
      4,
      15,
      13,
      13,
      13
    ]
  },
  "瑞幸咖啡(贵阳德福中心店)": {
    "time": [
      "06:15:42",
      "06:30:05",
      "06:44:43",
      "07:00:02",
      "07:14:59",
      "07:29:31",
      "07:45:04",
      "08:00:32",
      "08:14:51",
      "08:29:45",
      "08:44:27",
      "08:58:42",
      "09:13:02",
      "09:28:08",
      "09:42:42",
      "09:57:22",
      "10:13:07",
      "10:27:59",
      "10:43:13",
      "10:59:00",
      "11:13:40",
      "11:28:22",
      "11:43:21",
      "11:59:07",
      "12:14:37",
      "12:29:37",
      "12:45:22",
      "13:00:04",
      "13:15:06",
      "13:29:59",
      "13:44:48",
      "13:59:36",
      "14:14:32",
      "14:29:21",
      "14:45:08",
      "15:00:25",
      "15:14:54",
      "15:30:07",
      "15:45:08",
      "16:00:08",
      "16:14:38",
      "16:29:30",
      "16:43:52",
      "16:59:38",
      "17:14:43",
      "17:29:53",
      "17:44:35",
      "17:59:12",
      "18:13:24",
      "18:27:52",
      "18:42:38",
      "18:57:44",
      "19:12:17",
      "19:27:55",
      "19:42:48",
      "19:56:59",
      "20:12:42",
      "20:28:08",
      "20:42:29",
      "20:58:08",
      "21:12:23",
      "21:28:10",
      "21:42:41",
      "21:57:50",
      "22:13:03"
    ],
    "board": [
      8,
      9,
      6,
      2,
      1,
      11,
      12,
      10,
      7,
      6,
      0,
      1,
      6,
      3,
      15,
      6,
      0,
      8,
      13,
      6,
      14,
      7,
      10,
      1,
      1,
      0,
      15,
      4,
      3,
      14,
      14,
      4,
      1,
      6,
      12,
      9,
      13,
      4,
      0,
      2,
      2,
      3,
      11,
      6,
      7,
      14,
      5,
      12,
      11,
      4,
      4,
      13,
      6,
      10,
      14,
      9,
      10,
      4,
      9,
      14,
      3,
      1,
      14,
      4,
      10
    ],
    "alight": [
      0,
      13,
      9,
      6,
      14,
      14,
      14,
      11,
      13,
      15,
      9,
      4,
      10,
      4,
      0,
      11,
      15,
      2,
      7,
      13,
      1,
      9,
      3,
      13,
      0,
      6,
      10,
      8,
      11,
      14,
      15,
      15,
      10,
      6,
      13,
      15,
      11,
      9,
      3,
      2,
      1,
      4,
      10,
      6,
      11,
      2,
      7,
      4,
      12,
      1,
      12,
      4,
      12,
      11,
      15,
      9,
      6,
      15,
      15,
      8,
      8,
      0,
      7,
      12,
      2
    ]
  },
  "花溪农商银行(高新支行)": {
    "time": [
      "06:15:42",
      "06:30:05",
      "06:44:43",
      "07:00:02",
      "07:14:59",
      "07:29:31",
      "07:45:04",
      "08:00:32",
      "08:14:51",
      "08:29:45",
      "08:44:27",
      "08:58:42",
      "09:13:02",
      "09:28:08",
      "09:42:42",
      "09:57:22",
      "10:13:07",
      "10:27:59",
      "10:43:13",
      "10:59:00",
      "11:13:40",
      "11:28:22",
      "11:43:21",
      "11:59:07",
      "12:14:37",
      "12:29:37",
      "12:45:22",
      "13:00:04",
      "13:15:06",
      "13:29:59",
      "13:44:48",
      "13:59:36",
      "14:14:32",
      "14:29:21",
      "14:45:08",
      "15:00:25",
      "15:14:54",
      "15:30:07",
      "15:45:08",
      "16:00:08",
      "16:14:38",
      "16:29:30",
      "16:43:52",
      "16:59:38",
      "17:14:43",
      "17:29:53",
      "17:44:35",
      "17:59:12",
      "18:13:24",
      "18:27:52",
      "18:42:38",
      "18:57:44",
      "19:12:17",
      "19:27:55",
      "19:42:48",
      "19:56:59",
      "20:12:42",
      "20:28:08",
      "20:42:29",
      "20:58:08",
      "21:12:23",
      "21:28:10",
      "21:42:41",
      "21:57:50",
      "22:13:03"
    ],
    "board": [
      2,
      1,
      14,
      7,
      1,
      5,
      10,
      10,
      10,
      6,
      1,
      5,
      4,
      13,
      13,
      13,
      8,
      11,
      2,
      1,
      0,
      0,
      12,
      15,
      4,
      2,
      3,
      11,
      13,
      12,
      13,
      8,
      8,
      7,
      12,
      2,
      8,
      8,
      14,
      14,
      14,
      5,
      6,
      10,
      14,
      7,
      11,
      11,
      4,
      11,
      7,
      4,
      10,
      7,
      2,
      4,
      2,
      1,
      0,
      15,
      10,
      5,
      15,
      6,
      5
    ],
    "alight": [
      7,
      6,
      5,
      0,
      15,
      4,
      6,
      3,
      8,
      15,
      2,
      6,
      9,
      9,
      9,
      1,
      15,
      10,
      5,
      4,
      13,
      10,
      7,
      7,
      11,
      12,
      2,
      3,
      5,
      15,
      2,
      7,
      1,
      8,
      3,
      7,
      13,
      9,
      7,
      2,
      5,
      13,
      6,
      7,
      9,
      7,
      5,
      14,
      10,
      8,
      12,
      1,
      7,
      4,
      10,
      13,
      12,
      3,
      15,
      0,
      13,
      11,
      8,
      4,
      1
    ]
  },
  "仁心堂厚朴养生馆": {
    "time": [
      "06:15:42",
      "06:30:05",
      "06:44:43",
      "07:00:02",
      "07:14:59",
      "07:29:31",
      "07:45:04",
      "08:00:32",
      "08:14:51",
      "08:29:45",
      "08:44:27",
      "08:58:42",
      "09:13:02",
      "09:28:08",
      "09:42:42",
      "09:57:22",
      "10:13:07",
      "10:27:59",
      "10:43:13",
      "10:59:00",
      "11:13:40",
      "11:28:22",
      "11:43:21",
      "11:59:07",
      "12:14:37",
      "12:29:37",
      "12:45:22",
      "13:00:04",
      "13:15:06",
      "13:29:59",
      "13:44:48",
      "13:59:36",
      "14:14:32",
      "14:29:21",
      "14:45:08",
      "15:00:25",
      "15:14:54",
      "15:30:07",
      "15:45:08",
      "16:00:08",
      "16:14:38",
      "16:29:30",
      "16:43:52",
      "16:59:38",
      "17:14:43",
      "17:29:53",
      "17:44:35",
      "17:59:12",
      "18:13:24",
      "18:27:52",
      "18:42:38",
      "18:57:44",
      "19:12:17",
      "19:27:55",
      "19:42:48",
      "19:56:59",
      "20:12:42",
      "20:28:08",
      "20:42:29",
      "20:58:08",
      "21:12:23",
      "21:28:10",
      "21:42:41",
      "21:57:50",
      "22:13:03"
    ],
    "board": [
      4,
      6,
      5,
      11,
      3,
      1,
      5,
      7,
      2,
      10,
      5,
      13,
      2,
      8,
      8,
      10,
      9,
      7,
      12,
      3,
      10,
      6,
      12,
      2,
      11,
      5,
      7,
      12,
      7,
      4,
      12,
      9,
      2,
      2,
      10,
      1,
      12,
      3,
      4,
      11,
      4,
      0,
      10,
      10,
      6,
      5,
      14,
      0,
      8,
      13,
      7,
      4,
      2,
      12,
      12,
      3,
      7,
      2,
      11,
      7,
      2,
      6,
      3,
      12,
      8
    ],
    "alight": [
      4,
      11,
      14,
      11,
      11,
      11,
      7,
      0,
      8,
      0,
      6,
      1,
      12,
      2,
      9,
      14,
      2,
      12,
      14,
      10,
      11,
      5,
      8,
      2,
      6,
      11,
      10,
      2,
      13,
      11,
      4,
      15,
      8,
      0,
      11,
      13,
      11,
      15,
      6,
      15,
      8,
      6,
      7,
      1,
      15,
      13,
      13,
      2,
      10,
      8,
      0,
      5,
      3,
      9,
      1,
      15,
      3,
      8,
      5,
      8,
      15,
      11,
      2,
      4,
      1
    ]
  },
  "白龙洞路": {
    "time": [
      "06:15:42",
      "06:30:05",
      "06:44:43",
      "07:00:02",
      "07:14:59",
      "07:29:31",
      "07:45:04",
      "08:00:32",
      "08:14:51",
      "08:29:45",
      "08:44:27",
      "08:58:42",
      "09:13:02",
      "09:28:08",
      "09:42:42",
      "09:57:22",
      "10:13:07",
      "10:27:59",
      "10:43:13",
      "10:59:00",
      "11:13:40",
      "11:28:22",
      "11:43:21",
      "11:59:07",
      "12:14:37",
      "12:29:37",
      "12:45:22",
      "13:00:04",
      "13:15:06",
      "13:29:59",
      "13:44:48",
      "13:59:36",
      "14:14:32",
      "14:29:21",
      "14:45:08",
      "15:00:25",
      "15:14:54",
      "15:30:07",
      "15:45:08",
      "16:00:08",
      "16:14:38",
      "16:29:30",
      "16:43:52",
      "16:59:38",
      "17:14:43",
      "17:29:53",
      "17:44:35",
      "17:59:12",
      "18:13:24",
      "18:27:52",
      "18:42:38",
      "18:57:44",
      "19:12:17",
      "19:27:55",
      "19:42:48",
      "19:56:59",
      "20:12:42",
      "20:28:08",
      "20:42:29",
      "20:58:08",
      "21:12:23",
      "21:28:10",
      "21:42:41",
      "21:57:50",
      "22:13:03"
    ],
    "board": [
      14,
      10,
      15,
      14,
      13,
      15,
      5,
      6,
      6,
      10,
      11,
      4,
      7,
      7,
      5,
      8,
      15,
      8,
      2,
      14,
      8,
      6,
      12,
      3,
      13,
      2,
      7,
      3,
      2,
      14,
      10,
      8,
      0,
      14,
      10,
      4,
      11,
      12,
      1,
      13,
      11,
      0,
      0,
      11,
      10,
      6,
      7,
      2,
      0,
      6,
      4,
      4,
      9,
      6,
      6,
      7,
      10,
      2,
      2,
      5,
      15,
      8,
      15,
      13,
      5
    ],
    "alight": [
      3,
      6,
      6,
      11,
      8,
      8,
      10,
      13,
      1,
      7,
      14,
      4,
      1,
      13,
      15,
      0,
      6,
      7,
      2,
      13,
      6,
      3,
      8,
      4,
      2,
      7,
      15,
      12,
      6,
      11,
      0,
      9,
      6,
      7,
      11,
      5,
      14,
      8,
      3,
      6,
      7,
      15,
      2,
      3,
      2,
      9,
      4,
      5,
      3,
      5,
      1,
      4,
      15,
      8,
      5,
      9,
      6,
      11,
      4,
      9,
      13,
      0,
      9,
      6,
      5
    ]
  },
  "铸源健康生活馆": {
    "time": [
      "06:15:42",
      "06:30:05",
      "06:44:43",
      "07:00:02",
      "07:14:59",
      "07:29:31",
      "07:45:04",
      "08:00:32",
      "08:14:51",
      "08:29:45",
      "08:44:27",
      "08:58:42",
      "09:13:02",
      "09:28:08",
      "09:42:42",
      "09:57:22",
      "10:13:07",
      "10:27:59",
      "10:43:13",
      "10:59:00",
      "11:13:40",
      "11:28:22",
      "11:43:21",
      "11:59:07",
      "12:14:37",
      "12:29:37",
      "12:45:22",
      "13:00:04",
      "13:15:06",
      "13:29:59",
      "13:44:48",
      "13:59:36",
      "14:14:32",
      "14:29:21",
      "14:45:08",
      "15:00:25",
      "15:14:54",
      "15:30:07",
      "15:45:08",
      "16:00:08",
      "16:14:38",
      "16:29:30",
      "16:43:52",
      "16:59:38",
      "17:14:43",
      "17:29:53",
      "17:44:35",
      "17:59:12",
      "18:13:24",
      "18:27:52",
      "18:42:38",
      "18:57:44",
      "19:12:17",
      "19:27:55",
      "19:42:48",
      "19:56:59",
      "20:12:42",
      "20:28:08",
      "20:42:29",
      "20:58:08",
      "21:12:23",
      "21:28:10",
      "21:42:41",
      "21:57:50",
      "22:13:03"
    ],
    "board": [
      6,
      10,
      13,
      9,
      13,
      0,
      14,
      0,
      4,
      14,
      8,
      13,
      7,
      10,
      2,
      6,
      7,
      11,
      5,
      1,
      1,
      8,
      6,
      0,
      11,
      14,
      10,
      2,
      10,
      1,
      12,
      1,
      2,
      13,
      5,
      7,
      6,
      4,
      10,
      9,
      2,
      1,
      15,
      10,
      0,
      2,
      12,
      11,
      5,
      15,
      9,
      14,
      6,
      6,
      7,
      0,
      12,
      9,
      13,
      13,
      0,
      1,
      7,
      3,
      13
    ],
    "alight": [
      6,
      10,
      5,
      10,
      6,
      12,
      10,
      8,
      4,
      15,
      10,
      9,
      0,
      15,
      14,
      3,
      2,
      6,
      13,
      1,
      13,
      2,
      1,
      3,
      10,
      3,
      13,
      4,
      12,
      4,
      6,
      10,
      12,
      4,
      3,
      9,
      10,
      11,
      3,
      0,
      8,
      5,
      2,
      15,
      12,
      2,
      6,
      15,
      12,
      5,
      6,
      12,
      15,
      0,
      6,
      11,
      13,
      3,
      15,
      9,
      8,
      9,
      13,
      2,
      12
    ]
  },
  "五二哥辣子鸡(金阳店)": {
    "time": [
      "06:15:42",
      "06:30:05",
      "06:44:43",
      "07:00:02",
      "07:14:59",
      "07:29:31",
      "07:45:04",
      "08:00:32",
      "08:14:51",
      "08:29:45",
      "08:44:27",
      "08:58:42",
      "09:13:02",
      "09:28:08",
      "09:42:42",
      "09:57:22",
      "10:13:07",
      "10:27:59",
      "10:43:13",
      "10:59:00",
      "11:13:40",
      "11:28:22",
      "11:43:21",
      "11:59:07",
      "12:14:37",
      "12:29:37",
      "12:45:22",
      "13:00:04",
      "13:15:06",
      "13:29:59",
      "13:44:48",
      "13:59:36",
      "14:14:32",
      "14:29:21",
      "14:45:08",
      "15:00:25",
      "15:14:54",
      "15:30:07",
      "15:45:08",
      "16:00:08",
      "16:14:38",
      "16:29:30",
      "16:43:52",
      "16:59:38",
      "17:14:43",
      "17:29:53",
      "17:44:35",
      "17:59:12",
      "18:13:24",
      "18:27:52",
      "18:42:38",
      "18:57:44",
      "19:12:17",
      "19:27:55",
      "19:42:48",
      "19:56:59",
      "20:12:42",
      "20:28:08",
      "20:42:29",
      "20:58:08",
      "21:12:23",
      "21:28:10",
      "21:42:41",
      "21:57:50",
      "22:13:03"
    ],
    "board": [
      10,
      6,
      12,
      6,
      1,
      10,
      1,
      10,
      8,
      12,
      8,
      6,
      0,
      4,
      5,
      2,
      1,
      8,
      3,
      14,
      3,
      5,
      12,
      0,
      10,
      3,
      12,
      10,
      14,
      13,
      0,
      1,
      8,
      4,
      8,
      2,
      13,
      4,
      4,
      12,
      9,
      9,
      14,
      8,
      13,
      2,
      7,
      11,
      6,
      0,
      2,
      15,
      6,
      1,
      10,
      7,
      7,
      3,
      4,
      14,
      8,
      3,
      7,
      4,
      11
    ],
    "alight": [
      2,
      2,
      0,
      5,
      2,
      11,
      5,
      7,
      6,
      14,
      8,
      13,
      4,
      5,
      0,
      5,
      7,
      1,
      12,
      3,
      5,
      11,
      4,
      14,
      14,
      10,
      3,
      5,
      15,
      5,
      4,
      10,
      1,
      11,
      10,
      1,
      5,
      1,
      3,
      12,
      4,
      6,
      3,
      12,
      7,
      13,
      14,
      12,
      3,
      12,
      13,
      8,
      3,
      10,
      15,
      6,
      4,
      5,
      7,
      5,
      12,
      11,
      10,
      15,
      1
    ]
  },
  "牛如世家(贵阳世纪城龙吉苑店)": {
    "time": [
      "06:15:42",
      "06:30:05",
      "06:44:43",
      "07:00:02",
      "07:14:59",
      "07:29:31",
      "07:45:04",
      "08:00:32",
      "08:14:51",
      "08:29:45",
      "08:44:27",
      "08:58:42",
      "09:13:02",
      "09:28:08",
      "09:42:42",
      "09:57:22",
      "10:13:07",
      "10:27:59",
      "10:43:13",
      "10:59:00",
      "11:13:40",
      "11:28:22",
      "11:43:21",
      "11:59:07",
      "12:14:37",
      "12:29:37",
      "12:45:22",
      "13:00:04",
      "13:15:06",
      "13:29:59",
      "13:44:48",
      "13:59:36",
      "14:14:32",
      "14:29:21",
      "14:45:08",
      "15:00:25",
      "15:14:54",
      "15:30:07",
      "15:45:08",
      "16:00:08",
      "16:14:38",
      "16:29:30",
      "16:43:52",
      "16:59:38",
      "17:14:43",
      "17:29:53",
      "17:44:35",
      "17:59:12",
      "18:13:24",
      "18:27:52",
      "18:42:38",
      "18:57:44",
      "19:12:17",
      "19:27:55",
      "19:42:48",
      "19:56:59",
      "20:12:42",
      "20:28:08",
      "20:42:29",
      "20:58:08",
      "21:12:23",
      "21:28:10",
      "21:42:41",
      "21:57:50",
      "22:13:03"
    ],
    "board": [
      2,
      2,
      1,
      7,
      11,
      8,
      10,
      2,
      13,
      14,
      3,
      3,
      7,
      0,
      12,
      12,
      9,
      1,
      3,
      15,
      4,
      9,
      15,
      13,
      0,
      0,
      7,
      4,
      5,
      4,
      12,
      5,
      4,
      13,
      0,
      8,
      10,
      3,
      10,
      11,
      2,
      3,
      8,
      7,
      4,
      14,
      15,
      4,
      6,
      11,
      13,
      9,
      6,
      10,
      10,
      0,
      1,
      7,
      6,
      11,
      6,
      3,
      4,
      3,
      13
    ],
    "alight": [
      1,
      15,
      12,
      4,
      8,
      9,
      3,
      8,
      1,
      5,
      11,
      3,
      12,
      9,
      1,
      14,
      12,
      8,
      5,
      9,
      9,
      13,
      3,
      11,
      15,
      3,
      9,
      13,
      9,
      9,
      14,
      13,
      10,
      10,
      10,
      11,
      15,
      12,
      9,
      6,
      3,
      14,
      3,
      13,
      1,
      13,
      11,
      2,
      2,
      2,
      14,
      13,
      15,
      5,
      1,
      1,
      13,
      2,
      9,
      7,
      7,
      3,
      12,
      7,
      4
    ]
  },
  "中国工商银行(世纪城支行)": {
    "time": [
      "06:15:42",
      "06:30:05",
      "06:44:43",
      "07:00:02",
      "07:14:59",
      "07:29:31",
      "07:45:04",
      "08:00:32",
      "08:14:51",
      "08:29:45",
      "08:44:27",
      "08:58:42",
      "09:13:02",
      "09:28:08",
      "09:42:42",
      "09:57:22",
      "10:13:07",
      "10:27:59",
      "10:43:13",
      "10:59:00",
      "11:13:40",
      "11:28:22",
      "11:43:21",
      "11:59:07",
      "12:14:37",
      "12:29:37",
      "12:45:22",
      "13:00:04",
      "13:15:06",
      "13:29:59",
      "13:44:48",
      "13:59:36",
      "14:14:32",
      "14:29:21",
      "14:45:08",
      "15:00:25",
      "15:14:54",
      "15:30:07",
      "15:45:08",
      "16:00:08",
      "16:14:38",
      "16:29:30",
      "16:43:52",
      "16:59:38",
      "17:14:43",
      "17:29:53",
      "17:44:35",
      "17:59:12",
      "18:13:24",
      "18:27:52",
      "18:42:38",
      "18:57:44",
      "19:12:17",
      "19:27:55",
      "19:42:48",
      "19:56:59",
      "20:12:42",
      "20:28:08",
      "20:42:29",
      "20:58:08",
      "21:12:23",
      "21:28:10",
      "21:42:41",
      "21:57:50",
      "22:13:03"
    ],
    "board": [
      0,
      15,
      10,
      3,
      10,
      8,
      2,
      11,
      5,
      12,
      2,
      6,
      6,
      8,
      9,
      7,
      3,
      0,
      13,
      11,
      10,
      8,
      8,
      4,
      13,
      11,
      3,
      8,
      1,
      10,
      15,
      15,
      8,
      14,
      8,
      7,
      11,
      5,
      0,
      5,
      13,
      10,
      2,
      10,
      2,
      7,
      11,
      13,
      15,
      8,
      7,
      7,
      2,
      8,
      2,
      1,
      2,
      13,
      14,
      1,
      3,
      9,
      5,
      15,
      13
    ],
    "alight": [
      13,
      0,
      4,
      13,
      0,
      10,
      3,
      14,
      5,
      11,
      0,
      5,
      2,
      9,
      1,
      4,
      4,
      5,
      13,
      0,
      15,
      12,
      11,
      3,
      13,
      13,
      14,
      8,
      7,
      10,
      13,
      2,
      8,
      7,
      2,
      6,
      5,
      6,
      6,
      9,
      1,
      9,
      8,
      15,
      6,
      2,
      2,
      0,
      7,
      1,
      6,
      13,
      5,
      8,
      7,
      15,
      4,
      4,
      15,
      1,
      1,
      7,
      4,
      10,
      6
    ]
  },
  "杨氏大竹签烤肉": {
    "time": [
      "06:15:42",
      "06:30:05",
      "06:44:43",
      "07:00:02",
      "07:14:59",
      "07:29:31",
      "07:45:04",
      "08:00:32",
      "08:14:51",
      "08:29:45",
      "08:44:27",
      "08:58:42",
      "09:13:02",
      "09:28:08",
      "09:42:42",
      "09:57:22",
      "10:13:07",
      "10:27:59",
      "10:43:13",
      "10:59:00",
      "11:13:40",
      "11:28:22",
      "11:43:21",
      "11:59:07",
      "12:14:37",
      "12:29:37",
      "12:45:22",
      "13:00:04",
      "13:15:06",
      "13:29:59",
      "13:44:48",
      "13:59:36",
      "14:14:32",
      "14:29:21",
      "14:45:08",
      "15:00:25",
      "15:14:54",
      "15:30:07",
      "15:45:08",
      "16:00:08",
      "16:14:38",
      "16:29:30",
      "16:43:52",
      "16:59:38",
      "17:14:43",
      "17:29:53",
      "17:44:35",
      "17:59:12",
      "18:13:24",
      "18:27:52",
      "18:42:38",
      "18:57:44",
      "19:12:17",
      "19:27:55",
      "19:42:48",
      "19:56:59",
      "20:12:42",
      "20:28:08",
      "20:42:29",
      "20:58:08",
      "21:12:23",
      "21:28:10",
      "21:42:41",
      "21:57:50",
      "22:13:03"
    ],
    "board": [
      5,
      13,
      4,
      3,
      5,
      10,
      13,
      1,
      12,
      6,
      10,
      8,
      15,
      15,
      8,
      4,
      11,
      9,
      9,
      5,
      8,
      3,
      13,
      14,
      7,
      1,
      7,
      3,
      12,
      1,
      11,
      12,
      11,
      15,
      0,
      14,
      8,
      15,
      12,
      3,
      2,
      4,
      3,
      15,
      5,
      12,
      7,
      15,
      10,
      12,
      3,
      7,
      7,
      6,
      9,
      13,
      15,
      6,
      7,
      10,
      13,
      0,
      14,
      14,
      15
    ],
    "alight": [
      8,
      7,
      8,
      9,
      1,
      13,
      10,
      15,
      3,
      0,
      12,
      1,
      10,
      6,
      14,
      1,
      8,
      15,
      13,
      11,
      1,
      13,
      2,
      10,
      8,
      6,
      1,
      4,
      14,
      7,
      6,
      14,
      2,
      8,
      11,
      14,
      6,
      13,
      2,
      4,
      6,
      10,
      1,
      9,
      8,
      14,
      7,
      12,
      0,
      10,
      11,
      0,
      5,
      8,
      15,
      10,
      4,
      14,
      11,
      12,
      15,
      1,
      10,
      3,
      6
    ]
  },
  "书亦烧仙草(中铁逸都国际店)": {
    "time": [
      "06:15:42",
      "06:30:05",
      "06:44:43",
      "07:00:02",
      "07:14:59",
      "07:29:31",
      "07:45:04",
      "08:00:32",
      "08:14:51",
      "08:29:45",
      "08:44:27",
      "08:58:42",
      "09:13:02",
      "09:28:08",
      "09:42:42",
      "09:57:22",
      "10:13:07",
      "10:27:59",
      "10:43:13",
      "10:59:00",
      "11:13:40",
      "11:28:22",
      "11:43:21",
      "11:59:07",
      "12:14:37",
      "12:29:37",
      "12:45:22",
      "13:00:04",
      "13:15:06",
      "13:29:59",
      "13:44:48",
      "13:59:36",
      "14:14:32",
      "14:29:21",
      "14:45:08",
      "15:00:25",
      "15:14:54",
      "15:30:07",
      "15:45:08",
      "16:00:08",
      "16:14:38",
      "16:29:30",
      "16:43:52",
      "16:59:38",
      "17:14:43",
      "17:29:53",
      "17:44:35",
      "17:59:12",
      "18:13:24",
      "18:27:52",
      "18:42:38",
      "18:57:44",
      "19:12:17",
      "19:27:55",
      "19:42:48",
      "19:56:59",
      "20:12:42",
      "20:28:08",
      "20:42:29",
      "20:58:08",
      "21:12:23",
      "21:28:10",
      "21:42:41",
      "21:57:50",
      "22:13:03"
    ],
    "board": [
      8,
      7,
      0,
      15,
      13,
      13,
      5,
      0,
      5,
      13,
      12,
      3,
      3,
      14,
      8,
      13,
      15,
      8,
      1,
      9,
      1,
      5,
      0,
      5,
      10,
      14,
      6,
      4,
      2,
      15,
      9,
      12,
      0,
      10,
      8,
      10,
      14,
      8,
      8,
      4,
      8,
      14,
      15,
      10,
      2,
      9,
      9,
      2,
      4,
      15,
      3,
      13,
      5,
      1,
      6,
      15,
      14,
      5,
      13,
      6,
      10,
      4,
      6,
      6,
      4
    ],
    "alight": [
      2,
      5,
      11,
      10,
      1,
      5,
      3,
      0,
      13,
      5,
      14,
      5,
      5,
      8,
      3,
      8,
      8,
      2,
      7,
      7,
      10,
      4,
      1,
      8,
      2,
      11,
      14,
      5,
      15,
      15,
      0,
      12,
      1,
      3,
      6,
      5,
      10,
      13,
      15,
      10,
      1,
      5,
      1,
      12,
      11,
      1,
      8,
      9,
      10,
      6,
      13,
      12,
      7,
      2,
      11,
      0,
      12,
      9,
      3,
      0,
      11,
      9,
      6,
      10,
      0
    ]
  },
  "治安岗亭": {
    "time": [
      "06:15:42",
      "06:30:05",
      "06:44:43",
      "07:00:02",
      "07:14:59",
      "07:29:31",
      "07:45:04",
      "08:00:32",
      "08:14:51",
      "08:29:45",
      "08:44:27",
      "08:58:42",
      "09:13:02",
      "09:28:08",
      "09:42:42",
      "09:57:22",
      "10:13:07",
      "10:27:59",
      "10:43:13",
      "10:59:00",
      "11:13:40",
      "11:28:22",
      "11:43:21",
      "11:59:07",
      "12:14:37",
      "12:29:37",
      "12:45:22",
      "13:00:04",
      "13:15:06",
      "13:29:59",
      "13:44:48",
      "13:59:36",
      "14:14:32",
      "14:29:21",
      "14:45:08",
      "15:00:25",
      "15:14:54",
      "15:30:07",
      "15:45:08",
      "16:00:08",
      "16:14:38",
      "16:29:30",
      "16:43:52",
      "16:59:38",
      "17:14:43",
      "17:29:53",
      "17:44:35",
      "17:59:12",
      "18:13:24",
      "18:27:52",
      "18:42:38",
      "18:57:44",
      "19:12:17",
      "19:27:55",
      "19:42:48",
      "19:56:59",
      "20:12:42",
      "20:28:08",
      "20:42:29",
      "20:58:08",
      "21:12:23",
      "21:28:10",
      "21:42:41",
      "21:57:50",
      "22:13:03"
    ],
    "board": [
      2,
      3,
      7,
      9,
      12,
      12,
      12,
      10,
      9,
      3,
      3,
      11,
      3,
      5,
      3,
      2,
      5,
      4,
      11,
      10,
      3,
      6,
      14,
      2,
      9,
      6,
      15,
      11,
      6,
      4,
      4,
      13,
      4,
      15,
      4,
      13,
      3,
      10,
      3,
      4,
      2,
      13,
      0,
      4,
      2,
      9,
      10,
      14,
      11,
      12,
      0,
      10,
      13,
      6,
      2,
      12,
      1,
      1,
      1,
      15,
      11,
      13,
      9,
      9,
      8
    ],
    "alight": [
      13,
      10,
      5,
      4,
      15,
      2,
      3,
      10,
      12,
      14,
      5,
      8,
      9,
      4,
      11,
      3,
      2,
      8,
      0,
      6,
      11,
      6,
      11,
      5,
      8,
      14,
      3,
      5,
      13,
      2,
      14,
      1,
      10,
      1,
      3,
      4,
      13,
      12,
      15,
      14,
      5,
      14,
      9,
      1,
      7,
      0,
      12,
      0,
      9,
      15,
      0,
      13,
      7,
      12,
      6,
      14,
      9,
      4,
      6,
      12,
      7,
      14,
      10,
      9,
      6
    ]
  },
  "观山湖区宾阳街道西南上城映山府": {
    "time": [
      "06:15:42",
      "06:30:05",
      "06:44:43",
      "07:00:02",
      "07:14:59",
      "07:29:31",
      "07:45:04",
      "08:00:32",
      "08:14:51",
      "08:29:45",
      "08:44:27",
      "08:58:42",
      "09:13:02",
      "09:28:08",
      "09:42:42",
      "09:57:22",
      "10:13:07",
      "10:27:59",
      "10:43:13",
      "10:59:00",
      "11:13:40",
      "11:28:22",
      "11:43:21",
      "11:59:07",
      "12:14:37",
      "12:29:37",
      "12:45:22",
      "13:00:04",
      "13:15:06",
      "13:29:59",
      "13:44:48",
      "13:59:36",
      "14:14:32",
      "14:29:21",
      "14:45:08",
      "15:00:25",
      "15:14:54",
      "15:30:07",
      "15:45:08",
      "16:00:08",
      "16:14:38",
      "16:29:30",
      "16:43:52",
      "16:59:38",
      "17:14:43",
      "17:29:53",
      "17:44:35",
      "17:59:12",
      "18:13:24",
      "18:27:52",
      "18:42:38",
      "18:57:44",
      "19:12:17",
      "19:27:55",
      "19:42:48",
      "19:56:59",
      "20:12:42",
      "20:28:08",
      "20:42:29",
      "20:58:08",
      "21:12:23",
      "21:28:10",
      "21:42:41",
      "21:57:50",
      "22:13:03"
    ],
    "board": [
      2,
      10,
      12,
      11,
      5,
      13,
      13,
      6,
      10,
      14,
      15,
      1,
      7,
      11,
      6,
      6,
      15,
      3,
      5,
      1,
      12,
      14,
      5,
      5,
      12,
      4,
      12,
      13,
      13,
      12,
      2,
      6,
      12,
      5,
      13,
      5,
      5,
      7,
      6,
      12,
      15,
      4,
      4,
      13,
      14,
      4,
      6,
      8,
      1,
      6,
      12,
      14,
      6,
      7,
      0,
      9,
      3,
      0,
      12,
      9,
      14,
      15,
      0,
      1,
      0
    ],
    "alight": [
      13,
      12,
      8,
      1,
      9,
      6,
      11,
      9,
      4,
      12,
      5,
      0,
      14,
      14,
      5,
      13,
      4,
      7,
      7,
      0,
      6,
      1,
      10,
      4,
      8,
      15,
      8,
      8,
      10,
      15,
      7,
      6,
      6,
      4,
      13,
      9,
      0,
      8,
      13,
      0,
      3,
      9,
      10,
      1,
      6,
      7,
      4,
      11,
      13,
      14,
      1,
      3,
      4,
      3,
      14,
      4,
      15,
      1,
      10,
      0,
      8,
      5,
      1,
      7,
      0
    ]
  },
  "豪杰宾馆": {
    "time": [
      "06:15:42",
      "06:30:05",
      "06:44:43",
      "07:00:02",
      "07:14:59",
      "07:29:31",
      "07:45:04",
      "08:00:32",
      "08:14:51",
      "08:29:45",
      "08:44:27",
      "08:58:42",
      "09:13:02",
      "09:28:08",
      "09:42:42",
      "09:57:22",
      "10:13:07",
      "10:27:59",
      "10:43:13",
      "10:59:00",
      "11:13:40",
      "11:28:22",
      "11:43:21",
      "11:59:07",
      "12:14:37",
      "12:29:37",
      "12:45:22",
      "13:00:04",
      "13:15:06",
      "13:29:59",
      "13:44:48",
      "13:59:36",
      "14:14:32",
      "14:29:21",
      "14:45:08",
      "15:00:25",
      "15:14:54",
      "15:30:07",
      "15:45:08",
      "16:00:08",
      "16:14:38",
      "16:29:30",
      "16:43:52",
      "16:59:38",
      "17:14:43",
      "17:29:53",
      "17:44:35",
      "17:59:12",
      "18:13:24",
      "18:27:52",
      "18:42:38",
      "18:57:44",
      "19:12:17",
      "19:27:55",
      "19:42:48",
      "19:56:59",
      "20:12:42",
      "20:28:08",
      "20:42:29",
      "20:58:08",
      "21:12:23",
      "21:28:10",
      "21:42:41",
      "21:57:50",
      "22:13:03"
    ],
    "board": [
      15,
      9,
      6,
      0,
      1,
      0,
      4,
      6,
      12,
      10,
      6,
      0,
      4,
      13,
      1,
      13,
      6,
      6,
      2,
      7,
      11,
      15,
      13,
      0,
      12,
      15,
      11,
      10,
      8,
      7,
      14,
      8,
      7,
      4,
      7,
      10,
      4,
      10,
      4,
      13,
      3,
      4,
      6,
      3,
      4,
      5,
      10,
      7,
      12,
      7,
      3,
      12,
      4,
      7,
      8,
      7,
      8,
      7,
      7,
      0,
      4,
      3,
      6,
      1,
      11
    ],
    "alight": [
      14,
      3,
      1,
      15,
      7,
      8,
      12,
      2,
      1,
      7,
      11,
      9,
      7,
      0,
      12,
      6,
      6,
      3,
      9,
      5,
      14,
      7,
      0,
      12,
      15,
      7,
      15,
      6,
      10,
      14,
      10,
      4,
      15,
      14,
      7,
      5,
      6,
      12,
      13,
      0,
      6,
      0,
      2,
      9,
      9,
      15,
      6,
      4,
      5,
      4,
      2,
      13,
      0,
      13,
      12,
      10,
      4,
      11,
      12,
      6,
      15,
      12,
      2,
      7,
      1
    ]
  },
  "杨春会活油土烙锅(碧桂园·观山府店)": {
    "time": [
      "06:15:42",
      "06:30:05",
      "06:44:43",
      "07:00:02",
      "07:14:59",
      "07:29:31",
      "07:45:04",
      "08:00:32",
      "08:14:51",
      "08:29:45",
      "08:44:27",
      "08:58:42",
      "09:13:02",
      "09:28:08",
      "09:42:42",
      "09:57:22",
      "10:13:07",
      "10:27:59",
      "10:43:13",
      "10:59:00",
      "11:13:40",
      "11:28:22",
      "11:43:21",
      "11:59:07",
      "12:14:37",
      "12:29:37",
      "12:45:22",
      "13:00:04",
      "13:15:06",
      "13:29:59",
      "13:44:48",
      "13:59:36",
      "14:14:32",
      "14:29:21",
      "14:45:08",
      "15:00:25",
      "15:14:54",
      "15:30:07",
      "15:45:08",
      "16:00:08",
      "16:14:38",
      "16:29:30",
      "16:43:52",
      "16:59:38",
      "17:14:43",
      "17:29:53",
      "17:44:35",
      "17:59:12",
      "18:13:24",
      "18:27:52",
      "18:42:38",
      "18:57:44",
      "19:12:17",
      "19:27:55",
      "19:42:48",
      "19:56:59",
      "20:12:42",
      "20:28:08",
      "20:42:29",
      "20:58:08",
      "21:12:23",
      "21:28:10",
      "21:42:41",
      "21:57:50",
      "22:13:03"
    ],
    "board": [
      10,
      13,
      6,
      3,
      14,
      14,
      3,
      5,
      6,
      13,
      0,
      14,
      14,
      14,
      9,
      13,
      4,
      6,
      9,
      4,
      5,
      13,
      7,
      15,
      5,
      5,
      10,
      6,
      1,
      0,
      6,
      7,
      3,
      6,
      4,
      5,
      0,
      7,
      2,
      3,
      6,
      15,
      0,
      8,
      9,
      11,
      15,
      0,
      5,
      9,
      2,
      7,
      8,
      6,
      3,
      10,
      7,
      13,
      2,
      0,
      13,
      14,
      2,
      8,
      8
    ],
    "alight": [
      0,
      10,
      11,
      4,
      5,
      12,
      0,
      14,
      3,
      15,
      13,
      8,
      6,
      9,
      13,
      14,
      1,
      9,
      1,
      14,
      7,
      8,
      8,
      4,
      3,
      12,
      11,
      7,
      3,
      15,
      6,
      5,
      13,
      4,
      3,
      4,
      9,
      5,
      1,
      13,
      15,
      4,
      2,
      1,
      9,
      11,
      5,
      1,
      15,
      6,
      6,
      14,
      3,
      14,
      1,
      15,
      2,
      11,
      14,
      7,
      11,
      5,
      14,
      8,
      6
    ]
  },
  "金阳客车站候车大厅": {
    "time": [
      "06:15:42",
      "06:30:05",
      "06:44:43",
      "07:00:02",
      "07:14:59",
      "07:29:31",
      "07:45:04",
      "08:00:32",
      "08:14:51",
      "08:29:45",
      "08:44:27",
      "08:58:42",
      "09:13:02",
      "09:28:08",
      "09:42:42",
      "09:57:22",
      "10:13:07",
      "10:27:59",
      "10:43:13",
      "10:59:00",
      "11:13:40",
      "11:28:22",
      "11:43:21",
      "11:59:07",
      "12:14:37",
      "12:29:37",
      "12:45:22",
      "13:00:04",
      "13:15:06",
      "13:29:59",
      "13:44:48",
      "13:59:36",
      "14:14:32",
      "14:29:21",
      "14:45:08",
      "15:00:25",
      "15:14:54",
      "15:30:07",
      "15:45:08",
      "16:00:08",
      "16:14:38",
      "16:29:30",
      "16:43:52",
      "16:59:38",
      "17:14:43",
      "17:29:53",
      "17:44:35",
      "17:59:12",
      "18:13:24",
      "18:27:52",
      "18:42:38",
      "18:57:44",
      "19:12:17",
      "19:27:55",
      "19:42:48",
      "19:56:59",
      "20:12:42",
      "20:28:08",
      "20:42:29",
      "20:58:08",
      "21:12:23",
      "21:28:10",
      "21:42:41",
      "21:57:50",
      "22:13:03"
    ],
    "board": [
      3,
      13,
      2,
      2,
      0,
      7,
      5,
      9,
      10,
      10,
      11,
      3,
      3,
      12,
      5,
      0,
      0,
      11,
      9,
      9,
      3,
      14,
      14,
      5,
      9,
      10,
      8,
      11,
      5,
      8,
      5,
      15,
      14,
      2,
      9,
      10,
      9,
      7,
      14,
      12,
      8,
      14,
      14,
      13,
      15,
      14,
      1,
      12,
      0,
      4,
      15,
      1,
      6,
      5,
      13,
      6,
      7,
      4,
      2,
      5,
      13,
      1,
      12,
      10,
      10
    ],
    "alight": [
      12,
      4,
      10,
      11,
      0,
      1,
      10,
      8,
      3,
      11,
      5,
      8,
      8,
      5,
      10,
      6,
      2,
      7,
      9,
      1,
      9,
      15,
      5,
      8,
      15,
      6,
      0,
      15,
      8,
      7,
      0,
      1,
      8,
      15,
      3,
      12,
      6,
      6,
      11,
      15,
      1,
      10,
      1,
      15,
      13,
      5,
      8,
      13,
      3,
      13,
      3,
      3,
      13,
      12,
      15,
      0,
      2,
      4,
      7,
      5,
      2,
      2,
      2,
      2,
      2
    ]
  },
  "鸿云宾馆(新金阳客车站店)": {
    "time": [
      "06:15:42",
      "06:30:05",
      "06:44:43",
      "07:00:02",
      "07:14:59",
      "07:29:31",
      "07:45:04",
      "08:00:32",
      "08:14:51",
      "08:29:45",
      "08:44:27",
      "08:58:42",
      "09:13:02",
      "09:28:08",
      "09:42:42",
      "09:57:22",
      "10:13:07",
      "10:27:59",
      "10:43:13",
      "10:59:00",
      "11:13:40",
      "11:28:22",
      "11:43:21",
      "11:59:07",
      "12:14:37",
      "12:29:37",
      "12:45:22",
      "13:00:04",
      "13:15:06",
      "13:29:59",
      "13:44:48",
      "13:59:36",
      "14:14:32",
      "14:29:21",
      "14:45:08",
      "15:00:25",
      "15:14:54",
      "15:30:07",
      "15:45:08",
      "16:00:08",
      "16:14:38",
      "16:29:30",
      "16:43:52",
      "16:59:38",
      "17:14:43",
      "17:29:53",
      "17:44:35",
      "17:59:12",
      "18:13:24",
      "18:27:52",
      "18:42:38",
      "18:57:44",
      "19:12:17",
      "19:27:55",
      "19:42:48",
      "19:56:59",
      "20:12:42",
      "20:28:08",
      "20:42:29",
      "20:58:08",
      "21:12:23",
      "21:28:10",
      "21:42:41",
      "21:57:50",
      "22:13:03"
    ],
    "board": [
      14,
      10,
      12,
      12,
      1,
      14,
      1,
      15,
      9,
      13,
      6,
      15,
      11,
      9,
      10,
      13,
      0,
      7,
      13,
      9,
      14,
      5,
      15,
      6,
      0,
      6,
      11,
      11,
      15,
      0,
      3,
      2,
      7,
      13,
      9,
      15,
      4,
      11,
      11,
      1,
      12,
      13,
      7,
      10,
      11,
      8,
      6,
      9,
      14,
      0,
      15,
      8,
      7,
      14,
      4,
      12,
      12,
      7,
      12,
      8,
      10,
      14,
      4,
      6,
      8
    ],
    "alight": [
      13,
      6,
      14,
      1,
      7,
      14,
      15,
      12,
      1,
      15,
      8,
      0,
      9,
      13,
      2,
      1,
      11,
      15,
      13,
      10,
      1,
      5,
      1,
      2,
      8,
      1,
      3,
      1,
      7,
      7,
      8,
      8,
      0,
      9,
      1,
      13,
      4,
      3,
      1,
      1,
      9,
      14,
      10,
      11,
      8,
      4,
      6,
      14,
      2,
      15,
      3,
      15,
      3,
      13,
      10,
      1,
      5,
      8,
      5,
      10,
      3,
      0,
      11,
      2,
      4
    ]
  },
  "甘井时尚酒店(新金阳客车站店)": {
    "time": [
      "06:15:42",
      "06:30:05",
      "06:44:43",
      "07:00:02",
      "07:14:59",
      "07:29:31",
      "07:45:04",
      "08:00:32",
      "08:14:51",
      "08:29:45",
      "08:44:27",
      "08:58:42",
      "09:13:02",
      "09:28:08",
      "09:42:42",
      "09:57:22",
      "10:13:07",
      "10:27:59",
      "10:43:13",
      "10:59:00",
      "11:13:40",
      "11:28:22",
      "11:43:21",
      "11:59:07",
      "12:14:37",
      "12:29:37",
      "12:45:22",
      "13:00:04",
      "13:15:06",
      "13:29:59",
      "13:44:48",
      "13:59:36",
      "14:14:32",
      "14:29:21",
      "14:45:08",
      "15:00:25",
      "15:14:54",
      "15:30:07",
      "15:45:08",
      "16:00:08",
      "16:14:38",
      "16:29:30",
      "16:43:52",
      "16:59:38",
      "17:14:43",
      "17:29:53",
      "17:44:35",
      "17:59:12",
      "18:13:24",
      "18:27:52",
      "18:42:38",
      "18:57:44",
      "19:12:17",
      "19:27:55",
      "19:42:48",
      "19:56:59",
      "20:12:42",
      "20:28:08",
      "20:42:29",
      "20:58:08",
      "21:12:23",
      "21:28:10",
      "21:42:41",
      "21:57:50",
      "22:13:03"
    ],
    "board": [
      8,
      9,
      2,
      2,
      8,
      4,
      11,
      7,
      14,
      3,
      6,
      1,
      11,
      13,
      10,
      3,
      10,
      2,
      11,
      15,
      12,
      3,
      12,
      1,
      4,
      0,
      8,
      13,
      9,
      7,
      10,
      1,
      8,
      10,
      11,
      14,
      12,
      14,
      8,
      1,
      5,
      13,
      12,
      9,
      10,
      13,
      15,
      14,
      4,
      5,
      14,
      3,
      6,
      10,
      15,
      3,
      1,
      0,
      10,
      2,
      0,
      13,
      11,
      9,
      11
    ],
    "alight": [
      14,
      4,
      10,
      9,
      1,
      10,
      13,
      0,
      3,
      2,
      7,
      12,
      14,
      5,
      11,
      13,
      13,
      14,
      13,
      2,
      11,
      14,
      5,
      3,
      11,
      1,
      0,
      5,
      2,
      3,
      7,
      1,
      2,
      3,
      7,
      1,
      0,
      4,
      15,
      8,
      4,
      11,
      3,
      8,
      4,
      3,
      4,
      10,
      8,
      4,
      15,
      3,
      7,
      6,
      4,
      14,
      2,
      2,
      5,
      15,
      11,
      2,
      8,
      7,
      5
    ]
  },
  "贵州恒耀钢化玻璃有限公司": {
    "time": [
      "06:15:42",
      "06:30:05",
      "06:44:43",
      "07:00:02",
      "07:14:59",
      "07:29:31",
      "07:45:04",
      "08:00:32",
      "08:14:51",
      "08:29:45",
      "08:44:27",
      "08:58:42",
      "09:13:02",
      "09:28:08",
      "09:42:42",
      "09:57:22",
      "10:13:07",
      "10:27:59",
      "10:43:13",
      "10:59:00",
      "11:13:40",
      "11:28:22",
      "11:43:21",
      "11:59:07",
      "12:14:37",
      "12:29:37",
      "12:45:22",
      "13:00:04",
      "13:15:06",
      "13:29:59",
      "13:44:48",
      "13:59:36",
      "14:14:32",
      "14:29:21",
      "14:45:08",
      "15:00:25",
      "15:14:54",
      "15:30:07",
      "15:45:08",
      "16:00:08",
      "16:14:38",
      "16:29:30",
      "16:43:52",
      "16:59:38",
      "17:14:43",
      "17:29:53",
      "17:44:35",
      "17:59:12",
      "18:13:24",
      "18:27:52",
      "18:42:38",
      "18:57:44",
      "19:12:17",
      "19:27:55",
      "19:42:48",
      "19:56:59",
      "20:12:42",
      "20:28:08",
      "20:42:29",
      "20:58:08",
      "21:12:23",
      "21:28:10",
      "21:42:41",
      "21:57:50",
      "22:13:03"
    ],
    "board": [
      11,
      3,
      13,
      7,
      15,
      6,
      8,
      0,
      1,
      4,
      0,
      0,
      12,
      5,
      9,
      14,
      12,
      10,
      0,
      2,
      13,
      0,
      0,
      7,
      5,
      6,
      10,
      15,
      4,
      10,
      3,
      15,
      10,
      14,
      8,
      0,
      15,
      7,
      6,
      10,
      14,
      9,
      14,
      5,
      13,
      12,
      1,
      5,
      4,
      3,
      2,
      5,
      10,
      7,
      5,
      9,
      8,
      5,
      2,
      11,
      4,
      6,
      2,
      6,
      13
    ],
    "alight": [
      8,
      7,
      12,
      14,
      4,
      13,
      0,
      13,
      14,
      1,
      9,
      11,
      9,
      11,
      5,
      4,
      4,
      15,
      0,
      13,
      13,
      10,
      1,
      14,
      13,
      9,
      13,
      2,
      3,
      1,
      3,
      0,
      12,
      7,
      15,
      3,
      14,
      11,
      9,
      15,
      8,
      2,
      6,
      11,
      0,
      8,
      3,
      14,
      9,
      11,
      13,
      4,
      14,
      7,
      15,
      10,
      5,
      9,
      9,
      12,
      5,
      6,
      7,
      0,
      3
    ]
  },
  "贵州乐思教汽车工贸有限公司": {
    "time": [
      "06:15:42",
      "06:30:05",
      "06:44:43",
      "07:00:02",
      "07:14:59",
      "07:29:31",
      "07:45:04",
      "08:00:32",
      "08:14:51",
      "08:29:45",
      "08:44:27",
      "08:58:42",
      "09:13:02",
      "09:28:08",
      "09:42:42",
      "09:57:22",
      "10:13:07",
      "10:27:59",
      "10:43:13",
      "10:59:00",
      "11:13:40",
      "11:28:22",
      "11:43:21",
      "11:59:07",
      "12:14:37",
      "12:29:37",
      "12:45:22",
      "13:00:04",
      "13:15:06",
      "13:29:59",
      "13:44:48",
      "13:59:36",
      "14:14:32",
      "14:29:21",
      "14:45:08",
      "15:00:25",
      "15:14:54",
      "15:30:07",
      "15:45:08",
      "16:00:08",
      "16:14:38",
      "16:29:30",
      "16:43:52",
      "16:59:38",
      "17:14:43",
      "17:29:53",
      "17:44:35",
      "17:59:12",
      "18:13:24",
      "18:27:52",
      "18:42:38",
      "18:57:44",
      "19:12:17",
      "19:27:55",
      "19:42:48",
      "19:56:59",
      "20:12:42",
      "20:28:08",
      "20:42:29",
      "20:58:08",
      "21:12:23",
      "21:28:10",
      "21:42:41",
      "21:57:50",
      "22:13:03"
    ],
    "board": [
      12,
      5,
      13,
      3,
      6,
      9,
      0,
      14,
      8,
      5,
      8,
      5,
      14,
      7,
      1,
      7,
      2,
      14,
      10,
      8,
      8,
      15,
      4,
      3,
      1,
      4,
      10,
      8,
      15,
      0,
      5,
      6,
      11,
      13,
      0,
      1,
      15,
      4,
      4,
      4,
      10,
      3,
      9,
      12,
      0,
      13,
      1,
      5,
      1,
      15,
      14,
      1,
      13,
      8,
      15,
      2,
      11,
      8,
      11,
      1,
      7,
      2,
      1,
      13,
      0
    ],
    "alight": [
      9,
      3,
      0,
      8,
      8,
      13,
      15,
      2,
      4,
      8,
      15,
      10,
      6,
      9,
      0,
      4,
      2,
      13,
      3,
      0,
      13,
      2,
      8,
      7,
      6,
      1,
      14,
      6,
      2,
      15,
      15,
      12,
      7,
      5,
      14,
      15,
      2,
      4,
      0,
      7,
      15,
      2,
      7,
      3,
      3,
      0,
      12,
      12,
      11,
      2,
      14,
      1,
      4,
      0,
      9,
      3,
      2,
      8,
      5,
      5,
      7,
      12,
      8,
      8,
      10
    ]
  },
  "贵阳世钟汽车配件有限公司": {
    "time": [
      "06:15:42",
      "06:30:05",
      "06:44:43",
      "07:00:02",
      "07:14:59",
      "07:29:31",
      "07:45:04",
      "08:00:32",
      "08:14:51",
      "08:29:45",
      "08:44:27",
      "08:58:42",
      "09:13:02",
      "09:28:08",
      "09:42:42",
      "09:57:22",
      "10:13:07",
      "10:27:59",
      "10:43:13",
      "10:59:00",
      "11:13:40",
      "11:28:22",
      "11:43:21",
      "11:59:07",
      "12:14:37",
      "12:29:37",
      "12:45:22",
      "13:00:04",
      "13:15:06",
      "13:29:59",
      "13:44:48",
      "13:59:36",
      "14:14:32",
      "14:29:21",
      "14:45:08",
      "15:00:25",
      "15:14:54",
      "15:30:07",
      "15:45:08",
      "16:00:08",
      "16:14:38",
      "16:29:30",
      "16:43:52",
      "16:59:38",
      "17:14:43",
      "17:29:53",
      "17:44:35",
      "17:59:12",
      "18:13:24",
      "18:27:52",
      "18:42:38",
      "18:57:44",
      "19:12:17",
      "19:27:55",
      "19:42:48",
      "19:56:59",
      "20:12:42",
      "20:28:08",
      "20:42:29",
      "20:58:08",
      "21:12:23",
      "21:28:10",
      "21:42:41",
      "21:57:50",
      "22:13:03"
    ],
    "board": [
      12,
      14,
      12,
      8,
      15,
      3,
      1,
      0,
      11,
      11,
      14,
      14,
      13,
      10,
      3,
      14,
      8,
      6,
      9,
      6,
      13,
      8,
      12,
      0,
      13,
      8,
      12,
      8,
      1,
      0,
      4,
      14,
      7,
      12,
      12,
      3,
      11,
      14,
      9,
      5,
      7,
      14,
      13,
      6,
      11,
      10,
      0,
      12,
      6,
      6,
      3,
      14,
      0,
      7,
      15,
      0,
      6,
      9,
      14,
      8,
      8,
      12,
      8,
      12,
      13
    ],
    "alight": [
      7,
      5,
      9,
      11,
      3,
      3,
      6,
      10,
      0,
      7,
      2,
      13,
      7,
      9,
      2,
      13,
      13,
      1,
      12,
      5,
      12,
      6,
      6,
      8,
      3,
      5,
      2,
      3,
      15,
      9,
      3,
      0,
      9,
      4,
      8,
      14,
      0,
      12,
      0,
      2,
      5,
      2,
      4,
      13,
      5,
      9,
      5,
      11,
      8,
      1,
      1,
      5,
      6,
      2,
      11,
      12,
      14,
      3,
      8,
      0,
      0,
      14,
      12,
      3,
      12
    ]
  },
  "汽车电工": {
    "time": [
      "06:15:42",
      "06:30:05",
      "06:44:43",
      "07:00:02",
      "07:14:59",
      "07:29:31",
      "07:45:04",
      "08:00:32",
      "08:14:51",
      "08:29:45",
      "08:44:27",
      "08:58:42",
      "09:13:02",
      "09:28:08",
      "09:42:42",
      "09:57:22",
      "10:13:07",
      "10:27:59",
      "10:43:13",
      "10:59:00",
      "11:13:40",
      "11:28:22",
      "11:43:21",
      "11:59:07",
      "12:14:37",
      "12:29:37",
      "12:45:22",
      "13:00:04",
      "13:15:06",
      "13:29:59",
      "13:44:48",
      "13:59:36",
      "14:14:32",
      "14:29:21",
      "14:45:08",
      "15:00:25",
      "15:14:54",
      "15:30:07",
      "15:45:08",
      "16:00:08",
      "16:14:38",
      "16:29:30",
      "16:43:52",
      "16:59:38",
      "17:14:43",
      "17:29:53",
      "17:44:35",
      "17:59:12",
      "18:13:24",
      "18:27:52",
      "18:42:38",
      "18:57:44",
      "19:12:17",
      "19:27:55",
      "19:42:48",
      "19:56:59",
      "20:12:42",
      "20:28:08",
      "20:42:29",
      "20:58:08",
      "21:12:23",
      "21:28:10",
      "21:42:41",
      "21:57:50",
      "22:13:03"
    ],
    "board": [
      0,
      0,
      0,
      0,
      0,
      5,
      0,
      0,
      0,
      0,
      0,
      0,
      1,
      0,
      0,
      0,
      0,
      0,
      0,
      0,
      0,
      0,
      0,
      0,
      0,
      0,
      0,
      0,
      0,
      0,
      1,
      0,
      0,
      0,
      0,
      4,
      0,
      0,
      0,
      0,
      0,
      0,
      0,
      0,
      0,
      0,
      0,
      0,
      0,
      0,
      0,
      0,
      0,
      0,
      0,
      0,
      0,
      0,
      0,
      0,
      0,
      0,
      0,
      0,
      0
    ],
    "alight": [
      10,
      10,
      6,
      5,
      11,
      8,
      3,
      7,
      10,
      11,
      14,
      13,
      2,
      15,
      14,
      0,
      6,
      7,
      13,
      6,
      5,
      4,
      5,
      14,
      5,
      11,
      12,
      8,
      12,
      4,
      9,
      8,
      4,
      6,
      13,
      8,
      4,
      5,
      7,
      0,
      15,
      3,
      1,
      2,
      3,
      10,
      1,
      10,
      0,
      1,
      0,
      12,
      1,
      11,
      8,
      0,
      4,
      10,
      15,
      0,
      6,
      2,
      4,
      7,
      12
    ]
  },
  "黔贵交通职业培训学校": {
    "time": [
      "06:15:42",
      "06:30:05",
      "06:44:43",
      "07:00:02",
      "07:14:59",
      "07:29:31",
      "07:45:04",
      "08:00:32",
      "08:14:51",
      "08:29:45",
      "08:44:27",
      "08:58:42",
      "09:13:02",
      "09:28:08",
      "09:42:42",
      "09:57:22",
      "10:13:07",
      "10:27:59",
      "10:43:13",
      "10:59:00",
      "11:13:40",
      "11:28:22",
      "11:43:21",
      "11:59:07",
      "12:14:37",
      "12:29:37",
      "12:45:22",
      "13:00:04",
      "13:15:06",
      "13:29:59",
      "13:44:48",
      "13:59:36",
      "14:14:32",
      "14:29:21",
      "14:45:08",
      "15:00:25",
      "15:14:54",
      "15:30:07",
      "15:45:08",
      "16:00:08",
      "16:14:38",
      "16:29:30",
      "16:43:52",
      "16:59:38",
      "17:14:43",
      "17:29:53",
      "17:44:35",
      "17:59:12",
      "18:13:24",
      "18:27:52",
      "18:42:38",
      "18:57:44",
      "19:12:17",
      "19:27:55",
      "19:42:48",
      "19:56:59",
      "20:12:42",
      "20:28:08",
      "20:42:29",
      "20:58:08",
      "21:12:23",
      "21:28:10",
      "21:42:41",
      "21:57:50",
      "22:13:03"
    ],
    "board": [
      0,
      0,
      0,
      0,
      0,
      3,
      0,
      0,
      0,
      0,
      4,
      0,
      1,
      0,
      0,
      0,
      0,
      0,
      0,
      0,
      0,
      0,
      0,
      0,
      0,
      0,
      0,
      0,
      0,
      0,
      0,
      0,
      0,
      0,
      0,
      0,
      3,
      0,
      0,
      0,
      0,
      0,
      0,
      0,
      0,
      0,
      0,
      0,
      0,
      0,
      0,
      0,
      1,
      0,
      0,
      0,
      0,
      0,
      0,
      0,
      0,
      0,
      0,
      0,
      0
    ],
    "alight": [
      8,
      6,
      8,
      8,
      15,
      5,
      0,
      1,
      11,
      9,
      10,
      9,
      15,
      15,
      10,
      10,
      12,
      15,
      11,
      9,
      5,
      12,
      6,
      9,
      4,
      2,
      9,
      14,
      10,
      5,
      14,
      15,
      3,
      10,
      13,
      14,
      9,
      3,
      12,
      14,
      7,
      0,
      13,
      5,
      12,
      11,
      14,
      1,
      15,
      13,
      11,
      10,
      11,
      6,
      14,
      14,
      2,
      1,
      11,
      0,
      0,
      1,
      8,
      8,
      11
    ]
  },
  "金华镇蒿芝村委会": {
    "time": [
      "06:15:42",
      "06:30:05",
      "06:44:43",
      "07:00:02",
      "07:14:59",
      "07:29:31",
      "07:45:04",
      "08:00:32",
      "08:14:51",
      "08:29:45",
      "08:44:27",
      "08:58:42",
      "09:13:02",
      "09:28:08",
      "09:42:42",
      "09:57:22",
      "10:13:07",
      "10:27:59",
      "10:43:13",
      "10:59:00",
      "11:13:40",
      "11:28:22",
      "11:43:21",
      "11:59:07",
      "12:14:37",
      "12:29:37",
      "12:45:22",
      "13:00:04",
      "13:15:06",
      "13:29:59",
      "13:44:48",
      "13:59:36",
      "14:14:32",
      "14:29:21",
      "14:45:08",
      "15:00:25",
      "15:14:54",
      "15:30:07",
      "15:45:08",
      "16:00:08",
      "16:14:38",
      "16:29:30",
      "16:43:52",
      "16:59:38",
      "17:14:43",
      "17:29:53",
      "17:44:35",
      "17:59:12",
      "18:13:24",
      "18:27:52",
      "18:42:38",
      "18:57:44",
      "19:12:17",
      "19:27:55",
      "19:42:48",
      "19:56:59",
      "20:12:42",
      "20:28:08",
      "20:42:29",
      "20:58:08",
      "21:12:23",
      "21:28:10",
      "21:42:41",
      "21:57:50",
      "22:13:03"
    ],
    "board": [
      0,
      0,
      0,
      0,
      0,
      0,
      0,
      0,
      0,
      0,
      0,
      0,
      0,
      0,
      0,
      0,
      0,
      0,
      0,
      0,
      0,
      0,
      0,
      0,
      1,
      0,
      0,
      0,
      0,
      0,
      3,
      0,
      0,
      0,
      0,
      0,
      0,
      0,
      0,
      0,
      0,
      0,
      0,
      3,
      0,
      0,
      0,
      0,
      0,
      0,
      0,
      0,
      3,
      0,
      0,
      0,
      0,
      0,
      0,
      0,
      0,
      0,
      0,
      0,
      0
    ],
    "alight": [
      3,
      15,
      14,
      14,
      9,
      7,
      15,
      6,
      0,
      15,
      12,
      9,
      7,
      13,
      0,
      5,
      0,
      1,
      12,
      5,
      0,
      8,
      5,
      1,
      5,
      3,
      15,
      7,
      10,
      3,
      12,
      4,
      6,
      9,
      5,
      15,
      9,
      1,
      7,
      10,
      9,
      8,
      12,
      14,
      14,
      15,
      12,
      4,
      10,
      7,
      11,
      9,
      0,
      3,
      8,
      11,
      14,
      3,
      15,
      15,
      7,
      8,
      3,
      15,
      6
    ]
  },
  "320国道": {
    "time": [
      "06:15:42",
      "06:30:05",
      "06:44:43",
      "07:00:02",
      "07:14:59",
      "07:29:31",
      "07:45:04",
      "08:00:32",
      "08:14:51",
      "08:29:45",
      "08:44:27",
      "08:58:42",
      "09:13:02",
      "09:28:08",
      "09:42:42",
      "09:57:22",
      "10:13:07",
      "10:27:59",
      "10:43:13",
      "10:59:00",
      "11:13:40",
      "11:28:22",
      "11:43:21",
      "11:59:07",
      "12:14:37",
      "12:29:37",
      "12:45:22",
      "13:00:04",
      "13:15:06",
      "13:29:59",
      "13:44:48",
      "13:59:36",
      "14:14:32",
      "14:29:21",
      "14:45:08",
      "15:00:25",
      "15:14:54",
      "15:30:07",
      "15:45:08",
      "16:00:08",
      "16:14:38",
      "16:29:30",
      "16:43:52",
      "16:59:38",
      "17:14:43",
      "17:29:53",
      "17:44:35",
      "17:59:12",
      "18:13:24",
      "18:27:52",
      "18:42:38",
      "18:57:44",
      "19:12:17",
      "19:27:55",
      "19:42:48",
      "19:56:59",
      "20:12:42",
      "20:28:08",
      "20:42:29",
      "20:58:08",
      "21:12:23",
      "21:28:10",
      "21:42:41",
      "21:57:50",
      "22:13:03"
    ],
    "board": [
      0,
      0,
      0,
      0,
      0,
      0,
      0,
      0,
      0,
      0,
      0,
      0,
      0,
      0,
      0,
      0,
      0,
      0,
      0,
      0,
      0,
      0,
      0,
      0,
      0,
      0,
      0,
      0,
      0,
      0,
      0,
      0,
      0,
      0,
      0,
      0,
      0,
      0,
      0,
      0,
      0,
      0,
      0,
      0,
      0,
      0,
      0,
      0,
      0,
      0,
      0,
      0,
      0,
      0,
      0,
      0,
      0,
      0,
      0,
      0,
      0,
      0,
      0,
      0,
      0
    ],
    "alight": [
      15,
      11,
      9,
      14,
      4,
      14,
      6,
      8,
      4,
      3,
      13,
      11,
      13,
      13,
      13,
      9,
      5,
      3,
      15,
      10,
      12,
      1,
      5,
      11,
      4,
      13,
      7,
      11,
      5,
      6,
      4,
      10,
      3,
      8,
      2,
      9,
      13,
      3,
      3,
      11,
      9,
      6,
      4,
      0,
      3,
      6,
      2,
      5,
      12,
      4,
      6,
      11,
      11,
      8,
      10,
      8,
      10,
      0,
      12,
      14,
      10,
      5,
      6,
      7,
      12
    ]
  },
  "下铺村党支部": {
    "time": [
      "06:15:42",
      "06:30:05",
      "06:44:43",
      "07:00:02",
      "07:14:59",
      "07:29:31",
      "07:45:04",
      "08:00:32",
      "08:14:51",
      "08:29:45",
      "08:44:27",
      "08:58:42",
      "09:13:02",
      "09:28:08",
      "09:42:42",
      "09:57:22",
      "10:13:07",
      "10:27:59",
      "10:43:13",
      "10:59:00",
      "11:13:40",
      "11:28:22",
      "11:43:21",
      "11:59:07",
      "12:14:37",
      "12:29:37",
      "12:45:22",
      "13:00:04",
      "13:15:06",
      "13:29:59",
      "13:44:48",
      "13:59:36",
      "14:14:32",
      "14:29:21",
      "14:45:08",
      "15:00:25",
      "15:14:54",
      "15:30:07",
      "15:45:08",
      "16:00:08",
      "16:14:38",
      "16:29:30",
      "16:43:52",
      "16:59:38",
      "17:14:43",
      "17:29:53",
      "17:44:35",
      "17:59:12",
      "18:13:24",
      "18:27:52",
      "18:42:38",
      "18:57:44",
      "19:12:17",
      "19:27:55",
      "19:42:48",
      "19:56:59",
      "20:12:42",
      "20:28:08",
      "20:42:29",
      "20:58:08",
      "21:12:23",
      "21:28:10",
      "21:42:41",
      "21:57:50",
      "22:13:03"
    ],
    "board": [
      0,
      0,
      0,
      0,
      0,
      0,
      0,
      0,
      0,
      0,
      0,
      0,
      0,
      0,
      0,
      0,
      0,
      0,
      0,
      0,
      0,
      0,
      0,
      0,
      0,
      0,
      0,
      0,
      0,
      0,
      0,
      0,
      0,
      0,
      0,
      0,
      0,
      0,
      0,
      0,
      0,
      0,
      0,
      0,
      0,
      0,
      0,
      0,
      0,
      0,
      0,
      0,
      0,
      0,
      0,
      0,
      0,
      0,
      0,
      0,
      0,
      0,
      0,
      0,
      0
    ],
    "alight": [
      10,
      5,
      6,
      15,
      5,
      5,
      2,
      1,
      4,
      9,
      4,
      7,
      1,
      13,
      3,
      9,
      3,
      0,
      1,
      5,
      6,
      13,
      14,
      12,
      5,
      14,
      8,
      1,
      6,
      11,
      13,
      1,
      14,
      0,
      2,
      11,
      10,
      3,
      5,
      9,
      3,
      6,
      0,
      12,
      3,
      4,
      9,
      5,
      8,
      6,
      10,
      5,
      0,
      4,
      5,
      8,
      1,
      4,
      5,
      1,
      5,
      1,
      5,
      11,
      12
    ]
  }
}