{
  "up": {
    "1": "颜福记重庆小面(圣泉流云花园观云邸店)",
    "2": "交通职业培训学校",
    "3": "贵阳云岩金阳小江汽修厂",
    "4": "白云大道",
    "5": "不要对我尖叫·日常茶间(贵州旗舰店)",
    "6": "金茂·观山湖",
    "7": "恒大中央广场",
    "8": "胡胖子有鱼有肉(观山湖店)",
    "9": "川心美蛙鱼头火锅",
    "10": "金阳南路(地铁站)",
    "11": "逸峰",
    "12": "花溪牛肉粉(中铁·逸都国际店)",
    "13": "金源社区小箐村微型消防站",
    "14": "北京西路辅路",
    "15": "佳味小厨",
    "16": "鸿韵黔霸原汤牛肉粉",
    "17": "金阳客车站",
    "18": "贵阳安全宾馆",
    "19": "摆岗坡",
    "20": "何官村人民调解委员会",
    "21": "贵阳朗升汽车服务有限公司",
    "22": "贵阳世钟汽车配件有限公司",
    "23": "老荒坝",
    "24": "云峰寺",
    "25": "眸明视力调理养护中心(林东店)",
    "26": "观山湖(西)出口(G60沪昆高速东向)",
    "27": "贵阳天和宏达建筑设备有限公司",
    "28": "栗山路",
    "29": "伟宏村村务监督委员会",
    "30": "清镇市人民政府政务服务中心公安交警大厅",
    "31": "贵黄高速",
    "32": "固特异轮胎",
    "33": "东平路"
  },
  "down": {
    "34": "东平路",
    "35": "固特异轮胎",
    "36": "贵黄高速",
    "37": "清镇市人民政府政务服务中心公安交警大厅",
    "38": "伟宏村村务监督委员会",
    "39": "栗山路",
    "40": "贵阳天和宏达建筑设备有限公司",
    "41": "观山湖(西)出口(G60沪昆高速东向)",
    "42": "眸明视力调理养护中心(林东店)",
    "43": "云峰寺",
    "44": "老荒坝",
    "45": "贵阳世钟汽车配件有限公司",
    "46": "贵阳朗升汽车服务有限公司",
    "47": "何官村人民调解委员会",
    "48": "摆岗坡",
    "49": "贵阳安全宾馆",
    "50": "金阳客车站",
    "51": "鸿韵黔霸原汤牛肉粉",
    "52": "佳味小厨",
    "53": "北京西路辅路",
    "54": "金源社区小箐村微型消防站",
    "55": "花溪牛肉粉(中铁·逸都国际店)",
    "56": "逸峰",
    "57": "金阳南路(地铁站)",
    "58": "川心美蛙鱼头火锅",
    "59": "胡胖子有鱼有肉(观山湖店)",
    "60": "恒大中央广场",
    "61": "金茂·观山湖",
    "62": "不要对我尖叫·日常茶间(贵州旗舰店)",
    "63": "白云大道",
    "64": "贵阳云岩金阳小江汽修厂",
    "65": "交通职业培训学校",
    "66": "颜福记重庆小面(圣泉流云花园观云邸店)"
  }
}