{
  "东平路": 639,
  "固特异轮胎": 691,
  "贵黄高速": 603,
  "清镇市人民政府政务服务中心公安交警大厅": 623,
  "伟宏村村务监督委员会": 2862,
  "栗山路": 755,
  "贵阳天和宏达建筑设备有限公司": 691,
  "观山湖(西)出口(G60沪昆高速东向)": 563,
  "眸明视力调理养护中心(林东店)": 567,
  "云峰寺": 661,
  "老荒坝": 619,
  "贵阳世钟汽车配件有限公司": 1306,
  "贵阳朗升汽车服务有限公司": 876,
  "何官村人民调解委员会": 798,
  "摆岗坡": 579,
  "贵阳安全宾馆": 599,
  "金阳客车站": 656,
  "鸿韵黔霸原汤牛肉粉": 606,
  "佳味小厨": 579,
  "北京西路辅路": 640,
  "金源社区小箐村微型消防站": 980,
  "花溪牛肉粉(中铁·逸都国际店)": 1167,
  "逸峰": 751,
  "金阳南路(地铁站)": 561,
  "川心美蛙鱼头火锅": 910,
  "胡胖子有鱼有肉(观山湖店)": 962,
  "恒大中央广场": 673,
  "金茂·观山湖": 598,
  "不要对我尖叫·日常茶间(贵州旗舰店)": 1229,
  "白云大道": 1005,
  "贵阳云岩金阳小江汽修厂": 683,
  "交通职业培训学校": 656
}