{
  "up": {
    "颜福记重庆小面(圣泉流云花园观云邸店)": 1,
    "交通职业培训学校": 2,
    "贵阳云岩金阳小江汽修厂": 3,
    "白云大道": 4,
    "不要对我尖叫·日常茶间(贵州旗舰店)": 5,
    "金茂·观山湖": 6,
    "恒大中央广场": 7,
    "胡胖子有鱼有肉(观山湖店)": 8,
    "川心美蛙鱼头火锅": 9,
    "金阳南路(地铁站)": 10,
    "逸峰": 11,
    "花溪牛肉粉(中铁·逸都国际店)": 12,
    "金源社区小箐村微型消防站": 13,
    "北京西路辅路": 14,
    "佳味小厨": 15,
    "鸿韵黔霸原汤牛肉粉": 16,
    "金阳客车站": 17,
    "贵阳安全宾馆": 18,
    "摆岗坡": 19,
    "何官村人民调解委员会": 20,
    "贵阳朗升汽车服务有限公司": 21,
    "贵阳世钟汽车配件有限公司": 22,
    "老荒坝": 23,
    "云峰寺": 24,
    "眸明视力调理养护中心(林东店)": 25,
    "观山湖(西)出口(G60沪昆高速东向)": 26,
    "贵阳天和宏达建筑设备有限公司": 27,
    "栗山路": 28,
    "伟宏村村务监督委员会": 29,
    "清镇市人民政府政务服务中心公安交警大厅": 30,
    "贵黄高速": 31,
    "固特异轮胎": 32,
    "东平路": 33
  },
  "down": {
    "东平路": 34,
    "固特异轮胎": 35,
    "贵黄高速": 36,
    "清镇市人民政府政务服务中心公安交警大厅": 37,
    "伟宏村村务监督委员会": 38,
    "栗山路": 39,
    "贵阳天和宏达建筑设备有限公司": 40,
    "观山湖(西)出口(G60沪昆高速东向)": 41,
    "眸明视力调理养护中心(林东店)": 42,
    "云峰寺": 43,
    "老荒坝": 44,
    "贵阳世钟汽车配件有限公司": 45,
    "贵阳朗升汽车服务有限公司": 46,
    "何官村人民调解委员会": 47,
    "摆岗坡": 48,
    "贵阳安全宾馆": 49,
    "金阳客车站": 50,
    "鸿韵黔霸原汤牛肉粉": 51,
    "佳味小厨": 52,
    "北京西路辅路": 53,
    "金源社区小箐村微型消防站": 54,
    "花溪牛肉粉(中铁·逸都国际店)": 55,
    "逸峰": 56,
    "金阳南路(地铁站)": 57,
    "川心美蛙鱼头火锅": 58,
    "胡胖子有鱼有肉(观山湖店)": 59,
    "恒大中央广场": 60,
    "金茂·观山湖": 61,
    "不要对我尖叫·日常茶间(贵州旗舰店)": 62,
    "白云大道": 63,
    "贵阳云岩金阳小江汽修厂": 64,
    "交通职业培训学校": 65,
    "颜福记重庆小面(圣泉流云花园观云邸店)": 66
  }
}