{
  "颜福记重庆小面(圣泉流云花园观云邸店)": 505,
  "交通职业培训学校": 532,
  "贵阳云岩金阳小江汽修厂": 854,
  "白云大道": 1078,
  "不要对我尖叫·日常茶间(贵州旗舰店)": 447,
  "金茂·观山湖": 522,
  "恒大中央广场": 811,
  "胡胖子有鱼有肉(观山湖店)": 759,
  "川心美蛙鱼头火锅": 410,
  "金阳南路(地铁站)": 600,
  "逸峰": 1016,
  "花溪牛肉粉(中铁·逸都国际店)": 829,
  "金源社区小箐村微型消防站": 489,
  "北京西路辅路": 428,
  "佳味小厨": 455,
  "鸿韵黔霸原汤牛肉粉": 505,
  "金阳客车站": 448,
  "贵阳安全宾馆": 428,
  "摆岗坡": 647,
  "何官村人民调解委员会": 725,
  "贵阳朗升汽车服务有限公司": 1155,
  "贵阳世钟汽车配件有限公司": 468,
  "老荒坝": 510,
  "云峰寺": 416,
  "眸明视力调理养护中心(林东店)": 412,
  "观山湖(西)出口(G60沪昆高速东向)": 540,
  "贵阳天和宏达建筑设备有限公司": 604,
  "栗山路": 2711,
  "伟宏村村务监督委员会": 472,
  "清镇市人民政府政务服务中心公安交警大厅": 452,
  "贵黄高速": 540,
  "固特异轮胎": 488
}