{
  "中环路西段入口(北向)": 406,
  "天骄幼儿园": 497,
  "贵阳·黔灵山体育公园": 472,
  "二桥出口(中环路西段南向)": 527,
  "贵阳北站出口(中环路西段北向)": 626,
  "黔春食府(恒大帝景店)": 473,
  "恒大帝景": 503,
  "贵阳北站东广场": 586,
  "黔灵山路": 1052,
  "砂锅粉砂锅饭(保利云山店)": 581,
  "美之都整形美容": 403,
  "跳皮小豆腐坨坨肉(天誉城店)": 692,
  "北湖": 683,
  "贵阳雅思贝尔幼儿园": 1534,
  "龙里肉饼鸡(御景湾店)": 428,
  "鹿春关": 401,
  "田田教育(中天校区)": 503,
  "睛灵艺术培训(中天校区)": 632,
  "大营坡出口(中环路东段东南向)": 416,
  "易汤泉house小区": 582,
  "柏益艾灸养生馆": 721,
  "篷山路": 478,
  "凤来仪东区": 728,
  "芋儿鸡火锅(悦景新城店)": 620,
  "泉天下": 802,
  "绝味鸭脖(龙广路店)": 453,
  "幸福里东部新城1期": 473,
  "贵阳市乌当区临时客运站": 1067,
  "国家税务总局贵阳市乌当区税务局办税服务厅": 564,
  "乌当区教育科研与教师培训中心": 2045
}