{
  "up": {
    "中环路西段入口(北向)": 1,
    "天骄幼儿园": 2,
    "贵阳·黔灵山体育公园": 3,
    "二桥出口(中环路西段南向)": 4,
    "贵阳北站出口(中环路西段北向)": 5,
    "黔春食府(恒大帝景店)": 6,
    "恒大帝景": 7,
    "贵阳北站东广场": 8,
    "黔灵山路": 9,
    "砂锅粉砂锅饭(保利云山店)": 10,
    "美之都整形美容": 11,
    "跳皮小豆腐坨坨肉(天誉城店)": 12,
    "北湖": 13,
    "贵阳雅思贝尔幼儿园": 14,
    "龙里肉饼鸡(御景湾店)": 15,
    "鹿春关": 16,
    "田田教育(中天校区)": 17,
    "睛灵艺术培训(中天校区)": 18,
    "大营坡出口(中环路东段东南向)": 19,
    "易汤泉house小区": 20,
    "柏益艾灸养生馆": 21,
    "篷山路": 22,
    "凤来仪东区": 23,
    "芋儿鸡火锅(悦景新城店)": 24,
    "泉天下": 25,
    "绝味鸭脖(龙广路店)": 26,
    "幸福里东部新城1期": 27,
    "贵阳市乌当区临时客运站": 28,
    "国家税务总局贵阳市乌当区税务局办税服务厅": 29,
    "乌当区教育科研与教师培训中心": 30,
    "贵州化工建设公司清洗分公司(东南门)": 31
  },
  "down": {
    "贵州化工建设公司清洗分公司(东南门)": 32,
    "乌当区教育科研与教师培训中心": 33,
    "国家税务总局贵阳市乌当区税务局办税服务厅": 34,
    "贵阳市乌当区临时客运站": 35,
    "幸福里东部新城1期": 36,
    "绝味鸭脖(龙广路店)": 37,
    "泉天下": 38,
    "芋儿鸡火锅(悦景新城店)": 39,
    "凤来仪东区": 40,
    "篷山路": 41,
    "柏益艾灸养生馆": 42,
    "易汤泉house小区": 43,
    "大营坡出口(中环路东段东南向)": 44,
    "睛灵艺术培训(中天校区)": 45,
    "田田教育(中天校区)": 46,
    "鹿春关": 47,
    "龙里肉饼鸡(御景湾店)": 48,
    "贵阳雅思贝尔幼儿园": 49,
    "北湖": 50,
    "跳皮小豆腐坨坨肉(天誉城店)": 51,
    "美之都整形美容": 52,
    "砂锅粉砂锅饭(保利云山店)": 53,
    "黔灵山路": 54,
    "贵阳北站东广场": 55,
    "恒大帝景": 56,
    "黔春食府(恒大帝景店)": 57,
    "贵阳北站出口(中环路西段北向)": 58,
    "二桥出口(中环路西段南向)": 59,
    "贵阳·黔灵山体育公园": 60,
    "天骄幼儿园": 61,
    "中环路西段入口(北向)": 62
  }
}