{
  "up": {
    "1": "中环路西段入口(北向)",
    "2": "天骄幼儿园",
    "3": "贵阳·黔灵山体育公园",
    "4": "二桥出口(中环路西段南向)",
    "5": "贵阳北站出口(中环路西段北向)",
    "6": "黔春食府(恒大帝景店)",
    "7": "恒大帝景",
    "8": "贵阳北站东广场",
    "9": "黔灵山路",
    "10": "砂锅粉砂锅饭(保利云山店)",
    "11": "美之都整形美容",
    "12": "跳皮小豆腐坨坨肉(天誉城店)",
    "13": "北湖",
    "14": "贵阳雅思贝尔幼儿园",
    "15": "龙里肉饼鸡(御景湾店)",
    "16": "鹿春关",
    "17": "田田教育(中天校区)",
    "18": "睛灵艺术培训(中天校区)",
    "19": "大营坡出口(中环路东段东南向)",
    "20": "易汤泉house小区",
    "21": "柏益艾灸养生馆",
    "22": "篷山路",
    "23": "凤来仪东区",
    "24": "芋儿鸡火锅(悦景新城店)",
    "25": "泉天下",
    "26": "绝味鸭脖(龙广路店)",
    "27": "幸福里东部新城1期",
    "28": "贵阳市乌当区临时客运站",
    "29": "国家税务总局贵阳市乌当区税务局办税服务厅",
    "30": "乌当区教育科研与教师培训中心",
    "31": "贵州化工建设公司清洗分公司(东南门)"
  },
  "down": {
    "32": "贵州化工建设公司清洗分公司(东南门)",
    "33": "乌当区教育科研与教师培训中心",
    "34": "国家税务总局贵阳市乌当区税务局办税服务厅",
    "35": "贵阳市乌当区临时客运站",
    "36": "幸福里东部新城1期",
    "37": "绝味鸭脖(龙广路店)",
    "38": "泉天下",
    "39": "芋儿鸡火锅(悦景新城店)",
    "40": "凤来仪东区",
    "41": "篷山路",
    "42": "柏益艾灸养生馆",
    "43": "易汤泉house小区",
    "44": "大营坡出口(中环路东段东南向)",
    "45": "睛灵艺术培训(中天校区)",
    "46": "田田教育(中天校区)",
    "47": "鹿春关",
    "48": "龙里肉饼鸡(御景湾店)",
    "49": "贵阳雅思贝尔幼儿园",
    "50": "北湖",
    "51": "跳皮小豆腐坨坨肉(天誉城店)",
    "52": "美之都整形美容",
    "53": "砂锅粉砂锅饭(保利云山店)",
    "54": "黔灵山路",
    "55": "贵阳北站东广场",
    "56": "恒大帝景",
    "57": "黔春食府(恒大帝景店)",
    "58": "贵阳北站出口(中环路西段北向)",
    "59": "二桥出口(中环路西段南向)",
    "60": "贵阳·黔灵山体育公园",
    "61": "天骄幼儿园",
    "62": "中环路西段入口(北向)"
  }
}