{
  "贵州化工建设公司清洗分公司(东南门)": 2003,
  "乌当区教育科研与教师培训中心": 522,
  "国家税务总局贵阳市乌当区税务局办税服务厅": 1025,
  "贵阳市乌当区临时客运站": 431,
  "幸福里东部新城1期": 411,
  "绝味鸭脖(龙广路店)": 760,
  "泉天下": 578,
  "芋儿鸡火锅(悦景新城店)": 686,
  "凤来仪东区": 436,
  "篷山路": 679,
  "柏益艾灸养生馆": 540,
  "易汤泉house小区": 374,
  "大营坡出口(中环路东段东南向)": 590,
  "睛灵艺术培训(中天校区)": 461,
  "田田教育(中天校区)": 359,
  "鹿春关": 386,
  "龙里肉饼鸡(御景湾店)": 1492,
  "贵阳雅思贝尔幼儿园": 641,
  "北湖": 650,
  "跳皮小豆腐坨坨肉(天誉城店)": 361,
  "美之都整形美容": 539,
  "砂锅粉砂锅饭(保利云山店)": 1010,
  "黔灵山路": 544,
  "贵阳北站东广场": 461,
  "恒大帝景": 431,
  "黔春食府(恒大帝景店)": 584,
  "贵阳北站出口(中环路西段北向)": 485,
  "二桥出口(中环路西段南向)": 430,
  "贵阳·黔灵山体育公园": 455,
  "天骄幼儿园": 364
}