{
  "贵州宏达集装箱活动房有限公司": {
    "time": [
      "06:14:14",
      "06:28:29",
      "06:43:37",
      "06:59:19",
      "07:14:31",
      "07:29:18",
      "07:44:01",
      "07:59:44",
      "08:14:58",
      "08:29:41",
      "08:45:07",
      "08:59:25",
      "09:14:53",
      "09:29:14",
      "09:43:45",
      "09:59:07",
      "10:14:04",
      "10:28:32",
      "10:43:47",
      "10:57:58",
      "11:13:28",
      "11:28:19",
      "11:43:56",
      "11:58:39",
      "12:14:22",
      "12:28:43",
      "12:43:19",
      "12:59:02",
      "13:14:28",
      "13:29:34",
      "13:44:21",
      "13:59:46",
      "14:14:47",
      "14:29:02",
      "14:43:16",
      "14:58:02",
      "15:12:40",
      "15:28:00",
      "15:43:48",
      "15:58:49",
      "16:13:14",
      "16:28:03",
      "16:42:46",
      "16:57:58",
      "17:12:43",
      "17:28:05",
      "17:43:22",
      "17:57:42",
      "18:12:23",
      "18:28:07",
      "18:42:27",
      "18:57:19",
      "19:11:36",
      "19:26:29",
      "19:41:57",
      "19:56:07",
      "20:10:46",
      "20:25:22",
      "20:40:13",
      "20:54:51",
      "21:09:03",
      "21:23:19",
      "21:37:30",
      "21:51:48",
      "22:06:45"
    ],
    "board": [
      15,
      15,
      2,
      15,
      1,
      4,
      1,
      14,
      9,
      2,
      15,
      6,
      9,
      11,
      15,
      1,
      15,
      5,
      14,
      1,
      5,
      0,
      7,
      11,
      5,
      6,
      14,
      5,
      1,
      6,
      0,
      9,
      1,
      4,
      14,
      10,
      0,
      11,
      12,
      9,
      11,
      13,
      11,
      7,
      14,
      9,
      10,
      4,
      5,
      6,
      13,
      8,
      14,
      3,
      0,
      10,
      2,
      0,
      12,
      0,
      5,
      10,
      8,
      11,
      9
    ],
    "alight": [
      0,
      0,
      0,
      0,
      0,
      0,
      0,
      0,
      0,
      0,
      0,
      0,
      0,
      0,
      0,
      0,
      0,
      0,
      0,
      0,
      0,
      0,
      0,
      0,
      0,
      0,
      0,
      0,
      0,
      0,
      0,
      0,
      0,
      0,
      0,
      0,
      0,
      0,
      0,
      0,
      0,
      0,
      0,
      0,
      0,
      0,
      0,
      0,
      0,
      0,
      0,
      0,
      0,
      0,
      0,
      0,
      0,
      0,
      0,
      0,
      0,
      0,
      0,
      0,
      0
    ]
  },
  "中国邮政储蓄银行(贵安新区支行)": {
    "time": [
      "06:14:14",
      "06:28:29",
      "06:43:37",
      "06:59:19",
      "07:14:31",
      "07:29:18",
      "07:44:01",
      "07:59:44",
      "08:14:58",
      "08:29:41",
      "08:45:07",
      "08:59:25",
      "09:14:53",
      "09:29:14",
      "09:43:45",
      "09:59:07",
      "10:14:04",
      "10:28:32",
      "10:43:47",
      "10:57:58",
      "11:13:28",
      "11:28:19",
      "11:43:56",
      "11:58:39",
      "12:14:22",
      "12:28:43",
      "12:43:19",
      "12:59:02",
      "13:14:28",
      "13:29:34",
      "13:44:21",
      "13:59:46",
      "14:14:47",
      "14:29:02",
      "14:43:16",
      "14:58:02",
      "15:12:40",
      "15:28:00",
      "15:43:48",
      "15:58:49",
      "16:13:14",
      "16:28:03",
      "16:42:46",
      "16:57:58",
      "17:12:43",
      "17:28:05",
      "17:43:22",
      "17:57:42",
      "18:12:23",
      "18:28:07",
      "18:42:27",
      "18:57:19",
      "19:11:36",
      "19:26:29",
      "19:41:57",
      "19:56:07",
      "20:10:46",
      "20:25:22",
      "20:40:13",
      "20:54:51",
      "21:09:03",
      "21:23:19",
      "21:37:30",
      "21:51:48",
      "22:06:45"
    ],
    "board": [
      6,
      10,
      6,
      7,
      8,
      1,
      9,
      3,
      0,
      5,
      9,
      0,
      14,
      2,
      9,
      11,
      9,
      13,
      3,
      2,
      3,
      12,
      2,
      14,
      8,
      10,
      1,
      9,
      2,
      14,
      3,
      13,
      11,
      14,
      12,
      14,
      12,
      0,
      7,
      4,
      14,
      0,
      13,
      8,
      3,
      8,
      15,
      2,
      4,
      1,
      11,
      12,
      5,
      1,
      2,
      6,
      1,
      7,
      10,
      13,
      6,
      4,
      2,
      14,
      2
    ],
    "alight": [
      0,
      0,
      0,
      0,
      0,
      0,
      0,
      0,
      0,
      0,
      0,
      0,
      0,
      0,
      0,
      0,
      0,
      0,
      0,
      0,
      0,
      0,
      0,
      0,
      0,
      0,
      0,
      0,
      0,
      0,
      0,
      0,
      0,
      0,
      0,
      0,
      0,
      0,
      0,
      0,
      0,
      0,
      0,
      0,
      0,
      0,
      0,
      0,
      0,
      0,
      0,
      0,
      0,
      0,
      0,
      0,
      0,
      0,
      0,
      0,
      0,
      0,
      0,
      0,
      0
    ]
  },
  "翠翠家具(贵阳分店)": {
    "time": [
      "06:14:14",
      "06:28:29",
      "06:43:37",
      "06:59:19",
      "07:14:31",
      "07:29:18",
      "07:44:01",
      "07:59:44",
      "08:14:58",
      "08:29:41",
      "08:45:07",
      "08:59:25",
      "09:14:53",
      "09:29:14",
      "09:43:45",
      "09:59:07",
      "10:14:04",
      "10:28:32",
      "10:43:47",
      "10:57:58",
      "11:13:28",
      "11:28:19",
      "11:43:56",
      "11:58:39",
      "12:14:22",
      "12:28:43",
      "12:43:19",
      "12:59:02",
      "13:14:28",
      "13:29:34",
      "13:44:21",
      "13:59:46",
      "14:14:47",
      "14:29:02",
      "14:43:16",
      "14:58:02",
      "15:12:40",
      "15:28:00",
      "15:43:48",
      "15:58:49",
      "16:13:14",
      "16:28:03",
      "16:42:46",
      "16:57:58",
      "17:12:43",
      "17:28:05",
      "17:43:22",
      "17:57:42",
      "18:12:23",
      "18:28:07",
      "18:42:27",
      "18:57:19",
      "19:11:36",
      "19:26:29",
      "19:41:57",
      "19:56:07",
      "20:10:46",
      "20:25:22",
      "20:40:13",
      "20:54:51",
      "21:09:03",
      "21:23:19",
      "21:37:30",
      "21:51:48",
      "22:06:45"
    ],
    "board": [
      4,
      3,
      10,
      1,
      8,
      7,
      1,
      8,
      9,
      2,
      5,
      3,
      14,
      9,
      11,
      11,
      11,
      11,
      9,
      6,
      15,
      8,
      4,
      4,
      2,
      11,
      8,
      5,
      12,
      15,
      12,
      1,
      14,
      2,
      11,
      10,
      0,
      13,
      0,
      6,
      9,
      6,
      1,
      11,
      2,
      2,
      1,
      5,
      2,
      1,
      4,
      11,
      10,
      2,
      6,
      12,
      0,
      6,
      4,
      12,
      10,
      10,
      0,
      15,
      0
    ],
    "alight": [
      1,
      0,
      0,
      0,
      0,
      0,
      0,
      0,
      0,
      0,
      0,
      0,
      1,
      0,
      0,
      0,
      0,
      0,
      0,
      3,
      0,
      0,
      0,
      0,
      0,
      0,
      0,
      0,
      0,
      0,
      0,
      0,
      0,
      0,
      0,
      0,
      0,
      3,
      0,
      0,
      2,
      0,
      0,
      0,
      0,
      0,
      0,
      0,
      0,
      0,
      0,
      3,
      1,
      0,
      0,
      1,
      0,
      0,
      0,
      0,
      0,
      1,
      0,
      0,
      0
    ]
  },
  "麦湖路(地铁站)": {
    "time": [
      "06:14:14",
      "06:28:29",
      "06:43:37",
      "06:59:19",
      "07:14:31",
      "07:29:18",
      "07:44:01",
      "07:59:44",
      "08:14:58",
      "08:29:41",
      "08:45:07",
      "08:59:25",
      "09:14:53",
      "09:29:14",
      "09:43:45",
      "09:59:07",
      "10:14:04",
      "10:28:32",
      "10:43:47",
      "10:57:58",
      "11:13:28",
      "11:28:19",
      "11:43:56",
      "11:58:39",
      "12:14:22",
      "12:28:43",
      "12:43:19",
      "12:59:02",
      "13:14:28",
      "13:29:34",
      "13:44:21",
      "13:59:46",
      "14:14:47",
      "14:29:02",
      "14:43:16",
      "14:58:02",
      "15:12:40",
      "15:28:00",
      "15:43:48",
      "15:58:49",
      "16:13:14",
      "16:28:03",
      "16:42:46",
      "16:57:58",
      "17:12:43",
      "17:28:05",
      "17:43:22",
      "17:57:42",
      "18:12:23",
      "18:28:07",
      "18:42:27",
      "18:57:19",
      "19:11:36",
      "19:26:29",
      "19:41:57",
      "19:56:07",
      "20:10:46",
      "20:25:22",
      "20:40:13",
      "20:54:51",
      "21:09:03",
      "21:23:19",
      "21:37:30",
      "21:51:48",
      "22:06:45"
    ],
    "board": [
      15,
      2,
      5,
      11,
      12,
      3,
      6,
      12,
      10,
      4,
      3,
      4,
      3,
      4,
      5,
      10,
      4,
      3,
      14,
      1,
      1,
      14,
      4,
      12,
      4,
      2,
      10,
      13,
      0,
      2,
      15,
      3,
      15,
      12,
      11,
      8,
      13,
      11,
      14,
      10,
      5,
      9,
      12,
      9,
      4,
      2,
      2,
      0,
      12,
      5,
      1,
      5,
      4,
      4,
      7,
      2,
      3,
      0,
      7,
      6,
      2,
      10,
      9,
      2,
      5
    ],
    "alight": [
      0,
      0,
      0,
      0,
      0,
      0,
      0,
      0,
      0,
      0,
      0,
      0,
      0,
      0,
      0,
      0,
      0,
      0,
      0,
      3,
      0,
      0,
      0,
      4,
      0,
      0,
      0,
      0,
      0,
      0,
      0,
      0,
      0,
      0,
      0,
      0,
      0,
      0,
      0,
      0,
      1,
      0,
      0,
      0,
      0,
      0,
      0,
      0,
      0,
      0,
      0,
      0,
      0,
      0,
      0,
      0,
      0,
      0,
      0,
      4,
      0,
      0,
      0,
      0,
      0
    ]
  },
  "贵州文煜贸易有限公司": {
    "time": [
      "06:14:14",
      "06:28:29",
      "06:43:37",
      "06:59:19",
      "07:14:31",
      "07:29:18",
      "07:44:01",
      "07:59:44",
      "08:14:58",
      "08:29:41",
      "08:45:07",
      "08:59:25",
      "09:14:53",
      "09:29:14",
      "09:43:45",
      "09:59:07",
      "10:14:04",
      "10:28:32",
      "10:43:47",
      "10:57:58",
      "11:13:28",
      "11:28:19",
      "11:43:56",
      "11:58:39",
      "12:14:22",
      "12:28:43",
      "12:43:19",
      "12:59:02",
      "13:14:28",
      "13:29:34",
      "13:44:21",
      "13:59:46",
      "14:14:47",
      "14:29:02",
      "14:43:16",
      "14:58:02",
      "15:12:40",
      "15:28:00",
      "15:43:48",
      "15:58:49",
      "16:13:14",
      "16:28:03",
      "16:42:46",
      "16:57:58",
      "17:12:43",
      "17:28:05",
      "17:43:22",
      "17:57:42",
      "18:12:23",
      "18:28:07",
      "18:42:27",
      "18:57:19",
      "19:11:36",
      "19:26:29",
      "19:41:57",
      "19:56:07",
      "20:10:46",
      "20:25:22",
      "20:40:13",
      "20:54:51",
      "21:09:03",
      "21:23:19",
      "21:37:30",
      "21:51:48",
      "22:06:45"
    ],
    "board": [
      12,
      2,
      15,
      13,
      8,
      5,
      9,
      0,
      2,
      6,
      10,
      9,
      4,
      5,
      12,
      9,
      10,
      15,
      4,
      10,
      12,
      10,
      5,
      12,
      5,
      12,
      1,
      15,
      3,
      7,
      2,
      5,
      0,
      11,
      10,
      10,
      11,
      15,
      0,
      8,
      9,
      13,
      9,
      11,
      1,
      6,
      10,
      3,
      7,
      1,
      0,
      13,
      10,
      11,
      9,
      14,
      13,
      9,
      12,
      10,
      8,
      1,
      0,
      11,
      9
    ],
    "alight": [
      0,
      6,
      2,
      12,
      5,
      13,
      13,
      3,
      8,
      2,
      1,
      11,
      14,
      12,
      0,
      13,
      8,
      11,
      0,
      14,
      10,
      14,
      5,
      10,
      13,
      14,
      10,
      7,
      11,
      10,
      8,
      3,
      0,
      4,
      12,
      15,
      11,
      12,
      6,
      2,
      15,
      4,
      3,
      2,
      1,
      11,
      0,
      0,
      7,
      1,
      10,
      8,
      3,
      5,
      2,
      14,
      7,
      15,
      12,
      15,
      0,
      11,
      2,
      6,
      4
    ]
  },
  "贵州海砼商品混凝土有限公司": {
    "time": [
      "06:14:14",
      "06:28:29",
      "06:43:37",
      "06:59:19",
      "07:14:31",
      "07:29:18",
      "07:44:01",
      "07:59:44",
      "08:14:58",
      "08:29:41",
      "08:45:07",
      "08:59:25",
      "09:14:53",
      "09:29:14",
      "09:43:45",
      "09:59:07",
      "10:14:04",
      "10:28:32",
      "10:43:47",
      "10:57:58",
      "11:13:28",
      "11:28:19",
      "11:43:56",
      "11:58:39",
      "12:14:22",
      "12:28:43",
      "12:43:19",
      "12:59:02",
      "13:14:28",
      "13:29:34",
      "13:44:21",
      "13:59:46",
      "14:14:47",
      "14:29:02",
      "14:43:16",
      "14:58:02",
      "15:12:40",
      "15:28:00",
      "15:43:48",
      "15:58:49",
      "16:13:14",
      "16:28:03",
      "16:42:46",
      "16:57:58",
      "17:12:43",
      "17:28:05",
      "17:43:22",
      "17:57:42",
      "18:12:23",
      "18:28:07",
      "18:42:27",
      "18:57:19",
      "19:11:36",
      "19:26:29",
      "19:41:57",
      "19:56:07",
      "20:10:46",
      "20:25:22",
      "20:40:13",
      "20:54:51",
      "21:09:03",
      "21:23:19",
      "21:37:30",
      "21:51:48",
      "22:06:45"
    ],
    "board": [
      13,
      13,
      1,
      1,
      13,
      13,
      6,
      14,
      8,
      12,
      6,
      14,
      0,
      15,
      15,
      4,
      6,
      12,
      12,
      4,
      0,
      9,
      11,
      1,
      15,
      10,
      15,
      6,
      3,
      4,
      2,
      2,
      1,
      4,
      6,
      12,
      15,
      2,
      15,
      4,
      12,
      9,
      9,
      11,
      2,
      8,
      8,
      12,
      2,
      12,
      15,
      1,
      10,
      4,
      3,
      12,
      3,
      6,
      9,
      7,
      9,
      8,
      12,
      2,
      1
    ],
    "alight": [
      9,
      2,
      1,
      11,
      15,
      12,
      4,
      14,
      12,
      1,
      15,
      9,
      14,
      10,
      5,
      6,
      9,
      2,
      9,
      3,
      11,
      6,
      9,
      10,
      1,
      6,
      10,
      13,
      1,
      9,
      1,
      14,
      7,
      2,
      8,
      11,
      1,
      6,
      3,
      1,
      3,
      10,
      6,
      14,
      9,
      15,
      5,
      9,
      2,
      13,
      6,
      13,
      0,
      11,
      11,
      1,
      4,
      3,
      0,
      8,
      1,
      4,
      5,
      7,
      14
    ]
  },
  "湖磊路": {
    "time": [
      "06:14:14",
      "06:28:29",
      "06:43:37",
      "06:59:19",
      "07:14:31",
      "07:29:18",
      "07:44:01",
      "07:59:44",
      "08:14:58",
      "08:29:41",
      "08:45:07",
      "08:59:25",
      "09:14:53",
      "09:29:14",
      "09:43:45",
      "09:59:07",
      "10:14:04",
      "10:28:32",
      "10:43:47",
      "10:57:58",
      "11:13:28",
      "11:28:19",
      "11:43:56",
      "11:58:39",
      "12:14:22",
      "12:28:43",
      "12:43:19",
      "12:59:02",
      "13:14:28",
      "13:29:34",
      "13:44:21",
      "13:59:46",
      "14:14:47",
      "14:29:02",
      "14:43:16",
      "14:58:02",
      "15:12:40",
      "15:28:00",
      "15:43:48",
      "15:58:49",
      "16:13:14",
      "16:28:03",
      "16:42:46",
      "16:57:58",
      "17:12:43",
      "17:28:05",
      "17:43:22",
      "17:57:42",
      "18:12:23",
      "18:28:07",
      "18:42:27",
      "18:57:19",
      "19:11:36",
      "19:26:29",
      "19:41:57",
      "19:56:07",
      "20:10:46",
      "20:25:22",
      "20:40:13",
      "20:54:51",
      "21:09:03",
      "21:23:19",
      "21:37:30",
      "21:51:48",
      "22:06:45"
    ],
    "board": [
      15,
      10,
      14,
      6,
      5,
      1,
      15,
      4,
      3,
      9,
      5,
      14,
      9,
      7,
      13,
      12,
      6,
      8,
      6,
      11,
      6,
      2,
      10,
      10,
      6,
      15,
      13,
      15,
      5,
      9,
      1,
      7,
      5,
      5,
      10,
      6,
      14,
      11,
      1,
      13,
      9,
      10,
      12,
      1,
      5,
      11,
      15,
      2,
      15,
      3,
      7,
      5,
      12,
      7,
      10,
      9,
      3,
      15,
      3,
      15,
      7,
      6,
      0,
      11,
      0
    ],
    "alight": [
      1,
      14,
      12,
      11,
      14,
      12,
      6,
      8,
      5,
      11,
      14,
      11,
      11,
      5,
      9,
      13,
      11,
      5,
      10,
      15,
      2,
      15,
      13,
      13,
      0,
      9,
      10,
      0,
      8,
      3,
      11,
      7,
      13,
      6,
      14,
      0,
      12,
      8,
      7,
      5,
      9,
      4,
      15,
      4,
      15,
      2,
      6,
      15,
      1,
      1,
      12,
      15,
      0,
      1,
      13,
      4,
      13,
      10,
      10,
      6,
      15,
      9,
      13,
      4,
      9
    ]
  },
  "新房子": {
    "time": [
      "06:14:14",
      "06:28:29",
      "06:43:37",
      "06:59:19",
      "07:14:31",
      "07:29:18",
      "07:44:01",
      "07:59:44",
      "08:14:58",
      "08:29:41",
      "08:45:07",
      "08:59:25",
      "09:14:53",
      "09:29:14",
      "09:43:45",
      "09:59:07",
      "10:14:04",
      "10:28:32",
      "10:43:47",
      "10:57:58",
      "11:13:28",
      "11:28:19",
      "11:43:56",
      "11:58:39",
      "12:14:22",
      "12:28:43",
      "12:43:19",
      "12:59:02",
      "13:14:28",
      "13:29:34",
      "13:44:21",
      "13:59:46",
      "14:14:47",
      "14:29:02",
      "14:43:16",
      "14:58:02",
      "15:12:40",
      "15:28:00",
      "15:43:48",
      "15:58:49",
      "16:13:14",
      "16:28:03",
      "16:42:46",
      "16:57:58",
      "17:12:43",
      "17:28:05",
      "17:43:22",
      "17:57:42",
      "18:12:23",
      "18:28:07",
      "18:42:27",
      "18:57:19",
      "19:11:36",
      "19:26:29",
      "19:41:57",
      "19:56:07",
      "20:10:46",
      "20:25:22",
      "20:40:13",
      "20:54:51",
      "21:09:03",
      "21:23:19",
      "21:37:30",
      "21:51:48",
      "22:06:45"
    ],
    "board": [
      1,
      0,
      10,
      15,
      8,
      1,
      7,
      7,
      1,
      11,
      6,
      14,
      13,
      13,
      9,
      11,
      10,
      2,
      9,
      5,
      14,
      12,
      10,
      6,
      6,
      8,
      6,
      1,
      8,
      3,
      8,
      11,
      0,
      11,
      2,
      4,
      10,
      8,
      3,
      11,
      6,
      9,
      12,
      12,
      4,
      5,
      1,
      12,
      5,
      11,
      15,
      12,
      11,
      6,
      7,
      14,
      2,
      12,
      7,
      7,
      14,
      13,
      3,
      1,
      8
    ],
    "alight": [
      1,
      11,
      13,
      7,
      5,
      0,
      7,
      10,
      12,
      4,
      14,
      12,
      1,
      1,
      1,
      9,
      7,
      11,
      11,
      0,
      14,
      0,
      7,
      7,
      5,
      11,
      5,
      9,
      15,
      1,
      1,
      6,
      8,
      5,
      7,
      3,
      1,
      0,
      14,
      2,
      5,
      10,
      10,
      5,
      7,
      10,
      15,
      13,
      9,
      7,
      0,
      10,
      15,
      0,
      8,
      14,
      5,
      3,
      3,
      1,
      2,
      3,
      6,
      10,
      3
    ]
  },
  "天河潭派出所停车场治安办": {
    "time": [
      "06:14:14",
      "06:28:29",
      "06:43:37",
      "06:59:19",
      "07:14:31",
      "07:29:18",
      "07:44:01",
      "07:59:44",
      "08:14:58",
      "08:29:41",
      "08:45:07",
      "08:59:25",
      "09:14:53",
      "09:29:14",
      "09:43:45",
      "09:59:07",
      "10:14:04",
      "10:28:32",
      "10:43:47",
      "10:57:58",
      "11:13:28",
      "11:28:19",
      "11:43:56",
      "11:58:39",
      "12:14:22",
      "12:28:43",
      "12:43:19",
      "12:59:02",
      "13:14:28",
      "13:29:34",
      "13:44:21",
      "13:59:46",
      "14:14:47",
      "14:29:02",
      "14:43:16",
      "14:58:02",
      "15:12:40",
      "15:28:00",
      "15:43:48",
      "15:58:49",
      "16:13:14",
      "16:28:03",
      "16:42:46",
      "16:57:58",
      "17:12:43",
      "17:28:05",
      "17:43:22",
      "17:57:42",
      "18:12:23",
      "18:28:07",
      "18:42:27",
      "18:57:19",
      "19:11:36",
      "19:26:29",
      "19:41:57",
      "19:56:07",
      "20:10:46",
      "20:25:22",
      "20:40:13",
      "20:54:51",
      "21:09:03",
      "21:23:19",
      "21:37:30",
      "21:51:48",
      "22:06:45"
    ],
    "board": [
      11,
      12,
      7,
      1,
      1,
      2,
      5,
      14,
      5,
      2,
      13,
      1,
      8,
      1,
      13,
      14,
      9,
      14,
      7,
      5,
      15,
      15,
      10,
      8,
      10,
      9,
      12,
      15,
      4,
      4,
      11,
      14,
      2,
      3,
      4,
      7,
      13,
      11,
      9,
      2,
      15,
      4,
      3,
      3,
      14,
      6,
      4,
      9,
      0,
      12,
      0,
      0,
      13,
      2,
      0,
      8,
      2,
      11,
      10,
      10,
      1,
      14,
      2,
      0,
      3
    ],
    "alight": [
      13,
      9,
      9,
      2,
      11,
      9,
      7,
      3,
      14,
      11,
      9,
      3,
      6,
      15,
      12,
      4,
      5,
      12,
      7,
      8,
      12,
      3,
      13,
      14,
      1,
      1,
      9,
      12,
      6,
      7,
      9,
      8,
      8,
      7,
      8,
      2,
      8,
      3,
      0,
      8,
      14,
      5,
      10,
      7,
      7,
      5,
      11,
      14,
      13,
      15,
      14,
      13,
      8,
      13,
      2,
      7,
      12,
      13,
      12,
      3,
      14,
      2,
      5,
      12,
      13
    ]
  },
  "国询建设投资咨询有限公司天河潭景区提升项目审计项目部": {
    "time": [
      "06:14:14",
      "06:28:29",
      "06:43:37",
      "06:59:19",
      "07:14:31",
      "07:29:18",
      "07:44:01",
      "07:59:44",
      "08:14:58",
      "08:29:41",
      "08:45:07",
      "08:59:25",
      "09:14:53",
      "09:29:14",
      "09:43:45",
      "09:59:07",
      "10:14:04",
      "10:28:32",
      "10:43:47",
      "10:57:58",
      "11:13:28",
      "11:28:19",
      "11:43:56",
      "11:58:39",
      "12:14:22",
      "12:28:43",
      "12:43:19",
      "12:59:02",
      "13:14:28",
      "13:29:34",
      "13:44:21",
      "13:59:46",
      "14:14:47",
      "14:29:02",
      "14:43:16",
      "14:58:02",
      "15:12:40",
      "15:28:00",
      "15:43:48",
      "15:58:49",
      "16:13:14",
      "16:28:03",
      "16:42:46",
      "16:57:58",
      "17:12:43",
      "17:28:05",
      "17:43:22",
      "17:57:42",
      "18:12:23",
      "18:28:07",
      "18:42:27",
      "18:57:19",
      "19:11:36",
      "19:26:29",
      "19:41:57",
      "19:56:07",
      "20:10:46",
      "20:25:22",
      "20:40:13",
      "20:54:51",
      "21:09:03",
      "21:23:19",
      "21:37:30",
      "21:51:48",
      "22:06:45"
    ],
    "board": [
      12,
      13,
      14,
      15,
      14,
      1,
      15,
      6,
      2,
      13,
      0,
      4,
      11,
      6,
      0,
      0,
      14,
      15,
      14,
      13,
      14,
      3,
      3,
      11,
      4,
      14,
      1,
      7,
      0,
      15,
      11,
      10,
      3,
      14,
      2,
      1,
      14,
      15,
      3,
      12,
      6,
      3,
      14,
      3,
      8,
      0,
      7,
      10,
      2,
      3,
      13,
      4,
      8,
      3,
      5,
      14,
      2,
      2,
      11,
      10,
      11,
      0,
      6,
      14,
      12
    ],
    "alight": [
      9,
      5,
      10,
      9,
      3,
      8,
      3,
      6,
      9,
      11,
      8,
      14,
      14,
      13,
      10,
      4,
      10,
      14,
      7,
      1,
      10,
      3,
      12,
      10,
      11,
      9,
      0,
      7,
      3,
      13,
      6,
      12,
      1,
      0,
      12,
      15,
      13,
      6,
      6,
      11,
      12,
      12,
      8,
      13,
      2,
      15,
      1,
      2,
      6,
      5,
      13,
      4,
      15,
      0,
      9,
      9,
      12,
      5,
      4,
      0,
      1,
      10,
      6,
      7,
      4
    ]
  },
  "格林森门窗有限公司": {
    "time": [
      "06:14:14",
      "06:28:29",
      "06:43:37",
      "06:59:19",
      "07:14:31",
      "07:29:18",
      "07:44:01",
      "07:59:44",
      "08:14:58",
      "08:29:41",
      "08:45:07",
      "08:59:25",
      "09:14:53",
      "09:29:14",
      "09:43:45",
      "09:59:07",
      "10:14:04",
      "10:28:32",
      "10:43:47",
      "10:57:58",
      "11:13:28",
      "11:28:19",
      "11:43:56",
      "11:58:39",
      "12:14:22",
      "12:28:43",
      "12:43:19",
      "12:59:02",
      "13:14:28",
      "13:29:34",
      "13:44:21",
      "13:59:46",
      "14:14:47",
      "14:29:02",
      "14:43:16",
      "14:58:02",
      "15:12:40",
      "15:28:00",
      "15:43:48",
      "15:58:49",
      "16:13:14",
      "16:28:03",
      "16:42:46",
      "16:57:58",
      "17:12:43",
      "17:28:05",
      "17:43:22",
      "17:57:42",
      "18:12:23",
      "18:28:07",
      "18:42:27",
      "18:57:19",
      "19:11:36",
      "19:26:29",
      "19:41:57",
      "19:56:07",
      "20:10:46",
      "20:25:22",
      "20:40:13",
      "20:54:51",
      "21:09:03",
      "21:23:19",
      "21:37:30",
      "21:51:48",
      "22:06:45"
    ],
    "board": [
      14,
      15,
      13,
      0,
      10,
      3,
      4,
      11,
      8,
      7,
      6,
      4,
      2,
      0,
      12,
      10,
      3,
      14,
      15,
      11,
      1,
      1,
      7,
      1,
      0,
      6,
      12,
      6,
      0,
      2,
      9,
      7,
      0,
      7,
      11,
      1,
      0,
      0,
      7,
      14,
      8,
      11,
      5,
      7,
      13,
      13,
      7,
      12,
      13,
      11,
      15,
      11,
      10,
      6,
      2,
      9,
      12,
      9,
      5,
      4,
      10,
      8,
      9,
      3,
      2
    ],
    "alight": [
      3,
      2,
      3,
      0,
      5,
      7,
      3,
      8,
      6,
      8,
      10,
      1,
      11,
      9,
      0,
      15,
      15,
      0,
      14,
      8,
      9,
      11,
      6,
      15,
      0,
      3,
      7,
      11,
      14,
      0,
      8,
      6,
      2,
      4,
      11,
      3,
      6,
      1,
      2,
      0,
      2,
      1,
      10,
      5,
      14,
      10,
      0,
      7,
      2,
      3,
      14,
      2,
      14,
      5,
      15,
      6,
      12,
      2,
      6,
      13,
      12,
      6,
      11,
      0,
      0
    ]
  },
  "石板镇卫生院新冠疫苗接种点": {
    "time": [
      "06:14:14",
      "06:28:29",
      "06:43:37",
      "06:59:19",
      "07:14:31",
      "07:29:18",
      "07:44:01",
      "07:59:44",
      "08:14:58",
      "08:29:41",
      "08:45:07",
      "08:59:25",
      "09:14:53",
      "09:29:14",
      "09:43:45",
      "09:59:07",
      "10:14:04",
      "10:28:32",
      "10:43:47",
      "10:57:58",
      "11:13:28",
      "11:28:19",
      "11:43:56",
      "11:58:39",
      "12:14:22",
      "12:28:43",
      "12:43:19",
      "12:59:02",
      "13:14:28",
      "13:29:34",
      "13:44:21",
      "13:59:46",
      "14:14:47",
      "14:29:02",
      "14:43:16",
      "14:58:02",
      "15:12:40",
      "15:28:00",
      "15:43:48",
      "15:58:49",
      "16:13:14",
      "16:28:03",
      "16:42:46",
      "16:57:58",
      "17:12:43",
      "17:28:05",
      "17:43:22",
      "17:57:42",
      "18:12:23",
      "18:28:07",
      "18:42:27",
      "18:57:19",
      "19:11:36",
      "19:26:29",
      "19:41:57",
      "19:56:07",
      "20:10:46",
      "20:25:22",
      "20:40:13",
      "20:54:51",
      "21:09:03",
      "21:23:19",
      "21:37:30",
      "21:51:48",
      "22:06:45"
    ],
    "board": [
      13,
      5,
      7,
      13,
      11,
      12,
      4,
      9,
      15,
      12,
      9,
      5,
      2,
      0,
      4,
      1,
      4,
      10,
      15,
      12,
      6,
      7,
      6,
      12,
      9,
      12,
      7,
      0,
      9,
      15,
      2,
      10,
      8,
      0,
      13,
      0,
      5,
      9,
      1,
      2,
      14,
      14,
      10,
      11,
      7,
      8,
      1,
      6,
      13,
      6,
      5,
      3,
      1,
      7,
      6,
      11,
      9,
      12,
      11,
      11,
      7,
      1,
      11,
      1,
      13
    ],
    "alight": [
      8,
      3,
      2,
      5,
      4,
      1,
      6,
      6,
      4,
      13,
      7,
      10,
      3,
      5,
      2,
      14,
      13,
      2,
      8,
      3,
      11,
      1,
      4,
      15,
      14,
      1,
      2,
      7,
      0,
      5,
      6,
      12,
      12,
      7,
      14,
      3,
      3,
      6,
      13,
      8,
      8,
      2,
      0,
      14,
      13,
      3,
      0,
      5,
      11,
      5,
      8,
      14,
      4,
      3,
      12,
      1,
      12,
      6,
      5,
      13,
      0,
      3,
      0,
      6,
      11
    ]
  },
  "贵阳阳静园宾馆": {
    "time": [
      "06:14:14",
      "06:28:29",
      "06:43:37",
      "06:59:19",
      "07:14:31",
      "07:29:18",
      "07:44:01",
      "07:59:44",
      "08:14:58",
      "08:29:41",
      "08:45:07",
      "08:59:25",
      "09:14:53",
      "09:29:14",
      "09:43:45",
      "09:59:07",
      "10:14:04",
      "10:28:32",
      "10:43:47",
      "10:57:58",
      "11:13:28",
      "11:28:19",
      "11:43:56",
      "11:58:39",
      "12:14:22",
      "12:28:43",
      "12:43:19",
      "12:59:02",
      "13:14:28",
      "13:29:34",
      "13:44:21",
      "13:59:46",
      "14:14:47",
      "14:29:02",
      "14:43:16",
      "14:58:02",
      "15:12:40",
      "15:28:00",
      "15:43:48",
      "15:58:49",
      "16:13:14",
      "16:28:03",
      "16:42:46",
      "16:57:58",
      "17:12:43",
      "17:28:05",
      "17:43:22",
      "17:57:42",
      "18:12:23",
      "18:28:07",
      "18:42:27",
      "18:57:19",
      "19:11:36",
      "19:26:29",
      "19:41:57",
      "19:56:07",
      "20:10:46",
      "20:25:22",
      "20:40:13",
      "20:54:51",
      "21:09:03",
      "21:23:19",
      "21:37:30",
      "21:51:48",
      "22:06:45"
    ],
    "board": [
      9,
      1,
      5,
      4,
      4,
      12,
      8,
      13,
      4,
      10,
      3,
      3,
      0,
      12,
      5,
      7,
      8,
      4,
      7,
      5,
      9,
      8,
      6,
      6,
      5,
      14,
      2,
      1,
      0,
      3,
      13,
      10,
      0,
      4,
      15,
      5,
      6,
      14,
      3,
      11,
      3,
      13,
      12,
      12,
      3,
      8,
      11,
      13,
      1,
      2,
      11,
      12,
      14,
      0,
      6,
      3,
      11,
      15,
      7,
      12,
      4,
      7,
      11,
      14,
      10
    ],
    "alight": [
      4,
      4,
      9,
      12,
      1,
      0,
      15,
      14,
      0,
      3,
      9,
      4,
      3,
      4,
      9,
      2,
      8,
      10,
      15,
      12,
      14,
      5,
      10,
      14,
      5,
      1,
      10,
      14,
      7,
      8,
      14,
      0,
      6,
      15,
      12,
      15,
      11,
      4,
      15,
      0,
      3,
      11,
      2,
      6,
      12,
      3,
      15,
      1,
      13,
      0,
      13,
      9,
      5,
      12,
      5,
      5,
      13,
      7,
      4,
      3,
      11,
      4,
      0,
      11,
      7
    ]
  },
  "贵州东诚达汽车销售服务有限公司": {
    "time": [
      "06:14:14",
      "06:28:29",
      "06:43:37",
      "06:59:19",
      "07:14:31",
      "07:29:18",
      "07:44:01",
      "07:59:44",
      "08:14:58",
      "08:29:41",
      "08:45:07",
      "08:59:25",
      "09:14:53",
      "09:29:14",
      "09:43:45",
      "09:59:07",
      "10:14:04",
      "10:28:32",
      "10:43:47",
      "10:57:58",
      "11:13:28",
      "11:28:19",
      "11:43:56",
      "11:58:39",
      "12:14:22",
      "12:28:43",
      "12:43:19",
      "12:59:02",
      "13:14:28",
      "13:29:34",
      "13:44:21",
      "13:59:46",
      "14:14:47",
      "14:29:02",
      "14:43:16",
      "14:58:02",
      "15:12:40",
      "15:28:00",
      "15:43:48",
      "15:58:49",
      "16:13:14",
      "16:28:03",
      "16:42:46",
      "16:57:58",
      "17:12:43",
      "17:28:05",
      "17:43:22",
      "17:57:42",
      "18:12:23",
      "18:28:07",
      "18:42:27",
      "18:57:19",
      "19:11:36",
      "19:26:29",
      "19:41:57",
      "19:56:07",
      "20:10:46",
      "20:25:22",
      "20:40:13",
      "20:54:51",
      "21:09:03",
      "21:23:19",
      "21:37:30",
      "21:51:48",
      "22:06:45"
    ],
    "board": [
      5,
      7,
      0,
      7,
      5,
      12,
      15,
      1,
      2,
      2,
      10,
      7,
      10,
      2,
      13,
      14,
      10,
      9,
      2,
      9,
      3,
      3,
      8,
      9,
      2,
      15,
      11,
      14,
      10,
      14,
      9,
      9,
      13,
      3,
      5,
      5,
      5,
      0,
      2,
      11,
      4,
      4,
      5,
      10,
      12,
      0,
      7,
      12,
      12,
      6,
      6,
      6,
      10,
      6,
      0,
      12,
      1,
      4,
      3,
      10,
      8,
      14,
      12,
      1,
      15
    ],
    "alight": [
      10,
      4,
      11,
      11,
      3,
      13,
      5,
      11,
      6,
      2,
      13,
      8,
      4,
      12,
      12,
      11,
      14,
      11,
      15,
      1,
      15,
      15,
      3,
      8,
      0,
      14,
      6,
      10,
      3,
      4,
      0,
      11,
      4,
      13,
      8,
      12,
      11,
      11,
      3,
      10,
      1,
      7,
      13,
      11,
      13,
      6,
      2,
      5,
      2,
      1,
      10,
      7,
      9,
      8,
      3,
      5,
      7,
      0,
      8,
      2,
      3,
      9,
      10,
      10,
      4
    ]
  },
  "贵州富力门配装饰材料有限公司": {
    "time": [
      "06:14:14",
      "06:28:29",
      "06:43:37",
      "06:59:19",
      "07:14:31",
      "07:29:18",
      "07:44:01",
      "07:59:44",
      "08:14:58",
      "08:29:41",
      "08:45:07",
      "08:59:25",
      "09:14:53",
      "09:29:14",
      "09:43:45",
      "09:59:07",
      "10:14:04",
      "10:28:32",
      "10:43:47",
      "10:57:58",
      "11:13:28",
      "11:28:19",
      "11:43:56",
      "11:58:39",
      "12:14:22",
      "12:28:43",
      "12:43:19",
      "12:59:02",
      "13:14:28",
      "13:29:34",
      "13:44:21",
      "13:59:46",
      "14:14:47",
      "14:29:02",
      "14:43:16",
      "14:58:02",
      "15:12:40",
      "15:28:00",
      "15:43:48",
      "15:58:49",
      "16:13:14",
      "16:28:03",
      "16:42:46",
      "16:57:58",
      "17:12:43",
      "17:28:05",
      "17:43:22",
      "17:57:42",
      "18:12:23",
      "18:28:07",
      "18:42:27",
      "18:57:19",
      "19:11:36",
      "19:26:29",
      "19:41:57",
      "19:56:07",
      "20:10:46",
      "20:25:22",
      "20:40:13",
      "20:54:51",
      "21:09:03",
      "21:23:19",
      "21:37:30",
      "21:51:48",
      "22:06:45"
    ],
    "board": [
      3,
      2,
      0,
      15,
      2,
      3,
      4,
      14,
      0,
      14,
      14,
      1,
      12,
      0,
      6,
      14,
      9,
      3,
      15,
      9,
      7,
      13,
      4,
      12,
      11,
      0,
      15,
      9,
      15,
      8,
      7,
      1,
      6,
      14,
      3,
      7,
      12,
      2,
      10,
      10,
      2,
      1,
      11,
      12,
      0,
      9,
      2,
      8,
      15,
      3,
      3,
      3,
      2,
      4,
      3,
      4,
      4,
      12,
      11,
      15,
      15,
      11,
      0,
      14,
      2
    ],
    "alight": [
      4,
      10,
      1,
      0,
      8,
      2,
      3,
      4,
      5,
      3,
      10,
      4,
      7,
      3,
      3,
      4,
      8,
      10,
      10,
      13,
      8,
      7,
      2,
      5,
      0,
      2,
      15,
      11,
      2,
      12,
      3,
      9,
      10,
      13,
      14,
      4,
      14,
      7,
      11,
      1,
      13,
      12,
      2,
      14,
      4,
      15,
      5,
      0,
      7,
      0,
      3,
      11,
      13,
      7,
      13,
      7,
      12,
      15,
      9,
      12,
      0,
      15,
      15,
      15,
      8
    ]
  },
  "贵州万家灯火电器科技有限公司": {
    "time": [
      "06:14:14",
      "06:28:29",
      "06:43:37",
      "06:59:19",
      "07:14:31",
      "07:29:18",
      "07:44:01",
      "07:59:44",
      "08:14:58",
      "08:29:41",
      "08:45:07",
      "08:59:25",
      "09:14:53",
      "09:29:14",
      "09:43:45",
      "09:59:07",
      "10:14:04",
      "10:28:32",
      "10:43:47",
      "10:57:58",
      "11:13:28",
      "11:28:19",
      "11:43:56",
      "11:58:39",
      "12:14:22",
      "12:28:43",
      "12:43:19",
      "12:59:02",
      "13:14:28",
      "13:29:34",
      "13:44:21",
      "13:59:46",
      "14:14:47",
      "14:29:02",
      "14:43:16",
      "14:58:02",
      "15:12:40",
      "15:28:00",
      "15:43:48",
      "15:58:49",
      "16:13:14",
      "16:28:03",
      "16:42:46",
      "16:57:58",
      "17:12:43",
      "17:28:05",
      "17:43:22",
      "17:57:42",
      "18:12:23",
      "18:28:07",
      "18:42:27",
      "18:57:19",
      "19:11:36",
      "19:26:29",
      "19:41:57",
      "19:56:07",
      "20:10:46",
      "20:25:22",
      "20:40:13",
      "20:54:51",
      "21:09:03",
      "21:23:19",
      "21:37:30",
      "21:51:48",
      "22:06:45"
    ],
    "board": [
      15,
      10,
      12,
      8,
      5,
      9,
      5,
      0,
      0,
      0,
      14,
      2,
      0,
      3,
      10,
      5,
      2,
      11,
      5,
      12,
      12,
      3,
      9,
      0,
      2,
      15,
      3,
      7,
      12,
      11,
      5,
      12,
      6,
      8,
      7,
      4,
      1,
      13,
      10,
      6,
      8,
      3,
      14,
      15,
      12,
      12,
      7,
      9,
      1,
      9,
      14,
      10,
      10,
      6,
      7,
      6,
      15,
      2,
      3,
      12,
      3,
      10,
      14,
      7,
      13
    ],
    "alight": [
      14,
      5,
      8,
      3,
      13,
      3,
      10,
      13,
      12,
      2,
      9,
      6,
      4,
      9,
      10,
      2,
      15,
      10,
      4,
      7,
      6,
      12,
      11,
      10,
      15,
      3,
      7,
      1,
      12,
      3,
      12,
      3,
      14,
      10,
      10,
      10,
      12,
      14,
      2,
      14,
      6,
      5,
      9,
      12,
      7,
      6,
      13,
      14,
      14,
      3,
      15,
      1,
      15,
      15,
      14,
      7,
      9,
      14,
      1,
      15,
      1,
      4,
      5,
      0,
      7
    ]
  },
  "贵州联诚合朋机动车检测服务有限公司": {
    "time": [
      "06:14:14",
      "06:28:29",
      "06:43:37",
      "06:59:19",
      "07:14:31",
      "07:29:18",
      "07:44:01",
      "07:59:44",
      "08:14:58",
      "08:29:41",
      "08:45:07",
      "08:59:25",
      "09:14:53",
      "09:29:14",
      "09:43:45",
      "09:59:07",
      "10:14:04",
      "10:28:32",
      "10:43:47",
      "10:57:58",
      "11:13:28",
      "11:28:19",
      "11:43:56",
      "11:58:39",
      "12:14:22",
      "12:28:43",
      "12:43:19",
      "12:59:02",
      "13:14:28",
      "13:29:34",
      "13:44:21",
      "13:59:46",
      "14:14:47",
      "14:29:02",
      "14:43:16",
      "14:58:02",
      "15:12:40",
      "15:28:00",
      "15:43:48",
      "15:58:49",
      "16:13:14",
      "16:28:03",
      "16:42:46",
      "16:57:58",
      "17:12:43",
      "17:28:05",
      "17:43:22",
      "17:57:42",
      "18:12:23",
      "18:28:07",
      "18:42:27",
      "18:57:19",
      "19:11:36",
      "19:26:29",
      "19:41:57",
      "19:56:07",
      "20:10:46",
      "20:25:22",
      "20:40:13",
      "20:54:51",
      "21:09:03",
      "21:23:19",
      "21:37:30",
      "21:51:48",
      "22:06:45"
    ],
    "board": [
      4,
      5,
      14,
      6,
      6,
      14,
      9,
      13,
      15,
      15,
      7,
      7,
      1,
      0,
      7,
      8,
      13,
      4,
      13,
      4,
      6,
      14,
      8,
      8,
      1,
      4,
      11,
      4,
      2,
      14,
      0,
      14,
      5,
      7,
      7,
      4,
      5,
      13,
      4,
      5,
      9,
      8,
      1,
      11,
      11,
      1,
      3,
      3,
      11,
      11,
      14,
      4,
      11,
      4,
      9,
      6,
      7,
      14,
      0,
      4,
      0,
      11,
      8,
      9,
      12
    ],
    "alight": [
      14,
      1,
      15,
      6,
      10,
      3,
      4,
      3,
      14,
      8,
      14,
      4,
      2,
      12,
      5,
      10,
      14,
      1,
      2,
      11,
      2,
      0,
      4,
      1,
      2,
      12,
      5,
      1,
      3,
      12,
      7,
      15,
      14,
      12,
      11,
      15,
      7,
      14,
      3,
      13,
      12,
      14,
      8,
      11,
      4,
      10,
      2,
      10,
      11,
      1,
      11,
      10,
      7,
      2,
      5,
      3,
      13,
      8,
      5,
      4,
      13,
      2,
      7,
      0,
      5
    ]
  },
  "贵安大道": {
    "time": [
      "06:14:14",
      "06:28:29",
      "06:43:37",
      "06:59:19",
      "07:14:31",
      "07:29:18",
      "07:44:01",
      "07:59:44",
      "08:14:58",
      "08:29:41",
      "08:45:07",
      "08:59:25",
      "09:14:53",
      "09:29:14",
      "09:43:45",
      "09:59:07",
      "10:14:04",
      "10:28:32",
      "10:43:47",
      "10:57:58",
      "11:13:28",
      "11:28:19",
      "11:43:56",
      "11:58:39",
      "12:14:22",
      "12:28:43",
      "12:43:19",
      "12:59:02",
      "13:14:28",
      "13:29:34",
      "13:44:21",
      "13:59:46",
      "14:14:47",
      "14:29:02",
      "14:43:16",
      "14:58:02",
      "15:12:40",
      "15:28:00",
      "15:43:48",
      "15:58:49",
      "16:13:14",
      "16:28:03",
      "16:42:46",
      "16:57:58",
      "17:12:43",
      "17:28:05",
      "17:43:22",
      "17:57:42",
      "18:12:23",
      "18:28:07",
      "18:42:27",
      "18:57:19",
      "19:11:36",
      "19:26:29",
      "19:41:57",
      "19:56:07",
      "20:10:46",
      "20:25:22",
      "20:40:13",
      "20:54:51",
      "21:09:03",
      "21:23:19",
      "21:37:30",
      "21:51:48",
      "22:06:45"
    ],
    "board": [
      14,
      4,
      12,
      14,
      3,
      10,
      12,
      4,
      15,
      15,
      3,
      4,
      2,
      11,
      3,
      1,
      0,
      5,
      3,
      14,
      2,
      13,
      5,
      8,
      3,
      12,
      12,
      0,
      11,
      8,
      11,
      8,
      2,
      0,
      8,
      0,
      6,
      11,
      5,
      14,
      4,
      10,
      0,
      6,
      9,
      3,
      12,
      11,
      15,
      11,
      12,
      15,
      12,
      14,
      3,
      15,
      1,
      2,
      6,
      15,
      1,
      11,
      6,
      14,
      11
    ],
    "alight": [
      3,
      10,
      0,
      12,
      7,
      7,
      5,
      13,
      2,
      15,
      6,
      6,
      12,
      14,
      10,
      9,
      14,
      9,
      13,
      6,
      9,
      6,
      3,
      0,
      8,
      11,
      11,
      14,
      4,
      1,
      13,
      4,
      8,
      6,
      15,
      2,
      3,
      0,
      1,
      9,
      0,
      11,
      1,
      5,
      8,
      1,
      0,
      8,
      11,
      9,
      13,
      14,
      12,
      1,
      0,
      12,
      2,
      1,
      10,
      14,
      9,
      2,
      3,
      10,
      12
    ]
  },
  "贵州省农业科学院旱粮研究所": {
    "time": [
      "06:14:14",
      "06:28:29",
      "06:43:37",
      "06:59:19",
      "07:14:31",
      "07:29:18",
      "07:44:01",
      "07:59:44",
      "08:14:58",
      "08:29:41",
      "08:45:07",
      "08:59:25",
      "09:14:53",
      "09:29:14",
      "09:43:45",
      "09:59:07",
      "10:14:04",
      "10:28:32",
      "10:43:47",
      "10:57:58",
      "11:13:28",
      "11:28:19",
      "11:43:56",
      "11:58:39",
      "12:14:22",
      "12:28:43",
      "12:43:19",
      "12:59:02",
      "13:14:28",
      "13:29:34",
      "13:44:21",
      "13:59:46",
      "14:14:47",
      "14:29:02",
      "14:43:16",
      "14:58:02",
      "15:12:40",
      "15:28:00",
      "15:43:48",
      "15:58:49",
      "16:13:14",
      "16:28:03",
      "16:42:46",
      "16:57:58",
      "17:12:43",
      "17:28:05",
      "17:43:22",
      "17:57:42",
      "18:12:23",
      "18:28:07",
      "18:42:27",
      "18:57:19",
      "19:11:36",
      "19:26:29",
      "19:41:57",
      "19:56:07",
      "20:10:46",
      "20:25:22",
      "20:40:13",
      "20:54:51",
      "21:09:03",
      "21:23:19",
      "21:37:30",
      "21:51:48",
      "22:06:45"
    ],
    "board": [
      6,
      12,
      6,
      9,
      3,
      2,
      13,
      10,
      13,
      10,
      3,
      9,
      7,
      14,
      15,
      15,
      2,
      6,
      10,
      8,
      0,
      4,
      5,
      1,
      13,
      7,
      4,
      3,
      7,
      6,
      2,
      4,
      2,
      1,
      13,
      10,
      8,
      7,
      3,
      2,
      2,
      3,
      4,
      8,
      4,
      4,
      7,
      9,
      10,
      9,
      15,
      5,
      10,
      9,
      15,
      6,
      2,
      9,
      10,
      2,
      12,
      1,
      11,
      11,
      6
    ],
    "alight": [
      1,
      4,
      3,
      9,
      2,
      8,
      14,
      3,
      0,
      12,
      8,
      6,
      4,
      2,
      6,
      2,
      2,
      0,
      5,
      7,
      11,
      14,
      0,
      4,
      11,
      0,
      14,
      12,
      14,
      8,
      4,
      11,
      7,
      14,
      8,
      5,
      8,
      13,
      9,
      6,
      9,
      15,
      5,
      15,
      3,
      3,
      10,
      1,
      4,
      10,
      0,
      13,
      4,
      8,
      2,
      8,
      7,
      13,
      3,
      0,
      13,
      5,
      15,
      4,
      9
    ]
  },
  "油料研究所": {
    "time": [
      "06:14:14",
      "06:28:29",
      "06:43:37",
      "06:59:19",
      "07:14:31",
      "07:29:18",
      "07:44:01",
      "07:59:44",
      "08:14:58",
      "08:29:41",
      "08:45:07",
      "08:59:25",
      "09:14:53",
      "09:29:14",
      "09:43:45",
      "09:59:07",
      "10:14:04",
      "10:28:32",
      "10:43:47",
      "10:57:58",
      "11:13:28",
      "11:28:19",
      "11:43:56",
      "11:58:39",
      "12:14:22",
      "12:28:43",
      "12:43:19",
      "12:59:02",
      "13:14:28",
      "13:29:34",
      "13:44:21",
      "13:59:46",
      "14:14:47",
      "14:29:02",
      "14:43:16",
      "14:58:02",
      "15:12:40",
      "15:28:00",
      "15:43:48",
      "15:58:49",
      "16:13:14",
      "16:28:03",
      "16:42:46",
      "16:57:58",
      "17:12:43",
      "17:28:05",
      "17:43:22",
      "17:57:42",
      "18:12:23",
      "18:28:07",
      "18:42:27",
      "18:57:19",
      "19:11:36",
      "19:26:29",
      "19:41:57",
      "19:56:07",
      "20:10:46",
      "20:25:22",
      "20:40:13",
      "20:54:51",
      "21:09:03",
      "21:23:19",
      "21:37:30",
      "21:51:48",
      "22:06:45"
    ],
    "board": [
      15,
      13,
      7,
      1,
      3,
      3,
      5,
      3,
      5,
      3,
      14,
      1,
      6,
      1,
      2,
      7,
      3,
      10,
      4,
      6,
      2,
      7,
      5,
      7,
      3,
      14,
      15,
      3,
      14,
      4,
      3,
      4,
      15,
      5,
      6,
      13,
      2,
      15,
      8,
      0,
      4,
      9,
      11,
      7,
      13,
      3,
      3,
      5,
      2,
      6,
      3,
      12,
      4,
      3,
      8,
      13,
      8,
      14,
      3,
      15,
      15,
      8,
      0,
      6,
      13
    ],
    "alight": [
      6,
      9,
      7,
      15,
      6,
      3,
      5,
      10,
      6,
      8,
      5,
      12,
      5,
      9,
      14,
      11,
      13,
      15,
      6,
      8,
      7,
      9,
      8,
      7,
      13,
      1,
      15,
      4,
      7,
      3,
      9,
      6,
      12,
      9,
      5,
      3,
      3,
      2,
      14,
      3,
      12,
      7,
      8,
      12,
      15,
      1,
      10,
      13,
      15,
      3,
      14,
      13,
      7,
      5,
      1,
      3,
      4,
      6,
      9,
      7,
      11,
      8,
      9,
      11,
      1
    ]
  },
  "金竹镇省农科院交流中心": {
    "time": [
      "06:14:14",
      "06:28:29",
      "06:43:37",
      "06:59:19",
      "07:14:31",
      "07:29:18",
      "07:44:01",
      "07:59:44",
      "08:14:58",
      "08:29:41",
      "08:45:07",
      "08:59:25",
      "09:14:53",
      "09:29:14",
      "09:43:45",
      "09:59:07",
      "10:14:04",
      "10:28:32",
      "10:43:47",
      "10:57:58",
      "11:13:28",
      "11:28:19",
      "11:43:56",
      "11:58:39",
      "12:14:22",
      "12:28:43",
      "12:43:19",
      "12:59:02",
      "13:14:28",
      "13:29:34",
      "13:44:21",
      "13:59:46",
      "14:14:47",
      "14:29:02",
      "14:43:16",
      "14:58:02",
      "15:12:40",
      "15:28:00",
      "15:43:48",
      "15:58:49",
      "16:13:14",
      "16:28:03",
      "16:42:46",
      "16:57:58",
      "17:12:43",
      "17:28:05",
      "17:43:22",
      "17:57:42",
      "18:12:23",
      "18:28:07",
      "18:42:27",
      "18:57:19",
      "19:11:36",
      "19:26:29",
      "19:41:57",
      "19:56:07",
      "20:10:46",
      "20:25:22",
      "20:40:13",
      "20:54:51",
      "21:09:03",
      "21:23:19",
      "21:37:30",
      "21:51:48",
      "22:06:45"
    ],
    "board": [
      3,
      0,
      12,
      12,
      2,
      5,
      4,
      15,
      6,
      7,
      10,
      5,
      10,
      1,
      10,
      3,
      3,
      4,
      14,
      3,
      9,
      1,
      5,
      7,
      5,
      11,
      6,
      10,
      12,
      8,
      12,
      7,
      7,
      12,
      13,
      10,
      10,
      4,
      5,
      3,
      1,
      8,
      15,
      9,
      3,
      4,
      15,
      9,
      11,
      11,
      4,
      14,
      15,
      2,
      10,
      13,
      3,
      14,
      11,
      9,
      13,
      2,
      9,
      9,
      4
    ],
    "alight": [
      1,
      6,
      8,
      4,
      0,
      8,
      4,
      3,
      7,
      14,
      6,
      2,
      6,
      14,
      8,
      5,
      11,
      11,
      11,
      9,
      11,
      12,
      5,
      1,
      8,
      3,
      8,
      3,
      11,
      0,
      0,
      14,
      14,
      9,
      4,
      10,
      7,
      4,
      9,
      10,
      4,
      7,
      0,
      10,
      11,
      7,
      10,
      3,
      4,
      14,
      15,
      13,
      2,
      10,
      0,
      9,
      14,
      2,
      2,
      8,
      14,
      9,
      7,
      13,
      8
    ]
  },
  "竹林村社区警务室": {
    "time": [
      "06:14:14",
      "06:28:29",
      "06:43:37",
      "06:59:19",
      "07:14:31",
      "07:29:18",
      "07:44:01",
      "07:59:44",
      "08:14:58",
      "08:29:41",
      "08:45:07",
      "08:59:25",
      "09:14:53",
      "09:29:14",
      "09:43:45",
      "09:59:07",
      "10:14:04",
      "10:28:32",
      "10:43:47",
      "10:57:58",
      "11:13:28",
      "11:28:19",
      "11:43:56",
      "11:58:39",
      "12:14:22",
      "12:28:43",
      "12:43:19",
      "12:59:02",
      "13:14:28",
      "13:29:34",
      "13:44:21",
      "13:59:46",
      "14:14:47",
      "14:29:02",
      "14:43:16",
      "14:58:02",
      "15:12:40",
      "15:28:00",
      "15:43:48",
      "15:58:49",
      "16:13:14",
      "16:28:03",
      "16:42:46",
      "16:57:58",
      "17:12:43",
      "17:28:05",
      "17:43:22",
      "17:57:42",
      "18:12:23",
      "18:28:07",
      "18:42:27",
      "18:57:19",
      "19:11:36",
      "19:26:29",
      "19:41:57",
      "19:56:07",
      "20:10:46",
      "20:25:22",
      "20:40:13",
      "20:54:51",
      "21:09:03",
      "21:23:19",
      "21:37:30",
      "21:51:48",
      "22:06:45"
    ],
    "board": [
      7,
      2,
      13,
      4,
      14,
      15,
      15,
      4,
      15,
      2,
      2,
      5,
      13,
      0,
      11,
      14,
      14,
      7,
      8,
      10,
      3,
      0,
      1,
      7,
      0,
      7,
      2,
      0,
      9,
      1,
      11,
      4,
      13,
      2,
      11,
      13,
      6,
      7,
      6,
      4,
      1,
      6,
      7,
      4,
      7,
      4,
      6,
      4,
      8,
      14,
      10,
      15,
      7,
      12,
      4,
      8,
      11,
      7,
      2,
      12,
      4,
      8,
      5,
      13,
      8
    ],
    "alight": [
      12,
      3,
      14,
      15,
      6,
      2,
      10,
      15,
      1,
      2,
      13,
      6,
      8,
      9,
      11,
      14,
      15,
      8,
      15,
      2,
      6,
      3,
      4,
      6,
      3,
      5,
      13,
      10,
      0,
      13,
      5,
      5,
      11,
      4,
      7,
      13,
      0,
      14,
      0,
      9,
      11,
      10,
      10,
      2,
      6,
      0,
      4,
      13,
      14,
      2,
      11,
      7,
      4,
      0,
      3,
      1,
      10,
      14,
      7,
      8,
      2,
      13,
      7,
      13,
      5
    ]
  },
  "老威冲": {
    "time": [
      "06:14:14",
      "06:28:29",
      "06:43:37",
      "06:59:19",
      "07:14:31",
      "07:29:18",
      "07:44:01",
      "07:59:44",
      "08:14:58",
      "08:29:41",
      "08:45:07",
      "08:59:25",
      "09:14:53",
      "09:29:14",
      "09:43:45",
      "09:59:07",
      "10:14:04",
      "10:28:32",
      "10:43:47",
      "10:57:58",
      "11:13:28",
      "11:28:19",
      "11:43:56",
      "11:58:39",
      "12:14:22",
      "12:28:43",
      "12:43:19",
      "12:59:02",
      "13:14:28",
      "13:29:34",
      "13:44:21",
      "13:59:46",
      "14:14:47",
      "14:29:02",
      "14:43:16",
      "14:58:02",
      "15:12:40",
      "15:28:00",
      "15:43:48",
      "15:58:49",
      "16:13:14",
      "16:28:03",
      "16:42:46",
      "16:57:58",
      "17:12:43",
      "17:28:05",
      "17:43:22",
      "17:57:42",
      "18:12:23",
      "18:28:07",
      "18:42:27",
      "18:57:19",
      "19:11:36",
      "19:26:29",
      "19:41:57",
      "19:56:07",
      "20:10:46",
      "20:25:22",
      "20:40:13",
      "20:54:51",
      "21:09:03",
      "21:23:19",
      "21:37:30",
      "21:51:48",
      "22:06:45"
    ],
    "board": [
      14,
      0,
      7,
      7,
      7,
      4,
      6,
      10,
      7,
      8,
      4,
      9,
      5,
      3,
      8,
      8,
      11,
      3,
      8,
      5,
      13,
      0,
      6,
      0,
      3,
      4,
      0,
      2,
      11,
      12,
      11,
      2,
      14,
      8,
      3,
      0,
      8,
      2,
      4,
      12,
      2,
      13,
      2,
      11,
      14,
      1,
      2,
      6,
      14,
      15,
      1,
      10,
      2,
      15,
      9,
      9,
      8,
      15,
      9,
      10,
      10,
      10,
      2,
      1,
      2
    ],
    "alight": [
      3,
      5,
      13,
      6,
      15,
      1,
      13,
      7,
      0,
      8,
      13,
      5,
      11,
      14,
      8,
      6,
      14,
      4,
      14,
      12,
      7,
      14,
      14,
      2,
      0,
      15,
      13,
      5,
      14,
      3,
      8,
      2,
      3,
      9,
      1,
      5,
      2,
      14,
      11,
      1,
      0,
      12,
      9,
      7,
      14,
      2,
      2,
      0,
      2,
      6,
      7,
      4,
      1,
      2,
      6,
      5,
      0,
      15,
      3,
      7,
      3,
      7,
      3,
      5,
      6
    ]
  },
  "侗族人的鼓楼": {
    "time": [
      "06:14:14",
      "06:28:29",
      "06:43:37",
      "06:59:19",
      "07:14:31",
      "07:29:18",
      "07:44:01",
      "07:59:44",
      "08:14:58",
      "08:29:41",
      "08:45:07",
      "08:59:25",
      "09:14:53",
      "09:29:14",
      "09:43:45",
      "09:59:07",
      "10:14:04",
      "10:28:32",
      "10:43:47",
      "10:57:58",
      "11:13:28",
      "11:28:19",
      "11:43:56",
      "11:58:39",
      "12:14:22",
      "12:28:43",
      "12:43:19",
      "12:59:02",
      "13:14:28",
      "13:29:34",
      "13:44:21",
      "13:59:46",
      "14:14:47",
      "14:29:02",
      "14:43:16",
      "14:58:02",
      "15:12:40",
      "15:28:00",
      "15:43:48",
      "15:58:49",
      "16:13:14",
      "16:28:03",
      "16:42:46",
      "16:57:58",
      "17:12:43",
      "17:28:05",
      "17:43:22",
      "17:57:42",
      "18:12:23",
      "18:28:07",
      "18:42:27",
      "18:57:19",
      "19:11:36",
      "19:26:29",
      "19:41:57",
      "19:56:07",
      "20:10:46",
      "20:25:22",
      "20:40:13",
      "20:54:51",
      "21:09:03",
      "21:23:19",
      "21:37:30",
      "21:51:48",
      "22:06:45"
    ],
    "board": [
      0,
      1,
      1,
      12,
      15,
      9,
      4,
      14,
      10,
      2,
      12,
      5,
      11,
      11,
      11,
      1,
      3,
      10,
      14,
      13,
      3,
      9,
      11,
      5,
      1,
      2,
      7,
      3,
      12,
      12,
      15,
      3,
      9,
      11,
      7,
      7,
      1,
      9,
      6,
      12,
      13,
      12,
      13,
      12,
      11,
      11,
      11,
      14,
      0,
      3,
      3,
      6,
      14,
      14,
      2,
      11,
      15,
      13,
      7,
      1,
      12,
      1,
      6,
      3,
      13
    ],
    "alight": [
      5,
      8,
      13,
      2,
      3,
      6,
      5,
      3,
      6,
      12,
      15,
      8,
      14,
      1,
      2,
      9,
      8,
      15,
      13,
      11,
      10,
      15,
      8,
      12,
      3,
      3,
      6,
      4,
      1,
      10,
      9,
      8,
      6,
      10,
      6,
      4,
      7,
      6,
      13,
      12,
      7,
      13,
      5,
      10,
      1,
      8,
      12,
      0,
      5,
      0,
      7,
      10,
      7,
      14,
      9,
      4,
      3,
      15,
      14,
      14,
      6,
      3,
      15,
      10,
      1
    ]
  },
  "食韵家纯食(金竹路店)": {
    "time": [
      "06:14:14",
      "06:28:29",
      "06:43:37",
      "06:59:19",
      "07:14:31",
      "07:29:18",
      "07:44:01",
      "07:59:44",
      "08:14:58",
      "08:29:41",
      "08:45:07",
      "08:59:25",
      "09:14:53",
      "09:29:14",
      "09:43:45",
      "09:59:07",
      "10:14:04",
      "10:28:32",
      "10:43:47",
      "10:57:58",
      "11:13:28",
      "11:28:19",
      "11:43:56",
      "11:58:39",
      "12:14:22",
      "12:28:43",
      "12:43:19",
      "12:59:02",
      "13:14:28",
      "13:29:34",
      "13:44:21",
      "13:59:46",
      "14:14:47",
      "14:29:02",
      "14:43:16",
      "14:58:02",
      "15:12:40",
      "15:28:00",
      "15:43:48",
      "15:58:49",
      "16:13:14",
      "16:28:03",
      "16:42:46",
      "16:57:58",
      "17:12:43",
      "17:28:05",
      "17:43:22",
      "17:57:42",
      "18:12:23",
      "18:28:07",
      "18:42:27",
      "18:57:19",
      "19:11:36",
      "19:26:29",
      "19:41:57",
      "19:56:07",
      "20:10:46",
      "20:25:22",
      "20:40:13",
      "20:54:51",
      "21:09:03",
      "21:23:19",
      "21:37:30",
      "21:51:48",
      "22:06:45"
    ],
    "board": [
      1,
      13,
      11,
      14,
      11,
      11,
      8,
      0,
      14,
      13,
      6,
      10,
      8,
      4,
      10,
      8,
      5,
      9,
      13,
      10,
      4,
      15,
      2,
      8,
      2,
      13,
      6,
      2,
      13,
      9,
      6,
      15,
      2,
      3,
      4,
      14,
      6,
      6,
      7,
      3,
      0,
      9,
      13,
      14,
      9,
      7,
      1,
      3,
      1,
      4,
      11,
      12,
      1,
      15,
      2,
      14,
      11,
      12,
      0,
      9,
      2,
      12,
      4,
      3,
      9
    ],
    "alight": [
      7,
      4,
      6,
      6,
      3,
      14,
      0,
      12,
      13,
      4,
      7,
      10,
      4,
      0,
      13,
      14,
      12,
      5,
      10,
      4,
      13,
      13,
      6,
      12,
      10,
      3,
      7,
      8,
      13,
      7,
      3,
      14,
      1,
      14,
      7,
      10,
      7,
      7,
      12,
      14,
      13,
      10,
      3,
      9,
      14,
      13,
      15,
      12,
      12,
      15,
      3,
      14,
      2,
      6,
      4,
      0,
      9,
      6,
      11,
      7,
      9,
      8,
      5,
      5,
      9
    ]
  },
  "应腾达科目二考场": {
    "time": [
      "06:14:14",
      "06:28:29",
      "06:43:37",
      "06:59:19",
      "07:14:31",
      "07:29:18",
      "07:44:01",
      "07:59:44",
      "08:14:58",
      "08:29:41",
      "08:45:07",
      "08:59:25",
      "09:14:53",
      "09:29:14",
      "09:43:45",
      "09:59:07",
      "10:14:04",
      "10:28:32",
      "10:43:47",
      "10:57:58",
      "11:13:28",
      "11:28:19",
      "11:43:56",
      "11:58:39",
      "12:14:22",
      "12:28:43",
      "12:43:19",
      "12:59:02",
      "13:14:28",
      "13:29:34",
      "13:44:21",
      "13:59:46",
      "14:14:47",
      "14:29:02",
      "14:43:16",
      "14:58:02",
      "15:12:40",
      "15:28:00",
      "15:43:48",
      "15:58:49",
      "16:13:14",
      "16:28:03",
      "16:42:46",
      "16:57:58",
      "17:12:43",
      "17:28:05",
      "17:43:22",
      "17:57:42",
      "18:12:23",
      "18:28:07",
      "18:42:27",
      "18:57:19",
      "19:11:36",
      "19:26:29",
      "19:41:57",
      "19:56:07",
      "20:10:46",
      "20:25:22",
      "20:40:13",
      "20:54:51",
      "21:09:03",
      "21:23:19",
      "21:37:30",
      "21:51:48",
      "22:06:45"
    ],
    "board": [
      2,
      0,
      1,
      7,
      13,
      4,
      10,
      2,
      8,
      1,
      4,
      15,
      8,
      9,
      9,
      9,
      4,
      10,
      14,
      13,
      4,
      3,
      15,
      14,
      9,
      1,
      12,
      15,
      8,
      6,
      12,
      11,
      5,
      11,
      14,
      15,
      1,
      15,
      7,
      15,
      11,
      9,
      4,
      6,
      14,
      3,
      7,
      4,
      10,
      11,
      10,
      8,
      15,
      8,
      12,
      15,
      6,
      3,
      2,
      5,
      5,
      3,
      5,
      14,
      3
    ],
    "alight": [
      9,
      10,
      9,
      10,
      3,
      13,
      15,
      12,
      0,
      14,
      5,
      15,
      7,
      5,
      14,
      14,
      0,
      13,
      10,
      0,
      6,
      1,
      12,
      14,
      15,
      14,
      2,
      8,
      14,
      3,
      12,
      6,
      10,
      7,
      1,
      12,
      5,
      10,
      6,
      3,
      8,
      10,
      2,
      15,
      8,
      11,
      14,
      1,
      5,
      11,
      11,
      1,
      7,
      3,
      6,
      14,
      9,
      7,
      1,
      6,
      9,
      12,
      15,
      6,
      3
    ]
  },
  "遵义虾子羊肉粉(下寨路店)": {
    "time": [
      "06:14:14",
      "06:28:29",
      "06:43:37",
      "06:59:19",
      "07:14:31",
      "07:29:18",
      "07:44:01",
      "07:59:44",
      "08:14:58",
      "08:29:41",
      "08:45:07",
      "08:59:25",
      "09:14:53",
      "09:29:14",
      "09:43:45",
      "09:59:07",
      "10:14:04",
      "10:28:32",
      "10:43:47",
      "10:57:58",
      "11:13:28",
      "11:28:19",
      "11:43:56",
      "11:58:39",
      "12:14:22",
      "12:28:43",
      "12:43:19",
      "12:59:02",
      "13:14:28",
      "13:29:34",
      "13:44:21",
      "13:59:46",
      "14:14:47",
      "14:29:02",
      "14:43:16",
      "14:58:02",
      "15:12:40",
      "15:28:00",
      "15:43:48",
      "15:58:49",
      "16:13:14",
      "16:28:03",
      "16:42:46",
      "16:57:58",
      "17:12:43",
      "17:28:05",
      "17:43:22",
      "17:57:42",
      "18:12:23",
      "18:28:07",
      "18:42:27",
      "18:57:19",
      "19:11:36",
      "19:26:29",
      "19:41:57",
      "19:56:07",
      "20:10:46",
      "20:25:22",
      "20:40:13",
      "20:54:51",
      "21:09:03",
      "21:23:19",
      "21:37:30",
      "21:51:48",
      "22:06:45"
    ],
    "board": [
      12,
      7,
      6,
      5,
      10,
      3,
      1,
      7,
      1,
      13,
      6,
      10,
      9,
      13,
      12,
      8,
      5,
      11,
      7,
      5,
      15,
      4,
      3,
      14,
      7,
      7,
      15,
      7,
      7,
      11,
      2,
      9,
      13,
      10,
      1,
      5,
      4,
      8,
      8,
      6,
      14,
      5,
      6,
      12,
      2,
      7,
      5,
      8,
      14,
      12,
      11,
      14,
      3,
      6,
      3,
      7,
      0,
      10,
      0,
      2,
      5,
      3,
      9,
      10,
      14
    ],
    "alight": [
      13,
      3,
      5,
      6,
      15,
      13,
      15,
      9,
      4,
      10,
      3,
      4,
      15,
      6,
      4,
      0,
      10,
      13,
      15,
      6,
      10,
      13,
      8,
      0,
      2,
      10,
      11,
      5,
      7,
      2,
      1,
      8,
      4,
      2,
      13,
      12,
      11,
      4,
      13,
      0,
      15,
      8,
      6,
      15,
      10,
      11,
      8,
      8,
      2,
      8,
      15,
      5,
      9,
      3,
      15,
      8,
      2,
      15,
      10,
      13,
      5,
      11,
      10,
      13,
      10
    ]
  },
  "花果园T2区": {
    "time": [
      "06:14:14",
      "06:28:29",
      "06:43:37",
      "06:59:19",
      "07:14:31",
      "07:29:18",
      "07:44:01",
      "07:59:44",
      "08:14:58",
      "08:29:41",
      "08:45:07",
      "08:59:25",
      "09:14:53",
      "09:29:14",
      "09:43:45",
      "09:59:07",
      "10:14:04",
      "10:28:32",
      "10:43:47",
      "10:57:58",
      "11:13:28",
      "11:28:19",
      "11:43:56",
      "11:58:39",
      "12:14:22",
      "12:28:43",
      "12:43:19",
      "12:59:02",
      "13:14:28",
      "13:29:34",
      "13:44:21",
      "13:59:46",
      "14:14:47",
      "14:29:02",
      "14:43:16",
      "14:58:02",
      "15:12:40",
      "15:28:00",
      "15:43:48",
      "15:58:49",
      "16:13:14",
      "16:28:03",
      "16:42:46",
      "16:57:58",
      "17:12:43",
      "17:28:05",
      "17:43:22",
      "17:57:42",
      "18:12:23",
      "18:28:07",
      "18:42:27",
      "18:57:19",
      "19:11:36",
      "19:26:29",
      "19:41:57",
      "19:56:07",
      "20:10:46",
      "20:25:22",
      "20:40:13",
      "20:54:51",
      "21:09:03",
      "21:23:19",
      "21:37:30",
      "21:51:48",
      "22:06:45"
    ],
    "board": [
      10,
      4,
      15,
      8,
      6,
      12,
      13,
      4,
      11,
      14,
      10,
      7,
      10,
      3,
      3,
      1,
      15,
      6,
      13,
      8,
      6,
      4,
      5,
      12,
      2,
      15,
      7,
      7,
      8,
      14,
      7,
      13,
      0,
      15,
      10,
      13,
      4,
      9,
      2,
      12,
      8,
      14,
      5,
      10,
      12,
      10,
      15,
      11,
      4,
      1,
      14,
      1,
      11,
      0,
      13,
      6,
      12,
      0,
      6,
      3,
      4,
      8,
      12,
      1,
      11
    ],
    "alight": [
      8,
      11,
      15,
      6,
      13,
      2,
      1,
      5,
      14,
      11,
      4,
      5,
      5,
      6,
      13,
      4,
      10,
      10,
      4,
      5,
      1,
      3,
      9,
      9,
      6,
      9,
      4,
      0,
      10,
      8,
      3,
      0,
      13,
      10,
      7,
      14,
      1,
      0,
      11,
      13,
      13,
      10,
      4,
      6,
      15,
      9,
      5,
      15,
      1,
      11,
      6,
      2,
      8,
      15,
      2,
      2,
      13,
      5,
      8,
      0,
      14,
      2,
      14,
      0,
      7
    ]
  },
  "水晶苑": {
    "time": [
      "06:14:14",
      "06:28:29",
      "06:43:37",
      "06:59:19",
      "07:14:31",
      "07:29:18",
      "07:44:01",
      "07:59:44",
      "08:14:58",
      "08:29:41",
      "08:45:07",
      "08:59:25",
      "09:14:53",
      "09:29:14",
      "09:43:45",
      "09:59:07",
      "10:14:04",
      "10:28:32",
      "10:43:47",
      "10:57:58",
      "11:13:28",
      "11:28:19",
      "11:43:56",
      "11:58:39",
      "12:14:22",
      "12:28:43",
      "12:43:19",
      "12:59:02",
      "13:14:28",
      "13:29:34",
      "13:44:21",
      "13:59:46",
      "14:14:47",
      "14:29:02",
      "14:43:16",
      "14:58:02",
      "15:12:40",
      "15:28:00",
      "15:43:48",
      "15:58:49",
      "16:13:14",
      "16:28:03",
      "16:42:46",
      "16:57:58",
      "17:12:43",
      "17:28:05",
      "17:43:22",
      "17:57:42",
      "18:12:23",
      "18:28:07",
      "18:42:27",
      "18:57:19",
      "19:11:36",
      "19:26:29",
      "19:41:57",
      "19:56:07",
      "20:10:46",
      "20:25:22",
      "20:40:13",
      "20:54:51",
      "21:09:03",
      "21:23:19",
      "21:37:30",
      "21:51:48",
      "22:06:45"
    ],
    "board": [
      13,
      6,
      14,
      0,
      8,
      0,
      8,
      5,
      2,
      14,
      12,
      14,
      0,
      2,
      5,
      15,
      8,
      6,
      12,
      13,
      8,
      7,
      2,
      0,
      1,
      0,
      1,
      2,
      7,
      5,
      15,
      14,
      14,
      7,
      13,
      10,
      9,
      14,
      4,
      6,
      13,
      1,
      8,
      12,
      10,
      9,
      0,
      15,
      2,
      2,
      7,
      0,
      14,
      14,
      13,
      2,
      6,
      12,
      10,
      2,
      11,
      15,
      15,
      14,
      5
    ],
    "alight": [
      7,
      6,
      15,
      11,
      8,
      3,
      14,
      1,
      12,
      1,
      4,
      3,
      4,
      4,
      10,
      6,
      5,
      14,
      3,
      11,
      8,
      14,
      9,
      3,
      4,
      14,
      15,
      2,
      7,
      15,
      2,
      3,
      6,
      2,
      15,
      5,
      5,
      3,
      12,
      9,
      4,
      6,
      14,
      9,
      3,
      9,
      4,
      15,
      12,
      14,
      12,
      2,
      7,
      8,
      6,
      10,
      4,
      12,
      6,
      12,
      5,
      14,
      9,
      6,
      8
    ]
  },
  "华思贝尔幼儿园": {
    "time": [
      "06:14:14",
      "06:28:29",
      "06:43:37",
      "06:59:19",
      "07:14:31",
      "07:29:18",
      "07:44:01",
      "07:59:44",
      "08:14:58",
      "08:29:41",
      "08:45:07",
      "08:59:25",
      "09:14:53",
      "09:29:14",
      "09:43:45",
      "09:59:07",
      "10:14:04",
      "10:28:32",
      "10:43:47",
      "10:57:58",
      "11:13:28",
      "11:28:19",
      "11:43:56",
      "11:58:39",
      "12:14:22",
      "12:28:43",
      "12:43:19",
      "12:59:02",
      "13:14:28",
      "13:29:34",
      "13:44:21",
      "13:59:46",
      "14:14:47",
      "14:29:02",
      "14:43:16",
      "14:58:02",
      "15:12:40",
      "15:28:00",
      "15:43:48",
      "15:58:49",
      "16:13:14",
      "16:28:03",
      "16:42:46",
      "16:57:58",
      "17:12:43",
      "17:28:05",
      "17:43:22",
      "17:57:42",
      "18:12:23",
      "18:28:07",
      "18:42:27",
      "18:57:19",
      "19:11:36",
      "19:26:29",
      "19:41:57",
      "19:56:07",
      "20:10:46",
      "20:25:22",
      "20:40:13",
      "20:54:51",
      "21:09:03",
      "21:23:19",
      "21:37:30",
      "21:51:48",
      "22:06:45"
    ],
    "board": [
      1,
      0,
      0,
      0,
      0,
      4,
      0,
      0,
      0,
      0,
      0,
      0,
      0,
      0,
      0,
      0,
      0,
      0,
      0,
      2,
      3,
      1,
      0,
      0,
      0,
      0,
      0,
      0,
      0,
      0,
      0,
      0,
      0,
      0,
      0,
      0,
      0,
      5,
      0,
      0,
      0,
      0,
      0,
      0,
      3,
      0,
      0,
      0,
      0,
      0,
      0,
      0,
      0,
      4,
      0,
      0,
      0,
      0,
      0,
      0,
      0,
      0,
      0,
      0,
      0
    ],
    "alight": [
      8,
      13,
      10,
      11,
      5,
      9,
      13,
      0,
      15,
      13,
      9,
      9,
      1,
      9,
      7,
      5,
      10,
      2,
      13,
      1,
      7,
      10,
      4,
      15,
      7,
      11,
      10,
      10,
      15,
      11,
      7,
      8,
      15,
      9,
      5,
      6,
      0,
      4,
      7,
      10,
      9,
      6,
      7,
      1,
      3,
      1,
      5,
      8,
      13,
      14,
      2,
      10,
      0,
      14,
      0,
      3,
      0,
      11,
      1,
      9,
      6,
      5,
      4,
      12,
      1
    ]
  },
  "中国石油三桥加油站(黔城美景东南)": {
    "time": [
      "06:14:14",
      "06:28:29",
      "06:43:37",
      "06:59:19",
      "07:14:31",
      "07:29:18",
      "07:44:01",
      "07:59:44",
      "08:14:58",
      "08:29:41",
      "08:45:07",
      "08:59:25",
      "09:14:53",
      "09:29:14",
      "09:43:45",
      "09:59:07",
      "10:14:04",
      "10:28:32",
      "10:43:47",
      "10:57:58",
      "11:13:28",
      "11:28:19",
      "11:43:56",
      "11:58:39",
      "12:14:22",
      "12:28:43",
      "12:43:19",
      "12:59:02",
      "13:14:28",
      "13:29:34",
      "13:44:21",
      "13:59:46",
      "14:14:47",
      "14:29:02",
      "14:43:16",
      "14:58:02",
      "15:12:40",
      "15:28:00",
      "15:43:48",
      "15:58:49",
      "16:13:14",
      "16:28:03",
      "16:42:46",
      "16:57:58",
      "17:12:43",
      "17:28:05",
      "17:43:22",
      "17:57:42",
      "18:12:23",
      "18:28:07",
      "18:42:27",
      "18:57:19",
      "19:11:36",
      "19:26:29",
      "19:41:57",
      "19:56:07",
      "20:10:46",
      "20:25:22",
      "20:40:13",
      "20:54:51",
      "21:09:03",
      "21:23:19",
      "21:37:30",
      "21:51:48",
      "22:06:45"
    ],
    "board": [
      0,
      0,
      0,
      0,
      0,
      0,
      0,
      0,
      0,
      0,
      0,
      0,
      0,
      0,
      0,
      1,
      0,
      0,
      0,
      0,
      0,
      1,
      3,
      0,
      0,
      0,
      0,
      0,
      0,
      0,
      0,
      0,
      3,
      0,
      0,
      0,
      0,
      0,
      0,
      0,
      0,
      0,
      1,
      0,
      0,
      0,
      0,
      0,
      4,
      0,
      0,
      0,
      0,
      0,
      0,
      0,
      0,
      0,
      0,
      0,
      0,
      0,
      0,
      0,
      3
    ],
    "alight": [
      4,
      7,
      6,
      6,
      13,
      4,
      5,
      2,
      0,
      4,
      7,
      6,
      9,
      2,
      9,
      12,
      9,
      7,
      9,
      15,
      7,
      8,
      12,
      14,
      13,
      9,
      6,
      5,
      11,
      10,
      8,
      3,
      1,
      2,
      12,
      7,
      7,
      10,
      10,
      6,
      14,
      12,
      6,
      1,
      13,
      1,
      13,
      1,
      15,
      13,
      4,
      12,
      4,
      8,
      7,
      13,
      14,
      1,
      8,
      0,
      4,
      5,
      7,
      12,
      15
    ]
  },
  "螺满屋螺蛳粉": {
    "time": [
      "06:14:14",
      "06:28:29",
      "06:43:37",
      "06:59:19",
      "07:14:31",
      "07:29:18",
      "07:44:01",
      "07:59:44",
      "08:14:58",
      "08:29:41",
      "08:45:07",
      "08:59:25",
      "09:14:53",
      "09:29:14",
      "09:43:45",
      "09:59:07",
      "10:14:04",
      "10:28:32",
      "10:43:47",
      "10:57:58",
      "11:13:28",
      "11:28:19",
      "11:43:56",
      "11:58:39",
      "12:14:22",
      "12:28:43",
      "12:43:19",
      "12:59:02",
      "13:14:28",
      "13:29:34",
      "13:44:21",
      "13:59:46",
      "14:14:47",
      "14:29:02",
      "14:43:16",
      "14:58:02",
      "15:12:40",
      "15:28:00",
      "15:43:48",
      "15:58:49",
      "16:13:14",
      "16:28:03",
      "16:42:46",
      "16:57:58",
      "17:12:43",
      "17:28:05",
      "17:43:22",
      "17:57:42",
      "18:12:23",
      "18:28:07",
      "18:42:27",
      "18:57:19",
      "19:11:36",
      "19:26:29",
      "19:41:57",
      "19:56:07",
      "20:10:46",
      "20:25:22",
      "20:40:13",
      "20:54:51",
      "21:09:03",
      "21:23:19",
      "21:37:30",
      "21:51:48",
      "22:06:45"
    ],
    "board": [
      0,
      0,
      0,
      0,
      0,
      0,
      0,
      0,
      0,
      0,
      0,
      0,
      0,
      0,
      0,
      0,
      0,
      0,
      0,
      0,
      0,
      0,
      0,
      0,
      0,
      0,
      0,
      0,
      1,
      0,
      0,
      0,
      0,
      0,
      0,
      0,
      0,
      0,
      0,
      0,
      0,
      0,
      0,
      0,
      0,
      0,
      0,
      2,
      0,
      0,
      0,
      0,
      0,
      0,
      0,
      0,
      0,
      0,
      0,
      0,
      0,
      0,
      0,
      0,
      0
    ],
    "alight": [
      6,
      10,
      2,
      12,
      8,
      8,
      13,
      9,
      4,
      0,
      9,
      7,
      11,
      11,
      11,
      1,
      9,
      1,
      15,
      9,
      3,
      1,
      11,
      1,
      8,
      3,
      12,
      15,
      1,
      10,
      6,
      14,
      3,
      9,
      11,
      13,
      6,
      11,
      0,
      3,
      2,
      4,
      7,
      11,
      10,
      15,
      8,
      4,
      6,
      14,
      2,
      3,
      3,
      1,
      4,
      11,
      14,
      7,
      0,
      9,
      14,
      1,
      5,
      5,
      0
    ]
  },
  "星辰国际双语幼儿园": {
    "time": [
      "06:14:14",
      "06:28:29",
      "06:43:37",
      "06:59:19",
      "07:14:31",
      "07:29:18",
      "07:44:01",
      "07:59:44",
      "08:14:58",
      "08:29:41",
      "08:45:07",
      "08:59:25",
      "09:14:53",
      "09:29:14",
      "09:43:45",
      "09:59:07",
      "10:14:04",
      "10:28:32",
      "10:43:47",
      "10:57:58",
      "11:13:28",
      "11:28:19",
      "11:43:56",
      "11:58:39",
      "12:14:22",
      "12:28:43",
      "12:43:19",
      "12:59:02",
      "13:14:28",
      "13:29:34",
      "13:44:21",
      "13:59:46",
      "14:14:47",
      "14:29:02",
      "14:43:16",
      "14:58:02",
      "15:12:40",
      "15:28:00",
      "15:43:48",
      "15:58:49",
      "16:13:14",
      "16:28:03",
      "16:42:46",
      "16:57:58",
      "17:12:43",
      "17:28:05",
      "17:43:22",
      "17:57:42",
      "18:12:23",
      "18:28:07",
      "18:42:27",
      "18:57:19",
      "19:11:36",
      "19:26:29",
      "19:41:57",
      "19:56:07",
      "20:10:46",
      "20:25:22",
      "20:40:13",
      "20:54:51",
      "21:09:03",
      "21:23:19",
      "21:37:30",
      "21:51:48",
      "22:06:45"
    ],
    "board": [
      0,
      0,
      0,
      0,
      0,
      0,
      0,
      0,
      0,
      0,
      0,
      0,
      0,
      0,
      0,
      0,
      0,
      0,
      0,
      0,
      0,
      0,
      0,
      0,
      0,
      0,
      0,
      0,
      0,
      0,
      0,
      0,
      0,
      0,
      0,
      0,
      0,
      0,
      0,
      0,
      0,
      0,
      0,
      0,
      0,
      0,
      0,
      0,
      0,
      0,
      0,
      0,
      0,
      0,
      0,
      0,
      0,
      0,
      0,
      0,
      0,
      0,
      0,
      0,
      0
    ],
    "alight": [
      4,
      0,
      3,
      9,
      4,
      11,
      10,
      5,
      0,
      10,
      6,
      5,
      4,
      1,
      4,
      7,
      0,
      3,
      12,
      8,
      14,
      8,
      2,
      9,
      9,
      7,
      0,
      3,
      13,
      1,
      12,
      13,
      8,
      1,
      14,
      14,
      4,
      13,
      15,
      15,
      2,
      6,
      7,
      5,
      2,
      10,
      0,
      0,
      9,
      10,
      6,
      10,
      7,
      11,
      6,
      7,
      7,
      7,
      5,
      14,
      8,
      6,
      4,
      2,
      1
    ]
  },
  "贵阳市南明区苗苗实验学校": {
    "time": [
      "06:14:14",
      "06:28:29",
      "06:43:37",
      "06:59:19",
      "07:14:31",
      "07:29:18",
      "07:44:01",
      "07:59:44",
      "08:14:58",
      "08:29:41",
      "08:45:07",
      "08:59:25",
      "09:14:53",
      "09:29:14",
      "09:43:45",
      "09:59:07",
      "10:14:04",
      "10:28:32",
      "10:43:47",
      "10:57:58",
      "11:13:28",
      "11:28:19",
      "11:43:56",
      "11:58:39",
      "12:14:22",
      "12:28:43",
      "12:43:19",
      "12:59:02",
      "13:14:28",
      "13:29:34",
      "13:44:21",
      "13:59:46",
      "14:14:47",
      "14:29:02",
      "14:43:16",
      "14:58:02",
      "15:12:40",
      "15:28:00",
      "15:43:48",
      "15:58:49",
      "16:13:14",
      "16:28:03",
      "16:42:46",
      "16:57:58",
      "17:12:43",
      "17:28:05",
      "17:43:22",
      "17:57:42",
      "18:12:23",
      "18:28:07",
      "18:42:27",
      "18:57:19",
      "19:11:36",
      "19:26:29",
      "19:41:57",
      "19:56:07",
      "20:10:46",
      "20:25:22",
      "20:40:13",
      "20:54:51",
      "21:09:03",
      "21:23:19",
      "21:37:30",
      "21:51:48",
      "22:06:45"
    ],
    "board": [
      0,
      0,
      0,
      0,
      0,
      0,
      0,
      0,
      0,
      0,
      0,
      0,
      0,
      0,
      0,
      0,
      0,
      0,
      0,
      0,
      0,
      0,
      0,
      0,
      0,
      0,
      0,
      0,
      0,
      0,
      0,
      0,
      0,
      0,
      0,
      0,
      0,
      0,
      0,
      0,
      0,
      0,
      0,
      0,
      0,
      0,
      0,
      0,
      0,
      0,
      0,
      0,
      0,
      0,
      0,
      0,
      0,
      0,
      0,
      0,
      0,
      0,
      0,
      0,
      0
    ],
    "alight": [
      2,
      4,
      7,
      2,
      0,
      5,
      12,
      1,
      4,
      7,
      6,
      2,
      15,
      12,
      0,
      6,
      11,
      0,
      3,
      7,
      12,
      9,
      10,
      3,
      9,
      7,
      2,
      14,
      11,
      0,
      2,
      6,
      0,
      8,
      10,
      14,
      14,
      8,
      8,
      5,
      13,
      14,
      9,
      2,
      4,
      1,
      7,
      12,
      8,
      4,
      12,
      2,
      8,
      15,
      0,
      4,
      9,
      8,
      13,
      10,
      9,
      14,
      1,
      10,
      13
    ]
  }
}