{
  "up": {
    "1": "贵阳春曌文化传媒有限公司",
    "2": "贵阳三叶建材有限公司",
    "3": "市医保定点医院",
    "4": "唐老鸭留一手烤鱼(圣泉流云花园观云邸店)",
    "5": "中坝立交",
    "6": "贵阳市女子职业学校",
    "7": "双峰路55号小区",
    "8": "地藏王菩萨",
    "9": "贵阳市园林管理局(北新区路)",
    "10": "陈氏烤鸡",
    "11": "安云路服务站",
    "12": "成博高中生午托园",
    "13": "贵州医科大学临床技能实验中心3-4教室",
    "14": "小智锅锅香(百花山店)",
    "15": "利民学校",
    "16": "登高路",
    "17": "香辣虾蟹(未来方舟F10组团店)",
    "18": "中天.未来方舟-博学郡",
    "19": "妙学巧记教育",
    "20": "沸沸椰子鸡螺蛳精酿酒馆",
    "21": "白岩脚",
    "22": "云岩区水东社区第二卫生服务中心",
    "23": "北龙立交",
    "24": "栗木山大坡",
    "25": "阿栗杨梅园山庄地面停车场(出入口)",
    "26": "高枧1号大桥",
    "27": "永乐爱心老年公寓",
    "28": "情人谷路",
    "29": "贵阳汇砼建材有限公司",
    "30": "贵黔国际公寓",
    "31": "依山云墅",
    "32": "渔洞峡1号桥",
    "33": "大正学校",
    "34": "贵黔国际医院发热门诊"
  },
  "down": {
    "35": "贵黔国际医院发热门诊",
    "36": "大正学校",
    "37": "渔洞峡1号桥",
    "38": "依山云墅",
    "39": "贵黔国际公寓",
    "40": "贵阳汇砼建材有限公司",
    "41": "情人谷路",
    "42": "永乐爱心老年公寓",
    "43": "高枧1号大桥",
    "44": "阿栗杨梅园山庄地面停车场(出入口)",
    "45": "栗木山大坡",
    "46": "北龙立交",
    "47": "云岩区水东社区第二卫生服务中心",
    "48": "白岩脚",
    "49": "沸沸椰子鸡螺蛳精酿酒馆",
    "50": "妙学巧记教育",
    "51": "中天.未来方舟-博学郡",
    "52": "香辣虾蟹(未来方舟F10组团店)",
    "53": "登高路",
    "54": "利民学校",
    "55": "小智锅锅香(百花山店)",
    "56": "贵州医科大学临床技能实验中心3-4教室",
    "57": "成博高中生午托园",
    "58": "安云路服务站",
    "59": "陈氏烤鸡",
    "60": "贵阳市园林管理局(北新区路)",
    "61": "地藏王菩萨",
    "62": "双峰路55号小区",
    "63": "贵阳市女子职业学校",
    "64": "中坝立交",
    "65": "唐老鸭留一手烤鱼(圣泉流云花园观云邸店)",
    "66": "市医保定点医院",
    "67": "贵阳三叶建材有限公司",
    "68": "贵阳春曌文化传媒有限公司"
  }
}