{
  "up": {
    "贵阳春曌文化传媒有限公司": 1,
    "贵阳三叶建材有限公司": 2,
    "市医保定点医院": 3,
    "唐老鸭留一手烤鱼(圣泉流云花园观云邸店)": 4,
    "中坝立交": 5,
    "贵阳市女子职业学校": 6,
    "双峰路55号小区": 7,
    "地藏王菩萨": 8,
    "贵阳市园林管理局(北新区路)": 9,
    "陈氏烤鸡": 10,
    "安云路服务站": 11,
    "成博高中生午托园": 12,
    "贵州医科大学临床技能实验中心3-4教室": 13,
    "小智锅锅香(百花山店)": 14,
    "利民学校": 15,
    "登高路": 16,
    "香辣虾蟹(未来方舟F10组团店)": 17,
    "中天.未来方舟-博学郡": 18,
    "妙学巧记教育": 19,
    "沸沸椰子鸡螺蛳精酿酒馆": 20,
    "白岩脚": 21,
    "云岩区水东社区第二卫生服务中心": 22,
    "北龙立交": 23,
    "栗木山大坡": 24,
    "阿栗杨梅园山庄地面停车场(出入口)": 25,
    "高枧1号大桥": 26,
    "永乐爱心老年公寓": 27,
    "情人谷路": 28,
    "贵阳汇砼建材有限公司": 29,
    "贵黔国际公寓": 30,
    "依山云墅": 31,
    "渔洞峡1号桥": 32,
    "大正学校": 33,
    "贵黔国际医院发热门诊": 34
  },
  "down": {
    "贵黔国际医院发热门诊": 35,
    "大正学校": 36,
    "渔洞峡1号桥": 37,
    "依山云墅": 38,
    "贵黔国际公寓": 39,
    "贵阳汇砼建材有限公司": 40,
    "情人谷路": 41,
    "永乐爱心老年公寓": 42,
    "高枧1号大桥": 43,
    "阿栗杨梅园山庄地面停车场(出入口)": 44,
    "栗木山大坡": 45,
    "北龙立交": 46,
    "云岩区水东社区第二卫生服务中心": 47,
    "白岩脚": 48,
    "沸沸椰子鸡螺蛳精酿酒馆": 49,
    "妙学巧记教育": 50,
    "中天.未来方舟-博学郡": 51,
    "香辣虾蟹(未来方舟F10组团店)": 52,
    "登高路": 53,
    "利民学校": 54,
    "小智锅锅香(百花山店)": 55,
    "贵州医科大学临床技能实验中心3-4教室": 56,
    "成博高中生午托园": 57,
    "安云路服务站": 58,
    "陈氏烤鸡": 59,
    "贵阳市园林管理局(北新区路)": 60,
    "地藏王菩萨": 61,
    "双峰路55号小区": 62,
    "贵阳市女子职业学校": 63,
    "中坝立交": 64,
    "唐老鸭留一手烤鱼(圣泉流云花园观云邸店)": 65,
    "市医保定点医院": 66,
    "贵阳三叶建材有限公司": 67,
    "贵阳春曌文化传媒有限公司": 68
  }
}