{
  "贵阳春曌文化传媒有限公司": 413,
  "贵阳三叶建材有限公司": 541,
  "市医保定点医院": 757,
  "唐老鸭留一手烤鱼(圣泉流云花园观云邸店)": 405,
  "中坝立交": 604,
  "贵阳市女子职业学校": 815,
  "双峰路55号小区": 624,
  "地藏王菩萨": 511,
  "贵阳市园林管理局(北新区路)": 453,
  "陈氏烤鸡": 503,
  "安云路服务站": 454,
  "成博高中生午托园": 549,
  "贵州医科大学临床技能实验中心3-4教室": 955,
  "小智锅锅香(百花山店)": 457,
  "利民学校": 1411,
  "登高路": 423,
  "香辣虾蟹(未来方舟F10组团店)": 493,
  "中天.未来方舟-博学郡": 464,
  "妙学巧记教育": 685,
  "沸沸椰子鸡螺蛳精酿酒馆": 1533,
  "白岩脚": 618,
  "云岩区水东社区第二卫生服务中心": 577,
  "北龙立交": 563,
  "栗木山大坡": 429,
  "阿栗杨梅园山庄地面停车场(出入口)": 448,
  "高枧1号大桥": 455,
  "永乐爱心老年公寓": 950,
  "情人谷路": 1370,
  "贵阳汇砼建材有限公司": 1376,
  "贵黔国际公寓": 417,
  "依山云墅": 527,
  "渔洞峡1号桥": 521,
  "大正学校": 492
}