{
  "贵黔国际医院发热门诊": 509,
  "大正学校": 538,
  "渔洞峡1号桥": 544,
  "依山云墅": 434,
  "贵黔国际公寓": 1393,
  "贵阳汇砼建材有限公司": 1387,
  "情人谷路": 967,
  "永乐爱心老年公寓": 472,
  "高枧1号大桥": 465,
  "阿栗杨梅园山庄地面停车场(出入口)": 446,
  "栗木山大坡": 580,
  "北龙立交": 594,
  "云岩区水东社区第二卫生服务中心": 635,
  "白岩脚": 1550,
  "沸沸椰子鸡螺蛳精酿酒馆": 702,
  "妙学巧记教育": 481,
  "中天.未来方舟-博学郡": 510,
  "香辣虾蟹(未来方舟F10组团店)": 440,
  "登高路": 1428,
  "利民学校": 474,
  "小智锅锅香(百花山店)": 972,
  "贵州医科大学临床技能实验中心3-4教室": 566,
  "成博高中生午托园": 471,
  "安云路服务站": 520,
  "陈氏烤鸡": 470,
  "贵阳市园林管理局(北新区路)": 528,
  "地藏王菩萨": 641,
  "双峰路55号小区": 832,
  "贵阳市女子职业学校": 621,
  "中坝立交": 422,
  "唐老鸭留一手烤鱼(圣泉流云花园观云邸店)": 774,
  "市医保定点医院": 558,
  "贵阳三叶建材有限公司": 430
}