{
  "北京西路": 483,
  "贵阳市云岩区雅典娜幼儿园": 405,
  "圣泉流云花园观云邸": 412,
  "深沥摩托车维修部": 460,
  "流云食府(圣泉流云花园店)": 863,
  "贵州交通职业技术学院北院": 437,
  "阳关城市花园": 563,
  "都市花园酒店(贵阳高铁北站店)": 501,
  "7天优品酒店(贵阳北站店)": 504,
  "梦想天街(建设中)": 525,
  "中国贵阳人力资源服务产业园": 758,
  "凯希尼酒店大堂": 504,
  "观山街道社区卫生服务中心新冠疫苗接种点": 1183,
  "招商银行贵阳分行营业部": 626,
  "德仁路": 419,
  "守义路": 415,
  "贵州创吧传媒有限公司": 431,
  "艳山红村一组": 967,
  "天元街": 1131,
  "新型社区": 411,
  "吃货密码·牛排工厂(白云店)": 930,
  "大山洞街道": 529,
  "大山洞派出所": 1050,
  "大山洞村委会(云环路)": 481,
  "满·意园": 422,
  "新世界幼儿园": 827,
  "贵阳弼夜发宾馆": 983,
  "和佳凯杨宾馆": 413,
  "荣安驾校(白龙路)": 828,
  "中共小桥村支部委员会": 1214,
  "青岗林": 1769
}