{
  "白云公墓地面停车场": 1827,
  "青岗林": 1272,
  "中共小桥村支部委员会": 886,
  "荣安驾校(白龙路)": 471,
  "和佳凯杨宾馆": 1041,
  "贵阳弼夜发宾馆": 885,
  "新世界幼儿园": 480,
  "满·意园": 539,
  "大山洞村委会(云环路)": 1108,
  "大山洞派出所": 587,
  "大山洞街道": 988,
  "吃货密码·牛排工厂(白云店)": 469,
  "新型社区": 1189,
  "天元街": 1025,
  "艳山红村一组": 489,
  "贵州创吧传媒有限公司": 473,
  "守义路": 477,
  "德仁路": 684,
  "招商银行贵阳分行营业部": 1241,
  "观山街道社区卫生服务中心新冠疫苗接种点": 562,
  "凯希尼酒店大堂": 816,
  "中国贵阳人力资源服务产业园": 583,
  "梦想天街(建设中)": 562,
  "7天优品酒店(贵阳北站店)": 559,
  "都市花园酒店(贵阳高铁北站店)": 621,
  "阳关城市花园": 495,
  "贵州交通职业技术学院北院": 921,
  "流云食府(圣泉流云花园店)": 518,
  "深沥摩托车维修部": 470,
  "圣泉流云花园观云邸": 463,
  "贵阳市云岩区雅典娜幼儿园": 541
}