{
  "up": {
    "北京西路": 1,
    "贵阳市云岩区雅典娜幼儿园": 2,
    "圣泉流云花园观云邸": 3,
    "深沥摩托车维修部": 4,
    "流云食府(圣泉流云花园店)": 5,
    "贵州交通职业技术学院北院": 6,
    "阳关城市花园": 7,
    "都市花园酒店(贵阳高铁北站店)": 8,
    "7天优品酒店(贵阳北站店)": 9,
    "梦想天街(建设中)": 10,
    "中国贵阳人力资源服务产业园": 11,
    "凯希尼酒店大堂": 12,
    "观山街道社区卫生服务中心新冠疫苗接种点": 13,
    "招商银行贵阳分行营业部": 14,
    "德仁路": 15,
    "守义路": 16,
    "贵州创吧传媒有限公司": 17,
    "艳山红村一组": 18,
    "天元街": 19,
    "新型社区": 20,
    "吃货密码·牛排工厂(白云店)": 21,
    "大山洞街道": 22,
    "大山洞派出所": 23,
    "大山洞村委会(云环路)": 24,
    "满·意园": 25,
    "新世界幼儿园": 26,
    "贵阳弼夜发宾馆": 27,
    "和佳凯杨宾馆": 28,
    "荣安驾校(白龙路)": 29,
    "中共小桥村支部委员会": 30,
    "青岗林": 31,
    "白云公墓地面停车场": 32
  },
  "down": {
    "白云公墓地面停车场": 33,
    "青岗林": 34,
    "中共小桥村支部委员会": 35,
    "荣安驾校(白龙路)": 36,
    "和佳凯杨宾馆": 37,
    "贵阳弼夜发宾馆": 38,
    "新世界幼儿园": 39,
    "满·意园": 40,
    "大山洞村委会(云环路)": 41,
    "大山洞派出所": 42,
    "大山洞街道": 43,
    "吃货密码·牛排工厂(白云店)": 44,
    "新型社区": 45,
    "天元街": 46,
    "艳山红村一组": 47,
    "贵州创吧传媒有限公司": 48,
    "守义路": 49,
    "德仁路": 50,
    "招商银行贵阳分行营业部": 51,
    "观山街道社区卫生服务中心新冠疫苗接种点": 52,
    "凯希尼酒店大堂": 53,
    "中国贵阳人力资源服务产业园": 54,
    "梦想天街(建设中)": 55,
    "7天优品酒店(贵阳北站店)": 56,
    "都市花园酒店(贵阳高铁北站店)": 57,
    "阳关城市花园": 58,
    "贵州交通职业技术学院北院": 59,
    "流云食府(圣泉流云花园店)": 60,
    "深沥摩托车维修部": 61,
    "圣泉流云花园观云邸": 62,
    "贵阳市云岩区雅典娜幼儿园": 63,
    "北京西路": 64
  }
}