{
  "up": {
    "1": "北京西路",
    "2": "贵阳市云岩区雅典娜幼儿园",
    "3": "圣泉流云花园观云邸",
    "4": "深沥摩托车维修部",
    "5": "流云食府(圣泉流云花园店)",
    "6": "贵州交通职业技术学院北院",
    "7": "阳关城市花园",
    "8": "都市花园酒店(贵阳高铁北站店)",
    "9": "7天优品酒店(贵阳北站店)",
    "10": "梦想天街(建设中)",
    "11": "中国贵阳人力资源服务产业园",
    "12": "凯希尼酒店大堂",
    "13": "观山街道社区卫生服务中心新冠疫苗接种点",
    "14": "招商银行贵阳分行营业部",
    "15": "德仁路",
    "16": "守义路",
    "17": "贵州创吧传媒有限公司",
    "18": "艳山红村一组",
    "19": "天元街",
    "20": "新型社区",
    "21": "吃货密码·牛排工厂(白云店)",
    "22": "大山洞街道",
    "23": "大山洞派出所",
    "24": "大山洞村委会(云环路)",
    "25": "满·意园",
    "26": "新世界幼儿园",
    "27": "贵阳弼夜发宾馆",
    "28": "和佳凯杨宾馆",
    "29": "荣安驾校(白龙路)",
    "30": "中共小桥村支部委员会",
    "31": "青岗林",
    "32": "白云公墓地面停车场"
  },
  "down": {
    "33": "白云公墓地面停车场",
    "34": "青岗林",
    "35": "中共小桥村支部委员会",
    "36": "荣安驾校(白龙路)",
    "37": "和佳凯杨宾馆",
    "38": "贵阳弼夜发宾馆",
    "39": "新世界幼儿园",
    "40": "满·意园",
    "41": "大山洞村委会(云环路)",
    "42": "大山洞派出所",
    "43": "大山洞街道",
    "44": "吃货密码·牛排工厂(白云店)",
    "45": "新型社区",
    "46": "天元街",
    "47": "艳山红村一组",
    "48": "贵州创吧传媒有限公司",
    "49": "守义路",
    "50": "德仁路",
    "51": "招商银行贵阳分行营业部",
    "52": "观山街道社区卫生服务中心新冠疫苗接种点",
    "53": "凯希尼酒店大堂",
    "54": "中国贵阳人力资源服务产业园",
    "55": "梦想天街(建设中)",
    "56": "7天优品酒店(贵阳北站店)",
    "57": "都市花园酒店(贵阳高铁北站店)",
    "58": "阳关城市花园",
    "59": "贵州交通职业技术学院北院",
    "60": "流云食府(圣泉流云花园店)",
    "61": "深沥摩托车维修部",
    "62": "圣泉流云花园观云邸",
    "63": "贵阳市云岩区雅典娜幼儿园",
    "64": "北京西路"
  }
}