{
  "贵阳市林木小学": 664,
  "付师傅牛杂火锅(远洋风景店)": 416,
  "水城羊肉粉(数博大道黎苏路店)": 508,
  "荤豆花火锅(玺樾台店)": 668,
  "马官坝": 402,
  "贵阳阳光医院": 426,
  "海之豚儿童游泳培训中心": 758,
  "乐科德智少儿编程": 580,
  "阳关大道": 433,
  "香客来豆干火锅(远大·生态风景店)": 1271,
  "中国民生银行(贵阳中天会展城小微支行)": 520,
  "黔之家(贵阳总店)": 691,
  "杉海日式烧肉店": 439,
  "中天·铭庭C1组团": 701,
  "赤竹轩黑豆花野菜馆(恒大中央公园A区店)": 474,
  "贵州省贵阳市中级人民法院": 796,
  "好蒸道包子(园林居店)": 467,
  "诗琪舞蹈(白云云城校区)": 457,
  "杭州小笼包": 668,
  "贵州鹏地教育咨询有限责任公司": 881,
  "白沙关社区第一卫生服务站": 640,
  "立邦防水瓷砖胶(数博大道云博路店)": 459,
  "贵阳出口(G6002贵阳绕城高速西向)": 504,
  "贵阳时代旅游主题酒店": 863,
  "城北梅园": 867,
  "贵州科学城(高海路)": 864,
  "科技路口(公交站)": 725,
  "029乡道": 538,
  "永发建材租赁公司": 699,
  "君乐康膳内部地面停车场": 699
}