{
  "up": {
    "贵阳市林木小学": 1,
    "付师傅牛杂火锅(远洋风景店)": 2,
    "水城羊肉粉(数博大道黎苏路店)": 3,
    "荤豆花火锅(玺樾台店)": 4,
    "马官坝": 5,
    "贵阳阳光医院": 6,
    "海之豚儿童游泳培训中心": 7,
    "乐科德智少儿编程": 8,
    "阳关大道": 9,
    "香客来豆干火锅(远大·生态风景店)": 10,
    "中国民生银行(贵阳中天会展城小微支行)": 11,
    "黔之家(贵阳总店)": 12,
    "杉海日式烧肉店": 13,
    "中天·铭庭C1组团": 14,
    "赤竹轩黑豆花野菜馆(恒大中央公园A区店)": 15,
    "贵州省贵阳市中级人民法院": 16,
    "好蒸道包子(园林居店)": 17,
    "诗琪舞蹈(白云云城校区)": 18,
    "杭州小笼包": 19,
    "贵州鹏地教育咨询有限责任公司": 20,
    "白沙关社区第一卫生服务站": 21,
    "立邦防水瓷砖胶(数博大道云博路店)": 22,
    "贵阳出口(G6002贵阳绕城高速西向)": 23,
    "贵阳时代旅游主题酒店": 24,
    "城北梅园": 25,
    "贵州科学城(高海路)": 26,
    "科技路口(公交站)": 27,
    "029乡道": 28,
    "永发建材租赁公司": 29,
    "君乐康膳内部地面停车场": 30,
    "创年路": 31
  },
  "down": {
    "创年路": 32,
    "君乐康膳内部地面停车场": 33,
    "永发建材租赁公司": 34,
    "029乡道": 35,
    "科技路口(公交站)": 36,
    "贵州科学城(高海路)": 37,
    "城北梅园": 38,
    "贵阳时代旅游主题酒店": 39,
    "贵阳出口(G6002贵阳绕城高速西向)": 40,
    "立邦防水瓷砖胶(数博大道云博路店)": 41,
    "白沙关社区第一卫生服务站": 42,
    "贵州鹏地教育咨询有限责任公司": 43,
    "杭州小笼包": 44,
    "诗琪舞蹈(白云云城校区)": 45,
    "好蒸道包子(园林居店)": 46,
    "贵州省贵阳市中级人民法院": 47,
    "赤竹轩黑豆花野菜馆(恒大中央公园A区店)": 48,
    "中天·铭庭C1组团": 49,
    "杉海日式烧肉店": 50,
    "黔之家(贵阳总店)": 51,
    "中国民生银行(贵阳中天会展城小微支行)": 52,
    "香客来豆干火锅(远大·生态风景店)": 53,
    "阳关大道": 54,
    "乐科德智少儿编程": 55,
    "海之豚儿童游泳培训中心": 56,
    "贵阳阳光医院": 57,
    "马官坝": 58,
    "荤豆花火锅(玺樾台店)": 59,
    "水城羊肉粉(数博大道黎苏路店)": 60,
    "付师傅牛杂火锅(远洋风景店)": 61,
    "贵阳市林木小学": 62
  }
}