{
  "up": {
    "1": "贵阳市林木小学",
    "2": "付师傅牛杂火锅(远洋风景店)",
    "3": "水城羊肉粉(数博大道黎苏路店)",
    "4": "荤豆花火锅(玺樾台店)",
    "5": "马官坝",
    "6": "贵阳阳光医院",
    "7": "海之豚儿童游泳培训中心",
    "8": "乐科德智少儿编程",
    "9": "阳关大道",
    "10": "香客来豆干火锅(远大·生态风景店)",
    "11": "中国民生银行(贵阳中天会展城小微支行)",
    "12": "黔之家(贵阳总店)",
    "13": "杉海日式烧肉店",
    "14": "中天·铭庭C1组团",
    "15": "赤竹轩黑豆花野菜馆(恒大中央公园A区店)",
    "16": "贵州省贵阳市中级人民法院",
    "17": "好蒸道包子(园林居店)",
    "18": "诗琪舞蹈(白云云城校区)",
    "19": "杭州小笼包",
    "20": "贵州鹏地教育咨询有限责任公司",
    "21": "白沙关社区第一卫生服务站",
    "22": "立邦防水瓷砖胶(数博大道云博路店)",
    "23": "贵阳出口(G6002贵阳绕城高速西向)",
    "24": "贵阳时代旅游主题酒店",
    "25": "城北梅园",
    "26": "贵州科学城(高海路)",
    "27": "科技路口(公交站)",
    "28": "029乡道",
    "29": "永发建材租赁公司",
    "30": "君乐康膳内部地面停车场",
    "31": "创年路"
  },
  "down": {
    "32": "创年路",
    "33": "君乐康膳内部地面停车场",
    "34": "永发建材租赁公司",
    "35": "029乡道",
    "36": "科技路口(公交站)",
    "37": "贵州科学城(高海路)",
    "38": "城北梅园",
    "39": "贵阳时代旅游主题酒店",
    "40": "贵阳出口(G6002贵阳绕城高速西向)",
    "41": "立邦防水瓷砖胶(数博大道云博路店)",
    "42": "白沙关社区第一卫生服务站",
    "43": "贵州鹏地教育咨询有限责任公司",
    "44": "杭州小笼包",
    "45": "诗琪舞蹈(白云云城校区)",
    "46": "好蒸道包子(园林居店)",
    "47": "贵州省贵阳市中级人民法院",
    "48": "赤竹轩黑豆花野菜馆(恒大中央公园A区店)",
    "49": "中天·铭庭C1组团",
    "50": "杉海日式烧肉店",
    "51": "黔之家(贵阳总店)",
    "52": "中国民生银行(贵阳中天会展城小微支行)",
    "53": "香客来豆干火锅(远大·生态风景店)",
    "54": "阳关大道",
    "55": "乐科德智少儿编程",
    "56": "海之豚儿童游泳培训中心",
    "57": "贵阳阳光医院",
    "58": "马官坝",
    "59": "荤豆花火锅(玺樾台店)",
    "60": "水城羊肉粉(数博大道黎苏路店)",
    "61": "付师傅牛杂火锅(远洋风景店)",
    "62": "贵阳市林木小学"
  }
}