{
  "创年路": 697,
  "君乐康膳内部地面停车场": 697,
  "永发建材租赁公司": 536,
  "029乡道": 723,
  "科技路口(公交站)": 862,
  "贵州科学城(高海路)": 865,
  "城北梅园": 861,
  "贵阳时代旅游主题酒店": 502,
  "贵阳出口(G6002贵阳绕城高速西向)": 457,
  "立邦防水瓷砖胶(数博大道云博路店)": 638,
  "白沙关社区第一卫生服务站": 879,
  "贵州鹏地教育咨询有限责任公司": 666,
  "杭州小笼包": 455,
  "诗琪舞蹈(白云云城校区)": 465,
  "好蒸道包子(园林居店)": 794,
  "贵州省贵阳市中级人民法院": 472,
  "赤竹轩黑豆花野菜馆(恒大中央公园A区店)": 699,
  "中天·铭庭C1组团": 437,
  "杉海日式烧肉店": 689,
  "黔之家(贵阳总店)": 518,
  "中国民生银行(贵阳中天会展城小微支行)": 1269,
  "香客来豆干火锅(远大·生态风景店)": 431,
  "阳关大道": 578,
  "乐科德智少儿编程": 756,
  "海之豚儿童游泳培训中心": 424,
  "贵阳阳光医院": 400,
  "马官坝": 666,
  "荤豆花火锅(玺樾台店)": 506,
  "水城羊肉粉(数博大道黎苏路店)": 414,
  "付师傅牛杂火锅(远洋风景店)": 662
}