{
  "up": {
    "1": "温馨阳光幼儿园",
    "2": "贵州贵龙驾校",
    "3": "中坝立交",
    "4": "贵阳印象小区",
    "5": "北站立交",
    "6": "阳关城市花园",
    "7": "贵州省第一地区人民检察院法警队",
    "8": "首阳餐饮集团有限公司",
    "9": "绝味鸭脖(保利云山店)",
    "10": "安顺屯堡烤小肠(天誉城店)",
    "11": "留一手特色烤鱼(观山东路店)",
    "12": "鹿冲关森林公园",
    "13": "红岩新村",
    "14": "杨柳井立交",
    "15": "中环路北段",
    "16": "北二环",
    "17": "花都路",
    "18": "北二环入口(狮井路方向)",
    "19": "招呼站(公交站)",
    "20": "吾乡1号隧道",
    "21": "G6002贵阳绕城高速",
    "22": "吾乡二号隧道",
    "23": "幸福里院落",
    "24": "青年山公园",
    "25": "贵州银行(贵阳综合保税区支行)",
    "26": "都溪垂柳公园",
    "27": "贵阳银行(都拉营社区银行)",
    "28": "贵州卡迪亚油画艺术馆",
    "29": "冷水寨大桥",
    "30": "贵阳市航洋动漫学校"
  },
  "down": {
    "31": "贵阳市航洋动漫学校",
    "32": "冷水寨大桥",
    "33": "贵州卡迪亚油画艺术馆",
    "34": "贵阳银行(都拉营社区银行)",
    "35": "都溪垂柳公园",
    "36": "贵州银行(贵阳综合保税区支行)",
    "37": "青年山公园",
    "38": "幸福里院落",
    "39": "吾乡二号隧道",
    "40": "G6002贵阳绕城高速",
    "41": "吾乡1号隧道",
    "42": "招呼站(公交站)",
    "43": "北二环入口(狮井路方向)",
    "44": "花都路",
    "45": "北二环",
    "46": "中环路北段",
    "47": "杨柳井立交",
    "48": "红岩新村",
    "49": "鹿冲关森林公园",
    "50": "留一手特色烤鱼(观山东路店)",
    "51": "安顺屯堡烤小肠(天誉城店)",
    "52": "绝味鸭脖(保利云山店)",
    "53": "首阳餐饮集团有限公司",
    "54": "贵州省第一地区人民检察院法警队",
    "55": "阳关城市花园",
    "56": "北站立交",
    "57": "贵阳印象小区",
    "58": "中坝立交",
    "59": "贵州贵龙驾校",
    "60": "温馨阳光幼儿园"
  }
}