{
  "温馨阳光幼儿园": 458,
  "贵州贵龙驾校": 426,
  "中坝立交": 557,
  "贵阳印象小区": 424,
  "北站立交": 792,
  "阳关城市花园": 581,
  "贵州省第一地区人民检察院法警队": 586,
  "首阳餐饮集团有限公司": 1052,
  "绝味鸭脖(保利云山店)": 581,
  "安顺屯堡烤小肠(天誉城店)": 403,
  "留一手特色烤鱼(观山东路店)": 692,
  "鹿冲关森林公园": 683,
  "红岩新村": 1534,
  "杨柳井立交": 521,
  "中环路北段": 1484,
  "北二环": 579,
  "花都路": 411,
  "北二环入口(狮井路方向)": 492,
  "招呼站(公交站)": 475,
  "吾乡1号隧道": 697,
  "G6002贵阳绕城高速": 444,
  "吾乡二号隧道": 590,
  "幸福里院落": 480,
  "青年山公园": 2104,
  "贵州银行(贵阳综合保税区支行)": 447,
  "都溪垂柳公园": 407,
  "贵阳银行(都拉营社区银行)": 490,
  "贵州卡迪亚油画艺术馆": 850,
  "冷水寨大桥": 1864
}