{
  "贵阳市航洋动漫学校": 1785,
  "冷水寨大桥": 771,
  "贵州卡迪亚油画艺术馆": 411,
  "贵阳银行(都拉营社区银行)": 328,
  "都溪垂柳公园": 368,
  "贵州银行(贵阳综合保税区支行)": 2025,
  "青年山公园": 401,
  "幸福里院落": 511,
  "吾乡二号隧道": 365,
  "G6002贵阳绕城高速": 618,
  "吾乡1号隧道": 396,
  "招呼站(公交站)": 413,
  "北二环入口(狮井路方向)": 332,
  "花都路": 500,
  "北二环": 1405,
  "中环路北段": 442,
  "杨柳井立交": 1455,
  "红岩新村": 604,
  "鹿冲关森林公园": 613,
  "留一手特色烤鱼(观山东路店)": 324,
  "安顺屯堡烤小肠(天誉城店)": 502,
  "绝味鸭脖(保利云山店)": 973,
  "首阳餐饮集团有限公司": 507,
  "贵州省第一地区人民检察院法警队": 502,
  "阳关城市花园": 713,
  "北站立交": 345,
  "贵阳印象小区": 478,
  "中坝立交": 347,
  "贵州贵龙驾校": 379
}