{
  "up": {
    "温馨阳光幼儿园": 1,
    "贵州贵龙驾校": 2,
    "中坝立交": 3,
    "贵阳印象小区": 4,
    "北站立交": 5,
    "阳关城市花园": 6,
    "贵州省第一地区人民检察院法警队": 7,
    "首阳餐饮集团有限公司": 8,
    "绝味鸭脖(保利云山店)": 9,
    "安顺屯堡烤小肠(天誉城店)": 10,
    "留一手特色烤鱼(观山东路店)": 11,
    "鹿冲关森林公园": 12,
    "红岩新村": 13,
    "杨柳井立交": 14,
    "中环路北段": 15,
    "北二环": 16,
    "花都路": 17,
    "北二环入口(狮井路方向)": 18,
    "招呼站(公交站)": 19,
    "吾乡1号隧道": 20,
    "G6002贵阳绕城高速": 21,
    "吾乡二号隧道": 22,
    "幸福里院落": 23,
    "青年山公园": 24,
    "贵州银行(贵阳综合保税区支行)": 25,
    "都溪垂柳公园": 26,
    "贵阳银行(都拉营社区银行)": 27,
    "贵州卡迪亚油画艺术馆": 28,
    "冷水寨大桥": 29,
    "贵阳市航洋动漫学校": 30
  },
  "down": {
    "贵阳市航洋动漫学校": 31,
    "冷水寨大桥": 32,
    "贵州卡迪亚油画艺术馆": 33,
    "贵阳银行(都拉营社区银行)": 34,
    "都溪垂柳公园": 35,
    "贵州银行(贵阳综合保税区支行)": 36,
    "青年山公园": 37,
    "幸福里院落": 38,
    "吾乡二号隧道": 39,
    "G6002贵阳绕城高速": 40,
    "吾乡1号隧道": 41,
    "招呼站(公交站)": 42,
    "北二环入口(狮井路方向)": 43,
    "花都路": 44,
    "北二环": 45,
    "中环路北段": 46,
    "杨柳井立交": 47,
    "红岩新村": 48,
    "鹿冲关森林公园": 49,
    "留一手特色烤鱼(观山东路店)": 50,
    "安顺屯堡烤小肠(天誉城店)": 51,
    "绝味鸭脖(保利云山店)": 52,
    "首阳餐饮集团有限公司": 53,
    "贵州省第一地区人民检察院法警队": 54,
    "阳关城市花园": 55,
    "北站立交": 56,
    "贵阳印象小区": 57,
    "中坝立交": 58,
    "贵州贵龙驾校": 59,
    "温馨阳光幼儿园": 60
  }
}