{
  "up": {
    "贵阳市公安局云岩分局刑侦大队金鸭中队": 1,
    "天然居": 2,
    "秘招专治颈椎": 3,
    "三桥综合批发市场-南区": 4,
    "改茶大道": 5,
    "贵阳市南明区苗苗实验学校": 6,
    "贵阳睿缘旅社": 7,
    "贵州旺民职业技术学校(装修中)": 8,
    "贵阳市南明区人民法院花果园社区巡回法庭": 9,
    "金竹路": 10,
    "侗寨风雨桥": 11,
    "中坝卫生服务中心新冠疫苗接种点": 12,
    "贵州省农业科学院现代农业发展研究所": 13,
    "贵阳农科院春晖苑": 14,
    "贵州省农业科学院旱粮研究所": 15,
    "贵阳金竹酒店": 16,
    "夜猫台球俱乐部": 17,
    "贵州奥八马展柜": 18,
    "筲箕地农庄餐饮服务店": 19,
    "联塑管道(贵安大道店)": 20,
    "石板二村": 21,
    "石板镇妇幼保健计划生育服务站": 22,
    "优品驿站供应链有限公司": 23,
    "108县道": 24,
    "喜天城·雅筑酒店(贵阳天河潭景区店)": 25,
    "云上天河酒店": 26,
    "湖磊南路": 27,
    "湖磊北路": 28,
    "腊妹滩": 29,
    "明星家私": 30
  },
  "down": {
    "明星家私": 31,
    "腊妹滩": 32,
    "湖磊北路": 33,
    "湖磊南路": 34,
    "云上天河酒店": 35,
    "喜天城·雅筑酒店(贵阳天河潭景区店)": 36,
    "108县道": 37,
    "优品驿站供应链有限公司": 38,
    "石板镇妇幼保健计划生育服务站": 39,
    "石板二村": 40,
    "联塑管道(贵安大道店)": 41,
    "筲箕地农庄餐饮服务店": 42,
    "贵州奥八马展柜": 43,
    "夜猫台球俱乐部": 44,
    "贵阳金竹酒店": 45,
    "贵州省农业科学院旱粮研究所": 46,
    "贵阳农科院春晖苑": 47,
    "贵州省农业科学院现代农业发展研究所": 48,
    "中坝卫生服务中心新冠疫苗接种点": 49,
    "侗寨风雨桥": 50,
    "金竹路": 51,
    "贵阳市南明区人民法院花果园社区巡回法庭": 52,
    "贵州旺民职业技术学校(装修中)": 53,
    "贵阳睿缘旅社": 54,
    "贵阳市南明区苗苗实验学校": 55,
    "改茶大道": 56,
    "三桥综合批发市场-南区": 57,
    "秘招专治颈椎": 58,
    "天然居": 59,
    "贵阳市公安局云岩分局刑侦大队金鸭中队": 60
  }
}