{
  "明星家私": 756,
  "腊妹滩": 840,
  "湖磊北路": 749,
  "湖磊南路": 1827,
  "云上天河酒店": 787,
  "喜天城·雅筑酒店(贵阳天河潭景区店)": 830,
  "108县道": 830,
  "优品驿站供应链有限公司": 1068,
  "石板镇妇幼保健计划生育服务站": 1486,
  "石板二村": 646,
  "联塑管道(贵安大道店)": 1204,
  "筲箕地农庄餐饮服务店": 994,
  "贵州奥八马展柜": 1209,
  "夜猫台球俱乐部": 2465,
  "贵阳金竹酒店": 1645,
  "贵州省农业科学院旱粮研究所": 674,
  "贵阳农科院春晖苑": 654,
  "贵州省农业科学院现代农业发展研究所": 1716,
  "中坝卫生服务中心新冠疫苗接种点": 2357,
  "侗寨风雨桥": 1009,
  "金竹路": 791,
  "贵阳市南明区人民法院花果园社区巡回法庭": 858,
  "贵州旺民职业技术学校(装修中)": 726,
  "贵阳睿缘旅社": 746,
  "贵阳市南明区苗苗实验学校": 1898,
  "改茶大道": 727,
  "三桥综合批发市场-南区": 671,
  "秘招专治颈椎": 1040,
  "天然居": 818
}