{
  "贵阳市公安局云岩分局刑侦大队金鸭中队": 580,
  "天然居": 802,
  "秘招专治颈椎": 433,
  "三桥综合批发市场-南区": 489,
  "改茶大道": 1660,
  "贵阳市南明区苗苗实验学校": 508,
  "贵阳睿缘旅社": 488,
  "贵州旺民职业技术学校(装修中)": 620,
  "贵阳市南明区人民法院花果园社区巡回法庭": 553,
  "金竹路": 771,
  "侗寨风雨桥": 2119,
  "中坝卫生服务中心新冠疫苗接种点": 1478,
  "贵州省农业科学院现代农业发展研究所": 416,
  "贵阳农科院春晖苑": 436,
  "贵州省农业科学院旱粮研究所": 1407,
  "贵阳金竹酒店": 2227,
  "夜猫台球俱乐部": 971,
  "贵州奥八马展柜": 756,
  "筲箕地农庄餐饮服务店": 966,
  "联塑管道(贵安大道店)": 408,
  "石板二村": 1248,
  "石板镇妇幼保健计划生育服务站": 830,
  "优品驿站供应链有限公司": 592,
  "108县道": 592,
  "喜天城·雅筑酒店(贵阳天河潭景区店)": 549,
  "云上天河酒店": 1589,
  "湖磊南路": 511,
  "湖磊北路": 602,
  "腊妹滩": 518
}