{
  "up": {
    "1": "贵阳市公安局云岩分局刑侦大队金鸭中队",
    "2": "天然居",
    "3": "秘招专治颈椎",
    "4": "三桥综合批发市场-南区",
    "5": "改茶大道",
    "6": "贵阳市南明区苗苗实验学校",
    "7": "贵阳睿缘旅社",
    "8": "贵州旺民职业技术学校(装修中)",
    "9": "贵阳市南明区人民法院花果园社区巡回法庭",
    "10": "金竹路",
    "11": "侗寨风雨桥",
    "12": "中坝卫生服务中心新冠疫苗接种点",
    "13": "贵州省农业科学院现代农业发展研究所",
    "14": "贵阳农科院春晖苑",
    "15": "贵州省农业科学院旱粮研究所",
    "16": "贵阳金竹酒店",
    "17": "夜猫台球俱乐部",
    "18": "贵州奥八马展柜",
    "19": "筲箕地农庄餐饮服务店",
    "20": "联塑管道(贵安大道店)",
    "21": "石板二村",
    "22": "石板镇妇幼保健计划生育服务站",
    "23": "优品驿站供应链有限公司",
    "24": "108县道",
    "25": "喜天城·雅筑酒店(贵阳天河潭景区店)",
    "26": "云上天河酒店",
    "27": "湖磊南路",
    "28": "湖磊北路",
    "29": "腊妹滩",
    "30": "明星家私"
  },
  "down": {
    "31": "明星家私",
    "32": "腊妹滩",
    "33": "湖磊北路",
    "34": "湖磊南路",
    "35": "云上天河酒店",
    "36": "喜天城·雅筑酒店(贵阳天河潭景区店)",
    "37": "108县道",
    "38": "优品驿站供应链有限公司",
    "39": "石板镇妇幼保健计划生育服务站",
    "40": "石板二村",
    "41": "联塑管道(贵安大道店)",
    "42": "筲箕地农庄餐饮服务店",
    "43": "贵州奥八马展柜",
    "44": "夜猫台球俱乐部",
    "45": "贵阳金竹酒店",
    "46": "贵州省农业科学院旱粮研究所",
    "47": "贵阳农科院春晖苑",
    "48": "贵州省农业科学院现代农业发展研究所",
    "49": "中坝卫生服务中心新冠疫苗接种点",
    "50": "侗寨风雨桥",
    "51": "金竹路",
    "52": "贵阳市南明区人民法院花果园社区巡回法庭",
    "53": "贵州旺民职业技术学校(装修中)",
    "54": "贵阳睿缘旅社",
    "55": "贵阳市南明区苗苗实验学校",
    "56": "改茶大道",
    "57": "三桥综合批发市场-南区",
    "58": "秘招专治颈椎",
    "59": "天然居",
    "60": "贵阳市公安局云岩分局刑侦大队金鸭中队"
  }
}