{
  "up": {
    "1": "曦阳山庄",
    "2": "幸福家园",
    "3": "遵义一品鲜羊肉粉(万江路店)",
    "4": "黔顺德牛羊宽座",
    "5": "疏老城棚户区改造指挥部1.5环土地房屋征拆工作组",
    "6": "安顺屯堡烤小肠(天誉城店)",
    "7": "张晓洁缸缸麻辣烫(天誉城店)",
    "8": "美之都整形美容",
    "9": "刘掌柜大关辣子鸡(皇家井酒直供店)",
    "10": "杨永权毛肚火锅(观山东路店)",
    "11": "贵州军阅国际酒店",
    "12": "原汤牛肉粉",
    "13": "贵州炭文化交流中心",
    "14": "中共金阳街道上寨村支部委员会",
    "15": "江西养身煨汤(美的林城店)",
    "16": "招商银行贵阳分行营业部",
    "17": "维尔斯酒店(贵阳会展中心店)",
    "18": "御林苑黄焖鸡米饭(月华轩店)",
    "19": "平安乡村杀猪饭(粑粑坳店)",
    "20": "同城南路",
    "21": "白金大道",
    "22": "富炬智能升降茶几",
    "23": "白沙关社区卫生服务中心新冠疫苗接种点",
    "24": "香香豆米火锅(龚北路店)",
    "25": "喜悦财富酒店(白云店)",
    "26": "贵阳出口(G6002贵阳绕城高速东向)",
    "27": "贵阳柏菲特假日公寓",
    "28": "贵州科学院新材料创新孵化园",
    "29": "赛卡司测控技术研究院",
    "30": "太阳湖滨河公园",
    "31": "150县道",
    "32": "创纬路",
    "33": "1号路",
    "34": "姨妈冲"
  },
  "down": {
    "35": "姨妈冲",
    "36": "1号路",
    "37": "创纬路",
    "38": "150县道",
    "39": "太阳湖滨河公园",
    "40": "赛卡司测控技术研究院",
    "41": "贵州科学院新材料创新孵化园",
    "42": "贵阳柏菲特假日公寓",
    "43": "贵阳出口(G6002贵阳绕城高速东向)",
    "44": "喜悦财富酒店(白云店)",
    "45": "香香豆米火锅(龚北路店)",
    "46": "白沙关社区卫生服务中心新冠疫苗接种点",
    "47": "富炬智能升降茶几",
    "48": "白金大道",
    "49": "同城南路",
    "50": "平安乡村杀猪饭(粑粑坳店)",
    "51": "御林苑黄焖鸡米饭(月华轩店)",
    "52": "维尔斯酒店(贵阳会展中心店)",
    "53": "招商银行贵阳分行营业部",
    "54": "江西养身煨汤(美的林城店)",
    "55": "中共金阳街道上寨村支部委员会",
    "56": "贵州炭文化交流中心",
    "57": "原汤牛肉粉",
    "58": "贵州军阅国际酒店",
    "59": "杨永权毛肚火锅(观山东路店)",
    "60": "刘掌柜大关辣子鸡(皇家井酒直供店)",
    "61": "美之都整形美容",
    "62": "张晓洁缸缸麻辣烫(天誉城店)",
    "63": "安顺屯堡烤小肠(天誉城店)",
    "64": "疏老城棚户区改造指挥部1.5环土地房屋征拆工作组",
    "65": "黔顺德牛羊宽座",
    "66": "遵义一品鲜羊肉粉(万江路店)",
    "67": "幸福家园",
    "68": "曦阳山庄"
  }
}