{
  "曦阳山庄": 568,
  "幸福家园": 425,
  "遵义一品鲜羊肉粉(万江路店)": 946,
  "黔顺德牛羊宽座": 428,
  "疏老城棚户区改造指挥部1.5环土地房屋征拆工作组": 606,
  "安顺屯堡烤小肠(天誉城店)": 409,
  "张晓洁缸缸麻辣烫(天誉城店)": 540,
  "美之都整形美容": 1413,
  "刘掌柜大关辣子鸡(皇家井酒直供店)": 549,
  "杨永权毛肚火锅(观山东路店)": 718,
  "贵州军阅国际酒店": 430,
  "原汤牛肉粉": 493,
  "贵州炭文化交流中心": 460,
  "中共金阳街道上寨村支部委员会": 470,
  "江西养身煨汤(美的林城店)": 886,
  "招商银行贵阳分行营业部": 631,
  "维尔斯酒店(贵阳会展中心店)": 419,
  "御林苑黄焖鸡米饭(月华轩店)": 415,
  "平安乡村杀猪饭(粑粑坳店)": 431,
  "同城南路": 967,
  "白金大道": 648,
  "富炬智能升降茶几": 668,
  "白沙关社区卫生服务中心新冠疫苗接种点": 881,
  "香香豆米火锅(龚北路店)": 640,
  "喜悦财富酒店(白云店)": 459,
  "贵阳出口(G6002贵阳绕城高速东向)": 504,
  "贵阳柏菲特假日公寓": 863,
  "贵州科学院新材料创新孵化园": 867,
  "赛卡司测控技术研究院": 864,
  "太阳湖滨河公园": 725,
  "150县道": 1401,
  "创纬路": 734,
  "1号路": 710
}