{
  "up": {
    "曦阳山庄": 1,
    "幸福家园": 2,
    "遵义一品鲜羊肉粉(万江路店)": 3,
    "黔顺德牛羊宽座": 4,
    "疏老城棚户区改造指挥部1.5环土地房屋征拆工作组": 5,
    "安顺屯堡烤小肠(天誉城店)": 6,
    "张晓洁缸缸麻辣烫(天誉城店)": 7,
    "美之都整形美容": 8,
    "刘掌柜大关辣子鸡(皇家井酒直供店)": 9,
    "杨永权毛肚火锅(观山东路店)": 10,
    "贵州军阅国际酒店": 11,
    "原汤牛肉粉": 12,
    "贵州炭文化交流中心": 13,
    "中共金阳街道上寨村支部委员会": 14,
    "江西养身煨汤(美的林城店)": 15,
    "招商银行贵阳分行营业部": 16,
    "维尔斯酒店(贵阳会展中心店)": 17,
    "御林苑黄焖鸡米饭(月华轩店)": 18,
    "平安乡村杀猪饭(粑粑坳店)": 19,
    "同城南路": 20,
    "白金大道": 21,
    "富炬智能升降茶几": 22,
    "白沙关社区卫生服务中心新冠疫苗接种点": 23,
    "香香豆米火锅(龚北路店)": 24,
    "喜悦财富酒店(白云店)": 25,
    "贵阳出口(G6002贵阳绕城高速东向)": 26,
    "贵阳柏菲特假日公寓": 27,
    "贵州科学院新材料创新孵化园": 28,
    "赛卡司测控技术研究院": 29,
    "太阳湖滨河公园": 30,
    "150县道": 31,
    "创纬路": 32,
    "1号路": 33,
    "姨妈冲": 34
  },
  "down": {
    "姨妈冲": 35,
    "1号路": 36,
    "创纬路": 37,
    "150县道": 38,
    "太阳湖滨河公园": 39,
    "赛卡司测控技术研究院": 40,
    "贵州科学院新材料创新孵化园": 41,
    "贵阳柏菲特假日公寓": 42,
    "贵阳出口(G6002贵阳绕城高速东向)": 43,
    "喜悦财富酒店(白云店)": 44,
    "香香豆米火锅(龚北路店)": 45,
    "白沙关社区卫生服务中心新冠疫苗接种点": 46,
    "富炬智能升降茶几": 47,
    "白金大道": 48,
    "同城南路": 49,
    "平安乡村杀猪饭(粑粑坳店)": 50,
    "御林苑黄焖鸡米饭(月华轩店)": 51,
    "维尔斯酒店(贵阳会展中心店)": 52,
    "招商银行贵阳分行营业部": 53,
    "江西养身煨汤(美的林城店)": 54,
    "中共金阳街道上寨村支部委员会": 55,
    "贵州炭文化交流中心": 56,
    "原汤牛肉粉": 57,
    "贵州军阅国际酒店": 58,
    "杨永权毛肚火锅(观山东路店)": 59,
    "刘掌柜大关辣子鸡(皇家井酒直供店)": 60,
    "美之都整形美容": 61,
    "张晓洁缸缸麻辣烫(天誉城店)": 62,
    "安顺屯堡烤小肠(天誉城店)": 63,
    "疏老城棚户区改造指挥部1.5环土地房屋征拆工作组": 64,
    "黔顺德牛羊宽座": 65,
    "遵义一品鲜羊肉粉(万江路店)": 66,
    "幸福家园": 67,
    "曦阳山庄": 68
  }
}