{
  "姨妈冲": 718,
  "1号路": 742,
  "创纬路": 1409,
  "150县道": 733,
  "太阳湖滨河公园": 872,
  "赛卡司测控技术研究院": 875,
  "贵州科学院新材料创新孵化园": 871,
  "贵阳柏菲特假日公寓": 512,
  "贵阳出口(G6002贵阳绕城高速东向)": 467,
  "喜悦财富酒店(白云店)": 648,
  "香香豆米火锅(龚北路店)": 889,
  "白沙关社区卫生服务中心新冠疫苗接种点": 676,
  "富炬智能升降茶几": 656,
  "白金大道": 975,
  "同城南路": 439,
  "平安乡村杀猪饭(粑粑坳店)": 423,
  "御林苑黄焖鸡米饭(月华轩店)": 427,
  "维尔斯酒店(贵阳会展中心店)": 639,
  "招商银行贵阳分行营业部": 894,
  "江西养身煨汤(美的林城店)": 478,
  "中共金阳街道上寨村支部委员会": 468,
  "贵州炭文化交流中心": 501,
  "原汤牛肉粉": 438,
  "贵州军阅国际酒店": 726,
  "杨永权毛肚火锅(观山东路店)": 557,
  "刘掌柜大关辣子鸡(皇家井酒直供店)": 1421,
  "美之都整形美容": 548,
  "张晓洁缸缸麻辣烫(天誉城店)": 417,
  "安顺屯堡烤小肠(天誉城店)": 614,
  "疏老城棚户区改造指挥部1.5环土地房屋征拆工作组": 436,
  "黔顺德牛羊宽座": 954,
  "遵义一品鲜羊肉粉(万江路店)": 433,
  "幸福家园": 576
}