{
  "贵州创优纸业有限公司": {
    "time": [
      "06:15:44",
      "06:31:05",
      "06:45:55",
      "07:01:35",
      "07:15:51",
      "07:30:15",
      "07:45:32",
      "08:01:06",
      "08:16:34",
      "08:31:29",
      "08:45:45",
      "09:01:12",
      "09:16:41",
      "09:30:54",
      "09:46:10",
      "10:01:50",
      "10:16:58",
      "10:31:49",
      "10:46:32",
      "11:00:50",
      "11:15:40",
      "11:30:01",
      "11:45:38",
      "12:00:09",
      "12:15:03",
      "12:29:57",
      "12:45:12",
      "13:00:12",
      "13:14:41",
      "13:30:13",
      "13:45:20",
      "14:00:31",
      "14:16:05",
      "14:30:48",
      "14:46:21",
      "15:01:16",
      "15:16:35",
      "15:30:50",
      "15:46:21",
      "16:01:29",
      "16:17:19",
      "16:31:38",
      "16:45:57",
      "17:00:54",
      "17:16:11",
      "17:31:41",
      "17:47:22",
      "18:02:31",
      "18:17:19",
      "18:33:09",
      "18:48:34",
      "19:04:24",
      "19:19:25",
      "19:33:36",
      "19:49:24",
      "20:04:27",
      "20:20:03",
      "20:35:43",
      "20:51:12",
      "21:06:30",
      "21:21:29",
      "21:37:14",
      "21:51:49",
      "22:07:20"
    ],
    "board": [
      15,
      13,
      12,
      13,
      14,
      2,
      0,
      0,
      15,
      4,
      6,
      6,
      3,
      0,
      7,
      8,
      11,
      4,
      1,
      10,
      3,
      11,
      8,
      8,
      5,
      1,
      5,
      15,
      14,
      3,
      2,
      11,
      11,
      8,
      12,
      9,
      7,
      3,
      5,
      13,
      3,
      13,
      7,
      15,
      1,
      4,
      5,
      2,
      8,
      14,
      14,
      2,
      14,
      14,
      2,
      4,
      1,
      1,
      7,
      13,
      2,
      12,
      6,
      13
    ],
    "alight": [
      0,
      0,
      0,
      0,
      0,
      0,
      0,
      0,
      0,
      0,
      0,
      0,
      0,
      0,
      0,
      0,
      0,
      0,
      0,
      0,
      0,
      0,
      0,
      0,
      0,
      0,
      0,
      0,
      0,
      0,
      0,
      0,
      0,
      0,
      0,
      0,
      0,
      0,
      0,
      0,
      0,
      0,
      0,
      0,
      0,
      0,
      0,
      0,
      0,
      0,
      0,
      0,
      0,
      0,
      0,
      0,
      0,
      0,
      0,
      0,
      0,
      0,
      0,
      0
    ]
  },
  "212国道": {
    "time": [
      "06:15:44",
      "06:31:05",
      "06:45:55",
      "07:01:35",
      "07:15:51",
      "07:30:15",
      "07:45:32",
      "08:01:06",
      "08:16:34",
      "08:31:29",
      "08:45:45",
      "09:01:12",
      "09:16:41",
      "09:30:54",
      "09:46:10",
      "10:01:50",
      "10:16:58",
      "10:31:49",
      "10:46:32",
      "11:00:50",
      "11:15:40",
      "11:30:01",
      "11:45:38",
      "12:00:09",
      "12:15:03",
      "12:29:57",
      "12:45:12",
      "13:00:12",
      "13:14:41",
      "13:30:13",
      "13:45:20",
      "14:00:31",
      "14:16:05",
      "14:30:48",
      "14:46:21",
      "15:01:16",
      "15:16:35",
      "15:30:50",
      "15:46:21",
      "16:01:29",
      "16:17:19",
      "16:31:38",
      "16:45:57",
      "17:00:54",
      "17:16:11",
      "17:31:41",
      "17:47:22",
      "18:02:31",
      "18:17:19",
      "18:33:09",
      "18:48:34",
      "19:04:24",
      "19:19:25",
      "19:33:36",
      "19:49:24",
      "20:04:27",
      "20:20:03",
      "20:35:43",
      "20:51:12",
      "21:06:30",
      "21:21:29",
      "21:37:14",
      "21:51:49",
      "22:07:20"
    ],
    "board": [
      4,
      4,
      5,
      0,
      14,
      6,
      9,
      6,
      10,
      4,
      14,
      4,
      1,
      6,
      0,
      14,
      12,
      15,
      5,
      2,
      5,
      9,
      2,
      6,
      11,
      10,
      9,
      9,
      7,
      6,
      1,
      6,
      3,
      8,
      0,
      14,
      6,
      7,
      12,
      4,
      8,
      10,
      6,
      4,
      1,
      12,
      2,
      0,
      9,
      15,
      7,
      15,
      5,
      10,
      2,
      4,
      9,
      5,
      3,
      6,
      3,
      1,
      7,
      8
    ],
    "alight": [
      0,
      0,
      0,
      0,
      0,
      0,
      0,
      0,
      0,
      0,
      0,
      0,
      0,
      0,
      0,
      0,
      0,
      0,
      0,
      0,
      0,
      0,
      0,
      0,
      0,
      0,
      0,
      0,
      0,
      0,
      0,
      0,
      0,
      0,
      0,
      0,
      0,
      0,
      0,
      0,
      0,
      0,
      0,
      0,
      0,
      0,
      0,
      0,
      0,
      0,
      0,
      0,
      0,
      0,
      0,
      0,
      0,
      0,
      0,
      0,
      0,
      0,
      0,
      0
    ]
  },
  "新村村委会": {
    "time": [
      "06:15:44",
      "06:31:05",
      "06:45:55",
      "07:01:35",
      "07:15:51",
      "07:30:15",
      "07:45:32",
      "08:01:06",
      "08:16:34",
      "08:31:29",
      "08:45:45",
      "09:01:12",
      "09:16:41",
      "09:30:54",
      "09:46:10",
      "10:01:50",
      "10:16:58",
      "10:31:49",
      "10:46:32",
      "11:00:50",
      "11:15:40",
      "11:30:01",
      "11:45:38",
      "12:00:09",
      "12:15:03",
      "12:29:57",
      "12:45:12",
      "13:00:12",
      "13:14:41",
      "13:30:13",
      "13:45:20",
      "14:00:31",
      "14:16:05",
      "14:30:48",
      "14:46:21",
      "15:01:16",
      "15:16:35",
      "15:30:50",
      "15:46:21",
      "16:01:29",
      "16:17:19",
      "16:31:38",
      "16:45:57",
      "17:00:54",
      "17:16:11",
      "17:31:41",
      "17:47:22",
      "18:02:31",
      "18:17:19",
      "18:33:09",
      "18:48:34",
      "19:04:24",
      "19:19:25",
      "19:33:36",
      "19:49:24",
      "20:04:27",
      "20:20:03",
      "20:35:43",
      "20:51:12",
      "21:06:30",
      "21:21:29",
      "21:37:14",
      "21:51:49",
      "22:07:20"
    ],
    "board": [
      6,
      5,
      5,
      3,
      5,
      1,
      0,
      2,
      4,
      13,
      9,
      12,
      1,
      15,
      6,
      14,
      5,
      13,
      7,
      14,
      6,
      4,
      7,
      8,
      3,
      14,
      1,
      2,
      11,
      1,
      13,
      1,
      13,
      2,
      12,
      14,
      4,
      9,
      4,
      4,
      2,
      10,
      7,
      0,
      1,
      1,
      12,
      4,
      9,
      8,
      4,
      13,
      14,
      2,
      3,
      13,
      9,
      2,
      5,
      0,
      1,
      4,
      0,
      15
    ],
    "alight": [
      0,
      0,
      0,
      0,
      0,
      0,
      0,
      0,
      0,
      0,
      0,
      0,
      0,
      0,
      0,
      0,
      0,
      0,
      0,
      0,
      0,
      0,
      0,
      0,
      0,
      2,
      0,
      0,
      0,
      0,
      0,
      0,
      0,
      0,
      0,
      0,
      0,
      0,
      0,
      0,
      1,
      0,
      0,
      0,
      0,
      0,
      0,
      0,
      0,
      0,
      0,
      0,
      0,
      0,
      0,
      0,
      0,
      0,
      0,
      0,
      0,
      0,
      0,
      0
    ]
  },
  "白云区麦架镇新村村村民委员会": {
    "time": [
      "06:15:44",
      "06:31:05",
      "06:45:55",
      "07:01:35",
      "07:15:51",
      "07:30:15",
      "07:45:32",
      "08:01:06",
      "08:16:34",
      "08:31:29",
      "08:45:45",
      "09:01:12",
      "09:16:41",
      "09:30:54",
      "09:46:10",
      "10:01:50",
      "10:16:58",
      "10:31:49",
      "10:46:32",
      "11:00:50",
      "11:15:40",
      "11:30:01",
      "11:45:38",
      "12:00:09",
      "12:15:03",
      "12:29:57",
      "12:45:12",
      "13:00:12",
      "13:14:41",
      "13:30:13",
      "13:45:20",
      "14:00:31",
      "14:16:05",
      "14:30:48",
      "14:46:21",
      "15:01:16",
      "15:16:35",
      "15:30:50",
      "15:46:21",
      "16:01:29",
      "16:17:19",
      "16:31:38",
      "16:45:57",
      "17:00:54",
      "17:16:11",
      "17:31:41",
      "17:47:22",
      "18:02:31",
      "18:17:19",
      "18:33:09",
      "18:48:34",
      "19:04:24",
      "19:19:25",
      "19:33:36",
      "19:49:24",
      "20:04:27",
      "20:20:03",
      "20:35:43",
      "20:51:12",
      "21:06:30",
      "21:21:29",
      "21:37:14",
      "21:51:49",
      "22:07:20"
    ],
    "board": [
      15,
      8,
      6,
      13,
      15,
      7,
      15,
      15,
      10,
      8,
      11,
      8,
      6,
      14,
      0,
      11,
      0,
      14,
      14,
      7,
      5,
      4,
      7,
      3,
      12,
      8,
      15,
      3,
      15,
      0,
      4,
      4,
      10,
      7,
      15,
      13,
      9,
      6,
      7,
      13,
      5,
      3,
      2,
      2,
      4,
      10,
      2,
      13,
      4,
      12,
      4,
      0,
      3,
      9,
      5,
      15,
      1,
      13,
      1,
      2,
      2,
      10,
      8,
      15
    ],
    "alight": [
      1,
      0,
      0,
      0,
      0,
      0,
      0,
      0,
      0,
      4,
      0,
      0,
      2,
      0,
      0,
      0,
      0,
      0,
      0,
      0,
      4,
      0,
      0,
      0,
      0,
      0,
      4,
      0,
      0,
      0,
      0,
      0,
      0,
      0,
      0,
      0,
      0,
      0,
      0,
      0,
      0,
      0,
      0,
      0,
      0,
      1,
      0,
      0,
      0,
      0,
      0,
      0,
      0,
      0,
      0,
      0,
      0,
      0,
      0,
      0,
      0,
      0,
      0,
      0
    ]
  },
  "卞发宾馆": {
    "time": [
      "06:15:44",
      "06:31:05",
      "06:45:55",
      "07:01:35",
      "07:15:51",
      "07:30:15",
      "07:45:32",
      "08:01:06",
      "08:16:34",
      "08:31:29",
      "08:45:45",
      "09:01:12",
      "09:16:41",
      "09:30:54",
      "09:46:10",
      "10:01:50",
      "10:16:58",
      "10:31:49",
      "10:46:32",
      "11:00:50",
      "11:15:40",
      "11:30:01",
      "11:45:38",
      "12:00:09",
      "12:15:03",
      "12:29:57",
      "12:45:12",
      "13:00:12",
      "13:14:41",
      "13:30:13",
      "13:45:20",
      "14:00:31",
      "14:16:05",
      "14:30:48",
      "14:46:21",
      "15:01:16",
      "15:16:35",
      "15:30:50",
      "15:46:21",
      "16:01:29",
      "16:17:19",
      "16:31:38",
      "16:45:57",
      "17:00:54",
      "17:16:11",
      "17:31:41",
      "17:47:22",
      "18:02:31",
      "18:17:19",
      "18:33:09",
      "18:48:34",
      "19:04:24",
      "19:19:25",
      "19:33:36",
      "19:49:24",
      "20:04:27",
      "20:20:03",
      "20:35:43",
      "20:51:12",
      "21:06:30",
      "21:21:29",
      "21:37:14",
      "21:51:49",
      "22:07:20"
    ],
    "board": [
      10,
      0,
      10,
      4,
      2,
      7,
      5,
      0,
      6,
      8,
      6,
      9,
      11,
      7,
      7,
      15,
      0,
      6,
      5,
      0,
      6,
      6,
      13,
      1,
      2,
      9,
      11,
      7,
      14,
      1,
      3,
      10,
      6,
      6,
      10,
      8,
      14,
      0,
      5,
      6,
      7,
      12,
      14,
      13,
      4,
      9,
      11,
      12,
      15,
      4,
      8,
      12,
      3,
      0,
      11,
      7,
      8,
      12,
      5,
      14,
      12,
      2,
      15,
      15
    ],
    "alight": [
      7,
      14,
      8,
      5,
      6,
      4,
      15,
      0,
      6,
      6,
      3,
      1,
      7,
      3,
      3,
      5,
      13,
      5,
      3,
      9,
      4,
      15,
      9,
      12,
      7,
      9,
      9,
      4,
      8,
      5,
      0,
      1,
      10,
      8,
      7,
      6,
      5,
      0,
      12,
      8,
      11,
      0,
      15,
      6,
      8,
      14,
      3,
      15,
      12,
      7,
      0,
      15,
      7,
      6,
      7,
      7,
      4,
      5,
      12,
      12,
      2,
      10,
      0,
      6
    ]
  },
  "明兰本草": {
    "time": [
      "06:15:44",
      "06:31:05",
      "06:45:55",
      "07:01:35",
      "07:15:51",
      "07:30:15",
      "07:45:32",
      "08:01:06",
      "08:16:34",
      "08:31:29",
      "08:45:45",
      "09:01:12",
      "09:16:41",
      "09:30:54",
      "09:46:10",
      "10:01:50",
      "10:16:58",
      "10:31:49",
      "10:46:32",
      "11:00:50",
      "11:15:40",
      "11:30:01",
      "11:45:38",
      "12:00:09",
      "12:15:03",
      "12:29:57",
      "12:45:12",
      "13:00:12",
      "13:14:41",
      "13:30:13",
      "13:45:20",
      "14:00:31",
      "14:16:05",
      "14:30:48",
      "14:46:21",
      "15:01:16",
      "15:16:35",
      "15:30:50",
      "15:46:21",
      "16:01:29",
      "16:17:19",
      "16:31:38",
      "16:45:57",
      "17:00:54",
      "17:16:11",
      "17:31:41",
      "17:47:22",
      "18:02:31",
      "18:17:19",
      "18:33:09",
      "18:48:34",
      "19:04:24",
      "19:19:25",
      "19:33:36",
      "19:49:24",
      "20:04:27",
      "20:20:03",
      "20:35:43",
      "20:51:12",
      "21:06:30",
      "21:21:29",
      "21:37:14",
      "21:51:49",
      "22:07:20"
    ],
    "board": [
      5,
      14,
      12,
      13,
      6,
      1,
      11,
      11,
      0,
      15,
      14,
      3,
      13,
      8,
      10,
      6,
      12,
      9,
      0,
      10,
      5,
      12,
      7,
      14,
      2,
      6,
      2,
      13,
      9,
      0,
      10,
      6,
      5,
      8,
      6,
      12,
      9,
      15,
      12,
      11,
      15,
      2,
      0,
      8,
      4,
      3,
      7,
      4,
      0,
      13,
      4,
      12,
      9,
      7,
      13,
      15,
      12,
      7,
      1,
      13,
      5,
      8,
      0,
      10
    ],
    "alight": [
      11,
      10,
      5,
      8,
      10,
      7,
      7,
      7,
      6,
      4,
      9,
      11,
      9,
      5,
      7,
      13,
      3,
      12,
      7,
      1,
      9,
      10,
      10,
      3,
      5,
      8,
      4,
      7,
      5,
      5,
      5,
      12,
      10,
      15,
      1,
      8,
      1,
      10,
      1,
      13,
      11,
      15,
      3,
      5,
      3,
      3,
      1,
      7,
      14,
      4,
      3,
      2,
      13,
      10,
      12,
      11,
      7,
      7,
      15,
      11,
      11,
      2,
      10,
      7
    ]
  },
  "贵阳银行档案信息中心": {
    "time": [
      "06:15:44",
      "06:31:05",
      "06:45:55",
      "07:01:35",
      "07:15:51",
      "07:30:15",
      "07:45:32",
      "08:01:06",
      "08:16:34",
      "08:31:29",
      "08:45:45",
      "09:01:12",
      "09:16:41",
      "09:30:54",
      "09:46:10",
      "10:01:50",
      "10:16:58",
      "10:31:49",
      "10:46:32",
      "11:00:50",
      "11:15:40",
      "11:30:01",
      "11:45:38",
      "12:00:09",
      "12:15:03",
      "12:29:57",
      "12:45:12",
      "13:00:12",
      "13:14:41",
      "13:30:13",
      "13:45:20",
      "14:00:31",
      "14:16:05",
      "14:30:48",
      "14:46:21",
      "15:01:16",
      "15:16:35",
      "15:30:50",
      "15:46:21",
      "16:01:29",
      "16:17:19",
      "16:31:38",
      "16:45:57",
      "17:00:54",
      "17:16:11",
      "17:31:41",
      "17:47:22",
      "18:02:31",
      "18:17:19",
      "18:33:09",
      "18:48:34",
      "19:04:24",
      "19:19:25",
      "19:33:36",
      "19:49:24",
      "20:04:27",
      "20:20:03",
      "20:35:43",
      "20:51:12",
      "21:06:30",
      "21:21:29",
      "21:37:14",
      "21:51:49",
      "22:07:20"
    ],
    "board": [
      15,
      13,
      1,
      5,
      2,
      4,
      15,
      11,
      4,
      2,
      12,
      4,
      8,
      5,
      12,
      9,
      5,
      10,
      6,
      0,
      0,
      8,
      11,
      4,
      14,
      10,
      7,
      9,
      15,
      13,
      15,
      14,
      12,
      6,
      12,
      10,
      0,
      0,
      11,
      0,
      11,
      4,
      5,
      10,
      14,
      4,
      8,
      14,
      6,
      9,
      14,
      3,
      5,
      1,
      13,
      3,
      1,
      8,
      8,
      13,
      10,
      4,
      5,
      13
    ],
    "alight": [
      0,
      5,
      6,
      9,
      5,
      9,
      5,
      15,
      13,
      0,
      0,
      13,
      15,
      12,
      13,
      11,
      2,
      0,
      7,
      1,
      2,
      4,
      12,
      11,
      0,
      3,
      11,
      9,
      7,
      9,
      11,
      6,
      11,
      5,
      8,
      12,
      12,
      8,
      9,
      2,
      13,
      7,
      9,
      12,
      1,
      10,
      2,
      5,
      4,
      12,
      2,
      0,
      6,
      13,
      0,
      10,
      10,
      7,
      3,
      11,
      3,
      3,
      2,
      9
    ]
  },
  "金童幼儿园": {
    "time": [
      "06:15:44",
      "06:31:05",
      "06:45:55",
      "07:01:35",
      "07:15:51",
      "07:30:15",
      "07:45:32",
      "08:01:06",
      "08:16:34",
      "08:31:29",
      "08:45:45",
      "09:01:12",
      "09:16:41",
      "09:30:54",
      "09:46:10",
      "10:01:50",
      "10:16:58",
      "10:31:49",
      "10:46:32",
      "11:00:50",
      "11:15:40",
      "11:30:01",
      "11:45:38",
      "12:00:09",
      "12:15:03",
      "12:29:57",
      "12:45:12",
      "13:00:12",
      "13:14:41",
      "13:30:13",
      "13:45:20",
      "14:00:31",
      "14:16:05",
      "14:30:48",
      "14:46:21",
      "15:01:16",
      "15:16:35",
      "15:30:50",
      "15:46:21",
      "16:01:29",
      "16:17:19",
      "16:31:38",
      "16:45:57",
      "17:00:54",
      "17:16:11",
      "17:31:41",
      "17:47:22",
      "18:02:31",
      "18:17:19",
      "18:33:09",
      "18:48:34",
      "19:04:24",
      "19:19:25",
      "19:33:36",
      "19:49:24",
      "20:04:27",
      "20:20:03",
      "20:35:43",
      "20:51:12",
      "21:06:30",
      "21:21:29",
      "21:37:14",
      "21:51:49",
      "22:07:20"
    ],
    "board": [
      8,
      11,
      13,
      13,
      0,
      11,
      6,
      6,
      2,
      15,
      10,
      12,
      14,
      3,
      7,
      8,
      8,
      1,
      14,
      7,
      9,
      0,
      1,
      3,
      9,
      15,
      4,
      13,
      13,
      10,
      12,
      8,
      4,
      4,
      14,
      15,
      4,
      4,
      12,
      4,
      10,
      12,
      2,
      9,
      3,
      11,
      12,
      15,
      1,
      1,
      1,
      10,
      11,
      2,
      15,
      13,
      9,
      14,
      0,
      11,
      3,
      4,
      10,
      8
    ],
    "alight": [
      7,
      11,
      2,
      2,
      1,
      15,
      2,
      13,
      0,
      0,
      6,
      14,
      8,
      6,
      5,
      14,
      12,
      2,
      2,
      15,
      2,
      8,
      0,
      3,
      0,
      4,
      11,
      1,
      3,
      1,
      11,
      11,
      2,
      2,
      10,
      9,
      5,
      14,
      15,
      1,
      5,
      7,
      2,
      9,
      11,
      4,
      3,
      0,
      9,
      8,
      9,
      0,
      9,
      6,
      11,
      5,
      11,
      6,
      5,
      11,
      15,
      4,
      15,
      1
    ]
  },
  "农家院柴火鸡": {
    "time": [
      "06:15:44",
      "06:31:05",
      "06:45:55",
      "07:01:35",
      "07:15:51",
      "07:30:15",
      "07:45:32",
      "08:01:06",
      "08:16:34",
      "08:31:29",
      "08:45:45",
      "09:01:12",
      "09:16:41",
      "09:30:54",
      "09:46:10",
      "10:01:50",
      "10:16:58",
      "10:31:49",
      "10:46:32",
      "11:00:50",
      "11:15:40",
      "11:30:01",
      "11:45:38",
      "12:00:09",
      "12:15:03",
      "12:29:57",
      "12:45:12",
      "13:00:12",
      "13:14:41",
      "13:30:13",
      "13:45:20",
      "14:00:31",
      "14:16:05",
      "14:30:48",
      "14:46:21",
      "15:01:16",
      "15:16:35",
      "15:30:50",
      "15:46:21",
      "16:01:29",
      "16:17:19",
      "16:31:38",
      "16:45:57",
      "17:00:54",
      "17:16:11",
      "17:31:41",
      "17:47:22",
      "18:02:31",
      "18:17:19",
      "18:33:09",
      "18:48:34",
      "19:04:24",
      "19:19:25",
      "19:33:36",
      "19:49:24",
      "20:04:27",
      "20:20:03",
      "20:35:43",
      "20:51:12",
      "21:06:30",
      "21:21:29",
      "21:37:14",
      "21:51:49",
      "22:07:20"
    ],
    "board": [
      4,
      14,
      0,
      2,
      11,
      6,
      13,
      13,
      7,
      13,
      0,
      8,
      9,
      12,
      0,
      12,
      14,
      10,
      4,
      11,
      10,
      12,
      11,
      2,
      1,
      13,
      13,
      8,
      3,
      1,
      8,
      2,
      5,
      8,
      6,
      1,
      7,
      7,
      1,
      4,
      10,
      12,
      5,
      10,
      4,
      12,
      0,
      7,
      0,
      9,
      2,
      5,
      4,
      12,
      7,
      4,
      14,
      6,
      14,
      12,
      7,
      8,
      2,
      15
    ],
    "alight": [
      8,
      9,
      11,
      8,
      11,
      7,
      1,
      15,
      15,
      11,
      15,
      5,
      1,
      1,
      10,
      12,
      7,
      10,
      4,
      0,
      3,
      14,
      2,
      10,
      1,
      7,
      13,
      4,
      7,
      15,
      1,
      1,
      2,
      1,
      6,
      8,
      15,
      7,
      4,
      6,
      7,
      10,
      8,
      11,
      1,
      14,
      11,
      12,
      8,
      12,
      11,
      5,
      11,
      14,
      0,
      13,
      3,
      11,
      5,
      8,
      5,
      7,
      7,
      9
    ]
  },
  "白云北路地铁站B口": {
    "time": [
      "06:15:44",
      "06:31:05",
      "06:45:55",
      "07:01:35",
      "07:15:51",
      "07:30:15",
      "07:45:32",
      "08:01:06",
      "08:16:34",
      "08:31:29",
      "08:45:45",
      "09:01:12",
      "09:16:41",
      "09:30:54",
      "09:46:10",
      "10:01:50",
      "10:16:58",
      "10:31:49",
      "10:46:32",
      "11:00:50",
      "11:15:40",
      "11:30:01",
      "11:45:38",
      "12:00:09",
      "12:15:03",
      "12:29:57",
      "12:45:12",
      "13:00:12",
      "13:14:41",
      "13:30:13",
      "13:45:20",
      "14:00:31",
      "14:16:05",
      "14:30:48",
      "14:46:21",
      "15:01:16",
      "15:16:35",
      "15:30:50",
      "15:46:21",
      "16:01:29",
      "16:17:19",
      "16:31:38",
      "16:45:57",
      "17:00:54",
      "17:16:11",
      "17:31:41",
      "17:47:22",
      "18:02:31",
      "18:17:19",
      "18:33:09",
      "18:48:34",
      "19:04:24",
      "19:19:25",
      "19:33:36",
      "19:49:24",
      "20:04:27",
      "20:20:03",
      "20:35:43",
      "20:51:12",
      "21:06:30",
      "21:21:29",
      "21:37:14",
      "21:51:49",
      "22:07:20"
    ],
    "board": [
      14,
      6,
      12,
      0,
      3,
      5,
      6,
      14,
      11,
      5,
      6,
      4,
      4,
      7,
      7,
      13,
      7,
      15,
      9,
      0,
      4,
      1,
      4,
      14,
      3,
      5,
      7,
      10,
      9,
      7,
      6,
      9,
      13,
      3,
      15,
      7,
      14,
      14,
      7,
      10,
      12,
      14,
      5,
      1,
      3,
      7,
      3,
      0,
      15,
      7,
      0,
      0,
      6,
      11,
      1,
      5,
      5,
      8,
      13,
      1,
      3,
      7,
      3,
      12
    ],
    "alight": [
      11,
      4,
      15,
      1,
      1,
      10,
      9,
      4,
      12,
      12,
      0,
      2,
      7,
      8,
      4,
      14,
      11,
      5,
      7,
      8,
      12,
      0,
      14,
      11,
      6,
      0,
      11,
      5,
      9,
      5,
      6,
      8,
      9,
      7,
      7,
      15,
      3,
      5,
      12,
      6,
      14,
      13,
      3,
      14,
      0,
      10,
      3,
      7,
      6,
      2,
      13,
      7,
      15,
      13,
      7,
      3,
      15,
      5,
      10,
      13,
      3,
      7,
      5,
      13
    ]
  },
  "大山洞街道办事处": {
    "time": [
      "06:15:44",
      "06:31:05",
      "06:45:55",
      "07:01:35",
      "07:15:51",
      "07:30:15",
      "07:45:32",
      "08:01:06",
      "08:16:34",
      "08:31:29",
      "08:45:45",
      "09:01:12",
      "09:16:41",
      "09:30:54",
      "09:46:10",
      "10:01:50",
      "10:16:58",
      "10:31:49",
      "10:46:32",
      "11:00:50",
      "11:15:40",
      "11:30:01",
      "11:45:38",
      "12:00:09",
      "12:15:03",
      "12:29:57",
      "12:45:12",
      "13:00:12",
      "13:14:41",
      "13:30:13",
      "13:45:20",
      "14:00:31",
      "14:16:05",
      "14:30:48",
      "14:46:21",
      "15:01:16",
      "15:16:35",
      "15:30:50",
      "15:46:21",
      "16:01:29",
      "16:17:19",
      "16:31:38",
      "16:45:57",
      "17:00:54",
      "17:16:11",
      "17:31:41",
      "17:47:22",
      "18:02:31",
      "18:17:19",
      "18:33:09",
      "18:48:34",
      "19:04:24",
      "19:19:25",
      "19:33:36",
      "19:49:24",
      "20:04:27",
      "20:20:03",
      "20:35:43",
      "20:51:12",
      "21:06:30",
      "21:21:29",
      "21:37:14",
      "21:51:49",
      "22:07:20"
    ],
    "board": [
      14,
      4,
      0,
      8,
      3,
      12,
      15,
      5,
      7,
      8,
      0,
      9,
      0,
      5,
      1,
      10,
      12,
      12,
      9,
      6,
      0,
      11,
      10,
      11,
      10,
      13,
      12,
      14,
      2,
      0,
      10,
      6,
      2,
      0,
      4,
      6,
      0,
      7,
      10,
      13,
      1,
      6,
      15,
      11,
      15,
      9,
      8,
      12,
      12,
      9,
      10,
      4,
      14,
      9,
      15,
      0,
      10,
      5,
      5,
      2,
      10,
      13,
      6,
      4
    ],
    "alight": [
      10,
      14,
      0,
      4,
      9,
      10,
      14,
      0,
      13,
      15,
      6,
      8,
      1,
      7,
      10,
      11,
      11,
      7,
      9,
      8,
      15,
      3,
      5,
      8,
      13,
      13,
      3,
      11,
      8,
      5,
      7,
      15,
      10,
      2,
      8,
      0,
      5,
      13,
      14,
      13,
      3,
      10,
      4,
      9,
      15,
      2,
      7,
      14,
      10,
      12,
      2,
      11,
      12,
      15,
      5,
      7,
      3,
      15,
      11,
      10,
      6,
      10,
      5,
      2
    ]
  },
  "育才路": {
    "time": [
      "06:15:44",
      "06:31:05",
      "06:45:55",
      "07:01:35",
      "07:15:51",
      "07:30:15",
      "07:45:32",
      "08:01:06",
      "08:16:34",
      "08:31:29",
      "08:45:45",
      "09:01:12",
      "09:16:41",
      "09:30:54",
      "09:46:10",
      "10:01:50",
      "10:16:58",
      "10:31:49",
      "10:46:32",
      "11:00:50",
      "11:15:40",
      "11:30:01",
      "11:45:38",
      "12:00:09",
      "12:15:03",
      "12:29:57",
      "12:45:12",
      "13:00:12",
      "13:14:41",
      "13:30:13",
      "13:45:20",
      "14:00:31",
      "14:16:05",
      "14:30:48",
      "14:46:21",
      "15:01:16",
      "15:16:35",
      "15:30:50",
      "15:46:21",
      "16:01:29",
      "16:17:19",
      "16:31:38",
      "16:45:57",
      "17:00:54",
      "17:16:11",
      "17:31:41",
      "17:47:22",
      "18:02:31",
      "18:17:19",
      "18:33:09",
      "18:48:34",
      "19:04:24",
      "19:19:25",
      "19:33:36",
      "19:49:24",
      "20:04:27",
      "20:20:03",
      "20:35:43",
      "20:51:12",
      "21:06:30",
      "21:21:29",
      "21:37:14",
      "21:51:49",
      "22:07:20"
    ],
    "board": [
      9,
      11,
      2,
      13,
      7,
      3,
      9,
      14,
      8,
      11,
      13,
      10,
      5,
      10,
      5,
      0,
      7,
      1,
      5,
      2,
      13,
      1,
      2,
      12,
      6,
      3,
      6,
      14,
      15,
      14,
      12,
      5,
      5,
      5,
      13,
      12,
      13,
      15,
      8,
      11,
      11,
      7,
      4,
      8,
      15,
      12,
      15,
      0,
      4,
      0,
      10,
      7,
      10,
      7,
      6,
      13,
      14,
      3,
      13,
      15,
      5,
      7,
      13,
      15
    ],
    "alight": [
      11,
      12,
      14,
      13,
      2,
      2,
      1,
      2,
      13,
      15,
      1,
      10,
      8,
      14,
      2,
      10,
      7,
      4,
      15,
      10,
      0,
      4,
      7,
      1,
      3,
      2,
      14,
      10,
      15,
      3,
      14,
      6,
      10,
      9,
      11,
      6,
      6,
      8,
      3,
      14,
      12,
      1,
      2,
      12,
      9,
      11,
      9,
      11,
      14,
      1,
      1,
      6,
      12,
      10,
      12,
      8,
      1,
      1,
      4,
      11,
      14,
      15,
      13,
      7
    ]
  },
  "白云区人大常委会": {
    "time": [
      "06:15:44",
      "06:31:05",
      "06:45:55",
      "07:01:35",
      "07:15:51",
      "07:30:15",
      "07:45:32",
      "08:01:06",
      "08:16:34",
      "08:31:29",
      "08:45:45",
      "09:01:12",
      "09:16:41",
      "09:30:54",
      "09:46:10",
      "10:01:50",
      "10:16:58",
      "10:31:49",
      "10:46:32",
      "11:00:50",
      "11:15:40",
      "11:30:01",
      "11:45:38",
      "12:00:09",
      "12:15:03",
      "12:29:57",
      "12:45:12",
      "13:00:12",
      "13:14:41",
      "13:30:13",
      "13:45:20",
      "14:00:31",
      "14:16:05",
      "14:30:48",
      "14:46:21",
      "15:01:16",
      "15:16:35",
      "15:30:50",
      "15:46:21",
      "16:01:29",
      "16:17:19",
      "16:31:38",
      "16:45:57",
      "17:00:54",
      "17:16:11",
      "17:31:41",
      "17:47:22",
      "18:02:31",
      "18:17:19",
      "18:33:09",
      "18:48:34",
      "19:04:24",
      "19:19:25",
      "19:33:36",
      "19:49:24",
      "20:04:27",
      "20:20:03",
      "20:35:43",
      "20:51:12",
      "21:06:30",
      "21:21:29",
      "21:37:14",
      "21:51:49",
      "22:07:20"
    ],
    "board": [
      5,
      4,
      7,
      12,
      5,
      9,
      3,
      13,
      12,
      9,
      4,
      3,
      9,
      9,
      11,
      3,
      4,
      10,
      11,
      4,
      15,
      5,
      3,
      13,
      13,
      11,
      10,
      15,
      4,
      6,
      8,
      11,
      14,
      9,
      3,
      4,
      15,
      6,
      5,
      11,
      10,
      4,
      3,
      0,
      8,
      9,
      13,
      0,
      15,
      3,
      2,
      15,
      8,
      6,
      1,
      15,
      11,
      14,
      12,
      11,
      0,
      1,
      8,
      15
    ],
    "alight": [
      11,
      13,
      10,
      10,
      9,
      7,
      7,
      4,
      15,
      3,
      4,
      14,
      11,
      11,
      7,
      0,
      7,
      3,
      3,
      4,
      3,
      5,
      3,
      11,
      1,
      7,
      9,
      1,
      12,
      3,
      4,
      9,
      4,
      7,
      8,
      5,
      5,
      7,
      5,
      5,
      11,
      4,
      15,
      8,
      8,
      1,
      15,
      4,
      6,
      7,
      7,
      5,
      13,
      10,
      10,
      0,
      13,
      7,
      0,
      2,
      14,
      3,
      3,
      13
    ]
  },
  "曲桥乐佛": {
    "time": [
      "06:15:44",
      "06:31:05",
      "06:45:55",
      "07:01:35",
      "07:15:51",
      "07:30:15",
      "07:45:32",
      "08:01:06",
      "08:16:34",
      "08:31:29",
      "08:45:45",
      "09:01:12",
      "09:16:41",
      "09:30:54",
      "09:46:10",
      "10:01:50",
      "10:16:58",
      "10:31:49",
      "10:46:32",
      "11:00:50",
      "11:15:40",
      "11:30:01",
      "11:45:38",
      "12:00:09",
      "12:15:03",
      "12:29:57",
      "12:45:12",
      "13:00:12",
      "13:14:41",
      "13:30:13",
      "13:45:20",
      "14:00:31",
      "14:16:05",
      "14:30:48",
      "14:46:21",
      "15:01:16",
      "15:16:35",
      "15:30:50",
      "15:46:21",
      "16:01:29",
      "16:17:19",
      "16:31:38",
      "16:45:57",
      "17:00:54",
      "17:16:11",
      "17:31:41",
      "17:47:22",
      "18:02:31",
      "18:17:19",
      "18:33:09",
      "18:48:34",
      "19:04:24",
      "19:19:25",
      "19:33:36",
      "19:49:24",
      "20:04:27",
      "20:20:03",
      "20:35:43",
      "20:51:12",
      "21:06:30",
      "21:21:29",
      "21:37:14",
      "21:51:49",
      "22:07:20"
    ],
    "board": [
      14,
      14,
      1,
      5,
      4,
      4,
      13,
      3,
      7,
      3,
      4,
      12,
      0,
      2,
      10,
      5,
      7,
      4,
      7,
      11,
      8,
      0,
      12,
      10,
      8,
      4,
      6,
      6,
      2,
      10,
      2,
      15,
      10,
      14,
      11,
      11,
      1,
      3,
      4,
      10,
      10,
      1,
      10,
      0,
      11,
      8,
      14,
      0,
      12,
      7,
      0,
      10,
      2,
      0,
      2,
      0,
      12,
      8,
      4,
      5,
      8,
      7,
      8,
      11
    ],
    "alight": [
      10,
      11,
      1,
      3,
      12,
      10,
      1,
      1,
      6,
      4,
      2,
      15,
      14,
      2,
      9,
      0,
      10,
      6,
      5,
      13,
      0,
      15,
      2,
      3,
      13,
      14,
      5,
      15,
      5,
      5,
      7,
      10,
      1,
      5,
      7,
      7,
      11,
      14,
      8,
      15,
      11,
      5,
      10,
      15,
      5,
      4,
      11,
      6,
      10,
      1,
      3,
      8,
      8,
      3,
      15,
      5,
      7,
      12,
      12,
      9,
      10,
      1,
      1,
      14
    ]
  },
  "易笔畅作文": {
    "time": [
      "06:15:44",
      "06:31:05",
      "06:45:55",
      "07:01:35",
      "07:15:51",
      "07:30:15",
      "07:45:32",
      "08:01:06",
      "08:16:34",
      "08:31:29",
      "08:45:45",
      "09:01:12",
      "09:16:41",
      "09:30:54",
      "09:46:10",
      "10:01:50",
      "10:16:58",
      "10:31:49",
      "10:46:32",
      "11:00:50",
      "11:15:40",
      "11:30:01",
      "11:45:38",
      "12:00:09",
      "12:15:03",
      "12:29:57",
      "12:45:12",
      "13:00:12",
      "13:14:41",
      "13:30:13",
      "13:45:20",
      "14:00:31",
      "14:16:05",
      "14:30:48",
      "14:46:21",
      "15:01:16",
      "15:16:35",
      "15:30:50",
      "15:46:21",
      "16:01:29",
      "16:17:19",
      "16:31:38",
      "16:45:57",
      "17:00:54",
      "17:16:11",
      "17:31:41",
      "17:47:22",
      "18:02:31",
      "18:17:19",
      "18:33:09",
      "18:48:34",
      "19:04:24",
      "19:19:25",
      "19:33:36",
      "19:49:24",
      "20:04:27",
      "20:20:03",
      "20:35:43",
      "20:51:12",
      "21:06:30",
      "21:21:29",
      "21:37:14",
      "21:51:49",
      "22:07:20"
    ],
    "board": [
      15,
      7,
      5,
      9,
      5,
      10,
      13,
      5,
      11,
      11,
      4,
      10,
      6,
      15,
      15,
      14,
      10,
      11,
      3,
      1,
      2,
      7,
      1,
      11,
      15,
      2,
      3,
      0,
      11,
      11,
      8,
      15,
      13,
      5,
      0,
      3,
      5,
      6,
      1,
      8,
      14,
      3,
      13,
      2,
      8,
      12,
      4,
      3,
      6,
      12,
      11,
      3,
      1,
      11,
      3,
      4,
      14,
      10,
      13,
      4,
      4,
      6,
      7,
      11
    ],
    "alight": [
      6,
      14,
      4,
      7,
      12,
      11,
      7,
      1,
      10,
      14,
      8,
      11,
      11,
      3,
      10,
      5,
      13,
      10,
      13,
      13,
      12,
      4,
      3,
      15,
      2,
      10,
      11,
      0,
      2,
      9,
      15,
      0,
      9,
      9,
      4,
      0,
      9,
      6,
      11,
      9,
      3,
      2,
      12,
      10,
      3,
      7,
      3,
      8,
      10,
      5,
      15,
      8,
      3,
      0,
      4,
      3,
      4,
      5,
      11,
      15,
      4,
      4,
      2,
      10
    ]
  },
  "菲趣教育": {
    "time": [
      "06:15:44",
      "06:31:05",
      "06:45:55",
      "07:01:35",
      "07:15:51",
      "07:30:15",
      "07:45:32",
      "08:01:06",
      "08:16:34",
      "08:31:29",
      "08:45:45",
      "09:01:12",
      "09:16:41",
      "09:30:54",
      "09:46:10",
      "10:01:50",
      "10:16:58",
      "10:31:49",
      "10:46:32",
      "11:00:50",
      "11:15:40",
      "11:30:01",
      "11:45:38",
      "12:00:09",
      "12:15:03",
      "12:29:57",
      "12:45:12",
      "13:00:12",
      "13:14:41",
      "13:30:13",
      "13:45:20",
      "14:00:31",
      "14:16:05",
      "14:30:48",
      "14:46:21",
      "15:01:16",
      "15:16:35",
      "15:30:50",
      "15:46:21",
      "16:01:29",
      "16:17:19",
      "16:31:38",
      "16:45:57",
      "17:00:54",
      "17:16:11",
      "17:31:41",
      "17:47:22",
      "18:02:31",
      "18:17:19",
      "18:33:09",
      "18:48:34",
      "19:04:24",
      "19:19:25",
      "19:33:36",
      "19:49:24",
      "20:04:27",
      "20:20:03",
      "20:35:43",
      "20:51:12",
      "21:06:30",
      "21:21:29",
      "21:37:14",
      "21:51:49",
      "22:07:20"
    ],
    "board": [
      5,
      13,
      10,
      14,
      13,
      1,
      15,
      13,
      6,
      6,
      6,
      6,
      12,
      8,
      14,
      10,
      8,
      1,
      4,
      13,
      15,
      3,
      2,
      3,
      11,
      1,
      7,
      11,
      13,
      12,
      8,
      7,
      0,
      2,
      6,
      15,
      15,
      13,
      15,
      11,
      11,
      9,
      12,
      1,
      13,
      3,
      15,
      3,
      0,
      4,
      11,
      9,
      2,
      11,
      4,
      10,
      14,
      4,
      12,
      11,
      9,
      14,
      1,
      15
    ],
    "alight": [
      7,
      10,
      14,
      0,
      15,
      3,
      13,
      11,
      3,
      8,
      14,
      12,
      15,
      4,
      15,
      13,
      14,
      9,
      8,
      9,
      5,
      7,
      12,
      11,
      15,
      8,
      1,
      15,
      14,
      1,
      2,
      9,
      5,
      9,
      13,
      13,
      14,
      0,
      0,
      6,
      4,
      10,
      14,
      9,
      12,
      14,
      3,
      3,
      3,
      9,
      9,
      2,
      4,
      0,
      10,
      4,
      8,
      0,
      2,
      2,
      8,
      12,
      2,
      12
    ]
  },
  "CoCo都可(富力中心店)": {
    "time": [
      "06:15:44",
      "06:31:05",
      "06:45:55",
      "07:01:35",
      "07:15:51",
      "07:30:15",
      "07:45:32",
      "08:01:06",
      "08:16:34",
      "08:31:29",
      "08:45:45",
      "09:01:12",
      "09:16:41",
      "09:30:54",
      "09:46:10",
      "10:01:50",
      "10:16:58",
      "10:31:49",
      "10:46:32",
      "11:00:50",
      "11:15:40",
      "11:30:01",
      "11:45:38",
      "12:00:09",
      "12:15:03",
      "12:29:57",
      "12:45:12",
      "13:00:12",
      "13:14:41",
      "13:30:13",
      "13:45:20",
      "14:00:31",
      "14:16:05",
      "14:30:48",
      "14:46:21",
      "15:01:16",
      "15:16:35",
      "15:30:50",
      "15:46:21",
      "16:01:29",
      "16:17:19",
      "16:31:38",
      "16:45:57",
      "17:00:54",
      "17:16:11",
      "17:31:41",
      "17:47:22",
      "18:02:31",
      "18:17:19",
      "18:33:09",
      "18:48:34",
      "19:04:24",
      "19:19:25",
      "19:33:36",
      "19:49:24",
      "20:04:27",
      "20:20:03",
      "20:35:43",
      "20:51:12",
      "21:06:30",
      "21:21:29",
      "21:37:14",
      "21:51:49",
      "22:07:20"
    ],
    "board": [
      4,
      14,
      11,
      15,
      8,
      1,
      2,
      6,
      1,
      6,
      11,
      3,
      11,
      1,
      11,
      9,
      0,
      6,
      1,
      5,
      2,
      9,
      8,
      1,
      6,
      2,
      5,
      13,
      11,
      2,
      8,
      6,
      11,
      1,
      15,
      14,
      7,
      5,
      1,
      6,
      14,
      5,
      14,
      7,
      11,
      11,
      0,
      4,
      6,
      11,
      12,
      0,
      15,
      15,
      13,
      5,
      1,
      10,
      6,
      15,
      12,
      9,
      13,
      15
    ],
    "alight": [
      0,
      7,
      0,
      8,
      13,
      1,
      15,
      1,
      12,
      15,
      9,
      12,
      2,
      1,
      5,
      10,
      9,
      13,
      9,
      15,
      7,
      7,
      6,
      10,
      9,
      6,
      2,
      3,
      0,
      6,
      15,
      0,
      15,
      13,
      8,
      14,
      3,
      0,
      6,
      9,
      9,
      6,
      11,
      1,
      8,
      11,
      2,
      3,
      6,
      9,
      11,
      0,
      1,
      8,
      11,
      14,
      15,
      0,
      4,
      15,
      3,
      2,
      6,
      5
    ]
  },
  "咏鲜鱼蛙店": {
    "time": [
      "06:15:44",
      "06:31:05",
      "06:45:55",
      "07:01:35",
      "07:15:51",
      "07:30:15",
      "07:45:32",
      "08:01:06",
      "08:16:34",
      "08:31:29",
      "08:45:45",
      "09:01:12",
      "09:16:41",
      "09:30:54",
      "09:46:10",
      "10:01:50",
      "10:16:58",
      "10:31:49",
      "10:46:32",
      "11:00:50",
      "11:15:40",
      "11:30:01",
      "11:45:38",
      "12:00:09",
      "12:15:03",
      "12:29:57",
      "12:45:12",
      "13:00:12",
      "13:14:41",
      "13:30:13",
      "13:45:20",
      "14:00:31",
      "14:16:05",
      "14:30:48",
      "14:46:21",
      "15:01:16",
      "15:16:35",
      "15:30:50",
      "15:46:21",
      "16:01:29",
      "16:17:19",
      "16:31:38",
      "16:45:57",
      "17:00:54",
      "17:16:11",
      "17:31:41",
      "17:47:22",
      "18:02:31",
      "18:17:19",
      "18:33:09",
      "18:48:34",
      "19:04:24",
      "19:19:25",
      "19:33:36",
      "19:49:24",
      "20:04:27",
      "20:20:03",
      "20:35:43",
      "20:51:12",
      "21:06:30",
      "21:21:29",
      "21:37:14",
      "21:51:49",
      "22:07:20"
    ],
    "board": [
      6,
      4,
      15,
      0,
      5,
      1,
      4,
      8,
      10,
      9,
      5,
      9,
      10,
      15,
      8,
      3,
      1,
      3,
      2,
      5,
      7,
      9,
      15,
      3,
      4,
      7,
      1,
      10,
      15,
      0,
      10,
      12,
      11,
      7,
      0,
      12,
      11,
      11,
      13,
      9,
      9,
      10,
      4,
      9,
      8,
      15,
      4,
      14,
      3,
      3,
      6,
      14,
      13,
      14,
      2,
      0,
      3,
      3,
      4,
      3,
      7,
      14,
      6,
      11
    ],
    "alight": [
      4,
      12,
      14,
      8,
      14,
      12,
      13,
      9,
      8,
      7,
      4,
      15,
      6,
      15,
      7,
      7,
      5,
      14,
      5,
      6,
      9,
      14,
      1,
      15,
      15,
      0,
      4,
      5,
      9,
      14,
      6,
      5,
      11,
      3,
      7,
      15,
      5,
      3,
      14,
      1,
      5,
      1,
      4,
      3,
      14,
      9,
      8,
      0,
      5,
      12,
      12,
      1,
      10,
      8,
      4,
      8,
      0,
      1,
      0,
      14,
      8,
      12,
      12,
      1
    ]
  },
  "中国工商银行(诚信路支行营业厅)": {
    "time": [
      "06:15:44",
      "06:31:05",
      "06:45:55",
      "07:01:35",
      "07:15:51",
      "07:30:15",
      "07:45:32",
      "08:01:06",
      "08:16:34",
      "08:31:29",
      "08:45:45",
      "09:01:12",
      "09:16:41",
      "09:30:54",
      "09:46:10",
      "10:01:50",
      "10:16:58",
      "10:31:49",
      "10:46:32",
      "11:00:50",
      "11:15:40",
      "11:30:01",
      "11:45:38",
      "12:00:09",
      "12:15:03",
      "12:29:57",
      "12:45:12",
      "13:00:12",
      "13:14:41",
      "13:30:13",
      "13:45:20",
      "14:00:31",
      "14:16:05",
      "14:30:48",
      "14:46:21",
      "15:01:16",
      "15:16:35",
      "15:30:50",
      "15:46:21",
      "16:01:29",
      "16:17:19",
      "16:31:38",
      "16:45:57",
      "17:00:54",
      "17:16:11",
      "17:31:41",
      "17:47:22",
      "18:02:31",
      "18:17:19",
      "18:33:09",
      "18:48:34",
      "19:04:24",
      "19:19:25",
      "19:33:36",
      "19:49:24",
      "20:04:27",
      "20:20:03",
      "20:35:43",
      "20:51:12",
      "21:06:30",
      "21:21:29",
      "21:37:14",
      "21:51:49",
      "22:07:20"
    ],
    "board": [
      1,
      9,
      2,
      8,
      4,
      1,
      12,
      7,
      12,
      0,
      13,
      9,
      12,
      4,
      11,
      7,
      3,
      11,
      10,
      4,
      0,
      11,
      14,
      0,
      1,
      3,
      0,
      9,
      5,
      11,
      1,
      7,
      12,
      2,
      13,
      0,
      6,
      9,
      3,
      6,
      2,
      12,
      6,
      10,
      4,
      10,
      13,
      11,
      9,
      9,
      7,
      13,
      5,
      5,
      7,
      3,
      4,
      13,
      5,
      6,
      12,
      2,
      3,
      2
    ],
    "alight": [
      13,
      8,
      8,
      15,
      13,
      8,
      4,
      5,
      15,
      11,
      3,
      0,
      4,
      8,
      3,
      7,
      7,
      5,
      13,
      0,
      0,
      6,
      15,
      2,
      7,
      2,
      12,
      9,
      4,
      1,
      0,
      3,
      5,
      9,
      9,
      0,
      8,
      10,
      2,
      12,
      11,
      7,
      8,
      2,
      11,
      9,
      1,
      2,
      4,
      3,
      14,
      3,
      11,
      7,
      11,
      5,
      10,
      8,
      1,
      10,
      9,
      2,
      5,
      9
    ]
  },
  "观山湖区第十二小学": {
    "time": [
      "06:15:44",
      "06:31:05",
      "06:45:55",
      "07:01:35",
      "07:15:51",
      "07:30:15",
      "07:45:32",
      "08:01:06",
      "08:16:34",
      "08:31:29",
      "08:45:45",
      "09:01:12",
      "09:16:41",
      "09:30:54",
      "09:46:10",
      "10:01:50",
      "10:16:58",
      "10:31:49",
      "10:46:32",
      "11:00:50",
      "11:15:40",
      "11:30:01",
      "11:45:38",
      "12:00:09",
      "12:15:03",
      "12:29:57",
      "12:45:12",
      "13:00:12",
      "13:14:41",
      "13:30:13",
      "13:45:20",
      "14:00:31",
      "14:16:05",
      "14:30:48",
      "14:46:21",
      "15:01:16",
      "15:16:35",
      "15:30:50",
      "15:46:21",
      "16:01:29",
      "16:17:19",
      "16:31:38",
      "16:45:57",
      "17:00:54",
      "17:16:11",
      "17:31:41",
      "17:47:22",
      "18:02:31",
      "18:17:19",
      "18:33:09",
      "18:48:34",
      "19:04:24",
      "19:19:25",
      "19:33:36",
      "19:49:24",
      "20:04:27",
      "20:20:03",
      "20:35:43",
      "20:51:12",
      "21:06:30",
      "21:21:29",
      "21:37:14",
      "21:51:49",
      "22:07:20"
    ],
    "board": [
      12,
      6,
      14,
      0,
      8,
      11,
      7,
      8,
      11,
      7,
      4,
      1,
      0,
      14,
      9,
      1,
      11,
      8,
      15,
      9,
      10,
      0,
      15,
      4,
      0,
      2,
      4,
      9,
      9,
      8,
      11,
      4,
      2,
      15,
      0,
      5,
      5,
      15,
      7,
      12,
      2,
      7,
      6,
      14,
      9,
      1,
      7,
      3,
      6,
      4,
      4,
      10,
      14,
      6,
      2,
      0,
      5,
      3,
      3,
      7,
      15,
      4,
      5,
      11
    ],
    "alight": [
      14,
      10,
      7,
      12,
      9,
      2,
      12,
      8,
      12,
      0,
      13,
      9,
      5,
      8,
      6,
      9,
      15,
      2,
      1,
      0,
      9,
      0,
      7,
      12,
      10,
      1,
      1,
      15,
      5,
      2,
      8,
      12,
      12,
      9,
      5,
      5,
      5,
      14,
      5,
      3,
      8,
      6,
      11,
      12,
      0,
      4,
      13,
      15,
      9,
      7,
      10,
      14,
      12,
      13,
      10,
      3,
      14,
      8,
      13,
      5,
      15,
      3,
      13,
      0
    ]
  },
  "贵阳市第三中学": {
    "time": [
      "06:15:44",
      "06:31:05",
      "06:45:55",
      "07:01:35",
      "07:15:51",
      "07:30:15",
      "07:45:32",
      "08:01:06",
      "08:16:34",
      "08:31:29",
      "08:45:45",
      "09:01:12",
      "09:16:41",
      "09:30:54",
      "09:46:10",
      "10:01:50",
      "10:16:58",
      "10:31:49",
      "10:46:32",
      "11:00:50",
      "11:15:40",
      "11:30:01",
      "11:45:38",
      "12:00:09",
      "12:15:03",
      "12:29:57",
      "12:45:12",
      "13:00:12",
      "13:14:41",
      "13:30:13",
      "13:45:20",
      "14:00:31",
      "14:16:05",
      "14:30:48",
      "14:46:21",
      "15:01:16",
      "15:16:35",
      "15:30:50",
      "15:46:21",
      "16:01:29",
      "16:17:19",
      "16:31:38",
      "16:45:57",
      "17:00:54",
      "17:16:11",
      "17:31:41",
      "17:47:22",
      "18:02:31",
      "18:17:19",
      "18:33:09",
      "18:48:34",
      "19:04:24",
      "19:19:25",
      "19:33:36",
      "19:49:24",
      "20:04:27",
      "20:20:03",
      "20:35:43",
      "20:51:12",
      "21:06:30",
      "21:21:29",
      "21:37:14",
      "21:51:49",
      "22:07:20"
    ],
    "board": [
      2,
      5,
      3,
      14,
      14,
      13,
      3,
      3,
      12,
      7,
      10,
      13,
      0,
      7,
      12,
      5,
      3,
      7,
      4,
      0,
      15,
      1,
      9,
      14,
      8,
      0,
      6,
      13,
      14,
      0,
      4,
      7,
      0,
      6,
      1,
      7,
      5,
      4,
      11,
      15,
      7,
      10,
      9,
      12,
      3,
      9,
      5,
      0,
      11,
      4,
      5,
      8,
      12,
      4,
      4,
      5,
      6,
      4,
      9,
      12,
      15,
      4,
      4,
      2
    ],
    "alight": [
      14,
      11,
      11,
      9,
      12,
      13,
      8,
      0,
      0,
      6,
      9,
      1,
      1,
      11,
      6,
      9,
      6,
      9,
      4,
      13,
      12,
      7,
      12,
      13,
      14,
      3,
      3,
      7,
      11,
      0,
      14,
      12,
      4,
      2,
      10,
      9,
      11,
      12,
      3,
      2,
      10,
      9,
      6,
      11,
      13,
      3,
      13,
      6,
      0,
      4,
      4,
      6,
      0,
      12,
      1,
      3,
      8,
      9,
      1,
      13,
      6,
      14,
      4,
      6
    ]
  },
  "青瓦房土碗菜馆": {
    "time": [
      "06:15:44",
      "06:31:05",
      "06:45:55",
      "07:01:35",
      "07:15:51",
      "07:30:15",
      "07:45:32",
      "08:01:06",
      "08:16:34",
      "08:31:29",
      "08:45:45",
      "09:01:12",
      "09:16:41",
      "09:30:54",
      "09:46:10",
      "10:01:50",
      "10:16:58",
      "10:31:49",
      "10:46:32",
      "11:00:50",
      "11:15:40",
      "11:30:01",
      "11:45:38",
      "12:00:09",
      "12:15:03",
      "12:29:57",
      "12:45:12",
      "13:00:12",
      "13:14:41",
      "13:30:13",
      "13:45:20",
      "14:00:31",
      "14:16:05",
      "14:30:48",
      "14:46:21",
      "15:01:16",
      "15:16:35",
      "15:30:50",
      "15:46:21",
      "16:01:29",
      "16:17:19",
      "16:31:38",
      "16:45:57",
      "17:00:54",
      "17:16:11",
      "17:31:41",
      "17:47:22",
      "18:02:31",
      "18:17:19",
      "18:33:09",
      "18:48:34",
      "19:04:24",
      "19:19:25",
      "19:33:36",
      "19:49:24",
      "20:04:27",
      "20:20:03",
      "20:35:43",
      "20:51:12",
      "21:06:30",
      "21:21:29",
      "21:37:14",
      "21:51:49",
      "22:07:20"
    ],
    "board": [
      14,
      8,
      2,
      15,
      9,
      13,
      3,
      6,
      6,
      12,
      0,
      7,
      9,
      11,
      4,
      9,
      14,
      10,
      11,
      4,
      2,
      2,
      10,
      15,
      14,
      1,
      2,
      5,
      0,
      6,
      9,
      7,
      9,
      4,
      4,
      14,
      13,
      6,
      0,
      9,
      15,
      15,
      12,
      9,
      10,
      8,
      5,
      14,
      4,
      12,
      6,
      12,
      1,
      5,
      0,
      13,
      1,
      12,
      4,
      14,
      0,
      4,
      10,
      13
    ],
    "alight": [
      0,
      2,
      1,
      9,
      14,
      4,
      1,
      5,
      8,
      11,
      10,
      12,
      10,
      13,
      4,
      0,
      2,
      10,
      7,
      8,
      7,
      1,
      0,
      2,
      8,
      1,
      7,
      8,
      2,
      0,
      12,
      5,
      6,
      6,
      4,
      10,
      15,
      1,
      9,
      5,
      3,
      10,
      8,
      2,
      4,
      3,
      13,
      0,
      0,
      12,
      9,
      3,
      9,
      14,
      10,
      8,
      12,
      13,
      15,
      4,
      3,
      9,
      15,
      13
    ]
  },
  "贵阳一中体育馆": {
    "time": [
      "06:15:44",
      "06:31:05",
      "06:45:55",
      "07:01:35",
      "07:15:51",
      "07:30:15",
      "07:45:32",
      "08:01:06",
      "08:16:34",
      "08:31:29",
      "08:45:45",
      "09:01:12",
      "09:16:41",
      "09:30:54",
      "09:46:10",
      "10:01:50",
      "10:16:58",
      "10:31:49",
      "10:46:32",
      "11:00:50",
      "11:15:40",
      "11:30:01",
      "11:45:38",
      "12:00:09",
      "12:15:03",
      "12:29:57",
      "12:45:12",
      "13:00:12",
      "13:14:41",
      "13:30:13",
      "13:45:20",
      "14:00:31",
      "14:16:05",
      "14:30:48",
      "14:46:21",
      "15:01:16",
      "15:16:35",
      "15:30:50",
      "15:46:21",
      "16:01:29",
      "16:17:19",
      "16:31:38",
      "16:45:57",
      "17:00:54",
      "17:16:11",
      "17:31:41",
      "17:47:22",
      "18:02:31",
      "18:17:19",
      "18:33:09",
      "18:48:34",
      "19:04:24",
      "19:19:25",
      "19:33:36",
      "19:49:24",
      "20:04:27",
      "20:20:03",
      "20:35:43",
      "20:51:12",
      "21:06:30",
      "21:21:29",
      "21:37:14",
      "21:51:49",
      "22:07:20"
    ],
    "board": [
      2,
      9,
      4,
      4,
      7,
      9,
      5,
      3,
      3,
      8,
      6,
      9,
      15,
      5,
      6,
      15,
      3,
      1,
      15,
      7,
      6,
      3,
      15,
      7,
      13,
      13,
      7,
      12,
      13,
      14,
      13,
      1,
      8,
      14,
      5,
      9,
      2,
      5,
      3,
      15,
      15,
      2,
      1,
      0,
      2,
      2,
      3,
      5,
      5,
      3,
      5,
      10,
      4,
      0,
      3,
      5,
      12,
      5,
      2,
      13,
      13,
      3,
      12,
      7
    ],
    "alight": [
      8,
      9,
      1,
      14,
      12,
      8,
      11,
      6,
      13,
      7,
      15,
      10,
      8,
      10,
      15,
      10,
      9,
      0,
      9,
      2,
      14,
      9,
      3,
      0,
      13,
      9,
      1,
      3,
      0,
      13,
      10,
      13,
      3,
      1,
      15,
      2,
      1,
      0,
      14,
      8,
      14,
      9,
      12,
      8,
      8,
      15,
      5,
      12,
      3,
      13,
      7,
      6,
      4,
      6,
      12,
      11,
      5,
      5,
      3,
      14,
      13,
      5,
      15,
      7
    ]
  },
  "金谷苑": {
    "time": [
      "06:15:44",
      "06:31:05",
      "06:45:55",
      "07:01:35",
      "07:15:51",
      "07:30:15",
      "07:45:32",
      "08:01:06",
      "08:16:34",
      "08:31:29",
      "08:45:45",
      "09:01:12",
      "09:16:41",
      "09:30:54",
      "09:46:10",
      "10:01:50",
      "10:16:58",
      "10:31:49",
      "10:46:32",
      "11:00:50",
      "11:15:40",
      "11:30:01",
      "11:45:38",
      "12:00:09",
      "12:15:03",
      "12:29:57",
      "12:45:12",
      "13:00:12",
      "13:14:41",
      "13:30:13",
      "13:45:20",
      "14:00:31",
      "14:16:05",
      "14:30:48",
      "14:46:21",
      "15:01:16",
      "15:16:35",
      "15:30:50",
      "15:46:21",
      "16:01:29",
      "16:17:19",
      "16:31:38",
      "16:45:57",
      "17:00:54",
      "17:16:11",
      "17:31:41",
      "17:47:22",
      "18:02:31",
      "18:17:19",
      "18:33:09",
      "18:48:34",
      "19:04:24",
      "19:19:25",
      "19:33:36",
      "19:49:24",
      "20:04:27",
      "20:20:03",
      "20:35:43",
      "20:51:12",
      "21:06:30",
      "21:21:29",
      "21:37:14",
      "21:51:49",
      "22:07:20"
    ],
    "board": [
      12,
      14,
      12,
      12,
      10,
      13,
      8,
      6,
      7,
      14,
      7,
      3,
      5,
      12,
      12,
      2,
      9,
      6,
      0,
      12,
      15,
      1,
      5,
      15,
      15,
      9,
      11,
      6,
      3,
      9,
      10,
      6,
      6,
      2,
      3,
      8,
      5,
      11,
      12,
      7,
      13,
      5,
      9,
      12,
      0,
      13,
      2,
      7,
      3,
      7,
      7,
      5,
      11,
      9,
      14,
      14,
      4,
      15,
      2,
      12,
      7,
      10,
      14,
      10
    ],
    "alight": [
      6,
      2,
      8,
      4,
      15,
      6,
      4,
      8,
      15,
      11,
      14,
      6,
      10,
      9,
      2,
      0,
      12,
      7,
      14,
      0,
      6,
      13,
      1,
      5,
      10,
      15,
      15,
      10,
      5,
      12,
      11,
      6,
      8,
      6,
      13,
      0,
      4,
      6,
      10,
      4,
      10,
      9,
      9,
      15,
      10,
      10,
      10,
      3,
      9,
      8,
      8,
      15,
      13,
      13,
      9,
      4,
      7,
      10,
      5,
      8,
      8,
      5,
      14,
      1
    ]
  },
  "贵州老年大学(观山社区分校)": {
    "time": [
      "06:15:44",
      "06:31:05",
      "06:45:55",
      "07:01:35",
      "07:15:51",
      "07:30:15",
      "07:45:32",
      "08:01:06",
      "08:16:34",
      "08:31:29",
      "08:45:45",
      "09:01:12",
      "09:16:41",
      "09:30:54",
      "09:46:10",
      "10:01:50",
      "10:16:58",
      "10:31:49",
      "10:46:32",
      "11:00:50",
      "11:15:40",
      "11:30:01",
      "11:45:38",
      "12:00:09",
      "12:15:03",
      "12:29:57",
      "12:45:12",
      "13:00:12",
      "13:14:41",
      "13:30:13",
      "13:45:20",
      "14:00:31",
      "14:16:05",
      "14:30:48",
      "14:46:21",
      "15:01:16",
      "15:16:35",
      "15:30:50",
      "15:46:21",
      "16:01:29",
      "16:17:19",
      "16:31:38",
      "16:45:57",
      "17:00:54",
      "17:16:11",
      "17:31:41",
      "17:47:22",
      "18:02:31",
      "18:17:19",
      "18:33:09",
      "18:48:34",
      "19:04:24",
      "19:19:25",
      "19:33:36",
      "19:49:24",
      "20:04:27",
      "20:20:03",
      "20:35:43",
      "20:51:12",
      "21:06:30",
      "21:21:29",
      "21:37:14",
      "21:51:49",
      "22:07:20"
    ],
    "board": [
      15,
      6,
      6,
      5,
      6,
      11,
      2,
      4,
      7,
      3,
      10,
      10,
      2,
      2,
      6,
      6,
      10,
      4,
      7,
      0,
      12,
      11,
      2,
      9,
      6,
      2,
      4,
      8,
      13,
      15,
      0,
      14,
      9,
      10,
      9,
      11,
      1,
      12,
      9,
      2,
      13,
      7,
      9,
      8,
      7,
      13,
      14,
      15,
      15,
      8,
      6,
      13,
      3,
      10,
      0,
      13,
      15,
      2,
      15,
      10,
      12,
      4,
      12,
      11
    ],
    "alight": [
      4,
      11,
      2,
      9,
      13,
      0,
      0,
      2,
      14,
      0,
      6,
      6,
      12,
      6,
      3,
      2,
      1,
      12,
      5,
      9,
      13,
      8,
      0,
      8,
      13,
      2,
      9,
      5,
      8,
      12,
      2,
      9,
      4,
      10,
      9,
      5,
      5,
      14,
      13,
      14,
      3,
      5,
      13,
      11,
      7,
      11,
      8,
      6,
      0,
      11,
      4,
      3,
      1,
      0,
      6,
      9,
      0,
      12,
      0,
      2,
      9,
      14,
      15,
      6
    ]
  },
  "贵阳·佳境天城": {
    "time": [
      "06:15:44",
      "06:31:05",
      "06:45:55",
      "07:01:35",
      "07:15:51",
      "07:30:15",
      "07:45:32",
      "08:01:06",
      "08:16:34",
      "08:31:29",
      "08:45:45",
      "09:01:12",
      "09:16:41",
      "09:30:54",
      "09:46:10",
      "10:01:50",
      "10:16:58",
      "10:31:49",
      "10:46:32",
      "11:00:50",
      "11:15:40",
      "11:30:01",
      "11:45:38",
      "12:00:09",
      "12:15:03",
      "12:29:57",
      "12:45:12",
      "13:00:12",
      "13:14:41",
      "13:30:13",
      "13:45:20",
      "14:00:31",
      "14:16:05",
      "14:30:48",
      "14:46:21",
      "15:01:16",
      "15:16:35",
      "15:30:50",
      "15:46:21",
      "16:01:29",
      "16:17:19",
      "16:31:38",
      "16:45:57",
      "17:00:54",
      "17:16:11",
      "17:31:41",
      "17:47:22",
      "18:02:31",
      "18:17:19",
      "18:33:09",
      "18:48:34",
      "19:04:24",
      "19:19:25",
      "19:33:36",
      "19:49:24",
      "20:04:27",
      "20:20:03",
      "20:35:43",
      "20:51:12",
      "21:06:30",
      "21:21:29",
      "21:37:14",
      "21:51:49",
      "22:07:20"
    ],
    "board": [
      12,
      6,
      9,
      10,
      12,
      1,
      6,
      4,
      8,
      10,
      5,
      7,
      10,
      1,
      10,
      1,
      8,
      15,
      14,
      6,
      12,
      9,
      8,
      6,
      0,
      4,
      4,
      1,
      13,
      8,
      0,
      5,
      5,
      4,
      12,
      7,
      14,
      2,
      9,
      10,
      14,
      2,
      4,
      2,
      9,
      11,
      6,
      12,
      9,
      8,
      2,
      8,
      10,
      11,
      13,
      2,
      4,
      4,
      14,
      11,
      7,
      0,
      6,
      3
    ],
    "alight": [
      0,
      5,
      14,
      0,
      13,
      4,
      9,
      6,
      1,
      10,
      14,
      6,
      3,
      13,
      15,
      11,
      13,
      1,
      1,
      12,
      15,
      6,
      4,
      13,
      1,
      7,
      6,
      1,
      3,
      14,
      14,
      5,
      2,
      3,
      9,
      7,
      13,
      8,
      4,
      12,
      13,
      4,
      6,
      12,
      9,
      3,
      11,
      7,
      2,
      11,
      0,
      3,
      12,
      13,
      0,
      4,
      0,
      10,
      14,
      10,
      6,
      11,
      8,
      6
    ]
  },
  "筝音琴院": {
    "time": [
      "06:15:44",
      "06:31:05",
      "06:45:55",
      "07:01:35",
      "07:15:51",
      "07:30:15",
      "07:45:32",
      "08:01:06",
      "08:16:34",
      "08:31:29",
      "08:45:45",
      "09:01:12",
      "09:16:41",
      "09:30:54",
      "09:46:10",
      "10:01:50",
      "10:16:58",
      "10:31:49",
      "10:46:32",
      "11:00:50",
      "11:15:40",
      "11:30:01",
      "11:45:38",
      "12:00:09",
      "12:15:03",
      "12:29:57",
      "12:45:12",
      "13:00:12",
      "13:14:41",
      "13:30:13",
      "13:45:20",
      "14:00:31",
      "14:16:05",
      "14:30:48",
      "14:46:21",
      "15:01:16",
      "15:16:35",
      "15:30:50",
      "15:46:21",
      "16:01:29",
      "16:17:19",
      "16:31:38",
      "16:45:57",
      "17:00:54",
      "17:16:11",
      "17:31:41",
      "17:47:22",
      "18:02:31",
      "18:17:19",
      "18:33:09",
      "18:48:34",
      "19:04:24",
      "19:19:25",
      "19:33:36",
      "19:49:24",
      "20:04:27",
      "20:20:03",
      "20:35:43",
      "20:51:12",
      "21:06:30",
      "21:21:29",
      "21:37:14",
      "21:51:49",
      "22:07:20"
    ],
    "board": [
      15,
      1,
      5,
      0,
      7,
      14,
      11,
      13,
      0,
      12,
      2,
      7,
      2,
      2,
      7,
      13,
      2,
      3,
      6,
      11,
      6,
      9,
      2,
      5,
      11,
      14,
      12,
      14,
      6,
      1,
      7,
      3,
      6,
      10,
      14,
      0,
      13,
      0,
      14,
      1,
      2,
      15,
      13,
      11,
      5,
      14,
      5,
      8,
      15,
      15,
      2,
      4,
      8,
      4,
      1,
      9,
      13,
      3,
      3,
      8,
      11,
      5,
      12,
      7
    ],
    "alight": [
      11,
      14,
      2,
      13,
      3,
      0,
      8,
      6,
      13,
      13,
      10,
      5,
      14,
      0,
      6,
      9,
      1,
      13,
      1,
      2,
      1,
      11,
      15,
      14,
      9,
      8,
      1,
      9,
      13,
      5,
      8,
      14,
      11,
      2,
      6,
      15,
      6,
      11,
      9,
      3,
      12,
      9,
      13,
      9,
      0,
      4,
      12,
      2,
      2,
      8,
      7,
      14,
      3,
      8,
      5,
      6,
      11,
      2,
      10,
      14,
      4,
      12,
      2,
      12
    ]
  },
  "博林益智童趣幼儿园": {
    "time": [
      "06:15:44",
      "06:31:05",
      "06:45:55",
      "07:01:35",
      "07:15:51",
      "07:30:15",
      "07:45:32",
      "08:01:06",
      "08:16:34",
      "08:31:29",
      "08:45:45",
      "09:01:12",
      "09:16:41",
      "09:30:54",
      "09:46:10",
      "10:01:50",
      "10:16:58",
      "10:31:49",
      "10:46:32",
      "11:00:50",
      "11:15:40",
      "11:30:01",
      "11:45:38",
      "12:00:09",
      "12:15:03",
      "12:29:57",
      "12:45:12",
      "13:00:12",
      "13:14:41",
      "13:30:13",
      "13:45:20",
      "14:00:31",
      "14:16:05",
      "14:30:48",
      "14:46:21",
      "15:01:16",
      "15:16:35",
      "15:30:50",
      "15:46:21",
      "16:01:29",
      "16:17:19",
      "16:31:38",
      "16:45:57",
      "17:00:54",
      "17:16:11",
      "17:31:41",
      "17:47:22",
      "18:02:31",
      "18:17:19",
      "18:33:09",
      "18:48:34",
      "19:04:24",
      "19:19:25",
      "19:33:36",
      "19:49:24",
      "20:04:27",
      "20:20:03",
      "20:35:43",
      "20:51:12",
      "21:06:30",
      "21:21:29",
      "21:37:14",
      "21:51:49",
      "22:07:20"
    ],
    "board": [
      9,
      4,
      6,
      2,
      10,
      6,
      10,
      8,
      11,
      4,
      2,
      5,
      12,
      11,
      13,
      12,
      15,
      10,
      1,
      12,
      14,
      7,
      0,
      4,
      11,
      9,
      2,
      15,
      5,
      15,
      10,
      11,
      4,
      4,
      14,
      14,
      2,
      6,
      12,
      4,
      4,
      8,
      1,
      4,
      14,
      3,
      13,
      3,
      1,
      2,
      1,
      15,
      12,
      6,
      7,
      10,
      10,
      12,
      12,
      0,
      14,
      2,
      13,
      1
    ],
    "alight": [
      6,
      6,
      8,
      15,
      11,
      15,
      15,
      11,
      1,
      5,
      8,
      10,
      4,
      14,
      11,
      10,
      0,
      1,
      12,
      11,
      13,
      14,
      4,
      15,
      6,
      11,
      8,
      15,
      3,
      15,
      5,
      4,
      4,
      12,
      11,
      11,
      2,
      12,
      11,
      8,
      1,
      6,
      3,
      9,
      14,
      5,
      13,
      12,
      11,
      13,
      13,
      4,
      9,
      14,
      4,
      7,
      15,
      4,
      6,
      2,
      2,
      5,
      14,
      15
    ]
  },
  "恒大中央广场": {
    "time": [
      "06:15:44",
      "06:31:05",
      "06:45:55",
      "07:01:35",
      "07:15:51",
      "07:30:15",
      "07:45:32",
      "08:01:06",
      "08:16:34",
      "08:31:29",
      "08:45:45",
      "09:01:12",
      "09:16:41",
      "09:30:54",
      "09:46:10",
      "10:01:50",
      "10:16:58",
      "10:31:49",
      "10:46:32",
      "11:00:50",
      "11:15:40",
      "11:30:01",
      "11:45:38",
      "12:00:09",
      "12:15:03",
      "12:29:57",
      "12:45:12",
      "13:00:12",
      "13:14:41",
      "13:30:13",
      "13:45:20",
      "14:00:31",
      "14:16:05",
      "14:30:48",
      "14:46:21",
      "15:01:16",
      "15:16:35",
      "15:30:50",
      "15:46:21",
      "16:01:29",
      "16:17:19",
      "16:31:38",
      "16:45:57",
      "17:00:54",
      "17:16:11",
      "17:31:41",
      "17:47:22",
      "18:02:31",
      "18:17:19",
      "18:33:09",
      "18:48:34",
      "19:04:24",
      "19:19:25",
      "19:33:36",
      "19:49:24",
      "20:04:27",
      "20:20:03",
      "20:35:43",
      "20:51:12",
      "21:06:30",
      "21:21:29",
      "21:37:14",
      "21:51:49",
      "22:07:20"
    ],
    "board": [
      0,
      0,
      0,
      0,
      0,
      0,
      0,
      0,
      0,
      0,
      0,
      0,
      0,
      0,
      0,
      0,
      0,
      0,
      0,
      0,
      0,
      0,
      0,
      4,
      0,
      0,
      0,
      0,
      0,
      0,
      3,
      0,
      0,
      0,
      0,
      0,
      0,
      0,
      0,
      0,
      0,
      0,
      0,
      1,
      0,
      1,
      0,
      0,
      0,
      0,
      0,
      0,
      0,
      0,
      0,
      0,
      0,
      0,
      0,
      0,
      0,
      0,
      0,
      0
    ],
    "alight": [
      14,
      13,
      0,
      4,
      6,
      13,
      11,
      0,
      0,
      12,
      7,
      12,
      11,
      11,
      0,
      1,
      9,
      2,
      0,
      2,
      10,
      3,
      4,
      14,
      11,
      5,
      11,
      8,
      13,
      9,
      2,
      10,
      13,
      7,
      11,
      12,
      10,
      0,
      6,
      2,
      15,
      12,
      9,
      15,
      10,
      9,
      3,
      5,
      3,
      15,
      1,
      11,
      3,
      15,
      8,
      15,
      11,
      3,
      10,
      15,
      1,
      13,
      8,
      14
    ]
  },
  "申一幼儿园": {
    "time": [
      "06:15:44",
      "06:31:05",
      "06:45:55",
      "07:01:35",
      "07:15:51",
      "07:30:15",
      "07:45:32",
      "08:01:06",
      "08:16:34",
      "08:31:29",
      "08:45:45",
      "09:01:12",
      "09:16:41",
      "09:30:54",
      "09:46:10",
      "10:01:50",
      "10:16:58",
      "10:31:49",
      "10:46:32",
      "11:00:50",
      "11:15:40",
      "11:30:01",
      "11:45:38",
      "12:00:09",
      "12:15:03",
      "12:29:57",
      "12:45:12",
      "13:00:12",
      "13:14:41",
      "13:30:13",
      "13:45:20",
      "14:00:31",
      "14:16:05",
      "14:30:48",
      "14:46:21",
      "15:01:16",
      "15:16:35",
      "15:30:50",
      "15:46:21",
      "16:01:29",
      "16:17:19",
      "16:31:38",
      "16:45:57",
      "17:00:54",
      "17:16:11",
      "17:31:41",
      "17:47:22",
      "18:02:31",
      "18:17:19",
      "18:33:09",
      "18:48:34",
      "19:04:24",
      "19:19:25",
      "19:33:36",
      "19:49:24",
      "20:04:27",
      "20:20:03",
      "20:35:43",
      "20:51:12",
      "21:06:30",
      "21:21:29",
      "21:37:14",
      "21:51:49",
      "22:07:20"
    ],
    "board": [
      0,
      0,
      0,
      0,
      0,
      0,
      0,
      0,
      0,
      0,
      0,
      4,
      0,
      0,
      0,
      0,
      0,
      0,
      0,
      0,
      0,
      0,
      0,
      0,
      0,
      0,
      0,
      0,
      1,
      0,
      0,
      0,
      0,
      4,
      0,
      0,
      0,
      0,
      0,
      0,
      0,
      0,
      0,
      0,
      0,
      0,
      0,
      0,
      0,
      0,
      0,
      0,
      0,
      0,
      0,
      0,
      0,
      2,
      0,
      0,
      0,
      0,
      0,
      0
    ],
    "alight": [
      12,
      1,
      14,
      4,
      13,
      0,
      2,
      10,
      9,
      10,
      12,
      0,
      1,
      3,
      12,
      12,
      7,
      6,
      6,
      2,
      4,
      1,
      2,
      8,
      10,
      15,
      12,
      8,
      15,
      10,
      10,
      15,
      6,
      5,
      4,
      13,
      8,
      13,
      1,
      0,
      14,
      6,
      10,
      10,
      10,
      11,
      15,
      6,
      6,
      10,
      0,
      2,
      15,
      6,
      2,
      1,
      0,
      1,
      13,
      0,
      5,
      8,
      9,
      0
    ]
  },
  "城市精选酒店(贵阳数博万达马王庙地铁站店)": {
    "time": [
      "06:15:44",
      "06:31:05",
      "06:45:55",
      "07:01:35",
      "07:15:51",
      "07:30:15",
      "07:45:32",
      "08:01:06",
      "08:16:34",
      "08:31:29",
      "08:45:45",
      "09:01:12",
      "09:16:41",
      "09:30:54",
      "09:46:10",
      "10:01:50",
      "10:16:58",
      "10:31:49",
      "10:46:32",
      "11:00:50",
      "11:15:40",
      "11:30:01",
      "11:45:38",
      "12:00:09",
      "12:15:03",
      "12:29:57",
      "12:45:12",
      "13:00:12",
      "13:14:41",
      "13:30:13",
      "13:45:20",
      "14:00:31",
      "14:16:05",
      "14:30:48",
      "14:46:21",
      "15:01:16",
      "15:16:35",
      "15:30:50",
      "15:46:21",
      "16:01:29",
      "16:17:19",
      "16:31:38",
      "16:45:57",
      "17:00:54",
      "17:16:11",
      "17:31:41",
      "17:47:22",
      "18:02:31",
      "18:17:19",
      "18:33:09",
      "18:48:34",
      "19:04:24",
      "19:19:25",
      "19:33:36",
      "19:49:24",
      "20:04:27",
      "20:20:03",
      "20:35:43",
      "20:51:12",
      "21:06:30",
      "21:21:29",
      "21:37:14",
      "21:51:49",
      "22:07:20"
    ],
    "board": [
      0,
      0,
      0,
      0,
      0,
      0,
      0,
      0,
      0,
      0,
      0,
      0,
      0,
      0,
      0,
      0,
      0,
      0,
      0,
      0,
      0,
      0,
      0,
      0,
      0,
      0,
      0,
      2,
      0,
      0,
      0,
      0,
      0,
      0,
      0,
      0,
      0,
      0,
      0,
      0,
      0,
      0,
      0,
      0,
      0,
      0,
      0,
      0,
      1,
      0,
      0,
      0,
      0,
      0,
      0,
      0,
      1,
      0,
      0,
      0,
      0,
      0,
      0,
      0
    ],
    "alight": [
      6,
      13,
      9,
      5,
      15,
      14,
      14,
      2,
      5,
      1,
      14,
      4,
      4,
      13,
      4,
      1,
      2,
      2,
      0,
      3,
      6,
      9,
      7,
      1,
      9,
      8,
      9,
      10,
      6,
      1,
      10,
      14,
      4,
      4,
      7,
      8,
      1,
      3,
      13,
      7,
      1,
      11,
      2,
      1,
      13,
      2,
      9,
      10,
      13,
      5,
      6,
      13,
      8,
      7,
      7,
      11,
      0,
      4,
      9,
      13,
      0,
      2,
      2,
      8
    ]
  },
  "水城羊肉粉(数博大道黎苏路店)": {
    "time": [
      "06:15:44",
      "06:31:05",
      "06:45:55",
      "07:01:35",
      "07:15:51",
      "07:30:15",
      "07:45:32",
      "08:01:06",
      "08:16:34",
      "08:31:29",
      "08:45:45",
      "09:01:12",
      "09:16:41",
      "09:30:54",
      "09:46:10",
      "10:01:50",
      "10:16:58",
      "10:31:49",
      "10:46:32",
      "11:00:50",
      "11:15:40",
      "11:30:01",
      "11:45:38",
      "12:00:09",
      "12:15:03",
      "12:29:57",
      "12:45:12",
      "13:00:12",
      "13:14:41",
      "13:30:13",
      "13:45:20",
      "14:00:31",
      "14:16:05",
      "14:30:48",
      "14:46:21",
      "15:01:16",
      "15:16:35",
      "15:30:50",
      "15:46:21",
      "16:01:29",
      "16:17:19",
      "16:31:38",
      "16:45:57",
      "17:00:54",
      "17:16:11",
      "17:31:41",
      "17:47:22",
      "18:02:31",
      "18:17:19",
      "18:33:09",
      "18:48:34",
      "19:04:24",
      "19:19:25",
      "19:33:36",
      "19:49:24",
      "20:04:27",
      "20:20:03",
      "20:35:43",
      "20:51:12",
      "21:06:30",
      "21:21:29",
      "21:37:14",
      "21:51:49",
      "22:07:20"
    ],
    "board": [
      0,
      0,
      0,
      0,
      0,
      0,
      0,
      0,
      0,
      0,
      0,
      0,
      0,
      0,
      0,
      0,
      0,
      0,
      0,
      0,
      0,
      0,
      0,
      0,
      0,
      0,
      0,
      0,
      0,
      0,
      0,
      0,
      0,
      0,
      0,
      0,
      0,
      0,
      0,
      0,
      0,
      0,
      0,
      0,
      0,
      0,
      0,
      0,
      0,
      0,
      0,
      0,
      0,
      0,
      0,
      0,
      0,
      0,
      0,
      0,
      0,
      0,
      0,
      0
    ],
    "alight": [
      0,
      8,
      3,
      9,
      3,
      15,
      4,
      14,
      7,
      15,
      11,
      13,
      10,
      8,
      2,
      0,
      6,
      11,
      2,
      8,
      0,
      9,
      13,
      14,
      8,
      0,
      3,
      0,
      13,
      14,
      6,
      2,
      15,
      15,
      5,
      10,
      13,
      1,
      9,
      13,
      6,
      15,
      1,
      4,
      5,
      10,
      7,
      5,
      14,
      7,
      0,
      15,
      14,
      13,
      5,
      1,
      5,
      15,
      4,
      14,
      13,
      15,
      4,
      2
    ]
  },
  "胖胖丫地摊辣子鸡火锅(新城玺樾台店)": {
    "time": [
      "06:15:44",
      "06:31:05",
      "06:45:55",
      "07:01:35",
      "07:15:51",
      "07:30:15",
      "07:45:32",
      "08:01:06",
      "08:16:34",
      "08:31:29",
      "08:45:45",
      "09:01:12",
      "09:16:41",
      "09:30:54",
      "09:46:10",
      "10:01:50",
      "10:16:58",
      "10:31:49",
      "10:46:32",
      "11:00:50",
      "11:15:40",
      "11:30:01",
      "11:45:38",
      "12:00:09",
      "12:15:03",
      "12:29:57",
      "12:45:12",
      "13:00:12",
      "13:14:41",
      "13:30:13",
      "13:45:20",
      "14:00:31",
      "14:16:05",
      "14:30:48",
      "14:46:21",
      "15:01:16",
      "15:16:35",
      "15:30:50",
      "15:46:21",
      "16:01:29",
      "16:17:19",
      "16:31:38",
      "16:45:57",
      "17:00:54",
      "17:16:11",
      "17:31:41",
      "17:47:22",
      "18:02:31",
      "18:17:19",
      "18:33:09",
      "18:48:34",
      "19:04:24",
      "19:19:25",
      "19:33:36",
      "19:49:24",
      "20:04:27",
      "20:20:03",
      "20:35:43",
      "20:51:12",
      "21:06:30",
      "21:21:29",
      "21:37:14",
      "21:51:49",
      "22:07:20"
    ],
    "board": [
      0,
      0,
      0,
      0,
      0,
      0,
      0,
      0,
      0,
      0,
      0,
      0,
      0,
      0,
      0,
      0,
      0,
      0,
      0,
      0,
      0,
      0,
      0,
      0,
      0,
      0,
      0,
      0,
      0,
      0,
      0,
      0,
      0,
      0,
      0,
      0,
      0,
      0,
      0,
      0,
      0,
      0,
      0,
      0,
      0,
      0,
      0,
      0,
      0,
      0,
      0,
      0,
      0,
      0,
      0,
      0,
      0,
      0,
      0,
      0,
      0,
      0,
      0,
      0
    ],
    "alight": [
      3,
      9,
      5,
      4,
      0,
      6,
      15,
      5,
      2,
      3,
      13,
      12,
      4,
      4,
      7,
      11,
      13,
      7,
      0,
      7,
      1,
      7,
      14,
      14,
      4,
      5,
      7,
      12,
      8,
      1,
      2,
      2,
      15,
      1,
      14,
      1,
      10,
      4,
      1,
      1,
      12,
      12,
      4,
      0,
      12,
      4,
      8,
      0,
      5,
      4,
      3,
      8,
      6,
      3,
      3,
      6,
      2,
      8,
      13,
      7,
      7,
      7,
      13,
      9
    ]
  }
}