{
  "up": {
    "水电九局小区": 1,
    "文丰幼教二分园": 2,
    "星篮幼儿园": 3,
    "北京西路": 4,
    "万达宝通轮胎(中坝路店)": 5,
    "无限极中草药保健美容": 6,
    "贵州省质量技术监督局稽查局": 7,
    "贵州医科大学附属肿瘤医院急诊室": 8,
    "但家香酥鸭(黔灵公园店)": 9,
    "365精英教育集团": 10,
    "八鸽岩(地铁站)": 11,
    "黔为天(市北店)": 12,
    "贵州医科大学临床技能实验中心3-4教室": 13,
    "吉祥巷": 14,
    "黄南武阳朗辣子鸡(形象店)": 15,
    "樱花路": 16,
    "中天花园森林广场": 17,
    "VOID cafe": 18,
    "大上海": 19,
    "四光路": 20,
    "丁莽子地摊火锅": 21,
    "艾眼吧": 22,
    "贵阳市乌当区观溪路街道办事处": 23,
    "北衙路": 24,
    "北龙路": 25,
    "乌当区环境卫生管理站车队": 26,
    "周四馒头(汤泉HOUSE店)": 27,
    "幸福里3期": 28,
    "云锦庄小学": 29,
    "中共良种场社区支部委员会": 30,
    "爱康牙科": 31
  },
  "down": {
    "爱康牙科": 32,
    "中共良种场社区支部委员会": 33,
    "云锦庄小学": 34,
    "幸福里3期": 35,
    "周四馒头(汤泉HOUSE店)": 36,
    "乌当区环境卫生管理站车队": 37,
    "北龙路": 38,
    "北衙路": 39,
    "贵阳市乌当区观溪路街道办事处": 40,
    "艾眼吧": 41,
    "丁莽子地摊火锅": 42,
    "四光路": 43,
    "大上海": 44,
    "VOID cafe": 45,
    "中天花园森林广场": 46,
    "樱花路": 47,
    "黄南武阳朗辣子鸡(形象店)": 48,
    "吉祥巷": 49,
    "贵州医科大学临床技能实验中心3-4教室": 50,
    "黔为天(市北店)": 51,
    "八鸽岩(地铁站)": 52,
    "365精英教育集团": 53,
    "但家香酥鸭(黔灵公园店)": 54,
    "贵州医科大学附属肿瘤医院急诊室": 55,
    "贵州省质量技术监督局稽查局": 56,
    "无限极中草药保健美容": 57,
    "万达宝通轮胎(中坝路店)": 58,
    "北京西路": 59,
    "星篮幼儿园": 60,
    "文丰幼教二分园": 61,
    "水电九局小区": 62
  }
}