{
  "up": {
    "1": "水电九局小区",
    "2": "文丰幼教二分园",
    "3": "星篮幼儿园",
    "4": "北京西路",
    "5": "万达宝通轮胎(中坝路店)",
    "6": "无限极中草药保健美容",
    "7": "贵州省质量技术监督局稽查局",
    "8": "贵州医科大学附属肿瘤医院急诊室",
    "9": "但家香酥鸭(黔灵公园店)",
    "10": "365精英教育集团",
    "11": "八鸽岩(地铁站)",
    "12": "黔为天(市北店)",
    "13": "贵州医科大学临床技能实验中心3-4教室",
    "14": "吉祥巷",
    "15": "黄南武阳朗辣子鸡(形象店)",
    "16": "樱花路",
    "17": "中天花园森林广场",
    "18": "VOID cafe",
    "19": "大上海",
    "20": "四光路",
    "21": "丁莽子地摊火锅",
    "22": "艾眼吧",
    "23": "贵阳市乌当区观溪路街道办事处",
    "24": "北衙路",
    "25": "北龙路",
    "26": "乌当区环境卫生管理站车队",
    "27": "周四馒头(汤泉HOUSE店)",
    "28": "幸福里3期",
    "29": "云锦庄小学",
    "30": "中共良种场社区支部委员会",
    "31": "爱康牙科"
  },
  "down": {
    "32": "爱康牙科",
    "33": "中共良种场社区支部委员会",
    "34": "云锦庄小学",
    "35": "幸福里3期",
    "36": "周四馒头(汤泉HOUSE店)",
    "37": "乌当区环境卫生管理站车队",
    "38": "北龙路",
    "39": "北衙路",
    "40": "贵阳市乌当区观溪路街道办事处",
    "41": "艾眼吧",
    "42": "丁莽子地摊火锅",
    "43": "四光路",
    "44": "大上海",
    "45": "VOID cafe",
    "46": "中天花园森林广场",
    "47": "樱花路",
    "48": "黄南武阳朗辣子鸡(形象店)",
    "49": "吉祥巷",
    "50": "贵州医科大学临床技能实验中心3-4教室",
    "51": "黔为天(市北店)",
    "52": "八鸽岩(地铁站)",
    "53": "365精英教育集团",
    "54": "但家香酥鸭(黔灵公园店)",
    "55": "贵州医科大学附属肿瘤医院急诊室",
    "56": "贵州省质量技术监督局稽查局",
    "57": "无限极中草药保健美容",
    "58": "万达宝通轮胎(中坝路店)",
    "59": "北京西路",
    "60": "星篮幼儿园",
    "61": "文丰幼教二分园",
    "62": "水电九局小区"
  }
}