{
  "水电九局小区": 474,
  "文丰幼教二分园": 541,
  "星篮幼儿园": 757,
  "北京西路": 405,
  "万达宝通轮胎(中坝路店)": 604,
  "无限极中草药保健美容": 815,
  "贵州省质量技术监督局稽查局": 624,
  "贵州医科大学附属肿瘤医院急诊室": 511,
  "但家香酥鸭(黔灵公园店)": 453,
  "365精英教育集团": 503,
  "八鸽岩(地铁站)": 454,
  "黔为天(市北店)": 549,
  "贵州医科大学临床技能实验中心3-4教室": 478,
  "吉祥巷": 605,
  "黄南武阳朗辣子鸡(形象店)": 861,
  "樱花路": 727,
  "中天花园森林广场": 509,
  "VOID cafe": 606,
  "大上海": 416,
  "四光路": 582,
  "丁莽子地摊火锅": 721,
  "艾眼吧": 478,
  "贵阳市乌当区观溪路街道办事处": 728,
  "北衙路": 620,
  "北龙路": 802,
  "乌当区环境卫生管理站车队": 453,
  "周四馒头(汤泉HOUSE店)": 473,
  "幸福里3期": 1067,
  "云锦庄小学": 564,
  "中共良种场社区支部委员会": 2045
}