{
  "爱康牙科": 2079,
  "中共良种场社区支部委员会": 598,
  "云锦庄小学": 1101,
  "幸福里3期": 507,
  "周四馒头(汤泉HOUSE店)": 487,
  "乌当区环境卫生管理站车队": 836,
  "北龙路": 654,
  "北衙路": 762,
  "贵阳市乌当区观溪路街道办事处": 512,
  "艾眼吧": 755,
  "丁莽子地摊火锅": 616,
  "四光路": 450,
  "大上海": 640,
  "VOID cafe": 543,
  "中天花园森林广场": 761,
  "樱花路": 895,
  "黄南武阳朗辣子鸡(形象店)": 639,
  "吉祥巷": 512,
  "贵州医科大学临床技能实验中心3-4教室": 583,
  "黔为天(市北店)": 488,
  "八鸽岩(地铁站)": 537,
  "365精英教育集团": 487,
  "但家香酥鸭(黔灵公园店)": 545,
  "贵州医科大学附属肿瘤医院急诊室": 658,
  "贵州省质量技术监督局稽查局": 849,
  "无限极中草药保健美容": 638,
  "万达宝通轮胎(中坝路店)": 439,
  "北京西路": 791,
  "星篮幼儿园": 575,
  "文丰幼教二分园": 508
}