{
  "up": {
    "火车北站隧道": 1,
    "七冲二号隧道": 2,
    "鲁家大院": 3,
    "黔春路": 4,
    "头桥派出所双峰路55号治安室": 5,
    "三岭湾": 6,
    "北京师范大学作文培训基地": 7,
    "麻辣馄饨店(安云路店)": 8,
    "杨记遵义豆花面(市北路店)": 9,
    "贵州医科大学(北校区)": 10,
    "梦想典城2期": 11,
    "贵阳泊阳公寓": 12,
    "大嘴巴休闲小吃": 13,
    "中天花园-茶花园": 14,
    "cc英语(中天校区)": 15,
    "吉布鲁牛排海鲜自助(云岩万达广场店)": 16,
    "丁莽子地摊火锅": 17,
    "奶漫清心(恒大雅苑店)": 18,
    "多宝莉宠物美容会所(保利公园店)": 19,
    "邦元名匠家居定制中心": 20,
    "简家牛肉粉": 21,
    "欢牛府": 22,
    "凯诚科目二考场": 23,
    "贵州广顺通驾驶培训有限公司": 24,
    "乌当铉宏汽车修理厂": 25,
    "马厂岩": 26,
    "国药控股贵州医药有限公司": 27,
    "146县道": 28,
    "贵州天辰三江建材有限公司(西北门)": 29,
    "105县道": 30
  },
  "down": {
    "105县道": 31,
    "贵州天辰三江建材有限公司(西北门)": 32,
    "146县道": 33,
    "国药控股贵州医药有限公司": 34,
    "马厂岩": 35,
    "乌当铉宏汽车修理厂": 36,
    "贵州广顺通驾驶培训有限公司": 37,
    "凯诚科目二考场": 38,
    "欢牛府": 39,
    "简家牛肉粉": 40,
    "邦元名匠家居定制中心": 41,
    "多宝莉宠物美容会所(保利公园店)": 42,
    "奶漫清心(恒大雅苑店)": 43,
    "丁莽子地摊火锅": 44,
    "吉布鲁牛排海鲜自助(云岩万达广场店)": 45,
    "cc英语(中天校区)": 46,
    "中天花园-茶花园": 47,
    "大嘴巴休闲小吃": 48,
    "贵阳泊阳公寓": 49,
    "梦想典城2期": 50,
    "贵州医科大学(北校区)": 51,
    "杨记遵义豆花面(市北路店)": 52,
    "麻辣馄饨店(安云路店)": 53,
    "北京师范大学作文培训基地": 54,
    "三岭湾": 55,
    "头桥派出所双峰路55号治安室": 56,
    "黔春路": 57,
    "鲁家大院": 58,
    "七冲二号隧道": 59,
    "火车北站隧道": 60
  }
}