{
  "up": {
    "1": "火车北站隧道",
    "2": "七冲二号隧道",
    "3": "鲁家大院",
    "4": "黔春路",
    "5": "头桥派出所双峰路55号治安室",
    "6": "三岭湾",
    "7": "北京师范大学作文培训基地",
    "8": "麻辣馄饨店(安云路店)",
    "9": "杨记遵义豆花面(市北路店)",
    "10": "贵州医科大学(北校区)",
    "11": "梦想典城2期",
    "12": "贵阳泊阳公寓",
    "13": "大嘴巴休闲小吃",
    "14": "中天花园-茶花园",
    "15": "cc英语(中天校区)",
    "16": "吉布鲁牛排海鲜自助(云岩万达广场店)",
    "17": "丁莽子地摊火锅",
    "18": "奶漫清心(恒大雅苑店)",
    "19": "多宝莉宠物美容会所(保利公园店)",
    "20": "邦元名匠家居定制中心",
    "21": "简家牛肉粉",
    "22": "欢牛府",
    "23": "凯诚科目二考场",
    "24": "贵州广顺通驾驶培训有限公司",
    "25": "乌当铉宏汽车修理厂",
    "26": "马厂岩",
    "27": "国药控股贵州医药有限公司",
    "28": "146县道",
    "29": "贵州天辰三江建材有限公司(西北门)",
    "30": "105县道"
  },
  "down": {
    "31": "105县道",
    "32": "贵州天辰三江建材有限公司(西北门)",
    "33": "146县道",
    "34": "国药控股贵州医药有限公司",
    "35": "马厂岩",
    "36": "乌当铉宏汽车修理厂",
    "37": "贵州广顺通驾驶培训有限公司",
    "38": "凯诚科目二考场",
    "39": "欢牛府",
    "40": "简家牛肉粉",
    "41": "邦元名匠家居定制中心",
    "42": "多宝莉宠物美容会所(保利公园店)",
    "43": "奶漫清心(恒大雅苑店)",
    "44": "丁莽子地摊火锅",
    "45": "吉布鲁牛排海鲜自助(云岩万达广场店)",
    "46": "cc英语(中天校区)",
    "47": "中天花园-茶花园",
    "48": "大嘴巴休闲小吃",
    "49": "贵阳泊阳公寓",
    "50": "梦想典城2期",
    "51": "贵州医科大学(北校区)",
    "52": "杨记遵义豆花面(市北路店)",
    "53": "麻辣馄饨店(安云路店)",
    "54": "北京师范大学作文培训基地",
    "55": "三岭湾",
    "56": "头桥派出所双峰路55号治安室",
    "57": "黔春路",
    "58": "鲁家大院",
    "59": "七冲二号隧道",
    "60": "火车北站隧道"
  }
}