{
  "火车北站隧道": 601,
  "七冲二号隧道": 821,
  "鲁家大院": 468,
  "黔春路": 624,
  "头桥派出所双峰路55号治安室": 511,
  "三岭湾": 453,
  "北京师范大学作文培训基地": 503,
  "麻辣馄饨店(安云路店)": 454,
  "杨记遵义豆花面(市北路店)": 549,
  "贵州医科大学(北校区)": 478,
  "梦想典城2期": 605,
  "贵阳泊阳公寓": 861,
  "大嘴巴休闲小吃": 727,
  "中天花园-茶花园": 509,
  "cc英语(中天校区)": 606,
  "吉布鲁牛排海鲜自助(云岩万达广场店)": 416,
  "丁莽子地摊火锅": 582,
  "奶漫清心(恒大雅苑店)": 1900,
  "多宝莉宠物美容会所(保利公园店)": 851,
  "邦元名匠家居定制中心": 540,
  "简家牛肉粉": 497,
  "欢牛府": 913,
  "凯诚科目二考场": 921,
  "贵州广顺通驾驶培训有限公司": 418,
  "乌当铉宏汽车修理厂": 603,
  "马厂岩": 1695,
  "国药控股贵州医药有限公司": 2137,
  "146县道": 617,
  "贵州天辰三江建材有限公司(西北门)": 4271
}