{
  "105县道": 4287,
  "贵州天辰三江建材有限公司(西北门)": 633,
  "146县道": 2153,
  "国药控股贵州医药有限公司": 1711,
  "马厂岩": 619,
  "乌当铉宏汽车修理厂": 434,
  "贵州广顺通驾驶培训有限公司": 937,
  "凯诚科目二考场": 929,
  "欢牛府": 513,
  "简家牛肉粉": 556,
  "邦元名匠家居定制中心": 867,
  "多宝莉宠物美容会所(保利公园店)": 1916,
  "奶漫清心(恒大雅苑店)": 598,
  "丁莽子地摊火锅": 432,
  "吉布鲁牛排海鲜自助(云岩万达广场店)": 622,
  "cc英语(中天校区)": 525,
  "中天花园-茶花园": 743,
  "大嘴巴休闲小吃": 877,
  "贵阳泊阳公寓": 621,
  "梦想典城2期": 494,
  "贵州医科大学(北校区)": 565,
  "杨记遵义豆花面(市北路店)": 470,
  "麻辣馄饨店(安云路店)": 519,
  "北京师范大学作文培训基地": 469,
  "三岭湾": 527,
  "头桥派出所双峰路55号治安室": 640,
  "黔春路": 484,
  "鲁家大院": 837,
  "七冲二号隧道": 617
}