{
  "up": {
    "黔灵湖大桥右线桥": 1,
    "首杨水果(贵阳云岩云山国际店)": 2,
    "留一手特色烤鱼(观山东路店)": 3,
    "首杨水果(贵阳云岩天誉城店)": 4,
    "观山东路": 5,
    "六间房": 6,
    "昌贵断桥青椒鱼": 7,
    "贵州云顺达驾驶培训有限公司": 8,
    "捷顺汽车服务": 9,
    "观山湖区长岭街道社区卫生服务中心": 10,
    "新疆玫瑰烧烤店": 11,
    "煮意皇牛鲜牛肉火锅(会展城店)": 12,
    "贵阳市观山湖区会展城小学": 13,
    "庄记甜品(中天会展A9店)": 14,
    "弱水亭": 15,
    "贵阳金阳怡豪酒店": 16,
    "废材烤物(富力新天地店)": 17,
    "诚信南路": 18,
    "鸿渐餐饮(中铁阅山湖云著店)": 19,
    "上麦西": 20,
    "煜兴盛汽车服务有限公司": 21,
    "贵阳西南国际商贸城仓储物流园A区5栋": 22,
    "贵阳西南国际商贸城仓储物流园B区3栋": 23,
    "西南商贸城仓储C区6栋": 24,
    "贵怡·酒店(贵阳西南国际商贸城店)": 25,
    "盘金天天杀猪饭(贵阳西南国际商贸城3号广场店)": 26,
    "喷泉广场": 27,
    "干井村综合楼": 28,
    "翁贡村新时代文明实践站": 29,
    "金清立交": 30,
    "京东电子商务产业园区": 31,
    "观清路辅路": 32,
    "京东亚洲一号贵阳观山湖物流园(北1门)": 33
  },
  "down": {
    "京东亚洲一号贵阳观山湖物流园(北1门)": 34,
    "观清路辅路": 35,
    "京东电子商务产业园区": 36,
    "金清立交": 37,
    "翁贡村新时代文明实践站": 38,
    "干井村综合楼": 39,
    "喷泉广场": 40,
    "盘金天天杀猪饭(贵阳西南国际商贸城3号广场店)": 41,
    "贵怡·酒店(贵阳西南国际商贸城店)": 42,
    "西南商贸城仓储C区6栋": 43,
    "贵阳西南国际商贸城仓储物流园B区3栋": 44,
    "贵阳西南国际商贸城仓储物流园A区5栋": 45,
    "煜兴盛汽车服务有限公司": 46,
    "上麦西": 47,
    "鸿渐餐饮(中铁阅山湖云著店)": 48,
    "诚信南路": 49,
    "废材烤物(富力新天地店)": 50,
    "贵阳金阳怡豪酒店": 51,
    "弱水亭": 52,
    "庄记甜品(中天会展A9店)": 53,
    "贵阳市观山湖区会展城小学": 54,
    "煮意皇牛鲜牛肉火锅(会展城店)": 55,
    "新疆玫瑰烧烤店": 56,
    "观山湖区长岭街道社区卫生服务中心": 57,
    "捷顺汽车服务": 58,
    "贵州云顺达驾驶培训有限公司": 59,
    "昌贵断桥青椒鱼": 60,
    "六间房": 61,
    "观山东路": 62,
    "首杨水果(贵阳云岩天誉城店)": 63,
    "留一手特色烤鱼(观山东路店)": 64,
    "首杨水果(贵阳云岩云山国际店)": 65,
    "黔灵湖大桥右线桥": 66
  }
}