{
  "京东亚洲一号贵阳观山湖物流园(北1门)": 595,
  "观清路辅路": 465,
  "京东电子商务产业园区": 439,
  "金清立交": 545,
  "翁贡村新时代文明实践站": 906,
  "干井村综合楼": 220,
  "喷泉广场": 238,
  "盘金天天杀猪饭(贵阳西南国际商贸城3号广场店)": 316,
  "贵怡·酒店(贵阳西南国际商贸城店)": 219,
  "西南商贸城仓储C区6栋": 559,
  "贵阳西南国际商贸城仓储物流园B区3栋": 223,
  "贵阳西南国际商贸城仓储物流园A区5栋": 925,
  "煜兴盛汽车服务有限公司": 293,
  "上麦西": 989,
  "鸿渐餐饮(中铁阅山湖云著店)": 362,
  "诚信南路": 437,
  "废材烤物(富力新天地店)": 241,
  "贵阳金阳怡豪酒店": 485,
  "弱水亭": 291,
  "庄记甜品(中天会展A9店)": 227,
  "贵阳市观山湖区会展城小学": 214,
  "煮意皇牛鲜牛肉火锅(会展城店)": 409,
  "新疆玫瑰烧烤店": 234,
  "观山湖区长岭街道社区卫生服务中心": 267,
  "捷顺汽车服务": 204,
  "贵州云顺达驾驶培训有限公司": 492,
  "昌贵断桥青椒鱼": 323,
  "六间房": 1187,
  "观山东路": 459,
  "首杨水果(贵阳云岩天誉城店)": 227,
  "留一手特色烤鱼(观山东路店)": 355,
  "首杨水果(贵阳云岩云山国际店)": 826
}