{
  "up": {
    "1": "黔灵湖大桥右线桥",
    "2": "首杨水果(贵阳云岩云山国际店)",
    "3": "留一手特色烤鱼(观山东路店)",
    "4": "首杨水果(贵阳云岩天誉城店)",
    "5": "观山东路",
    "6": "六间房",
    "7": "昌贵断桥青椒鱼",
    "8": "贵州云顺达驾驶培训有限公司",
    "9": "捷顺汽车服务",
    "10": "观山湖区长岭街道社区卫生服务中心",
    "11": "新疆玫瑰烧烤店",
    "12": "煮意皇牛鲜牛肉火锅(会展城店)",
    "13": "贵阳市观山湖区会展城小学",
    "14": "庄记甜品(中天会展A9店)",
    "15": "弱水亭",
    "16": "贵阳金阳怡豪酒店",
    "17": "废材烤物(富力新天地店)",
    "18": "诚信南路",
    "19": "鸿渐餐饮(中铁阅山湖云著店)",
    "20": "上麦西",
    "21": "煜兴盛汽车服务有限公司",
    "22": "贵阳西南国际商贸城仓储物流园A区5栋",
    "23": "贵阳西南国际商贸城仓储物流园B区3栋",
    "24": "西南商贸城仓储C区6栋",
    "25": "贵怡·酒店(贵阳西南国际商贸城店)",
    "26": "盘金天天杀猪饭(贵阳西南国际商贸城3号广场店)",
    "27": "喷泉广场",
    "28": "干井村综合楼",
    "29": "翁贡村新时代文明实践站",
    "30": "金清立交",
    "31": "京东电子商务产业园区",
    "32": "观清路辅路",
    "33": "京东亚洲一号贵阳观山湖物流园(北1门)"
  },
  "down": {
    "34": "京东亚洲一号贵阳观山湖物流园(北1门)",
    "35": "观清路辅路",
    "36": "京东电子商务产业园区",
    "37": "金清立交",
    "38": "翁贡村新时代文明实践站",
    "39": "干井村综合楼",
    "40": "喷泉广场",
    "41": "盘金天天杀猪饭(贵阳西南国际商贸城3号广场店)",
    "42": "贵怡·酒店(贵阳西南国际商贸城店)",
    "43": "西南商贸城仓储C区6栋",
    "44": "贵阳西南国际商贸城仓储物流园B区3栋",
    "45": "贵阳西南国际商贸城仓储物流园A区5栋",
    "46": "煜兴盛汽车服务有限公司",
    "47": "上麦西",
    "48": "鸿渐餐饮(中铁阅山湖云著店)",
    "49": "诚信南路",
    "50": "废材烤物(富力新天地店)",
    "51": "贵阳金阳怡豪酒店",
    "52": "弱水亭",
    "53": "庄记甜品(中天会展A9店)",
    "54": "贵阳市观山湖区会展城小学",
    "55": "煮意皇牛鲜牛肉火锅(会展城店)",
    "56": "新疆玫瑰烧烤店",
    "57": "观山湖区长岭街道社区卫生服务中心",
    "58": "捷顺汽车服务",
    "59": "贵州云顺达驾驶培训有限公司",
    "60": "昌贵断桥青椒鱼",
    "61": "六间房",
    "62": "观山东路",
    "63": "首杨水果(贵阳云岩天誉城店)",
    "64": "留一手特色烤鱼(观山东路店)",
    "65": "首杨水果(贵阳云岩云山国际店)",
    "66": "黔灵湖大桥右线桥"
  }
}