{
  "黔灵湖大桥右线桥": 1052,
  "首杨水果(贵阳云岩云山国际店)": 581,
  "留一手特色烤鱼(观山东路店)": 453,
  "首杨水果(贵阳云岩天誉城店)": 685,
  "观山东路": 1413,
  "六间房": 549,
  "昌贵断桥青椒鱼": 718,
  "贵州云顺达驾驶培训有限公司": 430,
  "捷顺汽车服务": 493,
  "观山湖区长岭街道社区卫生服务中心": 460,
  "新疆玫瑰烧烤店": 635,
  "煮意皇牛鲜牛肉火锅(会展城店)": 440,
  "贵阳市观山湖区会展城小学": 453,
  "庄记甜品(中天会展A9店)": 517,
  "弱水亭": 711,
  "贵阳金阳怡豪酒店": 467,
  "废材烤物(富力新天地店)": 663,
  "诚信南路": 588,
  "鸿渐餐饮(中铁阅山湖云著店)": 1215,
  "上麦西": 519,
  "煜兴盛汽车服务有限公司": 1151,
  "贵阳西南国际商贸城仓储物流园A区5栋": 449,
  "贵阳西南国际商贸城仓储物流园B区3栋": 785,
  "西南商贸城仓储C区6栋": 445,
  "贵怡·酒店(贵阳西南国际商贸城店)": 542,
  "盘金天天杀猪饭(贵阳西南国际商贸城3号广场店)": 464,
  "喷泉广场": 446,
  "干井村综合楼": 1132,
  "翁贡村新时代文明实践站": 771,
  "金清立交": 665,
  "京东电子商务产业园区": 691,
  "观清路辅路": 821
}