{
  "up": {
    "1": "新街",
    "2": "金鸭派出所户籍室",
    "3": "金阳学校",
    "4": "金梦缘商务宾馆",
    "5": "惠诚滋知(轮胎厂店)",
    "6": "百花大道地铁站B口",
    "7": "黔味居轩鱼馆(观山湖店)",
    "8": "龙吉路",
    "9": "拿渡麻辣香锅(世纪金源购物中心店)",
    "10": "思飨季(印象城店)",
    "11": "中铁逸都国际G2组团",
    "12": "贵州广播电视大学(新校区)",
    "13": "刘家狗肉羊肉",
    "14": "观山湖区宾阳街道西南上城映山府",
    "15": "贵阳西南国际商贸城1号广场",
    "16": "北京西路",
    "17": "小明家烤肉(碧桂园·观山府店)",
    "18": "金阳客车站(出站口)",
    "19": "甘井时尚酒店(新金阳客车站店)",
    "20": "菜鸟驿站(贵阳金华吉利宿舍店)",
    "21": "百源智联汽车充电站(贵阳京东)",
    "22": "黔贵交通职业培训学校",
    "23": "上海爱登堡电梯贵州有限公司",
    "24": "蒿芝居委会",
    "25": "蒿芝小学",
    "26": "北师大老教授协会实验幼儿园",
    "27": "老杨轮胎销售",
    "28": "下铺村",
    "29": "清镇市物流新城大学生创业园",
    "30": "中共伟宏社区委员会",
    "31": "东门广场"
  },
  "down": {
    "32": "东门广场",
    "33": "中共伟宏社区委员会",
    "34": "清镇市物流新城大学生创业园",
    "35": "下铺村",
    "36": "老杨轮胎销售",
    "37": "北师大老教授协会实验幼儿园",
    "38": "蒿芝小学",
    "39": "蒿芝居委会",
    "40": "上海爱登堡电梯贵州有限公司",
    "41": "黔贵交通职业培训学校",
    "42": "百源智联汽车充电站(贵阳京东)",
    "43": "菜鸟驿站(贵阳金华吉利宿舍店)",
    "44": "甘井时尚酒店(新金阳客车站店)",
    "45": "金阳客车站(出站口)",
    "46": "小明家烤肉(碧桂园·观山府店)",
    "47": "北京西路",
    "48": "贵阳西南国际商贸城1号广场",
    "49": "观山湖区宾阳街道西南上城映山府",
    "50": "刘家狗肉羊肉",
    "51": "贵州广播电视大学(新校区)",
    "52": "中铁逸都国际G2组团",
    "53": "思飨季(印象城店)",
    "54": "拿渡麻辣香锅(世纪金源购物中心店)",
    "55": "龙吉路",
    "56": "黔味居轩鱼馆(观山湖店)",
    "57": "百花大道地铁站B口",
    "58": "惠诚滋知(轮胎厂店)",
    "59": "金梦缘商务宾馆",
    "60": "金阳学校",
    "61": "金鸭派出所户籍室",
    "62": "新街"
  }
}