{
  "up": {
    "新街": 1,
    "金鸭派出所户籍室": 2,
    "金阳学校": 3,
    "金梦缘商务宾馆": 4,
    "惠诚滋知(轮胎厂店)": 5,
    "百花大道地铁站B口": 6,
    "黔味居轩鱼馆(观山湖店)": 7,
    "龙吉路": 8,
    "拿渡麻辣香锅(世纪金源购物中心店)": 9,
    "思飨季(印象城店)": 10,
    "中铁逸都国际G2组团": 11,
    "贵州广播电视大学(新校区)": 12,
    "刘家狗肉羊肉": 13,
    "观山湖区宾阳街道西南上城映山府": 14,
    "贵阳西南国际商贸城1号广场": 15,
    "北京西路": 16,
    "小明家烤肉(碧桂园·观山府店)": 17,
    "金阳客车站(出站口)": 18,
    "甘井时尚酒店(新金阳客车站店)": 19,
    "菜鸟驿站(贵阳金华吉利宿舍店)": 20,
    "百源智联汽车充电站(贵阳京东)": 21,
    "黔贵交通职业培训学校": 22,
    "上海爱登堡电梯贵州有限公司": 23,
    "蒿芝居委会": 24,
    "蒿芝小学": 25,
    "北师大老教授协会实验幼儿园": 26,
    "老杨轮胎销售": 27,
    "下铺村": 28,
    "清镇市物流新城大学生创业园": 29,
    "中共伟宏社区委员会": 30,
    "东门广场": 31
  },
  "down": {
    "东门广场": 32,
    "中共伟宏社区委员会": 33,
    "清镇市物流新城大学生创业园": 34,
    "下铺村": 35,
    "老杨轮胎销售": 36,
    "北师大老教授协会实验幼儿园": 37,
    "蒿芝小学": 38,
    "蒿芝居委会": 39,
    "上海爱登堡电梯贵州有限公司": 40,
    "黔贵交通职业培训学校": 41,
    "百源智联汽车充电站(贵阳京东)": 42,
    "菜鸟驿站(贵阳金华吉利宿舍店)": 43,
    "甘井时尚酒店(新金阳客车站店)": 44,
    "金阳客车站(出站口)": 45,
    "小明家烤肉(碧桂园·观山府店)": 46,
    "北京西路": 47,
    "贵阳西南国际商贸城1号广场": 48,
    "观山湖区宾阳街道西南上城映山府": 49,
    "刘家狗肉羊肉": 50,
    "贵州广播电视大学(新校区)": 51,
    "中铁逸都国际G2组团": 52,
    "思飨季(印象城店)": 53,
    "拿渡麻辣香锅(世纪金源购物中心店)": 54,
    "龙吉路": 55,
    "黔味居轩鱼馆(观山湖店)": 56,
    "百花大道地铁站B口": 57,
    "惠诚滋知(轮胎厂店)": 58,
    "金梦缘商务宾馆": 59,
    "金阳学校": 60,
    "金鸭派出所户籍室": 61,
    "新街": 62
  }
}