{
  "东门广场": 429,
  "中共伟宏社区委员会": 449,
  "清镇市物流新城大学生创业园": 2688,
  "下铺村": 581,
  "老杨轮胎销售": 517,
  "北师大老教授协会实验幼儿园": 389,
  "蒿芝小学": 393,
  "蒿芝居委会": 487,
  "上海爱登堡电梯贵州有限公司": 445,
  "黔贵交通职业培训学校": 1132,
  "百源智联汽车充电站(贵阳京东)": 702,
  "菜鸟驿站(贵阳金华吉利宿舍店)": 624,
  "甘井时尚酒店(新金阳客车站店)": 405,
  "金阳客车站(出站口)": 425,
  "小明家烤肉(碧桂园·观山府店)": 482,
  "北京西路": 432,
  "贵阳西南国际商贸城1号广场": 405,
  "观山湖区宾阳街道西南上城映山府": 466,
  "刘家狗肉羊肉": 806,
  "贵州广播电视大学(新校区)": 1030,
  "中铁逸都国际G2组团": 509,
  "思飨季(印象城店)": 767,
  "拿渡麻辣香锅(世纪金源购物中心店)": 379,
  "龙吉路": 436,
  "黔味居轩鱼馆(观山湖店)": 458,
  "百花大道地铁站B口": 979,
  "惠诚滋知(轮胎厂店)": 477,
  "金梦缘商务宾馆": 449,
  "金阳学校": 520,
  "金鸭派出所户籍室": 623
}