{
  "新街": 646,
  "金鸭派出所户籍室": 543,
  "金阳学校": 472,
  "金梦缘商务宾馆": 500,
  "惠诚滋知(轮胎厂店)": 1002,
  "百花大道地铁站B口": 481,
  "黔味居轩鱼馆(观山湖店)": 459,
  "龙吉路": 402,
  "拿渡麻辣香锅(世纪金源购物中心店)": 790,
  "思飨季(印象城店)": 532,
  "中铁逸都国际G2组团": 1053,
  "贵州广播电视大学(新校区)": 829,
  "刘家狗肉羊肉": 489,
  "观山湖区宾阳街道西南上城映山府": 428,
  "贵阳西南国际商贸城1号广场": 455,
  "北京西路": 505,
  "小明家烤肉(碧桂园·观山府店)": 448,
  "金阳客车站(出站口)": 428,
  "甘井时尚酒店(新金阳客车站店)": 647,
  "菜鸟驿站(贵阳金华吉利宿舍店)": 725,
  "百源智联汽车充电站(贵阳京东)": 1155,
  "黔贵交通职业培训学校": 468,
  "上海爱登堡电梯贵州有限公司": 510,
  "蒿芝居委会": 416,
  "蒿芝小学": 412,
  "北师大老教授协会实验幼儿园": 540,
  "老杨轮胎销售": 604,
  "下铺村": 2711,
  "清镇市物流新城大学生创业园": 472,
  "中共伟宏社区委员会": 452
}