{
  "贵阳布舍智慧酒店": 419,
  "亚特斯酒店(贵阳高铁北站店)": 452,
  "猫咔咔·主题猫咖(北大资源梦想城店)": 495,
  "西二环": 451,
  "如家酒店(贵阳高铁北站店)": 439,
  "小鹿(贵阳站)民宿(凯里路分店)": 445,
  "泛特尔细胞": 436,
  "友山基金大厦": 725,
  "齐记小笼包(恒大滨河左岸店)": 513,
  "贵阳悦程医院住院部": 824,
  "龙锦路": 414,
  "饿大头糯米饭(世纪城店)": 428,
  "黔晓教育(世纪城校区)": 759,
  "牛如世家(贵阳世纪城龙吉苑店)": 410,
  "金阳南路(地铁站)": 600,
  "和煦酒店(贵阳观山湖金阳医院地铁站店)": 1016,
  "司马烤鱼香辣虾(中铁·逸都国际店)": 829,
  "贵州金阳武馆": 489,
  "金龙路": 428,
  "鸿韵黔霸原汤牛肉粉": 455,
  "豆腐皮火锅": 505,
  "商城西路": 448,
  "北京西路": 428,
  "黄土坡": 647,
  "贵西能源金清加油站": 725,
  "心邻小屋-何官小学心理服务站": 1155,
  "方盛": 468,
  "蒿芝村七彩双语幼儿园": 510,
  "042村道": 416,
  "蒿芝塘": 412,
  "邢氏兄弟斗车加工厂": 540
}