{
  "up": {
    "1": "贵阳布舍智慧酒店",
    "2": "亚特斯酒店(贵阳高铁北站店)",
    "3": "猫咔咔·主题猫咖(北大资源梦想城店)",
    "4": "西二环",
    "5": "如家酒店(贵阳高铁北站店)",
    "6": "小鹿(贵阳站)民宿(凯里路分店)",
    "7": "泛特尔细胞",
    "8": "友山基金大厦",
    "9": "齐记小笼包(恒大滨河左岸店)",
    "10": "贵阳悦程医院住院部",
    "11": "龙锦路",
    "12": "饿大头糯米饭(世纪城店)",
    "13": "黔晓教育(世纪城校区)",
    "14": "牛如世家(贵阳世纪城龙吉苑店)",
    "15": "金阳南路(地铁站)",
    "16": "和煦酒店(贵阳观山湖金阳医院地铁站店)",
    "17": "司马烤鱼香辣虾(中铁·逸都国际店)",
    "18": "贵州金阳武馆",
    "19": "金龙路",
    "20": "鸿韵黔霸原汤牛肉粉",
    "21": "豆腐皮火锅",
    "22": "商城西路",
    "23": "北京西路",
    "24": "黄土坡",
    "25": "贵西能源金清加油站",
    "26": "心邻小屋-何官小学心理服务站",
    "27": "方盛",
    "28": "蒿芝村七彩双语幼儿园",
    "29": "042村道",
    "30": "蒿芝塘",
    "31": "邢氏兄弟斗车加工厂",
    "32": "贵阳天和宏达建筑设备有限公司"
  },
  "down": {
    "33": "贵阳天和宏达建筑设备有限公司",
    "34": "邢氏兄弟斗车加工厂",
    "35": "蒿芝塘",
    "36": "042村道",
    "37": "蒿芝村七彩双语幼儿园",
    "38": "方盛",
    "39": "心邻小屋-何官小学心理服务站",
    "40": "贵西能源金清加油站",
    "41": "黄土坡",
    "42": "北京西路",
    "43": "商城西路",
    "44": "豆腐皮火锅",
    "45": "鸿韵黔霸原汤牛肉粉",
    "46": "金龙路",
    "47": "贵州金阳武馆",
    "48": "司马烤鱼香辣虾(中铁·逸都国际店)",
    "49": "和煦酒店(贵阳观山湖金阳医院地铁站店)",
    "50": "金阳南路(地铁站)",
    "51": "牛如世家(贵阳世纪城龙吉苑店)",
    "52": "黔晓教育(世纪城校区)",
    "53": "饿大头糯米饭(世纪城店)",
    "54": "龙锦路",
    "55": "贵阳悦程医院住院部",
    "56": "齐记小笼包(恒大滨河左岸店)",
    "57": "友山基金大厦",
    "58": "泛特尔细胞",
    "59": "小鹿(贵阳站)民宿(凯里路分店)",
    "60": "如家酒店(贵阳高铁北站店)",
    "61": "西二环",
    "62": "猫咔咔·主题猫咖(北大资源梦想城店)",
    "63": "亚特斯酒店(贵阳高铁北站店)",
    "64": "贵阳布舍智慧酒店"
  }
}