{
  "up": {
    "贵阳布舍智慧酒店": 1,
    "亚特斯酒店(贵阳高铁北站店)": 2,
    "猫咔咔·主题猫咖(北大资源梦想城店)": 3,
    "西二环": 4,
    "如家酒店(贵阳高铁北站店)": 5,
    "小鹿(贵阳站)民宿(凯里路分店)": 6,
    "泛特尔细胞": 7,
    "友山基金大厦": 8,
    "齐记小笼包(恒大滨河左岸店)": 9,
    "贵阳悦程医院住院部": 10,
    "龙锦路": 11,
    "饿大头糯米饭(世纪城店)": 12,
    "黔晓教育(世纪城校区)": 13,
    "牛如世家(贵阳世纪城龙吉苑店)": 14,
    "金阳南路(地铁站)": 15,
    "和煦酒店(贵阳观山湖金阳医院地铁站店)": 16,
    "司马烤鱼香辣虾(中铁·逸都国际店)": 17,
    "贵州金阳武馆": 18,
    "金龙路": 19,
    "鸿韵黔霸原汤牛肉粉": 20,
    "豆腐皮火锅": 21,
    "商城西路": 22,
    "北京西路": 23,
    "黄土坡": 24,
    "贵西能源金清加油站": 25,
    "心邻小屋-何官小学心理服务站": 26,
    "方盛": 27,
    "蒿芝村七彩双语幼儿园": 28,
    "042村道": 29,
    "蒿芝塘": 30,
    "邢氏兄弟斗车加工厂": 31,
    "贵阳天和宏达建筑设备有限公司": 32
  },
  "down": {
    "贵阳天和宏达建筑设备有限公司": 33,
    "邢氏兄弟斗车加工厂": 34,
    "蒿芝塘": 35,
    "042村道": 36,
    "蒿芝村七彩双语幼儿园": 37,
    "方盛": 38,
    "心邻小屋-何官小学心理服务站": 39,
    "贵西能源金清加油站": 40,
    "黄土坡": 41,
    "北京西路": 42,
    "商城西路": 43,
    "豆腐皮火锅": 44,
    "鸿韵黔霸原汤牛肉粉": 45,
    "金龙路": 46,
    "贵州金阳武馆": 47,
    "司马烤鱼香辣虾(中铁·逸都国际店)": 48,
    "和煦酒店(贵阳观山湖金阳医院地铁站店)": 49,
    "金阳南路(地铁站)": 50,
    "牛如世家(贵阳世纪城龙吉苑店)": 51,
    "黔晓教育(世纪城校区)": 52,
    "饿大头糯米饭(世纪城店)": 53,
    "龙锦路": 54,
    "贵阳悦程医院住院部": 55,
    "齐记小笼包(恒大滨河左岸店)": 56,
    "友山基金大厦": 57,
    "泛特尔细胞": 58,
    "小鹿(贵阳站)民宿(凯里路分店)": 59,
    "如家酒店(贵阳高铁北站店)": 60,
    "西二环": 61,
    "猫咔咔·主题猫咖(北大资源梦想城店)": 62,
    "亚特斯酒店(贵阳高铁北站店)": 63,
    "贵阳布舍智慧酒店": 64
  }
}