{
  "贵阳天和宏达建筑设备有限公司": 778,
  "邢氏兄弟斗车加工厂": 650,
  "蒿芝塘": 654,
  "042村道": 748,
  "蒿芝村七彩双语幼儿园": 706,
  "方盛": 1393,
  "心邻小屋-何官小学心理服务站": 963,
  "贵西能源金清加油站": 885,
  "黄土坡": 666,
  "北京西路": 686,
  "商城西路": 743,
  "豆腐皮火锅": 693,
  "鸿韵黔霸原汤牛肉粉": 666,
  "金龙路": 727,
  "贵州金阳武馆": 1067,
  "司马烤鱼香辣虾(中铁·逸都国际店)": 1254,
  "和煦酒店(贵阳观山湖金阳医院地铁站店)": 838,
  "金阳南路(地铁站)": 648,
  "牛如世家(贵阳世纪城龙吉苑店)": 997,
  "黔晓教育(世纪城校区)": 666,
  "饿大头糯米饭(世纪城店)": 652,
  "龙锦路": 1062,
  "贵阳悦程医院住院部": 751,
  "齐记小笼包(恒大滨河左岸店)": 963,
  "友山基金大厦": 674,
  "泛特尔细胞": 683,
  "小鹿(贵阳站)民宿(凯里路分店)": 677,
  "如家酒店(贵阳高铁北站店)": 689,
  "西二环": 733,
  "猫咔咔·主题猫咖(北大资源梦想城店)": 690,
  "亚特斯酒店(贵阳高铁北站店)": 657
}