{
  "up": {
    "1": "中医99养生馆",
    "2": "小芳素粉",
    "3": "三桥综合批发市场-南区",
    "4": "三桥农民新村",
    "5": "御生堂",
    "6": "避风塘茶饮(白云大道店)",
    "7": "诚忠堂",
    "8": "中国石油兴筑加油站",
    "9": "白鹭湖地铁站C口",
    "10": "铜锣坊(麒龙商务港店)",
    "11": "观山湖第三幼儿园",
    "12": "贵阳市观山湖区新星学校",
    "13": "泉上发现(金融店)",
    "14": "贵阳辰希·翰酒店",
    "15": "老字号福来川菜馆(知秋轩店)",
    "16": "贵阳白云银安防雷装置检测站",
    "17": "中国石化白云铝兴加油站",
    "18": "贵州融鹰塑业科技有限公司(云环东路)",
    "19": "千里驹新能源汽车维修服务有限公司",
    "20": "冷水村综合楼",
    "21": "冷水村村委会",
    "22": "都拉乡政府",
    "23": "阳春家居实体店",
    "24": "贵州宏恩理容商贸有限公司",
    "25": "文体路",
    "26": "万顿子美术教育",
    "27": "贵阳翔鹏职业培训学校乌当校区",
    "28": "贵州鸿福顺达物流有限公司",
    "29": "乌当收费站(G6002贵阳绕城高速入口)",
    "30": "G6002贵阳绕城高速入口(凯里方向)",
    "31": "北京东路",
    "32": "三江村委会社会治理综合服务中心",
    "33": "将军滩隧道",
    "34": "福缘水乡山庄"
  },
  "down": {
    "35": "福缘水乡山庄",
    "36": "将军滩隧道",
    "37": "三江村委会社会治理综合服务中心",
    "38": "北京东路",
    "39": "G6002贵阳绕城高速入口(凯里方向)",
    "40": "乌当收费站(G6002贵阳绕城高速入口)",
    "41": "贵州鸿福顺达物流有限公司",
    "42": "贵阳翔鹏职业培训学校乌当校区",
    "43": "万顿子美术教育",
    "44": "文体路",
    "45": "贵州宏恩理容商贸有限公司",
    "46": "阳春家居实体店",
    "47": "都拉乡政府",
    "48": "冷水村村委会",
    "49": "冷水村综合楼",
    "50": "千里驹新能源汽车维修服务有限公司",
    "51": "贵州融鹰塑业科技有限公司(云环东路)",
    "52": "中国石化白云铝兴加油站",
    "53": "贵阳白云银安防雷装置检测站",
    "54": "老字号福来川菜馆(知秋轩店)",
    "55": "贵阳辰希·翰酒店",
    "56": "泉上发现(金融店)",
    "57": "贵阳市观山湖区新星学校",
    "58": "观山湖第三幼儿园",
    "59": "铜锣坊(麒龙商务港店)",
    "60": "白鹭湖地铁站C口",
    "61": "中国石油兴筑加油站",
    "62": "诚忠堂",
    "63": "避风塘茶饮(白云大道店)",
    "64": "御生堂",
    "65": "三桥农民新村",
    "66": "三桥综合批发市场-南区",
    "67": "小芳素粉",
    "68": "中医99养生馆"
  }
}