{
  "福缘水乡山庄": 800,
  "将军滩隧道": 1124,
  "三江村委会社会治理综合服务中心": 885,
  "北京东路": 1782,
  "G6002贵阳绕城高速入口(凯里方向)": 317,
  "乌当收费站(G6002贵阳绕城高速入口)": 414,
  "贵州鸿福顺达物流有限公司": 158,
  "贵阳翔鹏职业培训学校乌当校区": 436,
  "万顿子美术教育": 313,
  "文体路": 378,
  "贵州宏恩理容商贸有限公司": 377,
  "阳春家居实体店": 582,
  "都拉乡政府": 394,
  "冷水村村委会": 725,
  "冷水村综合楼": 540,
  "千里驹新能源汽车维修服务有限公司": 362,
  "贵州融鹰塑业科技有限公司(云环东路)": 2078,
  "中国石化白云铝兴加油站": 706,
  "贵阳白云银安防雷装置检测站": 901,
  "老字号福来川菜馆(知秋轩店)": 228,
  "贵阳辰希·翰酒店": 579,
  "泉上发现(金融店)": 665,
  "贵阳市观山湖区新星学校": 164,
  "观山湖第三幼儿园": 997,
  "铜锣坊(麒龙商务港店)": 313,
  "白鹭湖地铁站C口": 216,
  "中国石油兴筑加油站": 508,
  "诚忠堂": 426,
  "避风塘茶饮(白云大道店)": 1289,
  "御生堂": 291,
  "三桥农民新村": 164,
  "三桥综合批发市场-南区": 446,
  "小芳素粉": 453
}