{
  "up": {
    "中医99养生馆": 1,
    "小芳素粉": 2,
    "三桥综合批发市场-南区": 3,
    "三桥农民新村": 4,
    "御生堂": 5,
    "避风塘茶饮(白云大道店)": 6,
    "诚忠堂": 7,
    "中国石油兴筑加油站": 8,
    "白鹭湖地铁站C口": 9,
    "铜锣坊(麒龙商务港店)": 10,
    "观山湖第三幼儿园": 11,
    "贵阳市观山湖区新星学校": 12,
    "泉上发现(金融店)": 13,
    "贵阳辰希·翰酒店": 14,
    "老字号福来川菜馆(知秋轩店)": 15,
    "贵阳白云银安防雷装置检测站": 16,
    "中国石化白云铝兴加油站": 17,
    "贵州融鹰塑业科技有限公司(云环东路)": 18,
    "千里驹新能源汽车维修服务有限公司": 19,
    "冷水村综合楼": 20,
    "冷水村村委会": 21,
    "都拉乡政府": 22,
    "阳春家居实体店": 23,
    "贵州宏恩理容商贸有限公司": 24,
    "文体路": 25,
    "万顿子美术教育": 26,
    "贵阳翔鹏职业培训学校乌当校区": 27,
    "贵州鸿福顺达物流有限公司": 28,
    "乌当收费站(G6002贵阳绕城高速入口)": 29,
    "G6002贵阳绕城高速入口(凯里方向)": 30,
    "北京东路": 31,
    "三江村委会社会治理综合服务中心": 32,
    "将军滩隧道": 33,
    "福缘水乡山庄": 34
  },
  "down": {
    "福缘水乡山庄": 35,
    "将军滩隧道": 36,
    "三江村委会社会治理综合服务中心": 37,
    "北京东路": 38,
    "G6002贵阳绕城高速入口(凯里方向)": 39,
    "乌当收费站(G6002贵阳绕城高速入口)": 40,
    "贵州鸿福顺达物流有限公司": 41,
    "贵阳翔鹏职业培训学校乌当校区": 42,
    "万顿子美术教育": 43,
    "文体路": 44,
    "贵州宏恩理容商贸有限公司": 45,
    "阳春家居实体店": 46,
    "都拉乡政府": 47,
    "冷水村村委会": 48,
    "冷水村综合楼": 49,
    "千里驹新能源汽车维修服务有限公司": 50,
    "贵州融鹰塑业科技有限公司(云环东路)": 51,
    "中国石化白云铝兴加油站": 52,
    "贵阳白云银安防雷装置检测站": 53,
    "老字号福来川菜馆(知秋轩店)": 54,
    "贵阳辰希·翰酒店": 55,
    "泉上发现(金融店)": 56,
    "贵阳市观山湖区新星学校": 57,
    "观山湖第三幼儿园": 58,
    "铜锣坊(麒龙商务港店)": 59,
    "白鹭湖地铁站C口": 60,
    "中国石油兴筑加油站": 61,
    "诚忠堂": 62,
    "避风塘茶饮(白云大道店)": 63,
    "御生堂": 64,
    "三桥农民新村": 65,
    "三桥综合批发市场-南区": 66,
    "小芳素粉": 67,
    "中医99养生馆": 68
  }
}