{
  "中医99养生馆": 715,
  "小芳素粉": 708,
  "三桥综合批发市场-南区": 426,
  "三桥农民新村": 553,
  "御生堂": 1551,
  "避风塘茶饮(白云大道店)": 688,
  "诚忠堂": 770,
  "中国石油兴筑加油站": 478,
  "白鹭湖地铁站C口": 575,
  "铜锣坊(麒龙商务港店)": 1259,
  "观山湖第三幼儿园": 426,
  "贵阳市观山湖区新星学校": 927,
  "泉上发现(金融店)": 841,
  "贵阳辰希·翰酒店": 490,
  "老字号福来川菜馆(知秋轩店)": 1163,
  "贵阳白云银安防雷装置检测站": 968,
  "中国石化白云铝兴加油站": 2340,
  "贵州融鹰塑业科技有限公司(云环东路)": 624,
  "千里驹新能源汽车维修服务有限公司": 802,
  "冷水村综合楼": 987,
  "冷水村村委会": 656,
  "都拉乡政府": 844,
  "阳春家居实体店": 639,
  "贵州宏恩理容商贸有限公司": 640,
  "文体路": 575,
  "万顿子美术教育": 698,
  "贵阳翔鹏职业培训学校乌当校区": 420,
  "贵州鸿福顺达物流有限公司": 676,
  "乌当收费站(G6002贵阳绕城高速入口)": 579,
  "G6002贵阳绕城高速入口(凯里方向)": 2044,
  "北京东路": 1147,
  "三江村委会社会治理综合服务中心": 1386,
  "将军滩隧道": 1062
}