{
  "up": {
    "1": "夏连瓦业",
    "2": "贵阳三十中",
    "3": "松坡路",
    "4": "后坝派出所",
    "5": "精鹰第二代霓虹灯研发中心",
    "6": "汽制服务站警务室",
    "7": "贵阳市林木小学",
    "8": "中国工商银行(马王庙支行)",
    "9": "乐贝贝艺术幼儿园",
    "10": "时代公社铁锅炖(世纪城店)",
    "11": "iu酒店(贵阳金阳世纪城购物中心店)",
    "12": "茶园(地铁站)",
    "13": "星睿童馨幼儿园",
    "14": "遵义羊肉粉(中铁逸都国际店)",
    "15": "北京市润丰学校贵阳分校",
    "16": "碧桂园·十里晴川(建设中)",
    "17": "贵阳西南国际商贸城1号广场",
    "18": "西南国际商贸城咨询台(西南国际商贸城1号楼店)",
    "19": "观山湖区外国语实验中学·南校区",
    "20": "贵阳市交管局西南商贸城科目一考场",
    "21": "干井村村委会",
    "22": "贵安驾校(金华分校)",
    "23": "辉蝶水暖洁具批发",
    "24": "天鼎新能源大马石油加油站",
    "25": "黔贵交通职业培训学校",
    "26": "观清路",
    "27": "G60沪昆高速",
    "28": "金华派出所",
    "29": "320国道",
    "30": "贵州南方乳业股份有限公司",
    "31": "贝阳调漆中心",
    "32": "中共清镇市龙滩幼儿园支部委员会",
    "33": "聚源家私",
    "34": "中国石化贵阳清镇东门桥加油站"
  },
  "down": {
    "35": "中国石化贵阳清镇东门桥加油站",
    "36": "聚源家私",
    "37": "中共清镇市龙滩幼儿园支部委员会",
    "38": "贝阳调漆中心",
    "39": "贵州南方乳业股份有限公司",
    "40": "320国道",
    "41": "金华派出所",
    "42": "G60沪昆高速",
    "43": "观清路",
    "44": "黔贵交通职业培训学校",
    "45": "天鼎新能源大马石油加油站",
    "46": "辉蝶水暖洁具批发",
    "47": "贵安驾校(金华分校)",
    "48": "干井村村委会",
    "49": "贵阳市交管局西南商贸城科目一考场",
    "50": "观山湖区外国语实验中学·南校区",
    "51": "西南国际商贸城咨询台(西南国际商贸城1号楼店)",
    "52": "贵阳西南国际商贸城1号广场",
    "53": "碧桂园·十里晴川(建设中)",
    "54": "北京市润丰学校贵阳分校",
    "55": "遵义羊肉粉(中铁逸都国际店)",
    "56": "星睿童馨幼儿园",
    "57": "茶园(地铁站)",
    "58": "iu酒店(贵阳金阳世纪城购物中心店)",
    "59": "时代公社铁锅炖(世纪城店)",
    "60": "乐贝贝艺术幼儿园",
    "61": "中国工商银行(马王庙支行)",
    "62": "贵阳市林木小学",
    "63": "汽制服务站警务室",
    "64": "精鹰第二代霓虹灯研发中心",
    "65": "后坝派出所",
    "66": "松坡路",
    "67": "贵阳三十中",
    "68": "夏连瓦业"
  }
}