{
  "夏连瓦业": 580,
  "贵阳三十中": 802,
  "松坡路": 518,
  "后坝派出所": 791,
  "精鹰第二代霓虹灯研发中心": 543,
  "汽制服务站警务室": 472,
  "贵阳市林木小学": 500,
  "中国工商银行(马王庙支行)": 1002,
  "乐贝贝艺术幼儿园": 481,
  "时代公社铁锅炖(世纪城店)": 459,
  "iu酒店(贵阳金阳世纪城购物中心店)": 402,
  "茶园(地铁站)": 790,
  "星睿童馨幼儿园": 532,
  "遵义羊肉粉(中铁逸都国际店)": 1053,
  "北京市润丰学校贵阳分校": 829,
  "碧桂园·十里晴川(建设中)": 489,
  "贵阳西南国际商贸城1号广场": 428,
  "西南国际商贸城咨询台(西南国际商贸城1号楼店)": 455,
  "观山湖区外国语实验中学·南校区": 505,
  "贵阳市交管局西南商贸城科目一考场": 448,
  "干井村村委会": 428,
  "贵安驾校(金华分校)": 647,
  "辉蝶水暖洁具批发": 725,
  "天鼎新能源大马石油加油站": 1155,
  "黔贵交通职业培训学校": 468,
  "观清路": 510,
  "G60沪昆高速": 416,
  "金华派出所": 412,
  "320国道": 540,
  "贵州南方乳业股份有限公司": 604,
  "贝阳调漆中心": 2711,
  "中共清镇市龙滩幼儿园支部委员会": 472,
  "聚源家私": 452
}