{
  "up": {
    "夏连瓦业": 1,
    "贵阳三十中": 2,
    "松坡路": 3,
    "后坝派出所": 4,
    "精鹰第二代霓虹灯研发中心": 5,
    "汽制服务站警务室": 6,
    "贵阳市林木小学": 7,
    "中国工商银行(马王庙支行)": 8,
    "乐贝贝艺术幼儿园": 9,
    "时代公社铁锅炖(世纪城店)": 10,
    "iu酒店(贵阳金阳世纪城购物中心店)": 11,
    "茶园(地铁站)": 12,
    "星睿童馨幼儿园": 13,
    "遵义羊肉粉(中铁逸都国际店)": 14,
    "北京市润丰学校贵阳分校": 15,
    "碧桂园·十里晴川(建设中)": 16,
    "贵阳西南国际商贸城1号广场": 17,
    "西南国际商贸城咨询台(西南国际商贸城1号楼店)": 18,
    "观山湖区外国语实验中学·南校区": 19,
    "贵阳市交管局西南商贸城科目一考场": 20,
    "干井村村委会": 21,
    "贵安驾校(金华分校)": 22,
    "辉蝶水暖洁具批发": 23,
    "天鼎新能源大马石油加油站": 24,
    "黔贵交通职业培训学校": 25,
    "观清路": 26,
    "G60沪昆高速": 27,
    "金华派出所": 28,
    "320国道": 29,
    "贵州南方乳业股份有限公司": 30,
    "贝阳调漆中心": 31,
    "中共清镇市龙滩幼儿园支部委员会": 32,
    "聚源家私": 33,
    "中国石化贵阳清镇东门桥加油站": 34
  },
  "down": {
    "中国石化贵阳清镇东门桥加油站": 35,
    "聚源家私": 36,
    "中共清镇市龙滩幼儿园支部委员会": 37,
    "贝阳调漆中心": 38,
    "贵州南方乳业股份有限公司": 39,
    "320国道": 40,
    "金华派出所": 41,
    "G60沪昆高速": 42,
    "观清路": 43,
    "黔贵交通职业培训学校": 44,
    "天鼎新能源大马石油加油站": 45,
    "辉蝶水暖洁具批发": 46,
    "贵安驾校(金华分校)": 47,
    "干井村村委会": 48,
    "贵阳市交管局西南商贸城科目一考场": 49,
    "观山湖区外国语实验中学·南校区": 50,
    "西南国际商贸城咨询台(西南国际商贸城1号楼店)": 51,
    "贵阳西南国际商贸城1号广场": 52,
    "碧桂园·十里晴川(建设中)": 53,
    "北京市润丰学校贵阳分校": 54,
    "遵义羊肉粉(中铁逸都国际店)": 55,
    "星睿童馨幼儿园": 56,
    "茶园(地铁站)": 57,
    "iu酒店(贵阳金阳世纪城购物中心店)": 58,
    "时代公社铁锅炖(世纪城店)": 59,
    "乐贝贝艺术幼儿园": 60,
    "中国工商银行(马王庙支行)": 61,
    "贵阳市林木小学": 62,
    "汽制服务站警务室": 63,
    "精鹰第二代霓虹灯研发中心": 64,
    "后坝派出所": 65,
    "松坡路": 66,
    "贵阳三十中": 67,
    "夏连瓦业": 68
  }
}