{
  "中国石化贵阳清镇东门桥加油站": 350,
  "聚源家私": 370,
  "中共清镇市龙滩幼儿园支部委员会": 2609,
  "贝阳调漆中心": 502,
  "贵州南方乳业股份有限公司": 438,
  "320国道": 310,
  "金华派出所": 314,
  "G60沪昆高速": 408,
  "观清路": 366,
  "黔贵交通职业培训学校": 1053,
  "天鼎新能源大马石油加油站": 623,
  "辉蝶水暖洁具批发": 545,
  "贵安驾校(金华分校)": 326,
  "干井村村委会": 346,
  "贵阳市交管局西南商贸城科目一考场": 403,
  "观山湖区外国语实验中学·南校区": 353,
  "西南国际商贸城咨询台(西南国际商贸城1号楼店)": 326,
  "贵阳西南国际商贸城1号广场": 387,
  "碧桂园·十里晴川(建设中)": 727,
  "北京市润丰学校贵阳分校": 951,
  "遵义羊肉粉(中铁逸都国际店)": 430,
  "星睿童馨幼儿园": 688,
  "茶园(地铁站)": 300,
  "iu酒店(贵阳金阳世纪城购物中心店)": 357,
  "时代公社铁锅炖(世纪城店)": 379,
  "乐贝贝艺术幼儿园": 900,
  "中国工商银行(马王庙支行)": 398,
  "贵阳市林木小学": 370,
  "汽制服务站警务室": 441,
  "精鹰第二代霓虹灯研发中心": 689,
  "后坝派出所": 416,
  "松坡路": 700,
  "贵阳三十中": 478
}