{
  "up": {
    "贵阳南明区爱希尔幼儿园": 1,
    "乐贝儿幼儿园": 2,
    "五里关": 3,
    "貔貅鱼传媒": 4,
    "中共花果园街道工作委员会": 5,
    "花果园购物中心": 6,
    "贵城烙锅": 7,
    "刘静遵义豆花面": 8,
    "达内(贵阳中心)": 9,
    "小胖子肠旺面快餐(威清路店)": 10,
    "黔灵西路110号院": 11,
    "虎门巷": 12,
    "贵州医科大学附属医院": 13,
    "半边街62号院": 14,
    "沙河花园3期": 15,
    "黔灵派出所办证厅": 16,
    "中天花园茶花园A座": 17,
    "张晓洁缸缸麻辣烫(中天花园店)": 18,
    "易汤泉house小区": 19,
    "顺鑫生态庄园": 20,
    "天意私厨(恒大雅苑店)": 21,
    "洪济路": 22,
    "凤来仪2期": 23,
    "好客来(北衙路店)": 24,
    "饿大头糯米饭(新添店)": 25,
    "吴记蒸鑫破酥包(汤泉HOUSE店)": 26,
    "许家湾": 27,
    "贵阳凯源汽车修理服务有限公司": 28,
    "贵州枫桥检测技术有限公司": 29,
    "马百路": 30,
    "乌当区东风镇新村村综治工作站": 31,
    "世纪好又多超市(五阿哥食品店)": 32
  },
  "down": {
    "世纪好又多超市(五阿哥食品店)": 33,
    "乌当区东风镇新村村综治工作站": 34,
    "马百路": 35,
    "贵州枫桥检测技术有限公司": 36,
    "贵阳凯源汽车修理服务有限公司": 37,
    "许家湾": 38,
    "吴记蒸鑫破酥包(汤泉HOUSE店)": 39,
    "饿大头糯米饭(新添店)": 40,
    "好客来(北衙路店)": 41,
    "凤来仪2期": 42,
    "洪济路": 43,
    "天意私厨(恒大雅苑店)": 44,
    "顺鑫生态庄园": 45,
    "易汤泉house小区": 46,
    "张晓洁缸缸麻辣烫(中天花园店)": 47,
    "中天花园茶花园A座": 48,
    "黔灵派出所办证厅": 49,
    "沙河花园3期": 50,
    "半边街62号院": 51,
    "贵州医科大学附属医院": 52,
    "虎门巷": 53,
    "黔灵西路110号院": 54,
    "小胖子肠旺面快餐(威清路店)": 55,
    "达内(贵阳中心)": 56,
    "刘静遵义豆花面": 57,
    "贵城烙锅": 58,
    "花果园购物中心": 59,
    "中共花果园街道工作委员会": 60,
    "貔貅鱼传媒": 61,
    "五里关": 62,
    "乐贝儿幼儿园": 63,
    "贵阳南明区爱希尔幼儿园": 64
  }
}