{
  "贵阳南明区爱希尔幼儿园": 445,
  "乐贝儿幼儿园": 483,
  "五里关": 608,
  "貔貅鱼传媒": 460,
  "中共花果园街道工作委员会": 517,
  "花果园购物中心": 481,
  "贵城烙锅": 679,
  "刘静遵义豆花面": 562,
  "达内(贵阳中心)": 584,
  "小胖子肠旺面快餐(威清路店)": 480,
  "黔灵西路110号院": 683,
  "虎门巷": 792,
  "贵州医科大学附属医院": 1081,
  "半边街62号院": 478,
  "沙河花园3期": 850,
  "黔灵派出所办证厅": 727,
  "中天花园茶花园A座": 509,
  "张晓洁缸缸麻辣烫(中天花园店)": 606,
  "易汤泉house小区": 416,
  "顺鑫生态庄园": 582,
  "天意私厨(恒大雅苑店)": 721,
  "洪济路": 478,
  "凤来仪2期": 728,
  "好客来(北衙路店)": 620,
  "饿大头糯米饭(新添店)": 802,
  "吴记蒸鑫破酥包(汤泉HOUSE店)": 453,
  "许家湾": 473,
  "贵阳凯源汽车修理服务有限公司": 1067,
  "贵州枫桥检测技术有限公司": 564,
  "马百路": 2045,
  "乌当区东风镇新村村综治工作站": 750
}