{
  "up": {
    "1": "贵阳南明区爱希尔幼儿园",
    "2": "乐贝儿幼儿园",
    "3": "五里关",
    "4": "貔貅鱼传媒",
    "5": "中共花果园街道工作委员会",
    "6": "花果园购物中心",
    "7": "贵城烙锅",
    "8": "刘静遵义豆花面",
    "9": "达内(贵阳中心)",
    "10": "小胖子肠旺面快餐(威清路店)",
    "11": "黔灵西路110号院",
    "12": "虎门巷",
    "13": "贵州医科大学附属医院",
    "14": "半边街62号院",
    "15": "沙河花园3期",
    "16": "黔灵派出所办证厅",
    "17": "中天花园茶花园A座",
    "18": "张晓洁缸缸麻辣烫(中天花园店)",
    "19": "易汤泉house小区",
    "20": "顺鑫生态庄园",
    "21": "天意私厨(恒大雅苑店)",
    "22": "洪济路",
    "23": "凤来仪2期",
    "24": "好客来(北衙路店)",
    "25": "饿大头糯米饭(新添店)",
    "26": "吴记蒸鑫破酥包(汤泉HOUSE店)",
    "27": "许家湾",
    "28": "贵阳凯源汽车修理服务有限公司",
    "29": "贵州枫桥检测技术有限公司",
    "30": "马百路",
    "31": "乌当区东风镇新村村综治工作站",
    "32": "世纪好又多超市(五阿哥食品店)"
  },
  "down": {
    "33": "世纪好又多超市(五阿哥食品店)",
    "34": "乌当区东风镇新村村综治工作站",
    "35": "马百路",
    "36": "贵州枫桥检测技术有限公司",
    "37": "贵阳凯源汽车修理服务有限公司",
    "38": "许家湾",
    "39": "吴记蒸鑫破酥包(汤泉HOUSE店)",
    "40": "饿大头糯米饭(新添店)",
    "41": "好客来(北衙路店)",
    "42": "凤来仪2期",
    "43": "洪济路",
    "44": "天意私厨(恒大雅苑店)",
    "45": "顺鑫生态庄园",
    "46": "易汤泉house小区",
    "47": "张晓洁缸缸麻辣烫(中天花园店)",
    "48": "中天花园茶花园A座",
    "49": "黔灵派出所办证厅",
    "50": "沙河花园3期",
    "51": "半边街62号院",
    "52": "贵州医科大学附属医院",
    "53": "虎门巷",
    "54": "黔灵西路110号院",
    "55": "小胖子肠旺面快餐(威清路店)",
    "56": "达内(贵阳中心)",
    "57": "刘静遵义豆花面",
    "58": "贵城烙锅",
    "59": "花果园购物中心",
    "60": "中共花果园街道工作委员会",
    "61": "貔貅鱼传媒",
    "62": "五里关",
    "63": "乐贝儿幼儿园",
    "64": "贵阳南明区爱希尔幼儿园"
  }
}