{
  "世纪好又多超市(五阿哥食品店)": 710,
  "乌当区东风镇新村村综治工作站": 2005,
  "马百路": 524,
  "贵州枫桥检测技术有限公司": 1027,
  "贵阳凯源汽车修理服务有限公司": 433,
  "许家湾": 413,
  "吴记蒸鑫破酥包(汤泉HOUSE店)": 762,
  "饿大头糯米饭(新添店)": 580,
  "好客来(北衙路店)": 688,
  "凤来仪2期": 438,
  "洪济路": 681,
  "天意私厨(恒大雅苑店)": 542,
  "顺鑫生态庄园": 376,
  "易汤泉house小区": 566,
  "张晓洁缸缸麻辣烫(中天花园店)": 469,
  "中天花园茶花园A座": 687,
  "黔灵派出所办证厅": 810,
  "沙河花园3期": 438,
  "半边街62号院": 1041,
  "贵州医科大学附属医院": 752,
  "虎门巷": 643,
  "黔灵西路110号院": 440,
  "小胖子肠旺面快餐(威清路店)": 544,
  "达内(贵阳中心)": 522,
  "刘静遵义豆花面": 639,
  "贵城烙锅": 441,
  "花果园购物中心": 477,
  "中共花果园街道工作委员会": 420,
  "貔貅鱼传媒": 568,
  "五里关": 443,
  "乐贝儿幼儿园": 405
}