{
  "up": {
    "1": "良健堂",
    "2": "书亦烧仙草(花溪大道店)",
    "3": "贵阳青山小区",
    "4": "中国铁建·国际城",
    "5": "小车河路",
    "6": "南郊社区党群服务中心",
    "7": "黔艺美术住宿部",
    "8": "弘华健康体验店",
    "9": "罗汉营五金批发分店",
    "10": "麦莎蒂斯烘焙甲秀南路店",
    "11": "周记满香苑牛肉粉",
    "12": "贵阳市新华电脑中等职业学校学校",
    "13": "平桥社区",
    "14": "西南环路",
    "15": "旺民路",
    "16": "成黔经贸机动车检测站",
    "17": "贵阳民族中学",
    "18": "贵州民族大学房地产法学研究所",
    "19": "黔民聚驾校",
    "20": "贵州民族大学医院",
    "21": "中共贵州大学委员会",
    "22": "知行路",
    "23": "贵州省职工医院急诊",
    "24": "吴记重庆万州烤鱼(花溪总店)",
    "25": "花冠路",
    "26": "老汪家常菜馆(美的·国宾府店)",
    "27": "永升酒店式公寓",
    "28": "北纬26度日租房公寓",
    "29": "大坝井村人民调解委员会",
    "30": "鸿泰博源酒店",
    "31": "溪城酒店"
  },
  "down": {
    "32": "溪城酒店",
    "33": "鸿泰博源酒店",
    "34": "大坝井村人民调解委员会",
    "35": "北纬26度日租房公寓",
    "36": "永升酒店式公寓",
    "37": "老汪家常菜馆(美的·国宾府店)",
    "38": "花冠路",
    "39": "吴记重庆万州烤鱼(花溪总店)",
    "40": "贵州省职工医院急诊",
    "41": "知行路",
    "42": "中共贵州大学委员会",
    "43": "贵州民族大学医院",
    "44": "黔民聚驾校",
    "45": "贵州民族大学房地产法学研究所",
    "46": "贵阳民族中学",
    "47": "成黔经贸机动车检测站",
    "48": "旺民路",
    "49": "西南环路",
    "50": "平桥社区",
    "51": "贵阳市新华电脑中等职业学校学校",
    "52": "周记满香苑牛肉粉",
    "53": "麦莎蒂斯烘焙甲秀南路店",
    "54": "罗汉营五金批发分店",
    "55": "弘华健康体验店",
    "56": "黔艺美术住宿部",
    "57": "南郊社区党群服务中心",
    "58": "小车河路",
    "59": "中国铁建·国际城",
    "60": "贵阳青山小区",
    "61": "书亦烧仙草(花溪大道店)",
    "62": "良健堂"
  }
}