{
  "up": {
    "良健堂": 1,
    "书亦烧仙草(花溪大道店)": 2,
    "贵阳青山小区": 3,
    "中国铁建·国际城": 4,
    "小车河路": 5,
    "南郊社区党群服务中心": 6,
    "黔艺美术住宿部": 7,
    "弘华健康体验店": 8,
    "罗汉营五金批发分店": 9,
    "麦莎蒂斯烘焙甲秀南路店": 10,
    "周记满香苑牛肉粉": 11,
    "贵阳市新华电脑中等职业学校学校": 12,
    "平桥社区": 13,
    "西南环路": 14,
    "旺民路": 15,
    "成黔经贸机动车检测站": 16,
    "贵阳民族中学": 17,
    "贵州民族大学房地产法学研究所": 18,
    "黔民聚驾校": 19,
    "贵州民族大学医院": 20,
    "中共贵州大学委员会": 21,
    "知行路": 22,
    "贵州省职工医院急诊": 23,
    "吴记重庆万州烤鱼(花溪总店)": 24,
    "花冠路": 25,
    "老汪家常菜馆(美的·国宾府店)": 26,
    "永升酒店式公寓": 27,
    "北纬26度日租房公寓": 28,
    "大坝井村人民调解委员会": 29,
    "鸿泰博源酒店": 30,
    "溪城酒店": 31
  },
  "down": {
    "溪城酒店": 32,
    "鸿泰博源酒店": 33,
    "大坝井村人民调解委员会": 34,
    "北纬26度日租房公寓": 35,
    "永升酒店式公寓": 36,
    "老汪家常菜馆(美的·国宾府店)": 37,
    "花冠路": 38,
    "吴记重庆万州烤鱼(花溪总店)": 39,
    "贵州省职工医院急诊": 40,
    "知行路": 41,
    "中共贵州大学委员会": 42,
    "贵州民族大学医院": 43,
    "黔民聚驾校": 44,
    "贵州民族大学房地产法学研究所": 45,
    "贵阳民族中学": 46,
    "成黔经贸机动车检测站": 47,
    "旺民路": 48,
    "西南环路": 49,
    "平桥社区": 50,
    "贵阳市新华电脑中等职业学校学校": 51,
    "周记满香苑牛肉粉": 52,
    "麦莎蒂斯烘焙甲秀南路店": 53,
    "罗汉营五金批发分店": 54,
    "弘华健康体验店": 55,
    "黔艺美术住宿部": 56,
    "南郊社区党群服务中心": 57,
    "小车河路": 58,
    "中国铁建·国际城": 59,
    "贵阳青山小区": 60,
    "书亦烧仙草(花溪大道店)": 61,
    "良健堂": 62
  }
}