{
  "溪城酒店": 463,
  "鸿泰博源酒店": 763,
  "大坝井村人民调解委员会": 421,
  "北纬26度日租房公寓": 1723,
  "永升酒店式公寓": 1361,
  "老汪家常菜馆(美的·国宾府店)": 1093,
  "花冠路": 953,
  "吴记重庆万州烤鱼(花溪总店)": 457,
  "贵州省职工医院急诊": 555,
  "知行路": 711,
  "中共贵州大学委员会": 1238,
  "贵州民族大学医院": 426,
  "黔民聚驾校": 534,
  "贵州民族大学房地产法学研究所": 503,
  "贵阳民族中学": 1366,
  "成黔经贸机动车检测站": 410,
  "旺民路": 1680,
  "西南环路": 445,
  "平桥社区": 535,
  "贵阳市新华电脑中等职业学校学校": 568,
  "周记满香苑牛肉粉": 456,
  "麦莎蒂斯烘焙甲秀南路店": 527,
  "罗汉营五金批发分店": 581,
  "弘华健康体验店": 514,
  "黔艺美术住宿部": 555,
  "南郊社区党群服务中心": 421,
  "小车河路": 509,
  "中国铁建·国际城": 616,
  "贵阳青山小区": 576,
  "书亦烧仙草(花溪大道店)": 872
}