{
  "良健堂": 876,
  "书亦烧仙草(花溪大道店)": 580,
  "贵阳青山小区": 620,
  "中国铁建·国际城": 513,
  "小车河路": 425,
  "南郊社区党群服务中心": 559,
  "黔艺美术住宿部": 518,
  "弘华健康体验店": 585,
  "罗汉营五金批发分店": 531,
  "麦莎蒂斯烘焙甲秀南路店": 460,
  "周记满香苑牛肉粉": 572,
  "贵阳市新华电脑中等职业学校学校": 539,
  "平桥社区": 449,
  "西南环路": 1684,
  "旺民路": 414,
  "成黔经贸机动车检测站": 1370,
  "贵阳民族中学": 507,
  "贵州民族大学房地产法学研究所": 538,
  "黔民聚驾校": 430,
  "贵州民族大学医院": 1242,
  "中共贵州大学委员会": 715,
  "知行路": 559,
  "贵州省职工医院急诊": 461,
  "吴记重庆万州烤鱼(花溪总店)": 957,
  "花冠路": 1097,
  "老汪家常菜馆(美的·国宾府店)": 1365,
  "永升酒店式公寓": 1727,
  "北纬26度日租房公寓": 425,
  "大坝井村人民调解委员会": 767,
  "鸿泰博源酒店": 467
}