{
  "贵州艺阁建材有限公司": 732,
  "贵阳坤众汽车销售有限公司": 1955,
  "新曙光电缆": 1161,
  "贵州瑞丰家具": 579,
  "经开收费站(G6002贵阳绕城高速入口)": 403,
  "盘江力博": 809,
  "中国重汽贵阳立鹏特约服务站(东门)": 384,
  "红艳村社区服务站": 666,
  "贵阳鑫恒泰实业有限公司": 636,
  "开发大道": 787,
  "双子楼": 714,
  "新口味北方馒头王(明河路店)": 412,
  "航天社区服务中心为民服务全程代理室": 383,
  "中国工商银行(锦江路分理处)": 701,
  "锦江路": 385,
  "廖师傅菜馆(香江花园店)": 474,
  "九田家黑牛料理烤肉(龙湾万达店)": 531,
  "华烽第二幼公园": 1802,
  "贵州现代驾校沙冲路分校摩托车考场": 626,
  "云石巷": 620,
  "茶花小区": 767,
  "煌上煌(贵阳火车站广场二店)": 484,
  "遵义巷10号院": 395,
  "斯克教育(遵义路店)": 482,
  "肯德基(贵阳大南门餐厅)": 405,
  "中国邮政储蓄银行(次南门邮政储蓄所)": 683,
  "市西社区卫生服务中心新冠疫苗接种点": 426,
  "怪噜范餐厅(汇金星力城店)": 415,
  "机械物资批发(新联世纪华庭店)": 693,
  "贵阳贵山堂职业培训学校有限公司": 942,
  "黔灵山公园": 1772,
  "贵阳云天·盛世腾飞酒店": 915,
  "贵阳陈信明宾馆": 954
}