{
  "up": {
    "1": "尚客逸酒店(贵阳高铁北站店)",
    "2": "贵阳陈信明宾馆",
    "3": "贵阳云天·盛世腾飞酒店",
    "4": "黔灵山公园",
    "5": "贵阳贵山堂职业培训学校有限公司",
    "6": "机械物资批发(新联世纪华庭店)",
    "7": "怪噜范餐厅(汇金星力城店)",
    "8": "市西社区卫生服务中心新冠疫苗接种点",
    "9": "中国邮政储蓄银行(次南门邮政储蓄所)",
    "10": "肯德基(贵阳大南门餐厅)",
    "11": "斯克教育(遵义路店)",
    "12": "遵义巷10号院",
    "13": "煌上煌(贵阳火车站广场二店)",
    "14": "茶花小区",
    "15": "云石巷",
    "16": "贵州现代驾校沙冲路分校摩托车考场",
    "17": "华烽第二幼公园",
    "18": "九田家黑牛料理烤肉(龙湾万达店)",
    "19": "廖师傅菜馆(香江花园店)",
    "20": "锦江路",
    "21": "中国工商银行(锦江路分理处)",
    "22": "航天社区服务中心为民服务全程代理室",
    "23": "新口味北方馒头王(明河路店)",
    "24": "双子楼",
    "25": "开发大道",
    "26": "贵阳鑫恒泰实业有限公司",
    "27": "红艳村社区服务站",
    "28": "中国重汽贵阳立鹏特约服务站(东门)",
    "29": "盘江力博",
    "30": "经开收费站(G6002贵阳绕城高速入口)",
    "31": "贵州瑞丰家具",
    "32": "新曙光电缆",
    "33": "贵阳坤众汽车销售有限公司",
    "34": "贵州艺阁建材有限公司"
  },
  "down": {
    "35": "贵州艺阁建材有限公司",
    "36": "贵阳坤众汽车销售有限公司",
    "37": "新曙光电缆",
    "38": "贵州瑞丰家具",
    "39": "经开收费站(G6002贵阳绕城高速入口)",
    "40": "盘江力博",
    "41": "中国重汽贵阳立鹏特约服务站(东门)",
    "42": "红艳村社区服务站",
    "43": "贵阳鑫恒泰实业有限公司",
    "44": "开发大道",
    "45": "双子楼",
    "46": "新口味北方馒头王(明河路店)",
    "47": "航天社区服务中心为民服务全程代理室",
    "48": "中国工商银行(锦江路分理处)",
    "49": "锦江路",
    "50": "廖师傅菜馆(香江花园店)",
    "51": "九田家黑牛料理烤肉(龙湾万达店)",
    "52": "华烽第二幼公园",
    "53": "贵州现代驾校沙冲路分校摩托车考场",
    "54": "云石巷",
    "55": "茶花小区",
    "56": "煌上煌(贵阳火车站广场二店)",
    "57": "遵义巷10号院",
    "58": "斯克教育(遵义路店)",
    "59": "肯德基(贵阳大南门餐厅)",
    "60": "中国邮政储蓄银行(次南门邮政储蓄所)",
    "61": "市西社区卫生服务中心新冠疫苗接种点",
    "62": "怪噜范餐厅(汇金星力城店)",
    "63": "机械物资批发(新联世纪华庭店)",
    "64": "贵阳贵山堂职业培训学校有限公司",
    "65": "黔灵山公园",
    "66": "贵阳云天·盛世腾飞酒店",
    "67": "贵阳陈信明宾馆",
    "68": "尚客逸酒店(贵阳高铁北站店)"
  }
}