{
  "up": {
    "尚客逸酒店(贵阳高铁北站店)": 1,
    "贵阳陈信明宾馆": 2,
    "贵阳云天·盛世腾飞酒店": 3,
    "黔灵山公园": 4,
    "贵阳贵山堂职业培训学校有限公司": 5,
    "机械物资批发(新联世纪华庭店)": 6,
    "怪噜范餐厅(汇金星力城店)": 7,
    "市西社区卫生服务中心新冠疫苗接种点": 8,
    "中国邮政储蓄银行(次南门邮政储蓄所)": 9,
    "肯德基(贵阳大南门餐厅)": 10,
    "斯克教育(遵义路店)": 11,
    "遵义巷10号院": 12,
    "煌上煌(贵阳火车站广场二店)": 13,
    "茶花小区": 14,
    "云石巷": 15,
    "贵州现代驾校沙冲路分校摩托车考场": 16,
    "华烽第二幼公园": 17,
    "九田家黑牛料理烤肉(龙湾万达店)": 18,
    "廖师傅菜馆(香江花园店)": 19,
    "锦江路": 20,
    "中国工商银行(锦江路分理处)": 21,
    "航天社区服务中心为民服务全程代理室": 22,
    "新口味北方馒头王(明河路店)": 23,
    "双子楼": 24,
    "开发大道": 25,
    "贵阳鑫恒泰实业有限公司": 26,
    "红艳村社区服务站": 27,
    "中国重汽贵阳立鹏特约服务站(东门)": 28,
    "盘江力博": 29,
    "经开收费站(G6002贵阳绕城高速入口)": 30,
    "贵州瑞丰家具": 31,
    "新曙光电缆": 32,
    "贵阳坤众汽车销售有限公司": 33,
    "贵州艺阁建材有限公司": 34
  },
  "down": {
    "贵州艺阁建材有限公司": 35,
    "贵阳坤众汽车销售有限公司": 36,
    "新曙光电缆": 37,
    "贵州瑞丰家具": 38,
    "经开收费站(G6002贵阳绕城高速入口)": 39,
    "盘江力博": 40,
    "中国重汽贵阳立鹏特约服务站(东门)": 41,
    "红艳村社区服务站": 42,
    "贵阳鑫恒泰实业有限公司": 43,
    "开发大道": 44,
    "双子楼": 45,
    "新口味北方馒头王(明河路店)": 46,
    "航天社区服务中心为民服务全程代理室": 47,
    "中国工商银行(锦江路分理处)": 48,
    "锦江路": 49,
    "廖师傅菜馆(香江花园店)": 50,
    "九田家黑牛料理烤肉(龙湾万达店)": 51,
    "华烽第二幼公园": 52,
    "贵州现代驾校沙冲路分校摩托车考场": 53,
    "云石巷": 54,
    "茶花小区": 55,
    "煌上煌(贵阳火车站广场二店)": 56,
    "遵义巷10号院": 57,
    "斯克教育(遵义路店)": 58,
    "肯德基(贵阳大南门餐厅)": 59,
    "中国邮政储蓄银行(次南门邮政储蓄所)": 60,
    "市西社区卫生服务中心新冠疫苗接种点": 61,
    "怪噜范餐厅(汇金星力城店)": 62,
    "机械物资批发(新联世纪华庭店)": 63,
    "贵阳贵山堂职业培训学校有限公司": 64,
    "黔灵山公园": 65,
    "贵阳云天·盛世腾飞酒店": 66,
    "贵阳陈信明宾馆": 67,
    "尚客逸酒店(贵阳高铁北站店)": 68
  }
}