{
  "尚客逸酒店(贵阳高铁北站店)": 976,
  "贵阳陈信明宾馆": 937,
  "贵阳云天·盛世腾飞酒店": 1794,
  "黔灵山公园": 964,
  "贵阳贵山堂职业培训学校有限公司": 715,
  "机械物资批发(新联世纪华庭店)": 437,
  "怪噜范餐厅(汇金星力城店)": 448,
  "市西社区卫生服务中心新冠疫苗接种点": 705,
  "中国邮政储蓄银行(次南门邮政储蓄所)": 427,
  "肯德基(贵阳大南门餐厅)": 504,
  "斯克教育(遵义路店)": 417,
  "遵义巷10号院": 506,
  "煌上煌(贵阳火车站广场二店)": 789,
  "茶花小区": 642,
  "云石巷": 648,
  "贵州现代驾校沙冲路分校摩托车考场": 1824,
  "华烽第二幼公园": 553,
  "九田家黑牛料理烤肉(龙湾万达店)": 496,
  "廖师傅菜馆(香江花园店)": 407,
  "锦江路": 723,
  "中国工商银行(锦江路分理处)": 405,
  "航天社区服务中心为民服务全程代理室": 434,
  "新口味北方馒头王(明河路店)": 736,
  "双子楼": 809,
  "开发大道": 658,
  "贵阳鑫恒泰实业有限公司": 688,
  "红艳村社区服务站": 406,
  "中国重汽贵阳立鹏特约服务站(东门)": 831,
  "盘江力博": 425,
  "经开收费站(G6002贵阳绕城高速入口)": 601,
  "贵州瑞丰家具": 1183,
  "新曙光电缆": 1977,
  "贵阳坤众汽车销售有限公司": 754
}