{
  "贵州省公安厅交通警察总队高速公路业务指导处": 1129,
  "美食城": 426,
  "蔡家关村委会": 524,
  "可可汉堡": 409,
  "贵阳市南明区苗苗实验学校": 1323,
  "青岩古镇豆干火锅(黄花街店)": 705,
  "螺满屋螺蛳粉": 1074,
  "贵州虹达鹰专业高端汽车维修中心": 460,
  "土罐豆米火锅(中坝路店)": 948,
  "云岩益佰工业园": 437,
  "阳关城市花园": 563,
  "喵小温酒店(贵阳高铁北站店)": 501,
  "iu酒店(贵阳北站梦想城店)": 504,
  "贵州军阅国际酒店": 525,
  "酸锅哥山庄": 758,
  "观山街道": 504,
  "龙湖天曜": 1183,
  "苗老头非常牛(金融城店)": 626,
  "中天君廷": 419,
  "惠水干锅马肉": 415,
  "星骑机车俱乐部": 431,
  "贵阳市司机就业服务中心": 967,
  "迎宾居委会": 1131,
  "中共鸡场社区居民委员会支部委员会": 411,
  "茶百道(白云店)": 930,
  "明臣眼睛养护中心": 529,
  "建安社区综合文化服务中心": 1050,
  "伯尔顿酒店管理学校": 481,
  "陈木餐馆": 422,
  "白云区品道初餐饮店": 827,
  "风临坊黄焖鸡米饭(大兴路店)": 858,
  "麦架桥": 404,
  "爱琦悦宾馆": 1023
}