{
  "up": {
    "贵州省公安厅交通警察总队高速公路业务指导处": 1,
    "美食城": 2,
    "蔡家关村委会": 3,
    "可可汉堡": 4,
    "贵阳市南明区苗苗实验学校": 5,
    "青岩古镇豆干火锅(黄花街店)": 6,
    "螺满屋螺蛳粉": 7,
    "贵州虹达鹰专业高端汽车维修中心": 8,
    "土罐豆米火锅(中坝路店)": 9,
    "云岩益佰工业园": 10,
    "阳关城市花园": 11,
    "喵小温酒店(贵阳高铁北站店)": 12,
    "iu酒店(贵阳北站梦想城店)": 13,
    "贵州军阅国际酒店": 14,
    "酸锅哥山庄": 15,
    "观山街道": 16,
    "龙湖天曜": 17,
    "苗老头非常牛(金融城店)": 18,
    "中天君廷": 19,
    "惠水干锅马肉": 20,
    "星骑机车俱乐部": 21,
    "贵阳市司机就业服务中心": 22,
    "迎宾居委会": 23,
    "中共鸡场社区居民委员会支部委员会": 24,
    "茶百道(白云店)": 25,
    "明臣眼睛养护中心": 26,
    "建安社区综合文化服务中心": 27,
    "伯尔顿酒店管理学校": 28,
    "陈木餐馆": 29,
    "白云区品道初餐饮店": 30,
    "风临坊黄焖鸡米饭(大兴路店)": 31,
    "麦架桥": 32,
    "爱琦悦宾馆": 33,
    "贵州绿潮不锈钢水箱厂": 34
  },
  "down": {
    "贵州绿潮不锈钢水箱厂": 35,
    "爱琦悦宾馆": 36,
    "麦架桥": 37,
    "风临坊黄焖鸡米饭(大兴路店)": 38,
    "白云区品道初餐饮店": 39,
    "陈木餐馆": 40,
    "伯尔顿酒店管理学校": 41,
    "建安社区综合文化服务中心": 42,
    "明臣眼睛养护中心": 43,
    "茶百道(白云店)": 44,
    "中共鸡场社区居民委员会支部委员会": 45,
    "迎宾居委会": 46,
    "贵阳市司机就业服务中心": 47,
    "星骑机车俱乐部": 48,
    "惠水干锅马肉": 49,
    "中天君廷": 50,
    "苗老头非常牛(金融城店)": 51,
    "龙湖天曜": 52,
    "观山街道": 53,
    "酸锅哥山庄": 54,
    "贵州军阅国际酒店": 55,
    "iu酒店(贵阳北站梦想城店)": 56,
    "喵小温酒店(贵阳高铁北站店)": 57,
    "阳关城市花园": 58,
    "云岩益佰工业园": 59,
    "土罐豆米火锅(中坝路店)": 60,
    "贵州虹达鹰专业高端汽车维修中心": 61,
    "螺满屋螺蛳粉": 62,
    "青岩古镇豆干火锅(黄花街店)": 63,
    "贵阳市南明区苗苗实验学校": 64,
    "可可汉堡": 65,
    "蔡家关村委会": 66,
    "美食城": 67,
    "贵州省公安厅交通警察总队高速公路业务指导处": 68
  }
}