{
  "贵州绿潮不锈钢水箱厂": 922,
  "爱琦悦宾馆": 303,
  "麦架桥": 757,
  "风临坊黄焖鸡米饭(大兴路店)": 726,
  "白云区品道初餐饮店": 321,
  "陈木餐馆": 380,
  "伯尔顿酒店管理学校": 949,
  "建安社区综合文化服务中心": 428,
  "明臣眼睛养护中心": 829,
  "茶百道(白云店)": 310,
  "中共鸡场社区居民委员会支部委员会": 1030,
  "迎宾居委会": 866,
  "贵阳市司机就业服务中心": 330,
  "星骑机车俱乐部": 314,
  "惠水干锅马肉": 318,
  "中天君廷": 525,
  "苗老头非常牛(金融城店)": 1082,
  "龙湖天曜": 403,
  "观山街道": 657,
  "酸锅哥山庄": 424,
  "贵州军阅国际酒店": 403,
  "iu酒店(贵阳北站梦想城店)": 400,
  "喵小温酒店(贵阳高铁北站店)": 462,
  "阳关城市花园": 336,
  "云岩益佰工业园": 847,
  "土罐豆米火锅(中坝路店)": 359,
  "贵州虹达鹰专业高端汽车维修中心": 973,
  "螺满屋螺蛳粉": 604,
  "青岩古镇豆干火锅(黄花街店)": 1222,
  "贵阳市南明区苗苗实验学校": 308,
  "可可汉堡": 423,
  "蔡家关村委会": 325,
  "美食城": 1028
}