{
  "up": {
    "1": "贵州省公安厅交通警察总队高速公路业务指导处",
    "2": "美食城",
    "3": "蔡家关村委会",
    "4": "可可汉堡",
    "5": "贵阳市南明区苗苗实验学校",
    "6": "青岩古镇豆干火锅(黄花街店)",
    "7": "螺满屋螺蛳粉",
    "8": "贵州虹达鹰专业高端汽车维修中心",
    "9": "土罐豆米火锅(中坝路店)",
    "10": "云岩益佰工业园",
    "11": "阳关城市花园",
    "12": "喵小温酒店(贵阳高铁北站店)",
    "13": "iu酒店(贵阳北站梦想城店)",
    "14": "贵州军阅国际酒店",
    "15": "酸锅哥山庄",
    "16": "观山街道",
    "17": "龙湖天曜",
    "18": "苗老头非常牛(金融城店)",
    "19": "中天君廷",
    "20": "惠水干锅马肉",
    "21": "星骑机车俱乐部",
    "22": "贵阳市司机就业服务中心",
    "23": "迎宾居委会",
    "24": "中共鸡场社区居民委员会支部委员会",
    "25": "茶百道(白云店)",
    "26": "明臣眼睛养护中心",
    "27": "建安社区综合文化服务中心",
    "28": "伯尔顿酒店管理学校",
    "29": "陈木餐馆",
    "30": "白云区品道初餐饮店",
    "31": "风临坊黄焖鸡米饭(大兴路店)",
    "32": "麦架桥",
    "33": "爱琦悦宾馆",
    "34": "贵州绿潮不锈钢水箱厂"
  },
  "down": {
    "35": "贵州绿潮不锈钢水箱厂",
    "36": "爱琦悦宾馆",
    "37": "麦架桥",
    "38": "风临坊黄焖鸡米饭(大兴路店)",
    "39": "白云区品道初餐饮店",
    "40": "陈木餐馆",
    "41": "伯尔顿酒店管理学校",
    "42": "建安社区综合文化服务中心",
    "43": "明臣眼睛养护中心",
    "44": "茶百道(白云店)",
    "45": "中共鸡场社区居民委员会支部委员会",
    "46": "迎宾居委会",
    "47": "贵阳市司机就业服务中心",
    "48": "星骑机车俱乐部",
    "49": "惠水干锅马肉",
    "50": "中天君廷",
    "51": "苗老头非常牛(金融城店)",
    "52": "龙湖天曜",
    "53": "观山街道",
    "54": "酸锅哥山庄",
    "55": "贵州军阅国际酒店",
    "56": "iu酒店(贵阳北站梦想城店)",
    "57": "喵小温酒店(贵阳高铁北站店)",
    "58": "阳关城市花园",
    "59": "云岩益佰工业园",
    "60": "土罐豆米火锅(中坝路店)",
    "61": "贵州虹达鹰专业高端汽车维修中心",
    "62": "螺满屋螺蛳粉",
    "63": "青岩古镇豆干火锅(黄花街店)",
    "64": "贵阳市南明区苗苗实验学校",
    "65": "可可汉堡",
    "66": "蔡家关村委会",
    "67": "美食城",
    "68": "贵州省公安厅交通警察总队高速公路业务指导处"
  }
}