{
  "贵阳星湖酒店大堂": 877,
  "快乐圆蛋糕": 653,
  "麦湖路(地铁站)": 737,
  "新时代大道": 646,
  "湖磊路": 1724,
  "大宅门酸汤鱼酒楼(天河潭景区店)": 684,
  "喜天城·雅筑酒店(贵阳天河潭景区店)": 727,
  "天河潭旅游度假区1号停车场": 727,
  "永盛汽车美容店": 965,
  "贵安大道辅路": 1383,
  "荣幸宾馆": 543,
  "金潮篷布(中广线店)": 1101,
  "高升塘": 891,
  "贵州奥八马展柜": 1106,
  "都勇明装饰工程有限公司": 2362,
  "贵贤幼儿园": 1542,
  "金竹派出所贵州省农科院附中执勤点": 571,
  "盘山路": 551,
  "中共贵州省园艺研究所支部委员会": 1613,
  "新奥尔良烤翅夜宵水饺": 2254,
  "老威冲": 906,
  "二十六号屋顶自助烧烤": 688,
  "金竹路": 755,
  "龙云雕刻石材有限公司贵州办事处": 623,
  "遵义迪安-云岩蔡关社区卫生服务中心采血点": 643,
  "老师傅制作肠旺面": 1636,
  "贵阳市天空之城公寓(三桥立交桥分店)": 656,
  "贵遵路": 774,
  "贵州佳宇华昌货架厂": 562,
  "星宇幼儿园": 871
}