{
  "哈里撸鸭市井火锅": 736,
  "星宇幼儿园": 427,
  "贵州佳宇华昌货架厂": 639,
  "贵遵路": 521,
  "贵阳市天空之城公寓(三桥立交桥分店)": 1501,
  "老师傅制作肠旺面": 508,
  "遵义迪安-云岩蔡关社区卫生服务中心采血点": 488,
  "龙云雕刻石材有限公司贵州办事处": 620,
  "金竹路": 553,
  "二十六号屋顶自助烧烤": 771,
  "老威冲": 2119,
  "新奥尔良烤翅夜宵水饺": 1478,
  "中共贵州省园艺研究所支部委员会": 416,
  "盘山路": 436,
  "金竹派出所贵州省农科院附中执勤点": 1407,
  "贵贤幼儿园": 2227,
  "都勇明装饰工程有限公司": 971,
  "贵州奥八马展柜": 756,
  "高升塘": 966,
  "金潮篷布(中广线店)": 408,
  "荣幸宾馆": 1248,
  "贵安大道辅路": 830,
  "永盛汽车美容店": 592,
  "天河潭旅游度假区1号停车场": 592,
  "喜天城·雅筑酒店(贵阳天河潭景区店)": 549,
  "大宅门酸汤鱼酒楼(天河潭景区店)": 1589,
  "湖磊路": 511,
  "新时代大道": 602,
  "麦湖路(地铁站)": 518,
  "快乐圆蛋糕": 742
}