{
  "up": {
    "1": "哈里撸鸭市井火锅",
    "2": "星宇幼儿园",
    "3": "贵州佳宇华昌货架厂",
    "4": "贵遵路",
    "5": "贵阳市天空之城公寓(三桥立交桥分店)",
    "6": "老师傅制作肠旺面",
    "7": "遵义迪安-云岩蔡关社区卫生服务中心采血点",
    "8": "龙云雕刻石材有限公司贵州办事处",
    "9": "金竹路",
    "10": "二十六号屋顶自助烧烤",
    "11": "老威冲",
    "12": "新奥尔良烤翅夜宵水饺",
    "13": "中共贵州省园艺研究所支部委员会",
    "14": "盘山路",
    "15": "金竹派出所贵州省农科院附中执勤点",
    "16": "贵贤幼儿园",
    "17": "都勇明装饰工程有限公司",
    "18": "贵州奥八马展柜",
    "19": "高升塘",
    "20": "金潮篷布(中广线店)",
    "21": "荣幸宾馆",
    "22": "贵安大道辅路",
    "23": "永盛汽车美容店",
    "24": "天河潭旅游度假区1号停车场",
    "25": "喜天城·雅筑酒店(贵阳天河潭景区店)",
    "26": "大宅门酸汤鱼酒楼(天河潭景区店)",
    "27": "湖磊路",
    "28": "新时代大道",
    "29": "麦湖路(地铁站)",
    "30": "快乐圆蛋糕",
    "31": "贵阳星湖酒店大堂"
  },
  "down": {
    "32": "贵阳星湖酒店大堂",
    "33": "快乐圆蛋糕",
    "34": "麦湖路(地铁站)",
    "35": "新时代大道",
    "36": "湖磊路",
    "37": "大宅门酸汤鱼酒楼(天河潭景区店)",
    "38": "喜天城·雅筑酒店(贵阳天河潭景区店)",
    "39": "天河潭旅游度假区1号停车场",
    "40": "永盛汽车美容店",
    "41": "贵安大道辅路",
    "42": "荣幸宾馆",
    "43": "金潮篷布(中广线店)",
    "44": "高升塘",
    "45": "贵州奥八马展柜",
    "46": "都勇明装饰工程有限公司",
    "47": "贵贤幼儿园",
    "48": "金竹派出所贵州省农科院附中执勤点",
    "49": "盘山路",
    "50": "中共贵州省园艺研究所支部委员会",
    "51": "新奥尔良烤翅夜宵水饺",
    "52": "老威冲",
    "53": "二十六号屋顶自助烧烤",
    "54": "金竹路",
    "55": "龙云雕刻石材有限公司贵州办事处",
    "56": "遵义迪安-云岩蔡关社区卫生服务中心采血点",
    "57": "老师傅制作肠旺面",
    "58": "贵阳市天空之城公寓(三桥立交桥分店)",
    "59": "贵遵路",
    "60": "贵州佳宇华昌货架厂",
    "61": "星宇幼儿园",
    "62": "哈里撸鸭市井火锅"
  }
}