{
  "up": {
    "哈里撸鸭市井火锅": 1,
    "星宇幼儿园": 2,
    "贵州佳宇华昌货架厂": 3,
    "贵遵路": 4,
    "贵阳市天空之城公寓(三桥立交桥分店)": 5,
    "老师傅制作肠旺面": 6,
    "遵义迪安-云岩蔡关社区卫生服务中心采血点": 7,
    "龙云雕刻石材有限公司贵州办事处": 8,
    "金竹路": 9,
    "二十六号屋顶自助烧烤": 10,
    "老威冲": 11,
    "新奥尔良烤翅夜宵水饺": 12,
    "中共贵州省园艺研究所支部委员会": 13,
    "盘山路": 14,
    "金竹派出所贵州省农科院附中执勤点": 15,
    "贵贤幼儿园": 16,
    "都勇明装饰工程有限公司": 17,
    "贵州奥八马展柜": 18,
    "高升塘": 19,
    "金潮篷布(中广线店)": 20,
    "荣幸宾馆": 21,
    "贵安大道辅路": 22,
    "永盛汽车美容店": 23,
    "天河潭旅游度假区1号停车场": 24,
    "喜天城·雅筑酒店(贵阳天河潭景区店)": 25,
    "大宅门酸汤鱼酒楼(天河潭景区店)": 26,
    "湖磊路": 27,
    "新时代大道": 28,
    "麦湖路(地铁站)": 29,
    "快乐圆蛋糕": 30,
    "贵阳星湖酒店大堂": 31
  },
  "down": {
    "贵阳星湖酒店大堂": 32,
    "快乐圆蛋糕": 33,
    "麦湖路(地铁站)": 34,
    "新时代大道": 35,
    "湖磊路": 36,
    "大宅门酸汤鱼酒楼(天河潭景区店)": 37,
    "喜天城·雅筑酒店(贵阳天河潭景区店)": 38,
    "天河潭旅游度假区1号停车场": 39,
    "永盛汽车美容店": 40,
    "贵安大道辅路": 41,
    "荣幸宾馆": 42,
    "金潮篷布(中广线店)": 43,
    "高升塘": 44,
    "贵州奥八马展柜": 45,
    "都勇明装饰工程有限公司": 46,
    "贵贤幼儿园": 47,
    "金竹派出所贵州省农科院附中执勤点": 48,
    "盘山路": 49,
    "中共贵州省园艺研究所支部委员会": 50,
    "新奥尔良烤翅夜宵水饺": 51,
    "老威冲": 52,
    "二十六号屋顶自助烧烤": 53,
    "金竹路": 54,
    "龙云雕刻石材有限公司贵州办事处": 55,
    "遵义迪安-云岩蔡关社区卫生服务中心采血点": 56,
    "老师傅制作肠旺面": 57,
    "贵阳市天空之城公寓(三桥立交桥分店)": 58,
    "贵遵路": 59,
    "贵州佳宇华昌货架厂": 60,
    "星宇幼儿园": 61,
    "哈里撸鸭市井火锅": 62
  }
}