{
  "up": {
    "1": "贵阳橙小树青年旅舍",
    "2": "花果第一社区卫生服务中心",
    "3": "沁园(半山小镇店)",
    "4": "竹园新居",
    "5": "绝味鸭脖(二桥店)",
    "6": "杨府之家宴(黔灵山国际社区店)",
    "7": "三桥北路",
    "8": "新街治安派出所",
    "9": "贵遵路",
    "10": "乔老爷私房菜(白云大道店)",
    "11": "源生康复理疗馆",
    "12": "中共新阳总支部委员会",
    "13": "贵阳鼎怡宾馆",
    "14": "贵阳丽桢酒店",
    "15": "高新乾银和悦酒店",
    "16": "阳光家苑",
    "17": "鹿驻公寓(长岭北路分店)",
    "18": "江西养身煨汤(美的林城店)",
    "19": "修脚匠",
    "20": "中天君廷",
    "21": "烧烤烙锅(月华轩店)",
    "22": "贵阳恒大中央华府(建设中)",
    "23": "海翔(社会化)机动车登记服务站",
    "24": "醉茗轩",
    "25": "绝味纸上烤鱼",
    "26": "仡佬全牛宴(自助牛肉火锅)",
    "27": "塔山公园",
    "28": "G6002贵阳绕城高速",
    "29": "白云区城市管理局渣土管理所",
    "30": "天一观山阅(建设中)",
    "31": "贵州科学院新材料创新孵化园",
    "32": "贵州省石油产品质量监督检验站"
  },
  "down": {
    "33": "贵州省石油产品质量监督检验站",
    "34": "贵州科学院新材料创新孵化园",
    "35": "天一观山阅(建设中)",
    "36": "白云区城市管理局渣土管理所",
    "37": "G6002贵阳绕城高速",
    "38": "塔山公园",
    "39": "仡佬全牛宴(自助牛肉火锅)",
    "40": "绝味纸上烤鱼",
    "41": "醉茗轩",
    "42": "海翔(社会化)机动车登记服务站",
    "43": "贵阳恒大中央华府(建设中)",
    "44": "烧烤烙锅(月华轩店)",
    "45": "中天君廷",
    "46": "修脚匠",
    "47": "江西养身煨汤(美的林城店)",
    "48": "鹿驻公寓(长岭北路分店)",
    "49": "阳光家苑",
    "50": "高新乾银和悦酒店",
    "51": "贵阳丽桢酒店",
    "52": "贵阳鼎怡宾馆",
    "53": "中共新阳总支部委员会",
    "54": "源生康复理疗馆",
    "55": "乔老爷私房菜(白云大道店)",
    "56": "贵遵路",
    "57": "新街治安派出所",
    "58": "三桥北路",
    "59": "杨府之家宴(黔灵山国际社区店)",
    "60": "绝味鸭脖(二桥店)",
    "61": "竹园新居",
    "62": "沁园(半山小镇店)",
    "63": "花果第一社区卫生服务中心",
    "64": "贵阳橙小树青年旅舍"
  }
}