{
  "贵州省石油产品质量监督检验站": 382,
  "贵州科学院新材料创新孵化园": 1220,
  "天一观山阅(建设中)": 444,
  "白云区城市管理局渣土管理所": 399,
  "G6002贵阳绕城高速": 580,
  "塔山公园": 821,
  "仡佬全牛宴(自助牛肉火锅)": 608,
  "绝味纸上烤鱼": 588,
  "醉茗轩": 907,
  "海翔(社会化)机动车登记服务站": 371,
  "贵阳恒大中央华府(建设中)": 355,
  "烧烤烙锅(月华轩店)": 359,
  "中天君廷": 571,
  "修脚匠": 826,
  "江西养身煨汤(美的林城店)": 346,
  "鹿驻公寓(长岭北路分店)": 992,
  "阳光家苑": 402,
  "高新乾银和悦酒店": 789,
  "贵阳丽桢酒店": 530,
  "贵阳鼎怡宾馆": 369,
  "中共新阳总支部委员会": 597,
  "源生康复理疗馆": 398,
  "乔老爷私房菜(白云大道店)": 694,
  "贵遵路": 352,
  "新街治安派出所": 629,
  "三桥北路": 1091,
  "杨府之家宴(黔灵山国际社区店)": 400,
  "绝味鸭脖(二桥店)": 372,
  "竹园新居": 460,
  "沁园(半山小镇店)": 347,
  "花果第一社区卫生服务中心": 666
}