{
  "贵阳橙小树青年旅舍": 726,
  "花果第一社区卫生服务中心": 407,
  "沁园(半山小镇店)": 520,
  "竹园新居": 432,
  "绝味鸭脖(二桥店)": 460,
  "杨府之家宴(黔灵山国际社区店)": 1151,
  "三桥北路": 689,
  "新街治安派出所": 412,
  "贵遵路": 754,
  "乔老爷私房菜(白云大道店)": 458,
  "源生康复理疗馆": 657,
  "中共新阳总支部委员会": 429,
  "贵阳鼎怡宾馆": 590,
  "贵阳丽桢酒店": 849,
  "高新乾银和悦酒店": 462,
  "阳光家苑": 1052,
  "鹿驻公寓(长岭北路分店)": 406,
  "江西养身煨汤(美的林城店)": 886,
  "修脚匠": 631,
  "中天君廷": 419,
  "烧烤烙锅(月华轩店)": 415,
  "贵阳恒大中央华府(建设中)": 431,
  "海翔(社会化)机动车登记服务站": 967,
  "醉茗轩": 648,
  "绝味纸上烤鱼": 668,
  "仡佬全牛宴(自助牛肉火锅)": 881,
  "塔山公园": 640,
  "G6002贵阳绕城高速": 459,
  "白云区城市管理局渣土管理所": 504,
  "天一观山阅(建设中)": 1280,
  "贵州科学院新材料创新孵化园": 442
}