{
  "up": {
    "贵阳橙小树青年旅舍": 1,
    "花果第一社区卫生服务中心": 2,
    "沁园(半山小镇店)": 3,
    "竹园新居": 4,
    "绝味鸭脖(二桥店)": 5,
    "杨府之家宴(黔灵山国际社区店)": 6,
    "三桥北路": 7,
    "新街治安派出所": 8,
    "贵遵路": 9,
    "乔老爷私房菜(白云大道店)": 10,
    "源生康复理疗馆": 11,
    "中共新阳总支部委员会": 12,
    "贵阳鼎怡宾馆": 13,
    "贵阳丽桢酒店": 14,
    "高新乾银和悦酒店": 15,
    "阳光家苑": 16,
    "鹿驻公寓(长岭北路分店)": 17,
    "江西养身煨汤(美的林城店)": 18,
    "修脚匠": 19,
    "中天君廷": 20,
    "烧烤烙锅(月华轩店)": 21,
    "贵阳恒大中央华府(建设中)": 22,
    "海翔(社会化)机动车登记服务站": 23,
    "醉茗轩": 24,
    "绝味纸上烤鱼": 25,
    "仡佬全牛宴(自助牛肉火锅)": 26,
    "塔山公园": 27,
    "G6002贵阳绕城高速": 28,
    "白云区城市管理局渣土管理所": 29,
    "天一观山阅(建设中)": 30,
    "贵州科学院新材料创新孵化园": 31,
    "贵州省石油产品质量监督检验站": 32
  },
  "down": {
    "贵州省石油产品质量监督检验站": 33,
    "贵州科学院新材料创新孵化园": 34,
    "天一观山阅(建设中)": 35,
    "白云区城市管理局渣土管理所": 36,
    "G6002贵阳绕城高速": 37,
    "塔山公园": 38,
    "仡佬全牛宴(自助牛肉火锅)": 39,
    "绝味纸上烤鱼": 40,
    "醉茗轩": 41,
    "海翔(社会化)机动车登记服务站": 42,
    "贵阳恒大中央华府(建设中)": 43,
    "烧烤烙锅(月华轩店)": 44,
    "中天君廷": 45,
    "修脚匠": 46,
    "江西养身煨汤(美的林城店)": 47,
    "鹿驻公寓(长岭北路分店)": 48,
    "阳光家苑": 49,
    "高新乾银和悦酒店": 50,
    "贵阳丽桢酒店": 51,
    "贵阳鼎怡宾馆": 52,
    "中共新阳总支部委员会": 53,
    "源生康复理疗馆": 54,
    "乔老爷私房菜(白云大道店)": 55,
    "贵遵路": 56,
    "新街治安派出所": 57,
    "三桥北路": 58,
    "杨府之家宴(黔灵山国际社区店)": 59,
    "绝味鸭脖(二桥店)": 60,
    "竹园新居": 61,
    "沁园(半山小镇店)": 62,
    "花果第一社区卫生服务中心": 63,
    "贵阳橙小树青年旅舍": 64
  }
}