{
  "up": {
    "1": "贵阳世航文化传媒有限公司",
    "2": "金关艺术幼儿园",
    "3": "童馨园",
    "4": "金关村工业园",
    "5": "贵阳市云岩区智慧树幼儿园",
    "6": "云岩区安康老年公寓",
    "7": "可可汉堡",
    "8": "下寨路",
    "9": "小田水饺(花果园S区店)",
    "10": "小车河大桥",
    "11": "林下广场",
    "12": "中坝公租房幸福小区",
    "13": "金竹立交高架桥",
    "14": "农科公社",
    "15": "油料研究所",
    "16": "三合幼儿园",
    "17": "盈克家居批发中心",
    "18": "金石亿隆装饰建材城K1栋",
    "19": "贵州富力门配装饰材料有限公司",
    "20": "中国农业银行(石板分理处)",
    "21": "聚乾商务宾馆(贵阳天河潭店)",
    "22": "石板镇妇幼保健计划生育服务站",
    "23": "桂花园农庄",
    "24": "百家姓儿童休闲广场",
    "25": "梵隐(天河潭店)",
    "26": "001县道",
    "27": "新时代大道",
    "28": "车田铁路桥",
    "29": "贵安大道辅路",
    "30": "天香阁生态渔庄",
    "31": "贵安新区综合行政执法支队湖潮大队",
    "32": "京安大道",
    "33": "贵安园艺花卉世界",
    "34": "沙坡"
  },
  "down": {
    "35": "沙坡",
    "36": "贵安园艺花卉世界",
    "37": "京安大道",
    "38": "贵安新区综合行政执法支队湖潮大队",
    "39": "天香阁生态渔庄",
    "40": "贵安大道辅路",
    "41": "车田铁路桥",
    "42": "新时代大道",
    "43": "001县道",
    "44": "梵隐(天河潭店)",
    "45": "百家姓儿童休闲广场",
    "46": "桂花园农庄",
    "47": "石板镇妇幼保健计划生育服务站",
    "48": "聚乾商务宾馆(贵阳天河潭店)",
    "49": "中国农业银行(石板分理处)",
    "50": "贵州富力门配装饰材料有限公司",
    "51": "金石亿隆装饰建材城K1栋",
    "52": "盈克家居批发中心",
    "53": "三合幼儿园",
    "54": "油料研究所",
    "55": "农科公社",
    "56": "金竹立交高架桥",
    "57": "中坝公租房幸福小区",
    "58": "林下广场",
    "59": "小车河大桥",
    "60": "小田水饺(花果园S区店)",
    "61": "下寨路",
    "62": "可可汉堡",
    "63": "云岩区安康老年公寓",
    "64": "贵阳市云岩区智慧树幼儿园",
    "65": "金关村工业园",
    "66": "童馨园",
    "67": "金关艺术幼儿园",
    "68": "贵阳世航文化传媒有限公司"
  }
}