{
  "up": {
    "贵阳世航文化传媒有限公司": 1,
    "金关艺术幼儿园": 2,
    "童馨园": 3,
    "金关村工业园": 4,
    "贵阳市云岩区智慧树幼儿园": 5,
    "云岩区安康老年公寓": 6,
    "可可汉堡": 7,
    "下寨路": 8,
    "小田水饺(花果园S区店)": 9,
    "小车河大桥": 10,
    "林下广场": 11,
    "中坝公租房幸福小区": 12,
    "金竹立交高架桥": 13,
    "农科公社": 14,
    "油料研究所": 15,
    "三合幼儿园": 16,
    "盈克家居批发中心": 17,
    "金石亿隆装饰建材城K1栋": 18,
    "贵州富力门配装饰材料有限公司": 19,
    "中国农业银行(石板分理处)": 20,
    "聚乾商务宾馆(贵阳天河潭店)": 21,
    "石板镇妇幼保健计划生育服务站": 22,
    "桂花园农庄": 23,
    "百家姓儿童休闲广场": 24,
    "梵隐(天河潭店)": 25,
    "001县道": 26,
    "新时代大道": 27,
    "车田铁路桥": 28,
    "贵安大道辅路": 29,
    "天香阁生态渔庄": 30,
    "贵安新区综合行政执法支队湖潮大队": 31,
    "京安大道": 32,
    "贵安园艺花卉世界": 33,
    "沙坡": 34
  },
  "down": {
    "沙坡": 35,
    "贵安园艺花卉世界": 36,
    "京安大道": 37,
    "贵安新区综合行政执法支队湖潮大队": 38,
    "天香阁生态渔庄": 39,
    "贵安大道辅路": 40,
    "车田铁路桥": 41,
    "新时代大道": 42,
    "001县道": 43,
    "梵隐(天河潭店)": 44,
    "百家姓儿童休闲广场": 45,
    "桂花园农庄": 46,
    "石板镇妇幼保健计划生育服务站": 47,
    "聚乾商务宾馆(贵阳天河潭店)": 48,
    "中国农业银行(石板分理处)": 49,
    "贵州富力门配装饰材料有限公司": 50,
    "金石亿隆装饰建材城K1栋": 51,
    "盈克家居批发中心": 52,
    "三合幼儿园": 53,
    "油料研究所": 54,
    "农科公社": 55,
    "金竹立交高架桥": 56,
    "中坝公租房幸福小区": 57,
    "林下广场": 58,
    "小车河大桥": 59,
    "小田水饺(花果园S区店)": 60,
    "下寨路": 61,
    "可可汉堡": 62,
    "云岩区安康老年公寓": 63,
    "贵阳市云岩区智慧树幼儿园": 64,
    "金关村工业园": 65,
    "童馨园": 66,
    "金关艺术幼儿园": 67,
    "贵阳世航文化传媒有限公司": 68
  }
}