{
  "贵阳世航文化传媒有限公司": 453,
  "金关艺术幼儿园": 450,
  "童馨园": 414,
  "金关村工业园": 484,
  "贵阳市云岩区智慧树幼儿园": 1441,
  "云岩区安康老年公寓": 1178,
  "可可汉堡": 426,
  "下寨路": 988,
  "小田水饺(花果园S区店)": 553,
  "小车河大桥": 771,
  "林下广场": 2119,
  "中坝公租房幸福小区": 1478,
  "金竹立交高架桥": 416,
  "农科公社": 436,
  "油料研究所": 1407,
  "三合幼儿园": 2227,
  "盈克家居批发中心": 971,
  "金石亿隆装饰建材城K1栋": 756,
  "贵州富力门配装饰材料有限公司": 966,
  "中国农业银行(石板分理处)": 408,
  "聚乾商务宾馆(贵阳天河潭店)": 1248,
  "石板镇妇幼保健计划生育服务站": 830,
  "桂花园农庄": 592,
  "百家姓儿童休闲广场": 592,
  "梵隐(天河潭店)": 549,
  "001县道": 1589,
  "新时代大道": 511,
  "车田铁路桥": 602,
  "贵安大道辅路": 518,
  "天香阁生态渔庄": 742,
  "贵安新区综合行政执法支队湖潮大队": 485,
  "京安大道": 1060,
  "贵安园艺花卉世界": 453
}