{
  "沙坡": 674,
  "贵安园艺花卉世界": 1281,
  "京安大道": 706,
  "贵安新区综合行政执法支队湖潮大队": 963,
  "天香阁生态渔庄": 739,
  "贵安大道辅路": 823,
  "车田铁路桥": 732,
  "新时代大道": 1810,
  "001县道": 770,
  "梵隐(天河潭店)": 813,
  "百家姓儿童休闲广场": 813,
  "桂花园农庄": 1051,
  "石板镇妇幼保健计划生育服务站": 1469,
  "聚乾商务宾馆(贵阳天河潭店)": 629,
  "中国农业银行(石板分理处)": 1187,
  "贵州富力门配装饰材料有限公司": 977,
  "金石亿隆装饰建材城K1栋": 1192,
  "盈克家居批发中心": 2448,
  "三合幼儿园": 1628,
  "油料研究所": 657,
  "农科公社": 637,
  "金竹立交高架桥": 1699,
  "中坝公租房幸福小区": 2340,
  "林下广场": 992,
  "小车河大桥": 774,
  "小田水饺(花果园S区店)": 1209,
  "下寨路": 647,
  "可可汉堡": 1399,
  "云岩区安康老年公寓": 1662,
  "贵阳市云岩区智慧树幼儿园": 705,
  "金关村工业园": 635,
  "童馨园": 671,
  "金关艺术幼儿园": 674
}