{
  "up": {
    "老司机自助餐厅(观山湖军创大厦店)": 1,
    "贵阳佳瑞驾校科目二考场": 2,
    "贵州云顺达驾驶培训有限公司": 3,
    "中海映山湖小区": 4,
    "大田湾桥": 5,
    "贵阳市就业与职业技能开发中心": 6,
    "梦想天使幼儿园": 7,
    "瑞柏纳酒店(贵阳北站梦想城店)": 8,
    "梦都主题酒店(贵阳高铁北站店)": 9,
    "西二环辅路": 10,
    "阳关隧道": 11,
    "云山山体公园": 12,
    "贵州省审计厅-培训中心": 13,
    "贵阳贵山堂职业培训学校有限公司": 14,
    "机械物资批发(新联世纪华庭店)": 15,
    "汇金美食广场(汇金星力城店)": 16,
    "龙祥大厦": 17,
    "中创联合大厦E座": 18,
    "文化路78号院落": 19,
    "遵义路": 20,
    "南明区人民医院": 21,
    "花样年华": 22,
    "甲秀翠微小学": 23,
    "花冠路": 24,
    "贵钢(地铁站)": 25,
    "贵阳新月出租汽车有限公司": 26,
    "三岔河路": 27,
    "贵阳拓达项目部": 28,
    "中南春风南岸a5栋": 29,
    "临街院门(临街院门)": 30
  },
  "down": {
    "临街院门(临街院门)": 31,
    "中南春风南岸a5栋": 32,
    "贵阳拓达项目部": 33,
    "三岔河路": 34,
    "贵阳新月出租汽车有限公司": 35,
    "贵钢(地铁站)": 36,
    "花冠路": 37,
    "甲秀翠微小学": 38,
    "花样年华": 39,
    "南明区人民医院": 40,
    "遵义路": 41,
    "文化路78号院落": 42,
    "中创联合大厦E座": 43,
    "龙祥大厦": 44,
    "汇金美食广场(汇金星力城店)": 45,
    "机械物资批发(新联世纪华庭店)": 46,
    "贵阳贵山堂职业培训学校有限公司": 47,
    "贵州省审计厅-培训中心": 48,
    "云山山体公园": 49,
    "阳关隧道": 50,
    "西二环辅路": 51,
    "梦都主题酒店(贵阳高铁北站店)": 52,
    "瑞柏纳酒店(贵阳北站梦想城店)": 53,
    "梦想天使幼儿园": 54,
    "贵阳市就业与职业技能开发中心": 55,
    "大田湾桥": 56,
    "中海映山湖小区": 57,
    "贵州云顺达驾驶培训有限公司": 58,
    "贵阳佳瑞驾校科目二考场": 59,
    "老司机自助餐厅(观山湖军创大厦店)": 60
  }
}