{
  "老司机自助餐厅(观山湖军创大厦店)": 410,
  "贵阳佳瑞驾校科目二考场": 921,
  "贵州云顺达驾驶培训有限公司": 773,
  "中海映山湖小区": 708,
  "大田湾桥": 524,
  "贵阳市就业与职业技能开发中心": 465,
  "梦想天使幼儿园": 411,
  "瑞柏纳酒店(贵阳北站梦想城店)": 407,
  "梦都主题酒店(贵阳高铁北站店)": 545,
  "西二环辅路": 1200,
  "阳关隧道": 937,
  "云山山体公园": 1794,
  "贵州省审计厅-培训中心": 964,
  "贵阳贵山堂职业培训学校有限公司": 715,
  "机械物资批发(新联世纪华庭店)": 437,
  "汇金美食广场(汇金星力城店)": 448,
  "龙祥大厦": 705,
  "中创联合大厦E座": 427,
  "文化路78号院落": 434,
  "遵义路": 444,
  "南明区人民医院": 505,
  "花样年华": 1347,
  "甲秀翠微小学": 441,
  "花冠路": 475,
  "贵钢(地铁站)": 2126,
  "贵阳新月出租汽车有限公司": 426,
  "三岔河路": 412,
  "贵阳拓达项目部": 627,
  "中南春风南岸a5栋": 595
}