{
  "up": {
    "1": "老司机自助餐厅(观山湖军创大厦店)",
    "2": "贵阳佳瑞驾校科目二考场",
    "3": "贵州云顺达驾驶培训有限公司",
    "4": "中海映山湖小区",
    "5": "大田湾桥",
    "6": "贵阳市就业与职业技能开发中心",
    "7": "梦想天使幼儿园",
    "8": "瑞柏纳酒店(贵阳北站梦想城店)",
    "9": "梦都主题酒店(贵阳高铁北站店)",
    "10": "西二环辅路",
    "11": "阳关隧道",
    "12": "云山山体公园",
    "13": "贵州省审计厅-培训中心",
    "14": "贵阳贵山堂职业培训学校有限公司",
    "15": "机械物资批发(新联世纪华庭店)",
    "16": "汇金美食广场(汇金星力城店)",
    "17": "龙祥大厦",
    "18": "中创联合大厦E座",
    "19": "文化路78号院落",
    "20": "遵义路",
    "21": "南明区人民医院",
    "22": "花样年华",
    "23": "甲秀翠微小学",
    "24": "花冠路",
    "25": "贵钢(地铁站)",
    "26": "贵阳新月出租汽车有限公司",
    "27": "三岔河路",
    "28": "贵阳拓达项目部",
    "29": "中南春风南岸a5栋",
    "30": "临街院门(临街院门)"
  },
  "down": {
    "31": "临街院门(临街院门)",
    "32": "中南春风南岸a5栋",
    "33": "贵阳拓达项目部",
    "34": "三岔河路",
    "35": "贵阳新月出租汽车有限公司",
    "36": "贵钢(地铁站)",
    "37": "花冠路",
    "38": "甲秀翠微小学",
    "39": "花样年华",
    "40": "南明区人民医院",
    "41": "遵义路",
    "42": "文化路78号院落",
    "43": "中创联合大厦E座",
    "44": "龙祥大厦",
    "45": "汇金美食广场(汇金星力城店)",
    "46": "机械物资批发(新联世纪华庭店)",
    "47": "贵阳贵山堂职业培训学校有限公司",
    "48": "贵州省审计厅-培训中心",
    "49": "云山山体公园",
    "50": "阳关隧道",
    "51": "西二环辅路",
    "52": "梦都主题酒店(贵阳高铁北站店)",
    "53": "瑞柏纳酒店(贵阳北站梦想城店)",
    "54": "梦想天使幼儿园",
    "55": "贵阳市就业与职业技能开发中心",
    "56": "大田湾桥",
    "57": "中海映山湖小区",
    "58": "贵州云顺达驾驶培训有限公司",
    "59": "贵阳佳瑞驾校科目二考场",
    "60": "老司机自助餐厅(观山湖军创大厦店)"
  }
}