{
  "临街院门(临街院门)": 476,
  "中南春风南岸a5栋": 508,
  "贵阳拓达项目部": 293,
  "三岔河路": 307,
  "贵阳新月出租汽车有限公司": 2007,
  "贵钢(地铁站)": 356,
  "花冠路": 322,
  "甲秀翠微小学": 1228,
  "花样年华": 386,
  "南明区人民医院": 325,
  "遵义路": 315,
  "文化路78号院落": 308,
  "中创联合大厦E座": 586,
  "龙祥大厦": 329,
  "汇金美食广场(汇金星力城店)": 318,
  "机械物资批发(新联世纪华庭店)": 596,
  "贵阳贵山堂职业培训学校有限公司": 845,
  "贵州省审计厅-培训中心": 1675,
  "云山山体公园": 818,
  "阳关隧道": 1081,
  "西二环辅路": 426,
  "梦都主题酒店(贵阳高铁北站店)": 288,
  "瑞柏纳酒店(贵阳北站梦想城店)": 292,
  "梦想天使幼儿园": 346,
  "贵阳市就业与职业技能开发中心": 405,
  "大田湾桥": 589,
  "中海映山湖小区": 654,
  "贵州云顺达驾驶培训有限公司": 802,
  "贵阳佳瑞驾校科目二考场": 291
}