{
  "乌当后所新村": 391,
  "贵黔国际公寓": 360,
  "融创府鸣溪上(建设中)": 1315,
  "情人谷月亮河山庄": 1309,
  "星星小卖部": 889,
  "玫瑰庄园": 394,
  "高枧2号大桥": 387,
  "情人谷路口(公交站)": 368,
  "高枧1号大桥": 502,
  "北京东路": 516,
  "中天pluss": 557,
  "中天甜蜜小镇6组团": 1472,
  "沸沸椰子鸡螺蛳精酿酒馆": 624,
  "贵阳铂丽丝酒店": 403,
  "尚礼路": 432,
  "云岩区邓记特色羊肉粉": 362,
  "金狮小区顺海苑": 1350,
  "云岩监管接待室": 396,
  "百花山居民委员会": 894,
  "蒋记烫菜(兴贵路店)": 488,
  "省人大常委会省政府机关大院广场": 393,
  "麻辣馄饨店(安云路店)": 442,
  "良家文庭酒店(黔灵山公园店)": 392,
  "枣山路": 450,
  "贵州医科大学附属肿瘤医院": 563,
  "二桥出口(中环路西段西北向)": 754,
  "黔灵山站": 669,
  "唐老鸭留一手烤鱼(圣泉流云花园观云邸店)": 434,
  "中坝隧道": 583,
  "云岩区普惠幼儿园": 365,
  "贵阳铁路高级技工学校": 647,
  "贵州医科大学附属肿瘤医院·综合院区急诊": 654
}