{
  "up": {
    "1": "贵遵路",
    "2": "贵州医科大学附属肿瘤医院·综合院区急诊",
    "3": "贵阳铁路高级技工学校",
    "4": "云岩区普惠幼儿园",
    "5": "中坝隧道",
    "6": "唐老鸭留一手烤鱼(圣泉流云花园观云邸店)",
    "7": "黔灵山站",
    "8": "二桥出口(中环路西段西北向)",
    "9": "贵州医科大学附属肿瘤医院",
    "10": "枣山路",
    "11": "良家文庭酒店(黔灵山公园店)",
    "12": "麻辣馄饨店(安云路店)",
    "13": "省人大常委会省政府机关大院广场",
    "14": "蒋记烫菜(兴贵路店)",
    "15": "百花山居民委员会",
    "16": "云岩监管接待室",
    "17": "金狮小区顺海苑",
    "18": "云岩区邓记特色羊肉粉",
    "19": "尚礼路",
    "20": "贵阳铂丽丝酒店",
    "21": "沸沸椰子鸡螺蛳精酿酒馆",
    "22": "中天甜蜜小镇6组团",
    "23": "中天pluss",
    "24": "北京东路",
    "25": "高枧1号大桥",
    "26": "情人谷路口(公交站)",
    "27": "高枧2号大桥",
    "28": "玫瑰庄园",
    "29": "星星小卖部",
    "30": "情人谷月亮河山庄",
    "31": "融创府鸣溪上(建设中)",
    "32": "贵黔国际公寓",
    "33": "乌当后所新村"
  },
  "down": {
    "34": "乌当后所新村",
    "35": "贵黔国际公寓",
    "36": "融创府鸣溪上(建设中)",
    "37": "情人谷月亮河山庄",
    "38": "星星小卖部",
    "39": "玫瑰庄园",
    "40": "高枧2号大桥",
    "41": "情人谷路口(公交站)",
    "42": "高枧1号大桥",
    "43": "北京东路",
    "44": "中天pluss",
    "45": "中天甜蜜小镇6组团",
    "46": "沸沸椰子鸡螺蛳精酿酒馆",
    "47": "贵阳铂丽丝酒店",
    "48": "尚礼路",
    "49": "云岩区邓记特色羊肉粉",
    "50": "金狮小区顺海苑",
    "51": "云岩监管接待室",
    "52": "百花山居民委员会",
    "53": "蒋记烫菜(兴贵路店)",
    "54": "省人大常委会省政府机关大院广场",
    "55": "麻辣馄饨店(安云路店)",
    "56": "良家文庭酒店(黔灵山公园店)",
    "57": "枣山路",
    "58": "贵州医科大学附属肿瘤医院",
    "59": "二桥出口(中环路西段西北向)",
    "60": "黔灵山站",
    "61": "唐老鸭留一手烤鱼(圣泉流云花园观云邸店)",
    "62": "中坝隧道",
    "63": "云岩区普惠幼儿园",
    "64": "贵阳铁路高级技工学校",
    "65": "贵州医科大学附属肿瘤医院·综合院区急诊",
    "66": "贵遵路"
  }
}