{
  "贵遵路": 715,
  "贵州医科大学附属肿瘤医院·综合院区急诊": 708,
  "贵阳铁路高级技工学校": 426,
  "云岩区普惠幼儿园": 644,
  "中坝隧道": 495,
  "唐老鸭留一手烤鱼(圣泉流云花园观云邸店)": 730,
  "黔灵山站": 815,
  "二桥出口(中环路西段西北向)": 624,
  "贵州医科大学附属肿瘤医院": 511,
  "枣山路": 453,
  "良家文庭酒店(黔灵山公园店)": 503,
  "麻辣馄饨店(安云路店)": 454,
  "省人大常委会省政府机关大院广场": 549,
  "蒋记烫菜(兴贵路店)": 955,
  "百花山居民委员会": 457,
  "云岩监管接待室": 1411,
  "金狮小区顺海苑": 423,
  "云岩区邓记特色羊肉粉": 493,
  "尚礼路": 464,
  "贵阳铂丽丝酒店": 685,
  "沸沸椰子鸡螺蛳精酿酒馆": 1533,
  "中天甜蜜小镇6组团": 618,
  "中天pluss": 577,
  "北京东路": 563,
  "高枧1号大桥": 429,
  "情人谷路口(公交站)": 448,
  "高枧2号大桥": 455,
  "玫瑰庄园": 950,
  "星星小卖部": 1370,
  "情人谷月亮河山庄": 1376,
  "融创府鸣溪上(建设中)": 421,
  "贵黔国际公寓": 452
}