{
  "up": {
    "贵遵路": 1,
    "贵州医科大学附属肿瘤医院·综合院区急诊": 2,
    "贵阳铁路高级技工学校": 3,
    "云岩区普惠幼儿园": 4,
    "中坝隧道": 5,
    "唐老鸭留一手烤鱼(圣泉流云花园观云邸店)": 6,
    "黔灵山站": 7,
    "二桥出口(中环路西段西北向)": 8,
    "贵州医科大学附属肿瘤医院": 9,
    "枣山路": 10,
    "良家文庭酒店(黔灵山公园店)": 11,
    "麻辣馄饨店(安云路店)": 12,
    "省人大常委会省政府机关大院广场": 13,
    "蒋记烫菜(兴贵路店)": 14,
    "百花山居民委员会": 15,
    "云岩监管接待室": 16,
    "金狮小区顺海苑": 17,
    "云岩区邓记特色羊肉粉": 18,
    "尚礼路": 19,
    "贵阳铂丽丝酒店": 20,
    "沸沸椰子鸡螺蛳精酿酒馆": 21,
    "中天甜蜜小镇6组团": 22,
    "中天pluss": 23,
    "北京东路": 24,
    "高枧1号大桥": 25,
    "情人谷路口(公交站)": 26,
    "高枧2号大桥": 27,
    "玫瑰庄园": 28,
    "星星小卖部": 29,
    "情人谷月亮河山庄": 30,
    "融创府鸣溪上(建设中)": 31,
    "贵黔国际公寓": 32,
    "乌当后所新村": 33
  },
  "down": {
    "乌当后所新村": 34,
    "贵黔国际公寓": 35,
    "融创府鸣溪上(建设中)": 36,
    "情人谷月亮河山庄": 37,
    "星星小卖部": 38,
    "玫瑰庄园": 39,
    "高枧2号大桥": 40,
    "情人谷路口(公交站)": 41,
    "高枧1号大桥": 42,
    "北京东路": 43,
    "中天pluss": 44,
    "中天甜蜜小镇6组团": 45,
    "沸沸椰子鸡螺蛳精酿酒馆": 46,
    "贵阳铂丽丝酒店": 47,
    "尚礼路": 48,
    "云岩区邓记特色羊肉粉": 49,
    "金狮小区顺海苑": 50,
    "云岩监管接待室": 51,
    "百花山居民委员会": 52,
    "蒋记烫菜(兴贵路店)": 53,
    "省人大常委会省政府机关大院广场": 54,
    "麻辣馄饨店(安云路店)": 55,
    "良家文庭酒店(黔灵山公园店)": 56,
    "枣山路": 57,
    "贵州医科大学附属肿瘤医院": 58,
    "二桥出口(中环路西段西北向)": 59,
    "黔灵山站": 60,
    "唐老鸭留一手烤鱼(圣泉流云花园观云邸店)": 61,
    "中坝隧道": 62,
    "云岩区普惠幼儿园": 63,
    "贵阳铁路高级技工学校": 64,
    "贵州医科大学附属肿瘤医院·综合院区急诊": 65,
    "贵遵路": 66
  }
}