{
  "音乐艺术培训中心": 573,
  "龙泉苑街": 772,
  "观山小区": 480,
  "飞扬思维学校(观山校区)": 498,
  "千食集美食体验公园(天一国际广场店)": 440,
  "兴义路": 1271,
  "贵州龙(会展城店)": 635,
  "会展东路": 419,
  "惠诚滋知(美的林城时代店)": 444,
  "优+英语(会展城校区)": 457,
  "贵阳市近视预防控制中心": 551,
  "大耳花胶鸡海鲜皇牛火锅酒家": 841,
  "同城南路辅路": 490,
  "派派乐全屋定制(知秋轩店)": 1163,
  "牛皮田": 968,
  "贵铝华阳碳素公司": 2340,
  "贵州省贵阳市经贸职业学校": 624,
  "黔坤文化": 802,
  "G6002贵阳绕城高速": 987,
  "中共冷水村支部委员会": 656,
  "都拉幼儿园": 844,
  "保税区出口(G6002贵阳绕城高速西北向)": 639,
  "贵阳市白云区都拉营街道退役军人服务站": 640,
  "中国邮政储蓄银行(都拉邮政储蓄所)": 575,
  "白云区都新社区居民议事会": 698,
  "贵阳市晨曦非急救服务有限公司": 420,
  "保利·公园央玺组团": 724,
  "乌当出口(G6002贵阳绕城高速西南向)": 427,
  "贵州鸿福顺达物流有限公司": 440,
  "贵阳白云骨粒化工厂": 2525,
  "宋姐草莓园": 423
}