{
  "up": {
    "1": "音乐艺术培训中心",
    "2": "龙泉苑街",
    "3": "观山小区",
    "4": "飞扬思维学校(观山校区)",
    "5": "千食集美食体验公园(天一国际广场店)",
    "6": "兴义路",
    "7": "贵州龙(会展城店)",
    "8": "会展东路",
    "9": "惠诚滋知(美的林城时代店)",
    "10": "优+英语(会展城校区)",
    "11": "贵阳市近视预防控制中心",
    "12": "大耳花胶鸡海鲜皇牛火锅酒家",
    "13": "同城南路辅路",
    "14": "派派乐全屋定制(知秋轩店)",
    "15": "牛皮田",
    "16": "贵铝华阳碳素公司",
    "17": "贵州省贵阳市经贸职业学校",
    "18": "黔坤文化",
    "19": "G6002贵阳绕城高速",
    "20": "中共冷水村支部委员会",
    "21": "都拉幼儿园",
    "22": "保税区出口(G6002贵阳绕城高速西北向)",
    "23": "贵阳市白云区都拉营街道退役军人服务站",
    "24": "中国邮政储蓄银行(都拉邮政储蓄所)",
    "25": "白云区都新社区居民议事会",
    "26": "贵阳市晨曦非急救服务有限公司",
    "27": "保利·公园央玺组团",
    "28": "乌当出口(G6002贵阳绕城高速西南向)",
    "29": "贵州鸿福顺达物流有限公司",
    "30": "贵阳白云骨粒化工厂",
    "31": "宋姐草莓园",
    "32": "贵阳市乌当区高穴小学"
  },
  "down": {
    "33": "贵阳市乌当区高穴小学",
    "34": "宋姐草莓园",
    "35": "贵阳白云骨粒化工厂",
    "36": "贵州鸿福顺达物流有限公司",
    "37": "乌当出口(G6002贵阳绕城高速西南向)",
    "38": "保利·公园央玺组团",
    "39": "贵阳市晨曦非急救服务有限公司",
    "40": "白云区都新社区居民议事会",
    "41": "中国邮政储蓄银行(都拉邮政储蓄所)",
    "42": "贵阳市白云区都拉营街道退役军人服务站",
    "43": "保税区出口(G6002贵阳绕城高速西北向)",
    "44": "都拉幼儿园",
    "45": "中共冷水村支部委员会",
    "46": "G6002贵阳绕城高速",
    "47": "黔坤文化",
    "48": "贵州省贵阳市经贸职业学校",
    "49": "贵铝华阳碳素公司",
    "50": "牛皮田",
    "51": "派派乐全屋定制(知秋轩店)",
    "52": "同城南路辅路",
    "53": "大耳花胶鸡海鲜皇牛火锅酒家",
    "54": "贵阳市近视预防控制中心",
    "55": "优+英语(会展城校区)",
    "56": "惠诚滋知(美的林城时代店)",
    "57": "会展东路",
    "58": "贵州龙(会展城店)",
    "59": "兴义路",
    "60": "千食集美食体验公园(天一国际广场店)",
    "61": "飞扬思维学校(观山校区)",
    "62": "观山小区",
    "63": "龙泉苑街",
    "64": "音乐艺术培训中心"
  }
}