{
  "up": {
    "音乐艺术培训中心": 1,
    "龙泉苑街": 2,
    "观山小区": 3,
    "飞扬思维学校(观山校区)": 4,
    "千食集美食体验公园(天一国际广场店)": 5,
    "兴义路": 6,
    "贵州龙(会展城店)": 7,
    "会展东路": 8,
    "惠诚滋知(美的林城时代店)": 9,
    "优+英语(会展城校区)": 10,
    "贵阳市近视预防控制中心": 11,
    "大耳花胶鸡海鲜皇牛火锅酒家": 12,
    "同城南路辅路": 13,
    "派派乐全屋定制(知秋轩店)": 14,
    "牛皮田": 15,
    "贵铝华阳碳素公司": 16,
    "贵州省贵阳市经贸职业学校": 17,
    "黔坤文化": 18,
    "G6002贵阳绕城高速": 19,
    "中共冷水村支部委员会": 20,
    "都拉幼儿园": 21,
    "保税区出口(G6002贵阳绕城高速西北向)": 22,
    "贵阳市白云区都拉营街道退役军人服务站": 23,
    "中国邮政储蓄银行(都拉邮政储蓄所)": 24,
    "白云区都新社区居民议事会": 25,
    "贵阳市晨曦非急救服务有限公司": 26,
    "保利·公园央玺组团": 27,
    "乌当出口(G6002贵阳绕城高速西南向)": 28,
    "贵州鸿福顺达物流有限公司": 29,
    "贵阳白云骨粒化工厂": 30,
    "宋姐草莓园": 31,
    "贵阳市乌当区高穴小学": 32
  },
  "down": {
    "贵阳市乌当区高穴小学": 33,
    "宋姐草莓园": 34,
    "贵阳白云骨粒化工厂": 35,
    "贵州鸿福顺达物流有限公司": 36,
    "乌当出口(G6002贵阳绕城高速西南向)": 37,
    "保利·公园央玺组团": 38,
    "贵阳市晨曦非急救服务有限公司": 39,
    "白云区都新社区居民议事会": 40,
    "中国邮政储蓄银行(都拉邮政储蓄所)": 41,
    "贵阳市白云区都拉营街道退役军人服务站": 42,
    "保税区出口(G6002贵阳绕城高速西北向)": 43,
    "都拉幼儿园": 44,
    "中共冷水村支部委员会": 45,
    "G6002贵阳绕城高速": 46,
    "黔坤文化": 47,
    "贵州省贵阳市经贸职业学校": 48,
    "贵铝华阳碳素公司": 49,
    "牛皮田": 50,
    "派派乐全屋定制(知秋轩店)": 51,
    "同城南路辅路": 52,
    "大耳花胶鸡海鲜皇牛火锅酒家": 53,
    "贵阳市近视预防控制中心": 54,
    "优+英语(会展城校区)": 55,
    "惠诚滋知(美的林城时代店)": 56,
    "会展东路": 57,
    "贵州龙(会展城店)": 58,
    "兴义路": 59,
    "千食集美食体验公园(天一国际广场店)": 60,
    "飞扬思维学校(观山校区)": 61,
    "观山小区": 62,
    "龙泉苑街": 63,
    "音乐艺术培训中心": 64
  }
}