{
  "贵阳市乌当区高穴小学": 417,
  "宋姐草莓园": 2519,
  "贵阳白云骨粒化工厂": 434,
  "贵州鸿福顺达物流有限公司": 421,
  "乌当出口(G6002贵阳绕城高速西南向)": 718,
  "保利·公园央玺组团": 414,
  "贵阳市晨曦非急救服务有限公司": 692,
  "白云区都新社区居民议事会": 569,
  "中国邮政储蓄银行(都拉邮政储蓄所)": 634,
  "贵阳市白云区都拉营街道退役军人服务站": 633,
  "保税区出口(G6002贵阳绕城高速西北向)": 838,
  "都拉幼儿园": 650,
  "中共冷水村支部委员会": 981,
  "G6002贵阳绕城高速": 796,
  "黔坤文化": 618,
  "贵州省贵阳市经贸职业学校": 2334,
  "贵铝华阳碳素公司": 962,
  "牛皮田": 1157,
  "派派乐全屋定制(知秋轩店)": 484,
  "同城南路辅路": 835,
  "大耳花胶鸡海鲜皇牛火锅酒家": 545,
  "贵阳市近视预防控制中心": 451,
  "优+英语(会展城校区)": 438,
  "惠诚滋知(美的林城时代店)": 413,
  "会展东路": 629,
  "贵州龙(会展城店)": 1265,
  "兴义路": 434,
  "千食集美食体验公园(天一国际广场店)": 492,
  "飞扬思维学校(观山校区)": 474,
  "观山小区": 766,
  "龙泉苑街": 567
}