{
  "up": {
    "1": "御生堂",
    "2": "王兰美容中草药美容",
    "3": "三桥派出所警务室",
    "4": "构平城际线西理楼",
    "5": "纳雍周氏小儿推拿",
    "6": "富南酒楼",
    "7": "海马冲路",
    "8": "粮食机械厂宿舍",
    "9": "深巷牛肉粉",
    "10": "妈妈炖鸡饭",
    "11": "重庆谢记老火锅(虎门巷)(装修中)",
    "12": "北京路",
    "13": "太乙巷",
    "14": "沙河花园3期",
    "15": "佳居苑",
    "16": "罗家坡",
    "17": "二关口",
    "18": "贵园山庄",
    "19": "贵龙驾校",
    "20": "天意私厨(恒大雅苑店)",
    "21": "贵阳市乌当区劳动人事争议仲裁院",
    "22": "中共观溪路街道工作委员会",
    "23": "百草药疗养堂",
    "24": "熊记扎佐蹄膀火锅(新都花园店)",
    "25": "乌当振新社区幸福里卫生服务站",
    "26": "金果果幼儿园",
    "27": "翔宇物流",
    "28": "贵阳万象温泉马陇别苑",
    "29": "贵阳中柔燕窝有限公司",
    "30": "远俊洛湾驾校科目二考场"
  },
  "down": {
    "31": "远俊洛湾驾校科目二考场",
    "32": "贵阳中柔燕窝有限公司",
    "33": "贵阳万象温泉马陇别苑",
    "34": "翔宇物流",
    "35": "金果果幼儿园",
    "36": "乌当振新社区幸福里卫生服务站",
    "37": "熊记扎佐蹄膀火锅(新都花园店)",
    "38": "百草药疗养堂",
    "39": "中共观溪路街道工作委员会",
    "40": "贵阳市乌当区劳动人事争议仲裁院",
    "41": "天意私厨(恒大雅苑店)",
    "42": "贵龙驾校",
    "43": "贵园山庄",
    "44": "二关口",
    "45": "罗家坡",
    "46": "佳居苑",
    "47": "沙河花园3期",
    "48": "太乙巷",
    "49": "北京路",
    "50": "重庆谢记老火锅(虎门巷)(装修中)",
    "51": "妈妈炖鸡饭",
    "52": "深巷牛肉粉",
    "53": "粮食机械厂宿舍",
    "54": "海马冲路",
    "55": "富南酒楼",
    "56": "纳雍周氏小儿推拿",
    "57": "构平城际线西理楼",
    "58": "三桥派出所警务室",
    "59": "王兰美容中草药美容",
    "60": "御生堂"
  }
}