{
  "御生堂": 502,
  "王兰美容中草药美容": 420,
  "三桥派出所警务室": 450,
  "构平城际线西理楼": 704,
  "纳雍周氏小儿推拿": 794,
  "富南酒楼": 510,
  "海马冲路": 797,
  "粮食机械厂宿舍": 455,
  "深巷牛肉粉": 476,
  "妈妈炖鸡饭": 683,
  "重庆谢记老火锅(虎门巷)(装修中)": 792,
  "北京路": 1081,
  "太乙巷": 478,
  "沙河花园3期": 850,
  "佳居苑": 727,
  "罗家坡": 509,
  "二关口": 606,
  "贵园山庄": 416,
  "贵龙驾校": 582,
  "天意私厨(恒大雅苑店)": 721,
  "贵阳市乌当区劳动人事争议仲裁院": 478,
  "中共观溪路街道工作委员会": 728,
  "百草药疗养堂": 620,
  "熊记扎佐蹄膀火锅(新都花园店)": 802,
  "乌当振新社区幸福里卫生服务站": 453,
  "金果果幼儿园": 473,
  "翔宇物流": 1067,
  "贵阳万象温泉马陇别苑": 564,
  "贵阳中柔燕窝有限公司": 2045
}