{
  "up": {
    "御生堂": 1,
    "王兰美容中草药美容": 2,
    "三桥派出所警务室": 3,
    "构平城际线西理楼": 4,
    "纳雍周氏小儿推拿": 5,
    "富南酒楼": 6,
    "海马冲路": 7,
    "粮食机械厂宿舍": 8,
    "深巷牛肉粉": 9,
    "妈妈炖鸡饭": 10,
    "重庆谢记老火锅(虎门巷)(装修中)": 11,
    "北京路": 12,
    "太乙巷": 13,
    "沙河花园3期": 14,
    "佳居苑": 15,
    "罗家坡": 16,
    "二关口": 17,
    "贵园山庄": 18,
    "贵龙驾校": 19,
    "天意私厨(恒大雅苑店)": 20,
    "贵阳市乌当区劳动人事争议仲裁院": 21,
    "中共观溪路街道工作委员会": 22,
    "百草药疗养堂": 23,
    "熊记扎佐蹄膀火锅(新都花园店)": 24,
    "乌当振新社区幸福里卫生服务站": 25,
    "金果果幼儿园": 26,
    "翔宇物流": 27,
    "贵阳万象温泉马陇别苑": 28,
    "贵阳中柔燕窝有限公司": 29,
    "远俊洛湾驾校科目二考场": 30
  },
  "down": {
    "远俊洛湾驾校科目二考场": 31,
    "贵阳中柔燕窝有限公司": 32,
    "贵阳万象温泉马陇别苑": 33,
    "翔宇物流": 34,
    "金果果幼儿园": 35,
    "乌当振新社区幸福里卫生服务站": 36,
    "熊记扎佐蹄膀火锅(新都花园店)": 37,
    "百草药疗养堂": 38,
    "中共观溪路街道工作委员会": 39,
    "贵阳市乌当区劳动人事争议仲裁院": 40,
    "天意私厨(恒大雅苑店)": 41,
    "贵龙驾校": 42,
    "贵园山庄": 43,
    "二关口": 44,
    "罗家坡": 45,
    "佳居苑": 46,
    "沙河花园3期": 47,
    "太乙巷": 48,
    "北京路": 49,
    "重庆谢记老火锅(虎门巷)(装修中)": 50,
    "妈妈炖鸡饭": 51,
    "深巷牛肉粉": 52,
    "粮食机械厂宿舍": 53,
    "海马冲路": 54,
    "富南酒楼": 55,
    "纳雍周氏小儿推拿": 56,
    "构平城际线西理楼": 57,
    "三桥派出所警务室": 58,
    "王兰美容中草药美容": 59,
    "御生堂": 60
  }
}