{
  "远俊洛湾驾校科目二考场": 2035,
  "贵阳中柔燕窝有限公司": 554,
  "贵阳万象温泉马陇别苑": 1057,
  "翔宇物流": 463,
  "金果果幼儿园": 443,
  "乌当振新社区幸福里卫生服务站": 792,
  "熊记扎佐蹄膀火锅(新都花园店)": 610,
  "百草药疗养堂": 718,
  "中共观溪路街道工作委员会": 468,
  "贵阳市乌当区劳动人事争议仲裁院": 711,
  "天意私厨(恒大雅苑店)": 572,
  "贵龙驾校": 406,
  "贵园山庄": 596,
  "二关口": 499,
  "罗家坡": 717,
  "佳居苑": 840,
  "沙河花园3期": 468,
  "太乙巷": 1071,
  "北京路": 782,
  "重庆谢记老火锅(虎门巷)(装修中)": 673,
  "妈妈炖鸡饭": 466,
  "深巷牛肉粉": 445,
  "粮食机械厂宿舍": 787,
  "海马冲路": 500,
  "富南酒楼": 784,
  "纳雍周氏小儿推拿": 694,
  "构平城际线西理楼": 440,
  "三桥派出所警务室": 410,
  "王兰美容中草药美容": 492
}