{
  "湖雍铁路": 3284,
  "清镇市平原哨村综合楼": 995,
  "清镇站": 773,
  "贵州五谷丰粮油储备有限责任公司": 1869,
  "盛德居": 868,
  "广汽广瑞通清镇店": 582,
  "东门广场": 634,
  "清远机动车检测": 546,
  "聚源家私": 566,
  "清镇市物流新城大学生创业园": 2805,
  "回龙寺": 698,
  "贵州新格标识工程有限公司": 634,
  "金华派出所蒿芝警务室": 506,
  "建安三幼": 510,
  "042村道": 604,
  "贵阳市观山湖区远大小学集团校": 562,
  "金华镇汽车产业园社区卫生服务中心": 1249,
  "黔吉酒店": 819,
  "辉蝶水暖洁具批发": 741,
  "途眠宾馆": 522,
  "绝味鸭脖(贵阳高铁东站店)": 542,
  "北京西路辅路": 599,
  "天悦宾馆(新金阳客车站店)": 549,
  "杀活鱼火锅": 522,
  "中国石化贵阳白云小箐加油站": 583,
  "三鹰建机": 923,
  "贵州开放大学(新校区)": 1147,
  "中铁逸都国际G2组团": 626,
  "兴业银行(观山湖生态支行)": 884,
  "沙县小吃": 779
}