{
  "up": {
    "1": "野鸭街",
    "2": "沙县小吃",
    "3": "兴业银行(观山湖生态支行)",
    "4": "中铁逸都国际G2组团",
    "5": "贵州开放大学(新校区)",
    "6": "三鹰建机",
    "7": "中国石化贵阳白云小箐加油站",
    "8": "杀活鱼火锅",
    "9": "天悦宾馆(新金阳客车站店)",
    "10": "北京西路辅路",
    "11": "绝味鸭脖(贵阳高铁东站店)",
    "12": "途眠宾馆",
    "13": "辉蝶水暖洁具批发",
    "14": "黔吉酒店",
    "15": "金华镇汽车产业园社区卫生服务中心",
    "16": "贵阳市观山湖区远大小学集团校",
    "17": "042村道",
    "18": "建安三幼",
    "19": "金华派出所蒿芝警务室",
    "20": "贵州新格标识工程有限公司",
    "21": "回龙寺",
    "22": "清镇市物流新城大学生创业园",
    "23": "聚源家私",
    "24": "清远机动车检测",
    "25": "东门广场",
    "26": "广汽广瑞通清镇店",
    "27": "盛德居",
    "28": "贵州五谷丰粮油储备有限责任公司",
    "29": "清镇站",
    "30": "清镇市平原哨村综合楼",
    "31": "湖雍铁路"
  },
  "down": {
    "32": "湖雍铁路",
    "33": "清镇市平原哨村综合楼",
    "34": "清镇站",
    "35": "贵州五谷丰粮油储备有限责任公司",
    "36": "盛德居",
    "37": "广汽广瑞通清镇店",
    "38": "东门广场",
    "39": "清远机动车检测",
    "40": "聚源家私",
    "41": "清镇市物流新城大学生创业园",
    "42": "回龙寺",
    "43": "贵州新格标识工程有限公司",
    "44": "金华派出所蒿芝警务室",
    "45": "建安三幼",
    "46": "042村道",
    "47": "贵阳市观山湖区远大小学集团校",
    "48": "金华镇汽车产业园社区卫生服务中心",
    "49": "黔吉酒店",
    "50": "辉蝶水暖洁具批发",
    "51": "途眠宾馆",
    "52": "绝味鸭脖(贵阳高铁东站店)",
    "53": "北京西路辅路",
    "54": "天悦宾馆(新金阳客车站店)",
    "55": "杀活鱼火锅",
    "56": "中国石化贵阳白云小箐加油站",
    "57": "三鹰建机",
    "58": "贵州开放大学(新校区)",
    "59": "中铁逸都国际G2组团",
    "60": "兴业银行(观山湖生态支行)",
    "61": "沙县小吃",
    "62": "野鸭街"
  }
}