{
  "up": {
    "野鸭街": 1,
    "沙县小吃": 2,
    "兴业银行(观山湖生态支行)": 3,
    "中铁逸都国际G2组团": 4,
    "贵州开放大学(新校区)": 5,
    "三鹰建机": 6,
    "中国石化贵阳白云小箐加油站": 7,
    "杀活鱼火锅": 8,
    "天悦宾馆(新金阳客车站店)": 9,
    "北京西路辅路": 10,
    "绝味鸭脖(贵阳高铁东站店)": 11,
    "途眠宾馆": 12,
    "辉蝶水暖洁具批发": 13,
    "黔吉酒店": 14,
    "金华镇汽车产业园社区卫生服务中心": 15,
    "贵阳市观山湖区远大小学集团校": 16,
    "042村道": 17,
    "建安三幼": 18,
    "金华派出所蒿芝警务室": 19,
    "贵州新格标识工程有限公司": 20,
    "回龙寺": 21,
    "清镇市物流新城大学生创业园": 22,
    "聚源家私": 23,
    "清远机动车检测": 24,
    "东门广场": 25,
    "广汽广瑞通清镇店": 26,
    "盛德居": 27,
    "贵州五谷丰粮油储备有限责任公司": 28,
    "清镇站": 29,
    "清镇市平原哨村综合楼": 30,
    "湖雍铁路": 31
  },
  "down": {
    "湖雍铁路": 32,
    "清镇市平原哨村综合楼": 33,
    "清镇站": 34,
    "贵州五谷丰粮油储备有限责任公司": 35,
    "盛德居": 36,
    "广汽广瑞通清镇店": 37,
    "东门广场": 38,
    "清远机动车检测": 39,
    "聚源家私": 40,
    "清镇市物流新城大学生创业园": 41,
    "回龙寺": 42,
    "贵州新格标识工程有限公司": 43,
    "金华派出所蒿芝警务室": 44,
    "建安三幼": 45,
    "042村道": 46,
    "贵阳市观山湖区远大小学集团校": 47,
    "金华镇汽车产业园社区卫生服务中心": 48,
    "黔吉酒店": 49,
    "辉蝶水暖洁具批发": 50,
    "途眠宾馆": 51,
    "绝味鸭脖(贵阳高铁东站店)": 52,
    "北京西路辅路": 53,
    "天悦宾馆(新金阳客车站店)": 54,
    "杀活鱼火锅": 55,
    "中国石化贵阳白云小箐加油站": 56,
    "三鹰建机": 57,
    "贵州开放大学(新校区)": 58,
    "中铁逸都国际G2组团": 59,
    "兴业银行(观山湖生态支行)": 60,
    "沙县小吃": 61,
    "野鸭街": 62
  }
}