{
  "野鸭街": 685,
  "沙县小吃": 790,
  "兴业银行(观山湖生态支行)": 532,
  "中铁逸都国际G2组团": 1053,
  "贵州开放大学(新校区)": 829,
  "三鹰建机": 489,
  "中国石化贵阳白云小箐加油站": 428,
  "杀活鱼火锅": 455,
  "天悦宾馆(新金阳客车站店)": 505,
  "北京西路辅路": 448,
  "绝味鸭脖(贵阳高铁东站店)": 428,
  "途眠宾馆": 647,
  "辉蝶水暖洁具批发": 725,
  "黔吉酒店": 1155,
  "金华镇汽车产业园社区卫生服务中心": 468,
  "贵阳市观山湖区远大小学集团校": 510,
  "042村道": 416,
  "建安三幼": 412,
  "金华派出所蒿芝警务室": 540,
  "贵州新格标识工程有限公司": 604,
  "回龙寺": 2711,
  "清镇市物流新城大学生创业园": 472,
  "聚源家私": 452,
  "清远机动车检测": 540,
  "东门广场": 488,
  "广汽广瑞通清镇店": 774,
  "盛德居": 1775,
  "贵州五谷丰粮油储备有限责任公司": 679,
  "清镇站": 901,
  "清镇市平原哨村综合楼": 3190
}