{
  "创新东路": 976,
  "贵阳北站(东进站口)": 937,
  "贵阳云天·盛世腾飞酒店": 1794,
  "灵长馆": 964,
  "北京路派出所治安警务室": 715,
  "老字号何姨妈豆豉火锅": 437,
  "延安西路": 448,
  "贵阳市云岩区市西河街道办事处": 597,
  "贵阳蜂恋巢商务酒店": 559,
  "南明区民政局婚姻登记处": 468,
  "贵阳市第四人民医院发热门诊": 454,
  "铁运巷": 429,
  "花溪大道家具平价超市批发": 412,
  "净肤堂": 792,
  "梦琴艺术中心": 612,
  "中国铁建·国际城观水苑": 425,
  "贵阳智杰灯笼坡科目二考场": 559,
  "垚鑫城驾校": 518,
  "中国铁建-梧桐苑": 585,
  "华屹-御景苑": 531,
  "中曹司街道办事处": 460,
  "勤奋学校": 572,
  "恒8连锁酒店(贵阳花溪大道中曹司店)": 539,
  "7天连锁酒店(贵阳花溪大道中曹司店)": 449,
  "川味食族家常菜馆(花溪大道店)": 1684,
  "上水老年公寓": 414,
  "董家堰(地铁站)": 1370,
  "贵州民族大学老校区24号楼": 507,
  "贵州民族大学老校区教学楼8号楼": 538,
  "贵阳俊雅酒店": 743,
  "贵州民族大学文学院": 441
}