{
  "up": {
    "1": "创新东路",
    "2": "贵阳北站(东进站口)",
    "3": "贵阳云天·盛世腾飞酒店",
    "4": "灵长馆",
    "5": "北京路派出所治安警务室",
    "6": "老字号何姨妈豆豉火锅",
    "7": "延安西路",
    "8": "贵阳市云岩区市西河街道办事处",
    "9": "贵阳蜂恋巢商务酒店",
    "10": "南明区民政局婚姻登记处",
    "11": "贵阳市第四人民医院发热门诊",
    "12": "铁运巷",
    "13": "花溪大道家具平价超市批发",
    "14": "净肤堂",
    "15": "梦琴艺术中心",
    "16": "中国铁建·国际城观水苑",
    "17": "贵阳智杰灯笼坡科目二考场",
    "18": "垚鑫城驾校",
    "19": "中国铁建-梧桐苑",
    "20": "华屹-御景苑",
    "21": "中曹司街道办事处",
    "22": "勤奋学校",
    "23": "恒8连锁酒店(贵阳花溪大道中曹司店)",
    "24": "7天连锁酒店(贵阳花溪大道中曹司店)",
    "25": "川味食族家常菜馆(花溪大道店)",
    "26": "上水老年公寓",
    "27": "董家堰(地铁站)",
    "28": "贵州民族大学老校区24号楼",
    "29": "贵州民族大学老校区教学楼8号楼",
    "30": "贵阳俊雅酒店",
    "31": "贵州民族大学文学院",
    "32": "同兴山庄"
  },
  "down": {
    "33": "同兴山庄",
    "34": "贵州民族大学文学院",
    "35": "贵阳俊雅酒店",
    "36": "贵州民族大学老校区教学楼8号楼",
    "37": "贵州民族大学老校区24号楼",
    "38": "董家堰(地铁站)",
    "39": "上水老年公寓",
    "40": "川味食族家常菜馆(花溪大道店)",
    "41": "7天连锁酒店(贵阳花溪大道中曹司店)",
    "42": "恒8连锁酒店(贵阳花溪大道中曹司店)",
    "43": "勤奋学校",
    "44": "中曹司街道办事处",
    "45": "华屹-御景苑",
    "46": "中国铁建-梧桐苑",
    "47": "垚鑫城驾校",
    "48": "贵阳智杰灯笼坡科目二考场",
    "49": "中国铁建·国际城观水苑",
    "50": "梦琴艺术中心",
    "51": "净肤堂",
    "52": "花溪大道家具平价超市批发",
    "53": "铁运巷",
    "54": "贵阳市第四人民医院发热门诊",
    "55": "南明区民政局婚姻登记处",
    "56": "贵阳蜂恋巢商务酒店",
    "57": "贵阳市云岩区市西河街道办事处",
    "58": "延安西路",
    "59": "老字号何姨妈豆豉火锅",
    "60": "北京路派出所治安警务室",
    "61": "灵长馆",
    "62": "贵阳云天·盛世腾飞酒店",
    "63": "贵阳北站(东进站口)",
    "64": "创新东路"
  }
}