{
  "up": {
    "创新东路": 1,
    "贵阳北站(东进站口)": 2,
    "贵阳云天·盛世腾飞酒店": 3,
    "灵长馆": 4,
    "北京路派出所治安警务室": 5,
    "老字号何姨妈豆豉火锅": 6,
    "延安西路": 7,
    "贵阳市云岩区市西河街道办事处": 8,
    "贵阳蜂恋巢商务酒店": 9,
    "南明区民政局婚姻登记处": 10,
    "贵阳市第四人民医院发热门诊": 11,
    "铁运巷": 12,
    "花溪大道家具平价超市批发": 13,
    "净肤堂": 14,
    "梦琴艺术中心": 15,
    "中国铁建·国际城观水苑": 16,
    "贵阳智杰灯笼坡科目二考场": 17,
    "垚鑫城驾校": 18,
    "中国铁建-梧桐苑": 19,
    "华屹-御景苑": 20,
    "中曹司街道办事处": 21,
    "勤奋学校": 22,
    "恒8连锁酒店(贵阳花溪大道中曹司店)": 23,
    "7天连锁酒店(贵阳花溪大道中曹司店)": 24,
    "川味食族家常菜馆(花溪大道店)": 25,
    "上水老年公寓": 26,
    "董家堰(地铁站)": 27,
    "贵州民族大学老校区24号楼": 28,
    "贵州民族大学老校区教学楼8号楼": 29,
    "贵阳俊雅酒店": 30,
    "贵州民族大学文学院": 31,
    "同兴山庄": 32
  },
  "down": {
    "同兴山庄": 33,
    "贵州民族大学文学院": 34,
    "贵阳俊雅酒店": 35,
    "贵州民族大学老校区教学楼8号楼": 36,
    "贵州民族大学老校区24号楼": 37,
    "董家堰(地铁站)": 38,
    "上水老年公寓": 39,
    "川味食族家常菜馆(花溪大道店)": 40,
    "7天连锁酒店(贵阳花溪大道中曹司店)": 41,
    "恒8连锁酒店(贵阳花溪大道中曹司店)": 42,
    "勤奋学校": 43,
    "中曹司街道办事处": 44,
    "华屹-御景苑": 45,
    "中国铁建-梧桐苑": 46,
    "垚鑫城驾校": 47,
    "贵阳智杰灯笼坡科目二考场": 48,
    "中国铁建·国际城观水苑": 49,
    "梦琴艺术中心": 50,
    "净肤堂": 51,
    "花溪大道家具平价超市批发": 52,
    "铁运巷": 53,
    "贵阳市第四人民医院发热门诊": 54,
    "南明区民政局婚姻登记处": 55,
    "贵阳蜂恋巢商务酒店": 56,
    "贵阳市云岩区市西河街道办事处": 57,
    "延安西路": 58,
    "老字号何姨妈豆豉火锅": 59,
    "北京路派出所治安警务室": 60,
    "灵长馆": 61,
    "贵阳云天·盛世腾飞酒店": 62,
    "贵阳北站(东进站口)": 63,
    "创新东路": 64
  }
}