{
  "同兴山庄": 471,
  "贵州民族大学文学院": 773,
  "贵阳俊雅酒店": 568,
  "贵州民族大学老校区教学楼8号楼": 537,
  "贵州民族大学老校区24号楼": 1400,
  "董家堰(地铁站)": 444,
  "上水老年公寓": 1714,
  "川味食族家常菜馆(花溪大道店)": 479,
  "7天连锁酒店(贵阳花溪大道中曹司店)": 569,
  "恒8连锁酒店(贵阳花溪大道中曹司店)": 602,
  "勤奋学校": 490,
  "中曹司街道办事处": 561,
  "华屹-御景苑": 615,
  "中国铁建-梧桐苑": 548,
  "垚鑫城驾校": 589,
  "贵阳智杰灯笼坡科目二考场": 455,
  "中国铁建·国际城观水苑": 642,
  "梦琴艺术中心": 822,
  "净肤堂": 442,
  "花溪大道家具平价超市批发": 459,
  "铁运巷": 484,
  "贵阳市第四人民医院发热门诊": 498,
  "南明区民政局婚姻登记处": 589,
  "贵阳蜂恋巢商务酒店": 627,
  "贵阳市云岩区市西河街道办事处": 478,
  "延安西路": 467,
  "老字号何姨妈豆豉火锅": 745,
  "北京路派出所治安警务室": 994,
  "灵长馆": 1824,
  "贵阳云天·盛世腾飞酒店": 967,
  "贵阳北站(东进站口)": 1006
}