{
  "美林居": 459,
  "贵阳市黄花街小学": 416,
  "太阳能路灯": 511,
  "改茶大道": 854,
  "深沥摩托车维修部": 598,
  "贵遵路": 543,
  "兵味道": 1078,
  "红馆STORY KTV(数博店)": 447,
  "唇律·南山重庆老火锅(金阳店)": 522,
  "老家炒菜": 811,
  "刘二妈米皮(世纪城店)": 759,
  "壹号炒王(福州街店)": 410,
  "中国光大银行(观山湖支行)": 600,
  "汤霸带皮牛肉粉": 1016,
  "贵州职业技术学院": 829,
  "贵阳市残疾人康复托养中心": 521,
  "北京西路辅路": 534,
  "西南国际商贸城咨询台(西南国际商贸城1号楼店)": 456,
  "小熊猫热汤丝娃娃": 490,
  "碧桂园贵州区域": 1132,
  "名匠广告发光字加工厂": 771,
  "菱角塘": 665,
  "吉利汽车贵阳制造基地": 691,
  "黔湖驾校科三场地": 821,
  "贵阳蔻华汽车部件有限公司": 2342,
  "余生有味": 721,
  "广大上城南区C1组团": 668,
  "凉水井村村委会": 497,
  "九聚坊(银河世纪店)": 2091
}