{
  "up": {
    "1": "美林居",
    "2": "贵阳市黄花街小学",
    "3": "太阳能路灯",
    "4": "改茶大道",
    "5": "深沥摩托车维修部",
    "6": "贵遵路",
    "7": "兵味道",
    "8": "红馆STORY KTV(数博店)",
    "9": "唇律·南山重庆老火锅(金阳店)",
    "10": "老家炒菜",
    "11": "刘二妈米皮(世纪城店)",
    "12": "壹号炒王(福州街店)",
    "13": "中国光大银行(观山湖支行)",
    "14": "汤霸带皮牛肉粉",
    "15": "贵州职业技术学院",
    "16": "贵阳市残疾人康复托养中心",
    "17": "北京西路辅路",
    "18": "西南国际商贸城咨询台(西南国际商贸城1号楼店)",
    "19": "小熊猫热汤丝娃娃",
    "20": "碧桂园贵州区域",
    "21": "名匠广告发光字加工厂",
    "22": "菱角塘",
    "23": "吉利汽车贵阳制造基地",
    "24": "黔湖驾校科三场地",
    "25": "贵阳蔻华汽车部件有限公司",
    "26": "余生有味",
    "27": "广大上城南区C1组团",
    "28": "凉水井村村委会",
    "29": "九聚坊(银河世纪店)",
    "30": "清镇市中等职业技术学校"
  },
  "down": {
    "31": "清镇市中等职业技术学校",
    "32": "九聚坊(银河世纪店)",
    "33": "凉水井村村委会",
    "34": "广大上城南区C1组团",
    "35": "余生有味",
    "36": "贵阳蔻华汽车部件有限公司",
    "37": "黔湖驾校科三场地",
    "38": "吉利汽车贵阳制造基地",
    "39": "菱角塘",
    "40": "名匠广告发光字加工厂",
    "41": "碧桂园贵州区域",
    "42": "小熊猫热汤丝娃娃",
    "43": "西南国际商贸城咨询台(西南国际商贸城1号楼店)",
    "44": "北京西路辅路",
    "45": "贵阳市残疾人康复托养中心",
    "46": "贵州职业技术学院",
    "47": "汤霸带皮牛肉粉",
    "48": "中国光大银行(观山湖支行)",
    "49": "壹号炒王(福州街店)",
    "50": "刘二妈米皮(世纪城店)",
    "51": "老家炒菜",
    "52": "唇律·南山重庆老火锅(金阳店)",
    "53": "红馆STORY KTV(数博店)",
    "54": "兵味道",
    "55": "贵遵路",
    "56": "深沥摩托车维修部",
    "57": "改茶大道",
    "58": "太阳能路灯",
    "59": "贵阳市黄花街小学",
    "60": "美林居"
  }
}