{
  "清镇市中等职业技术学校": 2067,
  "九聚坊(银河世纪店)": 473,
  "凉水井村村委会": 644,
  "广大上城南区C1组团": 697,
  "余生有味": 2318,
  "贵阳蔻华汽车部件有限公司": 797,
  "黔湖驾校科三场地": 667,
  "吉利汽车贵阳制造基地": 641,
  "菱角塘": 747,
  "名匠广告发光字加工厂": 1108,
  "碧桂园贵州区域": 466,
  "小熊猫热汤丝娃娃": 432,
  "西南国际商贸城咨询台(西南国际商贸城1号楼店)": 510,
  "北京西路辅路": 497,
  "贵阳市残疾人康复托养中心": 805,
  "贵州职业技术学院": 992,
  "汤霸带皮牛肉粉": 576,
  "中国光大银行(观山湖支行)": 386,
  "壹号炒王(福州街店)": 735,
  "刘二妈米皮(世纪城店)": 787,
  "老家炒菜": 498,
  "唇律·南山重庆老火锅(金阳店)": 423,
  "红馆STORY KTV(数博店)": 1054,
  "兵味道": 519,
  "贵遵路": 574,
  "深沥摩托车维修部": 830,
  "改茶大道": 487,
  "太阳能路灯": 392,
  "贵阳市黄花街小学": 435
}