{
  "up": {
    "美林居": 1,
    "贵阳市黄花街小学": 2,
    "太阳能路灯": 3,
    "改茶大道": 4,
    "深沥摩托车维修部": 5,
    "贵遵路": 6,
    "兵味道": 7,
    "红馆STORY KTV(数博店)": 8,
    "唇律·南山重庆老火锅(金阳店)": 9,
    "老家炒菜": 10,
    "刘二妈米皮(世纪城店)": 11,
    "壹号炒王(福州街店)": 12,
    "中国光大银行(观山湖支行)": 13,
    "汤霸带皮牛肉粉": 14,
    "贵州职业技术学院": 15,
    "贵阳市残疾人康复托养中心": 16,
    "北京西路辅路": 17,
    "西南国际商贸城咨询台(西南国际商贸城1号楼店)": 18,
    "小熊猫热汤丝娃娃": 19,
    "碧桂园贵州区域": 20,
    "名匠广告发光字加工厂": 21,
    "菱角塘": 22,
    "吉利汽车贵阳制造基地": 23,
    "黔湖驾校科三场地": 24,
    "贵阳蔻华汽车部件有限公司": 25,
    "余生有味": 26,
    "广大上城南区C1组团": 27,
    "凉水井村村委会": 28,
    "九聚坊(银河世纪店)": 29,
    "清镇市中等职业技术学校": 30
  },
  "down": {
    "清镇市中等职业技术学校": 31,
    "九聚坊(银河世纪店)": 32,
    "凉水井村村委会": 33,
    "广大上城南区C1组团": 34,
    "余生有味": 35,
    "贵阳蔻华汽车部件有限公司": 36,
    "黔湖驾校科三场地": 37,
    "吉利汽车贵阳制造基地": 38,
    "菱角塘": 39,
    "名匠广告发光字加工厂": 40,
    "碧桂园贵州区域": 41,
    "小熊猫热汤丝娃娃": 42,
    "西南国际商贸城咨询台(西南国际商贸城1号楼店)": 43,
    "北京西路辅路": 44,
    "贵阳市残疾人康复托养中心": 45,
    "贵州职业技术学院": 46,
    "汤霸带皮牛肉粉": 47,
    "中国光大银行(观山湖支行)": 48,
    "壹号炒王(福州街店)": 49,
    "刘二妈米皮(世纪城店)": 50,
    "老家炒菜": 51,
    "唇律·南山重庆老火锅(金阳店)": 52,
    "红馆STORY KTV(数博店)": 53,
    "兵味道": 54,
    "贵遵路": 55,
    "深沥摩托车维修部": 56,
    "改茶大道": 57,
    "太阳能路灯": 58,
    "贵阳市黄花街小学": 59,
    "美林居": 60
  }
}