{
  "牛一刀全牛馆(十二分店)": 483,
  "熙山郡": 405,
  "骐正天骄北苑": 926,
  "邵东餐馆": 602,
  "夜市烧烤": 521,
  "琴琴豆花饭": 1501,
  "巧作舟教育": 508,
  "蔡家关村委会": 488,
  "理工学生超市": 620,
  "小田水饺(花果园S区店)": 553,
  "水磨时光": 771,
  "烤来烤去烧烤": 2119,
  "甲秀南路西侧土地收储办公室": 1478,
  "贵州茶博园科技开发有限公司": 416,
  "盘山路": 436,
  "贵州省农科院附属中学": 1407,
  "金竹派出所三合学校执勤点": 2227,
  "周胖子总店": 971,
  "贵州万家灯火电器科技有限公司": 756,
  "誉将安全门": 966,
  "中国农业银行(石板分理处)": 408,
  "贵阳农商银行(石板支行)": 1248,
  "小张自采草莓园": 830,
  "小张轮胎店": 592,
  "百家姓儿童休闲广场": 592,
  "茨凹村": 549,
  "云上天河酒店": 1589,
  "长江新能源汽车产业园": 511,
  "湖景农庄": 602,
  "贵安大道辅路": 518
}