{
  "up": {
    "牛一刀全牛馆(十二分店)": 1,
    "熙山郡": 2,
    "骐正天骄北苑": 3,
    "邵东餐馆": 4,
    "夜市烧烤": 5,
    "琴琴豆花饭": 6,
    "巧作舟教育": 7,
    "蔡家关村委会": 8,
    "理工学生超市": 9,
    "小田水饺(花果园S区店)": 10,
    "水磨时光": 11,
    "烤来烤去烧烤": 12,
    "甲秀南路西侧土地收储办公室": 13,
    "贵州茶博园科技开发有限公司": 14,
    "盘山路": 15,
    "贵州省农科院附属中学": 16,
    "金竹派出所三合学校执勤点": 17,
    "周胖子总店": 18,
    "贵州万家灯火电器科技有限公司": 19,
    "誉将安全门": 20,
    "中国农业银行(石板分理处)": 21,
    "贵阳农商银行(石板支行)": 22,
    "小张自采草莓园": 23,
    "小张轮胎店": 24,
    "百家姓儿童休闲广场": 25,
    "茨凹村": 26,
    "云上天河酒店": 27,
    "长江新能源汽车产业园": 28,
    "湖景农庄": 29,
    "贵安大道辅路": 30,
    "张记老牌牛羊肉粉": 31
  },
  "down": {
    "张记老牌牛羊肉粉": 32,
    "贵安大道辅路": 33,
    "湖景农庄": 34,
    "长江新能源汽车产业园": 35,
    "云上天河酒店": 36,
    "茨凹村": 37,
    "百家姓儿童休闲广场": 38,
    "小张轮胎店": 39,
    "小张自采草莓园": 40,
    "贵阳农商银行(石板支行)": 41,
    "中国农业银行(石板分理处)": 42,
    "誉将安全门": 43,
    "贵州万家灯火电器科技有限公司": 44,
    "周胖子总店": 45,
    "金竹派出所三合学校执勤点": 46,
    "贵州省农科院附属中学": 47,
    "盘山路": 48,
    "贵州茶博园科技开发有限公司": 49,
    "甲秀南路西侧土地收储办公室": 50,
    "烤来烤去烧烤": 51,
    "水磨时光": 52,
    "小田水饺(花果园S区店)": 53,
    "理工学生超市": 54,
    "蔡家关村委会": 55,
    "巧作舟教育": 56,
    "琴琴豆花饭": 57,
    "夜市烧烤": 58,
    "邵东餐馆": 59,
    "骐正天骄北苑": 60,
    "熙山郡": 61,
    "牛一刀全牛馆(十二分店)": 62
  }
}