{
  "张记老牌牛羊肉粉": 853,
  "贵安大道辅路": 937,
  "湖景农庄": 846,
  "长江新能源汽车产业园": 1924,
  "云上天河酒店": 884,
  "茨凹村": 927,
  "百家姓儿童休闲广场": 927,
  "小张轮胎店": 1165,
  "小张自采草莓园": 1583,
  "贵阳农商银行(石板支行)": 743,
  "中国农业银行(石板分理处)": 1301,
  "誉将安全门": 1091,
  "贵州万家灯火电器科技有限公司": 1306,
  "周胖子总店": 2562,
  "金竹派出所三合学校执勤点": 1742,
  "贵州省农科院附属中学": 771,
  "盘山路": 751,
  "贵州茶博园科技开发有限公司": 1813,
  "甲秀南路西侧土地收储办公室": 2454,
  "烤来烤去烧烤": 1106,
  "水磨时光": 888,
  "小田水饺(花果园S区店)": 955,
  "理工学生超市": 823,
  "蔡家关村委会": 843,
  "巧作舟教育": 1836,
  "琴琴豆花饭": 856,
  "夜市烧烤": 937,
  "邵东餐馆": 1261,
  "骐正天骄北苑": 740,
  "熙山郡": 818
}