{
  "up": {
    "1": "牛一刀全牛馆(十二分店)",
    "2": "熙山郡",
    "3": "骐正天骄北苑",
    "4": "邵东餐馆",
    "5": "夜市烧烤",
    "6": "琴琴豆花饭",
    "7": "巧作舟教育",
    "8": "蔡家关村委会",
    "9": "理工学生超市",
    "10": "小田水饺(花果园S区店)",
    "11": "水磨时光",
    "12": "烤来烤去烧烤",
    "13": "甲秀南路西侧土地收储办公室",
    "14": "贵州茶博园科技开发有限公司",
    "15": "盘山路",
    "16": "贵州省农科院附属中学",
    "17": "金竹派出所三合学校执勤点",
    "18": "周胖子总店",
    "19": "贵州万家灯火电器科技有限公司",
    "20": "誉将安全门",
    "21": "中国农业银行(石板分理处)",
    "22": "贵阳农商银行(石板支行)",
    "23": "小张自采草莓园",
    "24": "小张轮胎店",
    "25": "百家姓儿童休闲广场",
    "26": "茨凹村",
    "27": "云上天河酒店",
    "28": "长江新能源汽车产业园",
    "29": "湖景农庄",
    "30": "贵安大道辅路",
    "31": "张记老牌牛羊肉粉"
  },
  "down": {
    "32": "张记老牌牛羊肉粉",
    "33": "贵安大道辅路",
    "34": "湖景农庄",
    "35": "长江新能源汽车产业园",
    "36": "云上天河酒店",
    "37": "茨凹村",
    "38": "百家姓儿童休闲广场",
    "39": "小张轮胎店",
    "40": "小张自采草莓园",
    "41": "贵阳农商银行(石板支行)",
    "42": "中国农业银行(石板分理处)",
    "43": "誉将安全门",
    "44": "贵州万家灯火电器科技有限公司",
    "45": "周胖子总店",
    "46": "金竹派出所三合学校执勤点",
    "47": "贵州省农科院附属中学",
    "48": "盘山路",
    "49": "贵州茶博园科技开发有限公司",
    "50": "甲秀南路西侧土地收储办公室",
    "51": "烤来烤去烧烤",
    "52": "水磨时光",
    "53": "小田水饺(花果园S区店)",
    "54": "理工学生超市",
    "55": "蔡家关村委会",
    "56": "巧作舟教育",
    "57": "琴琴豆花饭",
    "58": "夜市烧烤",
    "59": "邵东餐馆",
    "60": "骐正天骄北苑",
    "61": "熙山郡",
    "62": "牛一刀全牛馆(十二分店)"
  }
}