{
  "航天购物中心": 725,
  "滨河社区居委会": 423,
  "贵阳瑞呈酒店": 394,
  "国家税务总局贵阳经济技术开发区税务局深化放管服特色服务厅": 712,
  "张氏面馆(贵阳花溪区)": 396,
  "上上签冒菜(小河店)": 485,
  "贵阳山水公寓": 542,
  "方卓无纸化考试中心": 1813,
  "贵州省装饰工程质量监督检验站(沙冲南路)": 637,
  "梵羹黔菜厨房(沙冲路店)": 631,
  "桂花园二三栋院落": 974,
  "张古老凉剪粉(贵阳电池厂小区店)": 631,
  "瑞幸咖啡(花果园国际中心店)": 482,
  "南明区社会治理综合服务中心": 685,
  "明辉私房菜(花果园U区店)": 402,
  "贝地·卢加诺": 426,
  "童声幼儿园": 447,
  "霸王带皮牛肉粉(云阳佳苑店)": 484,
  "特百惠(北京华联二桥专卖店)": 532,
  "美芽口腔": 581,
  "圣泉社区执法办公室": 586,
  "贵阳市林泉小学": 396,
  "凯里酸汤砂锅粉": 390,
  "中铁五局培训中心": 575,
  "贵州交科信息工程技术研究院": 565,
  "鸭江寨": 471,
  "课后作业辅导": 470,
  "贵阳市公安局综合办公大楼": 684,
  "喜喜月子": 820,
  "中国工商银行(高新区科技支行)": 548
}