{
  "心愿艺术幼儿园": 559,
  "中国工商银行(高新区科技支行)": 831,
  "喜喜月子": 695,
  "贵阳市公安局综合办公大楼": 481,
  "课后作业辅导": 482,
  "鸭江寨": 576,
  "贵州交科信息工程技术研究院": 586,
  "中铁五局培训中心": 401,
  "凯里酸汤砂锅粉": 407,
  "贵阳市林泉小学": 597,
  "圣泉社区执法办公室": 592,
  "美芽口腔": 543,
  "特百惠(北京华联二桥专卖店)": 495,
  "霸王带皮牛肉粉(云阳佳苑店)": 458,
  "童声幼儿园": 437,
  "贝地·卢加诺": 413,
  "明辉私房菜(花果园U区店)": 696,
  "南明区社会治理综合服务中心": 493,
  "瑞幸咖啡(花果园国际中心店)": 642,
  "张古老凉剪粉(贵阳电池厂小区店)": 985,
  "桂花园二三栋院落": 642,
  "梵羹黔菜厨房(沙冲路店)": 648,
  "贵州省装饰工程质量监督检验站(沙冲南路)": 1824,
  "方卓无纸化考试中心": 553,
  "贵阳山水公寓": 496,
  "上上签冒菜(小河店)": 407,
  "张氏面馆(贵阳花溪区)": 723,
  "国家税务总局贵阳经济技术开发区税务局深化放管服特色服务厅": 405,
  "贵阳瑞呈酒店": 434,
  "滨河社区居委会": 736
}