{
  "up": {
    "1": "心愿艺术幼儿园",
    "2": "中国工商银行(高新区科技支行)",
    "3": "喜喜月子",
    "4": "贵阳市公安局综合办公大楼",
    "5": "课后作业辅导",
    "6": "鸭江寨",
    "7": "贵州交科信息工程技术研究院",
    "8": "中铁五局培训中心",
    "9": "凯里酸汤砂锅粉",
    "10": "贵阳市林泉小学",
    "11": "圣泉社区执法办公室",
    "12": "美芽口腔",
    "13": "特百惠(北京华联二桥专卖店)",
    "14": "霸王带皮牛肉粉(云阳佳苑店)",
    "15": "童声幼儿园",
    "16": "贝地·卢加诺",
    "17": "明辉私房菜(花果园U区店)",
    "18": "南明区社会治理综合服务中心",
    "19": "瑞幸咖啡(花果园国际中心店)",
    "20": "张古老凉剪粉(贵阳电池厂小区店)",
    "21": "桂花园二三栋院落",
    "22": "梵羹黔菜厨房(沙冲路店)",
    "23": "贵州省装饰工程质量监督检验站(沙冲南路)",
    "24": "方卓无纸化考试中心",
    "25": "贵阳山水公寓",
    "26": "上上签冒菜(小河店)",
    "27": "张氏面馆(贵阳花溪区)",
    "28": "国家税务总局贵阳经济技术开发区税务局深化放管服特色服务厅",
    "29": "贵阳瑞呈酒店",
    "30": "滨河社区居委会",
    "31": "航天购物中心"
  },
  "down": {
    "32": "航天购物中心",
    "33": "滨河社区居委会",
    "34": "贵阳瑞呈酒店",
    "35": "国家税务总局贵阳经济技术开发区税务局深化放管服特色服务厅",
    "36": "张氏面馆(贵阳花溪区)",
    "37": "上上签冒菜(小河店)",
    "38": "贵阳山水公寓",
    "39": "方卓无纸化考试中心",
    "40": "贵州省装饰工程质量监督检验站(沙冲南路)",
    "41": "梵羹黔菜厨房(沙冲路店)",
    "42": "桂花园二三栋院落",
    "43": "张古老凉剪粉(贵阳电池厂小区店)",
    "44": "瑞幸咖啡(花果园国际中心店)",
    "45": "南明区社会治理综合服务中心",
    "46": "明辉私房菜(花果园U区店)",
    "47": "贝地·卢加诺",
    "48": "童声幼儿园",
    "49": "霸王带皮牛肉粉(云阳佳苑店)",
    "50": "特百惠(北京华联二桥专卖店)",
    "51": "美芽口腔",
    "52": "圣泉社区执法办公室",
    "53": "贵阳市林泉小学",
    "54": "凯里酸汤砂锅粉",
    "55": "中铁五局培训中心",
    "56": "贵州交科信息工程技术研究院",
    "57": "鸭江寨",
    "58": "课后作业辅导",
    "59": "贵阳市公安局综合办公大楼",
    "60": "喜喜月子",
    "61": "中国工商银行(高新区科技支行)",
    "62": "心愿艺术幼儿园"
  }
}