{
  "up": {
    "心愿艺术幼儿园": 1,
    "中国工商银行(高新区科技支行)": 2,
    "喜喜月子": 3,
    "贵阳市公安局综合办公大楼": 4,
    "课后作业辅导": 5,
    "鸭江寨": 6,
    "贵州交科信息工程技术研究院": 7,
    "中铁五局培训中心": 8,
    "凯里酸汤砂锅粉": 9,
    "贵阳市林泉小学": 10,
    "圣泉社区执法办公室": 11,
    "美芽口腔": 12,
    "特百惠(北京华联二桥专卖店)": 13,
    "霸王带皮牛肉粉(云阳佳苑店)": 14,
    "童声幼儿园": 15,
    "贝地·卢加诺": 16,
    "明辉私房菜(花果园U区店)": 17,
    "南明区社会治理综合服务中心": 18,
    "瑞幸咖啡(花果园国际中心店)": 19,
    "张古老凉剪粉(贵阳电池厂小区店)": 20,
    "桂花园二三栋院落": 21,
    "梵羹黔菜厨房(沙冲路店)": 22,
    "贵州省装饰工程质量监督检验站(沙冲南路)": 23,
    "方卓无纸化考试中心": 24,
    "贵阳山水公寓": 25,
    "上上签冒菜(小河店)": 26,
    "张氏面馆(贵阳花溪区)": 27,
    "国家税务总局贵阳经济技术开发区税务局深化放管服特色服务厅": 28,
    "贵阳瑞呈酒店": 29,
    "滨河社区居委会": 30,
    "航天购物中心": 31
  },
  "down": {
    "航天购物中心": 32,
    "滨河社区居委会": 33,
    "贵阳瑞呈酒店": 34,
    "国家税务总局贵阳经济技术开发区税务局深化放管服特色服务厅": 35,
    "张氏面馆(贵阳花溪区)": 36,
    "上上签冒菜(小河店)": 37,
    "贵阳山水公寓": 38,
    "方卓无纸化考试中心": 39,
    "贵州省装饰工程质量监督检验站(沙冲南路)": 40,
    "梵羹黔菜厨房(沙冲路店)": 41,
    "桂花园二三栋院落": 42,
    "张古老凉剪粉(贵阳电池厂小区店)": 43,
    "瑞幸咖啡(花果园国际中心店)": 44,
    "南明区社会治理综合服务中心": 45,
    "明辉私房菜(花果园U区店)": 46,
    "贝地·卢加诺": 47,
    "童声幼儿园": 48,
    "霸王带皮牛肉粉(云阳佳苑店)": 49,
    "特百惠(北京华联二桥专卖店)": 50,
    "美芽口腔": 51,
    "圣泉社区执法办公室": 52,
    "贵阳市林泉小学": 53,
    "凯里酸汤砂锅粉": 54,
    "中铁五局培训中心": 55,
    "贵州交科信息工程技术研究院": 56,
    "鸭江寨": 57,
    "课后作业辅导": 58,
    "贵阳市公安局综合办公大楼": 59,
    "喜喜月子": 60,
    "中国工商银行(高新区科技支行)": 61,
    "心愿艺术幼儿园": 62
  }
}