{
  "up": {
    "一起回家吃饭(高新区店)": 1,
    "贵阳京喻酒店": 2,
    "兴义路": 3,
    "如家商旅酒店(贵阳北站世纪城会展中心店)": 4,
    "公安": 5,
    "观山派出所高新区警务室": 6,
    "贵阳市云岩区书锦中学": 7,
    "向姐家常小菜馆": 8,
    "贵州交科信息工程技术研究院": 9,
    "云岩区今朝幼儿园": 10,
    "金珏宾馆(三桥店)": 11,
    "便宜货架": 12,
    "贵阳檀溪谷熙苑": 13,
    "蔡关路": 14,
    "苗记烤鱼": 15,
    "布依·画眉山庄": 16,
    "水城羊肉粉(延安南路店)": 17,
    "林下广场": 18,
    "贵阳国际时尚发布中心": 19,
    "中坝公租房幸福小区": 20,
    "贵州省旱粮研究所": 21,
    "贵州省农业科学院旱粮研究所": 22,
    "大会议厅": 23,
    "宜家生活(金山路店)": 24,
    "权健自然医学调理中心": 25,
    "盈克家居批发中心": 26,
    "贵阳景观石": 27,
    "云庭门业": 28,
    "中国农业银行(石板分理处)": 29,
    "好再来花椒鸡": 30
  },
  "down": {
    "好再来花椒鸡": 31,
    "中国农业银行(石板分理处)": 32,
    "云庭门业": 33,
    "贵阳景观石": 34,
    "盈克家居批发中心": 35,
    "权健自然医学调理中心": 36,
    "宜家生活(金山路店)": 37,
    "大会议厅": 38,
    "贵州省农业科学院旱粮研究所": 39,
    "贵州省旱粮研究所": 40,
    "中坝公租房幸福小区": 41,
    "贵阳国际时尚发布中心": 42,
    "林下广场": 43,
    "水城羊肉粉(延安南路店)": 44,
    "布依·画眉山庄": 45,
    "苗记烤鱼": 46,
    "蔡关路": 47,
    "贵阳檀溪谷熙苑": 48,
    "便宜货架": 49,
    "金珏宾馆(三桥店)": 50,
    "云岩区今朝幼儿园": 51,
    "贵州交科信息工程技术研究院": 52,
    "向姐家常小菜馆": 53,
    "贵阳市云岩区书锦中学": 54,
    "观山派出所高新区警务室": 55,
    "公安": 56,
    "如家商旅酒店(贵阳北站世纪城会展中心店)": 57,
    "兴义路": 58,
    "贵阳京喻酒店": 59,
    "一起回家吃饭(高新区店)": 60
  }
}