{
  "一起回家吃饭(高新区店)": 478,
  "贵阳京喻酒店": 725,
  "兴义路": 877,
  "如家商旅酒店(贵阳北站世纪城会展中心店)": 436,
  "公安": 520,
  "观山派出所高新区警务室": 481,
  "贵阳市云岩区书锦中学": 482,
  "向姐家常小菜馆": 576,
  "贵州交科信息工程技术研究院": 586,
  "云岩区今朝幼儿园": 401,
  "金珏宾馆(三桥店)": 407,
  "便宜货架": 489,
  "贵阳檀溪谷熙苑": 1660,
  "蔡关路": 508,
  "苗记烤鱼": 488,
  "布依·画眉山庄": 620,
  "水城羊肉粉(延安南路店)": 553,
  "林下广场": 771,
  "贵阳国际时尚发布中心": 2119,
  "中坝公租房幸福小区": 1478,
  "贵州省旱粮研究所": 416,
  "贵州省农业科学院旱粮研究所": 436,
  "大会议厅": 526,
  "宜家生活(金山路店)": 2423,
  "权健自然医学调理中心": 819,
  "盈克家居批发中心": 1123,
  "贵阳景观石": 1543,
  "云庭门业": 509,
  "中国农业银行(石板分理处)": 938
}