{
  "好再来花椒鸡": 936,
  "中国农业银行(石板分理处)": 507,
  "云庭门业": 1541,
  "贵阳景观石": 1121,
  "盈克家居批发中心": 817,
  "权健自然医学调理中心": 2421,
  "宜家生活(金山路店)": 524,
  "大会议厅": 434,
  "贵州省农业科学院旱粮研究所": 414,
  "贵州省旱粮研究所": 1476,
  "中坝公租房幸福小区": 2117,
  "贵阳国际时尚发布中心": 769,
  "林下广场": 551,
  "水城羊肉粉(延安南路店)": 618,
  "布依·画眉山庄": 486,
  "苗记烤鱼": 506,
  "蔡关路": 1658,
  "贵阳檀溪谷熙苑": 487,
  "便宜货架": 405,
  "金珏宾馆(三桥店)": 399,
  "云岩区今朝幼儿园": 584,
  "贵州交科信息工程技术研究院": 574,
  "向姐家常小菜馆": 480,
  "贵阳市云岩区书锦中学": 479,
  "观山派出所高新区警务室": 518,
  "公安": 434,
  "如家商旅酒店(贵阳北站世纪城会展中心店)": 875,
  "兴义路": 723,
  "贵阳京喻酒店": 476
}