{
  "up": {
    "1": "一起回家吃饭(高新区店)",
    "2": "贵阳京喻酒店",
    "3": "兴义路",
    "4": "如家商旅酒店(贵阳北站世纪城会展中心店)",
    "5": "公安",
    "6": "观山派出所高新区警务室",
    "7": "贵阳市云岩区书锦中学",
    "8": "向姐家常小菜馆",
    "9": "贵州交科信息工程技术研究院",
    "10": "云岩区今朝幼儿园",
    "11": "金珏宾馆(三桥店)",
    "12": "便宜货架",
    "13": "贵阳檀溪谷熙苑",
    "14": "蔡关路",
    "15": "苗记烤鱼",
    "16": "布依·画眉山庄",
    "17": "水城羊肉粉(延安南路店)",
    "18": "林下广场",
    "19": "贵阳国际时尚发布中心",
    "20": "中坝公租房幸福小区",
    "21": "贵州省旱粮研究所",
    "22": "贵州省农业科学院旱粮研究所",
    "23": "大会议厅",
    "24": "宜家生活(金山路店)",
    "25": "权健自然医学调理中心",
    "26": "盈克家居批发中心",
    "27": "贵阳景观石",
    "28": "云庭门业",
    "29": "中国农业银行(石板分理处)",
    "30": "好再来花椒鸡"
  },
  "down": {
    "31": "好再来花椒鸡",
    "32": "中国农业银行(石板分理处)",
    "33": "云庭门业",
    "34": "贵阳景观石",
    "35": "盈克家居批发中心",
    "36": "权健自然医学调理中心",
    "37": "宜家生活(金山路店)",
    "38": "大会议厅",
    "39": "贵州省农业科学院旱粮研究所",
    "40": "贵州省旱粮研究所",
    "41": "中坝公租房幸福小区",
    "42": "贵阳国际时尚发布中心",
    "43": "林下广场",
    "44": "水城羊肉粉(延安南路店)",
    "45": "布依·画眉山庄",
    "46": "苗记烤鱼",
    "47": "蔡关路",
    "48": "贵阳檀溪谷熙苑",
    "49": "便宜货架",
    "50": "金珏宾馆(三桥店)",
    "51": "云岩区今朝幼儿园",
    "52": "贵州交科信息工程技术研究院",
    "53": "向姐家常小菜馆",
    "54": "贵阳市云岩区书锦中学",
    "55": "观山派出所高新区警务室",
    "56": "公安",
    "57": "如家商旅酒店(贵阳北站世纪城会展中心店)",
    "58": "兴义路",
    "59": "贵阳京喻酒店",
    "60": "一起回家吃饭(高新区店)"
  }
}