{
  "贵阳世纪城龙贤苑北区": {
    "time": [
      "06:15:35",
      "06:29:56",
      "06:44:54",
      "06:59:26",
      "07:14:15",
      "07:28:44",
      "07:43:55",
      "07:58:17",
      "08:12:28",
      "08:27:22",
      "08:42:04",
      "08:57:29",
      "09:11:42",
      "09:27:27",
      "09:42:57",
      "09:58:15",
      "10:13:52",
      "10:28:57",
      "10:44:31",
      "10:59:14",
      "11:13:58",
      "11:29:38",
      "11:44:56",
      "11:59:46",
      "12:15:08",
      "12:29:47",
      "12:44:14",
      "12:59:10",
      "13:13:21",
      "13:27:46",
      "13:43:30",
      "13:59:08",
      "14:13:34",
      "14:29:09",
      "14:44:28",
      "14:58:46",
      "15:13:14",
      "15:27:46",
      "15:42:12",
      "15:57:49",
      "16:13:19",
      "16:28:25",
      "16:44:08",
      "16:59:35",
      "17:14:32",
      "17:28:45",
      "17:43:10",
      "17:57:24",
      "18:12:10",
      "18:26:20",
      "18:41:28",
      "18:57:16",
      "19:12:35",
      "19:27:30",
      "19:41:40",
      "19:57:23",
      "20:13:03",
      "20:28:01",
      "20:42:21",
      "20:58:01",
      "21:13:29",
      "21:28:13",
      "21:42:59",
      "21:57:23",
      "22:12:32"
    ],
    "board": [
      10,
      2,
      9,
      2,
      14,
      0,
      15,
      15,
      13,
      9,
      7,
      3,
      7,
      11,
      3,
      2,
      10,
      11,
      3,
      4,
      0,
      9,
      0,
      5,
      6,
      6,
      3,
      5,
      12,
      7,
      8,
      1,
      2,
      0,
      0,
      6,
      5,
      13,
      1,
      14,
      3,
      0,
      1,
      14,
      14,
      12,
      7,
      2,
      8,
      6,
      8,
      10,
      13,
      12,
      14,
      3,
      1,
      4,
      8,
      7,
      10,
      8,
      11,
      7,
      6
    ],
    "alight": [
      0,
      0,
      0,
      0,
      0,
      0,
      0,
      0,
      0,
      0,
      0,
      0,
      0,
      0,
      0,
      0,
      0,
      0,
      0,
      0,
      0,
      0,
      0,
      0,
      0,
      0,
      0,
      0,
      0,
      0,
      0,
      0,
      0,
      0,
      0,
      0,
      0,
      0,
      0,
      0,
      0,
      0,
      0,
      0,
      0,
      0,
      0,
      0,
      0,
      0,
      0,
      0,
      0,
      0,
      0,
      0,
      0,
      0,
      0,
      0,
      0,
      0,
      0,
      0,
      0
    ]
  },
  "龙泉苑街": {
    "time": [
      "06:15:35",
      "06:29:56",
      "06:44:54",
      "06:59:26",
      "07:14:15",
      "07:28:44",
      "07:43:55",
      "07:58:17",
      "08:12:28",
      "08:27:22",
      "08:42:04",
      "08:57:29",
      "09:11:42",
      "09:27:27",
      "09:42:57",
      "09:58:15",
      "10:13:52",
      "10:28:57",
      "10:44:31",
      "10:59:14",
      "11:13:58",
      "11:29:38",
      "11:44:56",
      "11:59:46",
      "12:15:08",
      "12:29:47",
      "12:44:14",
      "12:59:10",
      "13:13:21",
      "13:27:46",
      "13:43:30",
      "13:59:08",
      "14:13:34",
      "14:29:09",
      "14:44:28",
      "14:58:46",
      "15:13:14",
      "15:27:46",
      "15:42:12",
      "15:57:49",
      "16:13:19",
      "16:28:25",
      "16:44:08",
      "16:59:35",
      "17:14:32",
      "17:28:45",
      "17:43:10",
      "17:57:24",
      "18:12:10",
      "18:26:20",
      "18:41:28",
      "18:57:16",
      "19:12:35",
      "19:27:30",
      "19:41:40",
      "19:57:23",
      "20:13:03",
      "20:28:01",
      "20:42:21",
      "20:58:01",
      "21:13:29",
      "21:28:13",
      "21:42:59",
      "21:57:23",
      "22:12:32"
    ],
    "board": [
      9,
      11,
      1,
      3,
      13,
      9,
      14,
      11,
      12,
      6,
      2,
      1,
      3,
      2,
      11,
      10,
      6,
      7,
      5,
      11,
      3,
      11,
      3,
      1,
      12,
      13,
      13,
      15,
      4,
      10,
      2,
      7,
      12,
      8,
      4,
      0,
      12,
      8,
      5,
      5,
      12,
      4,
      9,
      2,
      2,
      0,
      6,
      1,
      12,
      3,
      12,
      7,
      6,
      1,
      8,
      8,
      14,
      9,
      12,
      12,
      0,
      1,
      5,
      7,
      3
    ],
    "alight": [
      0,
      0,
      0,
      0,
      0,
      0,
      0,
      0,
      0,
      0,
      0,
      0,
      0,
      0,
      0,
      0,
      0,
      0,
      0,
      0,
      0,
      0,
      0,
      0,
      0,
      0,
      0,
      0,
      0,
      0,
      0,
      0,
      0,
      0,
      0,
      0,
      0,
      0,
      0,
      0,
      0,
      0,
      0,
      0,
      0,
      0,
      0,
      0,
      0,
      0,
      0,
      0,
      0,
      0,
      0,
      0,
      0,
      0,
      0,
      0,
      0,
      0,
      0,
      0,
      0
    ]
  },
  "静谧时光客栈(贵阳龙嘉苑店)": {
    "time": [
      "06:15:35",
      "06:29:56",
      "06:44:54",
      "06:59:26",
      "07:14:15",
      "07:28:44",
      "07:43:55",
      "07:58:17",
      "08:12:28",
      "08:27:22",
      "08:42:04",
      "08:57:29",
      "09:11:42",
      "09:27:27",
      "09:42:57",
      "09:58:15",
      "10:13:52",
      "10:28:57",
      "10:44:31",
      "10:59:14",
      "11:13:58",
      "11:29:38",
      "11:44:56",
      "11:59:46",
      "12:15:08",
      "12:29:47",
      "12:44:14",
      "12:59:10",
      "13:13:21",
      "13:27:46",
      "13:43:30",
      "13:59:08",
      "14:13:34",
      "14:29:09",
      "14:44:28",
      "14:58:46",
      "15:13:14",
      "15:27:46",
      "15:42:12",
      "15:57:49",
      "16:13:19",
      "16:28:25",
      "16:44:08",
      "16:59:35",
      "17:14:32",
      "17:28:45",
      "17:43:10",
      "17:57:24",
      "18:12:10",
      "18:26:20",
      "18:41:28",
      "18:57:16",
      "19:12:35",
      "19:27:30",
      "19:41:40",
      "19:57:23",
      "20:13:03",
      "20:28:01",
      "20:42:21",
      "20:58:01",
      "21:13:29",
      "21:28:13",
      "21:42:59",
      "21:57:23",
      "22:12:32"
    ],
    "board": [
      14,
      12,
      0,
      11,
      10,
      6,
      8,
      14,
      9,
      1,
      6,
      13,
      4,
      0,
      9,
      5,
      15,
      5,
      6,
      12,
      10,
      12,
      7,
      15,
      8,
      1,
      11,
      0,
      8,
      6,
      15,
      12,
      11,
      13,
      1,
      2,
      1,
      2,
      3,
      12,
      10,
      11,
      12,
      7,
      12,
      4,
      11,
      2,
      0,
      5,
      1,
      13,
      13,
      12,
      9,
      0,
      0,
      7,
      9,
      8,
      7,
      13,
      3,
      13,
      6
    ],
    "alight": [
      0,
      0,
      0,
      0,
      0,
      0,
      0,
      0,
      2,
      0,
      0,
      0,
      0,
      0,
      0,
      3,
      0,
      0,
      0,
      0,
      0,
      0,
      0,
      0,
      0,
      0,
      0,
      0,
      0,
      0,
      0,
      0,
      0,
      0,
      0,
      0,
      0,
      0,
      0,
      0,
      0,
      0,
      0,
      0,
      0,
      0,
      0,
      0,
      0,
      0,
      0,
      0,
      0,
      0,
      0,
      0,
      0,
      0,
      0,
      0,
      0,
      0,
      0,
      0,
      0
    ]
  },
  "东亿": {
    "time": [
      "06:15:35",
      "06:29:56",
      "06:44:54",
      "06:59:26",
      "07:14:15",
      "07:28:44",
      "07:43:55",
      "07:58:17",
      "08:12:28",
      "08:27:22",
      "08:42:04",
      "08:57:29",
      "09:11:42",
      "09:27:27",
      "09:42:57",
      "09:58:15",
      "10:13:52",
      "10:28:57",
      "10:44:31",
      "10:59:14",
      "11:13:58",
      "11:29:38",
      "11:44:56",
      "11:59:46",
      "12:15:08",
      "12:29:47",
      "12:44:14",
      "12:59:10",
      "13:13:21",
      "13:27:46",
      "13:43:30",
      "13:59:08",
      "14:13:34",
      "14:29:09",
      "14:44:28",
      "14:58:46",
      "15:13:14",
      "15:27:46",
      "15:42:12",
      "15:57:49",
      "16:13:19",
      "16:28:25",
      "16:44:08",
      "16:59:35",
      "17:14:32",
      "17:28:45",
      "17:43:10",
      "17:57:24",
      "18:12:10",
      "18:26:20",
      "18:41:28",
      "18:57:16",
      "19:12:35",
      "19:27:30",
      "19:41:40",
      "19:57:23",
      "20:13:03",
      "20:28:01",
      "20:42:21",
      "20:58:01",
      "21:13:29",
      "21:28:13",
      "21:42:59",
      "21:57:23",
      "22:12:32"
    ],
    "board": [
      7,
      1,
      1,
      11,
      7,
      8,
      11,
      7,
      0,
      15,
      1,
      3,
      11,
      9,
      8,
      6,
      2,
      14,
      11,
      9,
      8,
      8,
      15,
      7,
      9,
      14,
      11,
      11,
      7,
      9,
      6,
      2,
      13,
      12,
      4,
      5,
      7,
      11,
      8,
      2,
      13,
      12,
      14,
      10,
      0,
      8,
      9,
      10,
      13,
      3,
      11,
      4,
      5,
      8,
      15,
      12,
      0,
      11,
      9,
      11,
      14,
      0,
      13,
      6,
      9
    ],
    "alight": [
      0,
      0,
      0,
      0,
      0,
      0,
      4,
      0,
      0,
      0,
      0,
      0,
      0,
      0,
      0,
      0,
      0,
      0,
      0,
      0,
      0,
      0,
      0,
      0,
      0,
      0,
      0,
      0,
      0,
      0,
      0,
      0,
      0,
      0,
      0,
      0,
      0,
      0,
      2,
      0,
      0,
      0,
      0,
      0,
      0,
      0,
      0,
      0,
      0,
      0,
      0,
      0,
      0,
      0,
      0,
      0,
      0,
      0,
      0,
      0,
      1,
      0,
      0,
      0,
      0
    ]
  },
  "世纪金源购物中心A座乐尚生活馆(世纪金源购物中心店)": {
    "time": [
      "06:15:35",
      "06:29:56",
      "06:44:54",
      "06:59:26",
      "07:14:15",
      "07:28:44",
      "07:43:55",
      "07:58:17",
      "08:12:28",
      "08:27:22",
      "08:42:04",
      "08:57:29",
      "09:11:42",
      "09:27:27",
      "09:42:57",
      "09:58:15",
      "10:13:52",
      "10:28:57",
      "10:44:31",
      "10:59:14",
      "11:13:58",
      "11:29:38",
      "11:44:56",
      "11:59:46",
      "12:15:08",
      "12:29:47",
      "12:44:14",
      "12:59:10",
      "13:13:21",
      "13:27:46",
      "13:43:30",
      "13:59:08",
      "14:13:34",
      "14:29:09",
      "14:44:28",
      "14:58:46",
      "15:13:14",
      "15:27:46",
      "15:42:12",
      "15:57:49",
      "16:13:19",
      "16:28:25",
      "16:44:08",
      "16:59:35",
      "17:14:32",
      "17:28:45",
      "17:43:10",
      "17:57:24",
      "18:12:10",
      "18:26:20",
      "18:41:28",
      "18:57:16",
      "19:12:35",
      "19:27:30",
      "19:41:40",
      "19:57:23",
      "20:13:03",
      "20:28:01",
      "20:42:21",
      "20:58:01",
      "21:13:29",
      "21:28:13",
      "21:42:59",
      "21:57:23",
      "22:12:32"
    ],
    "board": [
      0,
      11,
      7,
      5,
      2,
      9,
      15,
      11,
      6,
      0,
      2,
      4,
      13,
      0,
      4,
      3,
      5,
      0,
      4,
      0,
      2,
      15,
      12,
      4,
      3,
      6,
      8,
      6,
      8,
      2,
      12,
      1,
      12,
      9,
      5,
      13,
      8,
      13,
      13,
      14,
      10,
      1,
      8,
      2,
      13,
      2,
      6,
      8,
      2,
      5,
      6,
      1,
      0,
      9,
      12,
      9,
      4,
      6,
      12,
      3,
      5,
      4,
      0,
      11,
      5
    ],
    "alight": [
      3,
      13,
      0,
      3,
      3,
      11,
      3,
      6,
      11,
      11,
      11,
      13,
      3,
      6,
      15,
      9,
      13,
      12,
      11,
      6,
      8,
      11,
      0,
      1,
      15,
      1,
      5,
      14,
      0,
      5,
      4,
      3,
      11,
      11,
      15,
      9,
      3,
      7,
      3,
      0,
      15,
      4,
      4,
      5,
      12,
      1,
      14,
      3,
      6,
      8,
      12,
      9,
      7,
      8,
      1,
      1,
      10,
      14,
      7,
      5,
      5,
      8,
      2,
      2,
      6
    ]
  },
  "贵阳菲特斯酒店公寓": {
    "time": [
      "06:15:35",
      "06:29:56",
      "06:44:54",
      "06:59:26",
      "07:14:15",
      "07:28:44",
      "07:43:55",
      "07:58:17",
      "08:12:28",
      "08:27:22",
      "08:42:04",
      "08:57:29",
      "09:11:42",
      "09:27:27",
      "09:42:57",
      "09:58:15",
      "10:13:52",
      "10:28:57",
      "10:44:31",
      "10:59:14",
      "11:13:58",
      "11:29:38",
      "11:44:56",
      "11:59:46",
      "12:15:08",
      "12:29:47",
      "12:44:14",
      "12:59:10",
      "13:13:21",
      "13:27:46",
      "13:43:30",
      "13:59:08",
      "14:13:34",
      "14:29:09",
      "14:44:28",
      "14:58:46",
      "15:13:14",
      "15:27:46",
      "15:42:12",
      "15:57:49",
      "16:13:19",
      "16:28:25",
      "16:44:08",
      "16:59:35",
      "17:14:32",
      "17:28:45",
      "17:43:10",
      "17:57:24",
      "18:12:10",
      "18:26:20",
      "18:41:28",
      "18:57:16",
      "19:12:35",
      "19:27:30",
      "19:41:40",
      "19:57:23",
      "20:13:03",
      "20:28:01",
      "20:42:21",
      "20:58:01",
      "21:13:29",
      "21:28:13",
      "21:42:59",
      "21:57:23",
      "22:12:32"
    ],
    "board": [
      0,
      1,
      7,
      10,
      2,
      1,
      13,
      4,
      15,
      4,
      10,
      10,
      0,
      10,
      7,
      14,
      15,
      0,
      6,
      1,
      9,
      4,
      0,
      2,
      14,
      2,
      3,
      2,
      14,
      0,
      9,
      6,
      13,
      1,
      3,
      2,
      0,
      2,
      1,
      6,
      8,
      4,
      0,
      8,
      6,
      0,
      14,
      9,
      10,
      12,
      3,
      1,
      3,
      0,
      11,
      1,
      11,
      0,
      6,
      5,
      6,
      6,
      3,
      0,
      10
    ],
    "alight": [
      15,
      12,
      7,
      5,
      6,
      4,
      0,
      0,
      1,
      2,
      15,
      12,
      6,
      8,
      9,
      10,
      1,
      5,
      3,
      0,
      1,
      11,
      1,
      11,
      5,
      5,
      3,
      0,
      2,
      0,
      9,
      13,
      10,
      0,
      2,
      3,
      1,
      13,
      13,
      3,
      0,
      10,
      11,
      5,
      13,
      8,
      11,
      2,
      13,
      12,
      15,
      14,
      10,
      15,
      12,
      8,
      6,
      15,
      0,
      11,
      13,
      6,
      9,
      1,
      14
    ]
  },
  "福艳口腔门诊": {
    "time": [
      "06:15:35",
      "06:29:56",
      "06:44:54",
      "06:59:26",
      "07:14:15",
      "07:28:44",
      "07:43:55",
      "07:58:17",
      "08:12:28",
      "08:27:22",
      "08:42:04",
      "08:57:29",
      "09:11:42",
      "09:27:27",
      "09:42:57",
      "09:58:15",
      "10:13:52",
      "10:28:57",
      "10:44:31",
      "10:59:14",
      "11:13:58",
      "11:29:38",
      "11:44:56",
      "11:59:46",
      "12:15:08",
      "12:29:47",
      "12:44:14",
      "12:59:10",
      "13:13:21",
      "13:27:46",
      "13:43:30",
      "13:59:08",
      "14:13:34",
      "14:29:09",
      "14:44:28",
      "14:58:46",
      "15:13:14",
      "15:27:46",
      "15:42:12",
      "15:57:49",
      "16:13:19",
      "16:28:25",
      "16:44:08",
      "16:59:35",
      "17:14:32",
      "17:28:45",
      "17:43:10",
      "17:57:24",
      "18:12:10",
      "18:26:20",
      "18:41:28",
      "18:57:16",
      "19:12:35",
      "19:27:30",
      "19:41:40",
      "19:57:23",
      "20:13:03",
      "20:28:01",
      "20:42:21",
      "20:58:01",
      "21:13:29",
      "21:28:13",
      "21:42:59",
      "21:57:23",
      "22:12:32"
    ],
    "board": [
      5,
      5,
      0,
      9,
      14,
      2,
      6,
      5,
      14,
      2,
      5,
      12,
      5,
      11,
      6,
      15,
      3,
      14,
      8,
      4,
      12,
      3,
      10,
      14,
      8,
      13,
      11,
      5,
      7,
      7,
      13,
      4,
      7,
      12,
      1,
      12,
      15,
      15,
      11,
      13,
      0,
      1,
      6,
      0,
      9,
      7,
      1,
      8,
      0,
      7,
      1,
      12,
      3,
      2,
      6,
      8,
      9,
      1,
      11,
      2,
      10,
      4,
      4,
      3,
      8
    ],
    "alight": [
      4,
      0,
      9,
      3,
      11,
      10,
      2,
      3,
      0,
      9,
      5,
      2,
      1,
      8,
      11,
      1,
      5,
      1,
      9,
      5,
      3,
      0,
      10,
      15,
      13,
      2,
      3,
      6,
      3,
      14,
      12,
      14,
      10,
      10,
      9,
      15,
      9,
      6,
      4,
      4,
      4,
      6,
      10,
      1,
      3,
      1,
      13,
      1,
      8,
      0,
      3,
      10,
      10,
      12,
      11,
      9,
      0,
      13,
      12,
      2,
      14,
      1,
      5,
      6,
      0
    ]
  },
  "绝味鸭脖(中铁逸都店)": {
    "time": [
      "06:15:35",
      "06:29:56",
      "06:44:54",
      "06:59:26",
      "07:14:15",
      "07:28:44",
      "07:43:55",
      "07:58:17",
      "08:12:28",
      "08:27:22",
      "08:42:04",
      "08:57:29",
      "09:11:42",
      "09:27:27",
      "09:42:57",
      "09:58:15",
      "10:13:52",
      "10:28:57",
      "10:44:31",
      "10:59:14",
      "11:13:58",
      "11:29:38",
      "11:44:56",
      "11:59:46",
      "12:15:08",
      "12:29:47",
      "12:44:14",
      "12:59:10",
      "13:13:21",
      "13:27:46",
      "13:43:30",
      "13:59:08",
      "14:13:34",
      "14:29:09",
      "14:44:28",
      "14:58:46",
      "15:13:14",
      "15:27:46",
      "15:42:12",
      "15:57:49",
      "16:13:19",
      "16:28:25",
      "16:44:08",
      "16:59:35",
      "17:14:32",
      "17:28:45",
      "17:43:10",
      "17:57:24",
      "18:12:10",
      "18:26:20",
      "18:41:28",
      "18:57:16",
      "19:12:35",
      "19:27:30",
      "19:41:40",
      "19:57:23",
      "20:13:03",
      "20:28:01",
      "20:42:21",
      "20:58:01",
      "21:13:29",
      "21:28:13",
      "21:42:59",
      "21:57:23",
      "22:12:32"
    ],
    "board": [
      9,
      14,
      8,
      9,
      12,
      14,
      9,
      0,
      3,
      1,
      10,
      13,
      14,
      8,
      2,
      11,
      6,
      8,
      3,
      14,
      13,
      4,
      11,
      9,
      12,
      12,
      9,
      0,
      13,
      6,
      3,
      12,
      2,
      2,
      13,
      8,
      9,
      7,
      7,
      9,
      2,
      13,
      0,
      3,
      5,
      7,
      12,
      8,
      8,
      14,
      11,
      7,
      10,
      5,
      13,
      6,
      11,
      11,
      0,
      11,
      5,
      9,
      2,
      5,
      11
    ],
    "alight": [
      3,
      6,
      7,
      14,
      8,
      6,
      10,
      9,
      8,
      3,
      7,
      10,
      15,
      9,
      6,
      6,
      9,
      1,
      0,
      4,
      12,
      6,
      4,
      9,
      9,
      8,
      15,
      11,
      0,
      13,
      1,
      6,
      0,
      13,
      0,
      9,
      0,
      14,
      13,
      8,
      3,
      0,
      2,
      7,
      11,
      8,
      12,
      3,
      9,
      1,
      3,
      9,
      4,
      15,
      0,
      3,
      7,
      9,
      6,
      3,
      2,
      4,
      12,
      2,
      3
    ]
  },
  "贵州鑫元电力建设工程有限公司": {
    "time": [
      "06:15:35",
      "06:29:56",
      "06:44:54",
      "06:59:26",
      "07:14:15",
      "07:28:44",
      "07:43:55",
      "07:58:17",
      "08:12:28",
      "08:27:22",
      "08:42:04",
      "08:57:29",
      "09:11:42",
      "09:27:27",
      "09:42:57",
      "09:58:15",
      "10:13:52",
      "10:28:57",
      "10:44:31",
      "10:59:14",
      "11:13:58",
      "11:29:38",
      "11:44:56",
      "11:59:46",
      "12:15:08",
      "12:29:47",
      "12:44:14",
      "12:59:10",
      "13:13:21",
      "13:27:46",
      "13:43:30",
      "13:59:08",
      "14:13:34",
      "14:29:09",
      "14:44:28",
      "14:58:46",
      "15:13:14",
      "15:27:46",
      "15:42:12",
      "15:57:49",
      "16:13:19",
      "16:28:25",
      "16:44:08",
      "16:59:35",
      "17:14:32",
      "17:28:45",
      "17:43:10",
      "17:57:24",
      "18:12:10",
      "18:26:20",
      "18:41:28",
      "18:57:16",
      "19:12:35",
      "19:27:30",
      "19:41:40",
      "19:57:23",
      "20:13:03",
      "20:28:01",
      "20:42:21",
      "20:58:01",
      "21:13:29",
      "21:28:13",
      "21:42:59",
      "21:57:23",
      "22:12:32"
    ],
    "board": [
      5,
      7,
      11,
      15,
      7,
      10,
      2,
      14,
      12,
      12,
      0,
      6,
      15,
      13,
      3,
      15,
      5,
      9,
      10,
      13,
      13,
      10,
      3,
      10,
      9,
      4,
      2,
      13,
      4,
      0,
      7,
      13,
      13,
      2,
      0,
      4,
      4,
      10,
      11,
      3,
      15,
      10,
      3,
      9,
      4,
      11,
      7,
      1,
      12,
      12,
      13,
      3,
      5,
      5,
      8,
      14,
      15,
      7,
      1,
      8,
      11,
      7,
      8,
      10,
      12
    ],
    "alight": [
      5,
      9,
      12,
      3,
      2,
      9,
      7,
      9,
      8,
      13,
      5,
      11,
      10,
      7,
      3,
      3,
      2,
      15,
      1,
      0,
      5,
      14,
      15,
      1,
      13,
      13,
      12,
      6,
      11,
      7,
      6,
      3,
      7,
      5,
      6,
      3,
      0,
      9,
      0,
      6,
      5,
      15,
      4,
      8,
      13,
      13,
      10,
      13,
      5,
      13,
      11,
      10,
      15,
      14,
      5,
      10,
      8,
      7,
      5,
      5,
      14,
      9,
      0,
      5,
      11
    ]
  },
  "笔架山": {
    "time": [
      "06:15:35",
      "06:29:56",
      "06:44:54",
      "06:59:26",
      "07:14:15",
      "07:28:44",
      "07:43:55",
      "07:58:17",
      "08:12:28",
      "08:27:22",
      "08:42:04",
      "08:57:29",
      "09:11:42",
      "09:27:27",
      "09:42:57",
      "09:58:15",
      "10:13:52",
      "10:28:57",
      "10:44:31",
      "10:59:14",
      "11:13:58",
      "11:29:38",
      "11:44:56",
      "11:59:46",
      "12:15:08",
      "12:29:47",
      "12:44:14",
      "12:59:10",
      "13:13:21",
      "13:27:46",
      "13:43:30",
      "13:59:08",
      "14:13:34",
      "14:29:09",
      "14:44:28",
      "14:58:46",
      "15:13:14",
      "15:27:46",
      "15:42:12",
      "15:57:49",
      "16:13:19",
      "16:28:25",
      "16:44:08",
      "16:59:35",
      "17:14:32",
      "17:28:45",
      "17:43:10",
      "17:57:24",
      "18:12:10",
      "18:26:20",
      "18:41:28",
      "18:57:16",
      "19:12:35",
      "19:27:30",
      "19:41:40",
      "19:57:23",
      "20:13:03",
      "20:28:01",
      "20:42:21",
      "20:58:01",
      "21:13:29",
      "21:28:13",
      "21:42:59",
      "21:57:23",
      "22:12:32"
    ],
    "board": [
      0,
      15,
      2,
      0,
      12,
      6,
      9,
      12,
      8,
      9,
      6,
      8,
      13,
      4,
      8,
      10,
      7,
      8,
      14,
      0,
      7,
      3,
      10,
      3,
      1,
      6,
      6,
      2,
      2,
      8,
      9,
      7,
      5,
      8,
      8,
      6,
      2,
      11,
      8,
      8,
      5,
      12,
      1,
      2,
      8,
      12,
      1,
      0,
      12,
      8,
      0,
      2,
      8,
      6,
      5,
      3,
      6,
      3,
      11,
      11,
      2,
      11,
      8,
      6,
      14
    ],
    "alight": [
      0,
      15,
      13,
      3,
      12,
      0,
      7,
      7,
      12,
      6,
      1,
      8,
      7,
      8,
      0,
      14,
      3,
      2,
      3,
      9,
      10,
      6,
      9,
      10,
      14,
      0,
      0,
      14,
      10,
      10,
      10,
      7,
      12,
      8,
      1,
      1,
      8,
      9,
      12,
      15,
      14,
      10,
      9,
      4,
      13,
      1,
      11,
      12,
      11,
      0,
      2,
      8,
      10,
      1,
      6,
      7,
      14,
      6,
      1,
      14,
      6,
      0,
      3,
      4,
      15
    ]
  },
  "豆腐皮火锅": {
    "time": [
      "06:15:35",
      "06:29:56",
      "06:44:54",
      "06:59:26",
      "07:14:15",
      "07:28:44",
      "07:43:55",
      "07:58:17",
      "08:12:28",
      "08:27:22",
      "08:42:04",
      "08:57:29",
      "09:11:42",
      "09:27:27",
      "09:42:57",
      "09:58:15",
      "10:13:52",
      "10:28:57",
      "10:44:31",
      "10:59:14",
      "11:13:58",
      "11:29:38",
      "11:44:56",
      "11:59:46",
      "12:15:08",
      "12:29:47",
      "12:44:14",
      "12:59:10",
      "13:13:21",
      "13:27:46",
      "13:43:30",
      "13:59:08",
      "14:13:34",
      "14:29:09",
      "14:44:28",
      "14:58:46",
      "15:13:14",
      "15:27:46",
      "15:42:12",
      "15:57:49",
      "16:13:19",
      "16:28:25",
      "16:44:08",
      "16:59:35",
      "17:14:32",
      "17:28:45",
      "17:43:10",
      "17:57:24",
      "18:12:10",
      "18:26:20",
      "18:41:28",
      "18:57:16",
      "19:12:35",
      "19:27:30",
      "19:41:40",
      "19:57:23",
      "20:13:03",
      "20:28:01",
      "20:42:21",
      "20:58:01",
      "21:13:29",
      "21:28:13",
      "21:42:59",
      "21:57:23",
      "22:12:32"
    ],
    "board": [
      12,
      0,
      11,
      9,
      0,
      14,
      5,
      8,
      12,
      12,
      6,
      4,
      9,
      1,
      3,
      0,
      0,
      2,
      9,
      9,
      11,
      4,
      12,
      10,
      4,
      9,
      5,
      5,
      11,
      3,
      8,
      14,
      0,
      4,
      14,
      2,
      6,
      11,
      2,
      11,
      8,
      5,
      15,
      5,
      13,
      5,
      12,
      6,
      7,
      0,
      8,
      8,
      13,
      7,
      9,
      4,
      5,
      11,
      13,
      2,
      15,
      4,
      6,
      11,
      7
    ],
    "alight": [
      8,
      7,
      5,
      9,
      4,
      11,
      0,
      7,
      5,
      8,
      15,
      12,
      7,
      8,
      5,
      10,
      7,
      2,
      12,
      9,
      10,
      4,
      2,
      13,
      10,
      1,
      14,
      3,
      0,
      11,
      0,
      10,
      0,
      0,
      9,
      9,
      8,
      3,
      11,
      14,
      5,
      7,
      5,
      8,
      7,
      4,
      13,
      8,
      8,
      4,
      0,
      5,
      7,
      4,
      4,
      7,
      1,
      12,
      8,
      15,
      11,
      10,
      7,
      15,
      3
    ]
  },
  "碧桂园·观山府": {
    "time": [
      "06:15:35",
      "06:29:56",
      "06:44:54",
      "06:59:26",
      "07:14:15",
      "07:28:44",
      "07:43:55",
      "07:58:17",
      "08:12:28",
      "08:27:22",
      "08:42:04",
      "08:57:29",
      "09:11:42",
      "09:27:27",
      "09:42:57",
      "09:58:15",
      "10:13:52",
      "10:28:57",
      "10:44:31",
      "10:59:14",
      "11:13:58",
      "11:29:38",
      "11:44:56",
      "11:59:46",
      "12:15:08",
      "12:29:47",
      "12:44:14",
      "12:59:10",
      "13:13:21",
      "13:27:46",
      "13:43:30",
      "13:59:08",
      "14:13:34",
      "14:29:09",
      "14:44:28",
      "14:58:46",
      "15:13:14",
      "15:27:46",
      "15:42:12",
      "15:57:49",
      "16:13:19",
      "16:28:25",
      "16:44:08",
      "16:59:35",
      "17:14:32",
      "17:28:45",
      "17:43:10",
      "17:57:24",
      "18:12:10",
      "18:26:20",
      "18:41:28",
      "18:57:16",
      "19:12:35",
      "19:27:30",
      "19:41:40",
      "19:57:23",
      "20:13:03",
      "20:28:01",
      "20:42:21",
      "20:58:01",
      "21:13:29",
      "21:28:13",
      "21:42:59",
      "21:57:23",
      "22:12:32"
    ],
    "board": [
      9,
      3,
      15,
      4,
      12,
      1,
      8,
      1,
      4,
      6,
      2,
      8,
      12,
      9,
      5,
      2,
      1,
      8,
      7,
      3,
      12,
      3,
      0,
      12,
      0,
      8,
      0,
      4,
      6,
      2,
      15,
      1,
      0,
      8,
      12,
      7,
      10,
      8,
      6,
      14,
      9,
      14,
      8,
      13,
      15,
      11,
      4,
      0,
      3,
      9,
      4,
      13,
      0,
      4,
      11,
      10,
      12,
      11,
      2,
      15,
      4,
      6,
      6,
      1,
      14
    ],
    "alight": [
      6,
      1,
      3,
      6,
      15,
      11,
      1,
      10,
      2,
      7,
      15,
      0,
      13,
      3,
      5,
      3,
      13,
      6,
      12,
      7,
      10,
      15,
      4,
      2,
      14,
      11,
      7,
      10,
      2,
      12,
      13,
      12,
      12,
      0,
      12,
      1,
      8,
      1,
      0,
      13,
      6,
      12,
      5,
      11,
      12,
      7,
      6,
      10,
      4,
      12,
      9,
      3,
      2,
      5,
      15,
      6,
      5,
      0,
      5,
      6,
      10,
      9,
      10,
      2,
      8
    ]
  },
  "柏曼酒店贵阳西南商贸城金阳客车站店大堂": {
    "time": [
      "06:15:35",
      "06:29:56",
      "06:44:54",
      "06:59:26",
      "07:14:15",
      "07:28:44",
      "07:43:55",
      "07:58:17",
      "08:12:28",
      "08:27:22",
      "08:42:04",
      "08:57:29",
      "09:11:42",
      "09:27:27",
      "09:42:57",
      "09:58:15",
      "10:13:52",
      "10:28:57",
      "10:44:31",
      "10:59:14",
      "11:13:58",
      "11:29:38",
      "11:44:56",
      "11:59:46",
      "12:15:08",
      "12:29:47",
      "12:44:14",
      "12:59:10",
      "13:13:21",
      "13:27:46",
      "13:43:30",
      "13:59:08",
      "14:13:34",
      "14:29:09",
      "14:44:28",
      "14:58:46",
      "15:13:14",
      "15:27:46",
      "15:42:12",
      "15:57:49",
      "16:13:19",
      "16:28:25",
      "16:44:08",
      "16:59:35",
      "17:14:32",
      "17:28:45",
      "17:43:10",
      "17:57:24",
      "18:12:10",
      "18:26:20",
      "18:41:28",
      "18:57:16",
      "19:12:35",
      "19:27:30",
      "19:41:40",
      "19:57:23",
      "20:13:03",
      "20:28:01",
      "20:42:21",
      "20:58:01",
      "21:13:29",
      "21:28:13",
      "21:42:59",
      "21:57:23",
      "22:12:32"
    ],
    "board": [
      1,
      3,
      12,
      8,
      15,
      6,
      8,
      14,
      10,
      9,
      4,
      5,
      4,
      3,
      13,
      12,
      1,
      9,
      12,
      12,
      9,
      7,
      1,
      2,
      15,
      12,
      13,
      15,
      13,
      13,
      7,
      11,
      2,
      13,
      13,
      10,
      15,
      8,
      14,
      3,
      4,
      6,
      2,
      14,
      15,
      10,
      0,
      4,
      5,
      12,
      7,
      2,
      5,
      0,
      11,
      9,
      14,
      10,
      7,
      0,
      10,
      13,
      4,
      8,
      14
    ],
    "alight": [
      5,
      13,
      12,
      7,
      10,
      3,
      14,
      7,
      7,
      13,
      1,
      14,
      15,
      0,
      3,
      14,
      11,
      6,
      7,
      15,
      3,
      11,
      2,
      1,
      10,
      12,
      10,
      9,
      4,
      10,
      7,
      7,
      4,
      2,
      8,
      1,
      10,
      14,
      4,
      6,
      9,
      4,
      5,
      0,
      13,
      4,
      8,
      7,
      7,
      2,
      10,
      0,
      1,
      10,
      9,
      6,
      11,
      6,
      12,
      8,
      11,
      15,
      13,
      1,
      4
    ]
  },
  "干井村": {
    "time": [
      "06:15:35",
      "06:29:56",
      "06:44:54",
      "06:59:26",
      "07:14:15",
      "07:28:44",
      "07:43:55",
      "07:58:17",
      "08:12:28",
      "08:27:22",
      "08:42:04",
      "08:57:29",
      "09:11:42",
      "09:27:27",
      "09:42:57",
      "09:58:15",
      "10:13:52",
      "10:28:57",
      "10:44:31",
      "10:59:14",
      "11:13:58",
      "11:29:38",
      "11:44:56",
      "11:59:46",
      "12:15:08",
      "12:29:47",
      "12:44:14",
      "12:59:10",
      "13:13:21",
      "13:27:46",
      "13:43:30",
      "13:59:08",
      "14:13:34",
      "14:29:09",
      "14:44:28",
      "14:58:46",
      "15:13:14",
      "15:27:46",
      "15:42:12",
      "15:57:49",
      "16:13:19",
      "16:28:25",
      "16:44:08",
      "16:59:35",
      "17:14:32",
      "17:28:45",
      "17:43:10",
      "17:57:24",
      "18:12:10",
      "18:26:20",
      "18:41:28",
      "18:57:16",
      "19:12:35",
      "19:27:30",
      "19:41:40",
      "19:57:23",
      "20:13:03",
      "20:28:01",
      "20:42:21",
      "20:58:01",
      "21:13:29",
      "21:28:13",
      "21:42:59",
      "21:57:23",
      "22:12:32"
    ],
    "board": [
      3,
      14,
      8,
      2,
      5,
      1,
      14,
      14,
      4,
      2,
      4,
      4,
      2,
      7,
      6,
      1,
      13,
      3,
      12,
      7,
      7,
      12,
      7,
      11,
      10,
      8,
      6,
      9,
      15,
      7,
      8,
      5,
      2,
      5,
      3,
      0,
      14,
      10,
      14,
      15,
      12,
      7,
      0,
      9,
      10,
      2,
      11,
      11,
      1,
      6,
      7,
      10,
      2,
      1,
      3,
      15,
      6,
      3,
      2,
      10,
      7,
      12,
      11,
      11,
      9
    ],
    "alight": [
      13,
      10,
      9,
      6,
      5,
      5,
      13,
      7,
      2,
      14,
      4,
      13,
      6,
      9,
      6,
      0,
      15,
      2,
      15,
      13,
      15,
      10,
      10,
      14,
      2,
      7,
      1,
      12,
      6,
      12,
      4,
      15,
      9,
      11,
      4,
      13,
      1,
      9,
      11,
      15,
      3,
      8,
      7,
      6,
      7,
      5,
      3,
      0,
      4,
      8,
      1,
      9,
      2,
      5,
      12,
      12,
      5,
      7,
      10,
      3,
      14,
      1,
      8,
      10,
      12
    ]
  },
  "绘艺源书画中心": {
    "time": [
      "06:15:35",
      "06:29:56",
      "06:44:54",
      "06:59:26",
      "07:14:15",
      "07:28:44",
      "07:43:55",
      "07:58:17",
      "08:12:28",
      "08:27:22",
      "08:42:04",
      "08:57:29",
      "09:11:42",
      "09:27:27",
      "09:42:57",
      "09:58:15",
      "10:13:52",
      "10:28:57",
      "10:44:31",
      "10:59:14",
      "11:13:58",
      "11:29:38",
      "11:44:56",
      "11:59:46",
      "12:15:08",
      "12:29:47",
      "12:44:14",
      "12:59:10",
      "13:13:21",
      "13:27:46",
      "13:43:30",
      "13:59:08",
      "14:13:34",
      "14:29:09",
      "14:44:28",
      "14:58:46",
      "15:13:14",
      "15:27:46",
      "15:42:12",
      "15:57:49",
      "16:13:19",
      "16:28:25",
      "16:44:08",
      "16:59:35",
      "17:14:32",
      "17:28:45",
      "17:43:10",
      "17:57:24",
      "18:12:10",
      "18:26:20",
      "18:41:28",
      "18:57:16",
      "19:12:35",
      "19:27:30",
      "19:41:40",
      "19:57:23",
      "20:13:03",
      "20:28:01",
      "20:42:21",
      "20:58:01",
      "21:13:29",
      "21:28:13",
      "21:42:59",
      "21:57:23",
      "22:12:32"
    ],
    "board": [
      10,
      9,
      8,
      12,
      10,
      1,
      5,
      12,
      4,
      2,
      10,
      11,
      3,
      15,
      10,
      4,
      11,
      5,
      13,
      5,
      10,
      13,
      14,
      12,
      11,
      11,
      15,
      10,
      6,
      9,
      6,
      7,
      7,
      7,
      8,
      11,
      12,
      10,
      2,
      12,
      10,
      4,
      14,
      6,
      4,
      7,
      3,
      10,
      5,
      15,
      14,
      3,
      4,
      9,
      8,
      8,
      14,
      10,
      3,
      4,
      3,
      8,
      9,
      0,
      12
    ],
    "alight": [
      6,
      0,
      10,
      1,
      15,
      4,
      9,
      11,
      3,
      1,
      2,
      7,
      13,
      7,
      7,
      2,
      12,
      3,
      12,
      10,
      2,
      5,
      7,
      4,
      15,
      12,
      4,
      0,
      8,
      5,
      13,
      12,
      3,
      14,
      12,
      0,
      11,
      9,
      9,
      6,
      3,
      0,
      4,
      7,
      0,
      5,
      4,
      14,
      10,
      1,
      7,
      1,
      8,
      12,
      4,
      13,
      15,
      8,
      12,
      12,
      5,
      8,
      3,
      6,
      14
    ]
  },
  "黔湖驾校科三场地": {
    "time": [
      "06:15:35",
      "06:29:56",
      "06:44:54",
      "06:59:26",
      "07:14:15",
      "07:28:44",
      "07:43:55",
      "07:58:17",
      "08:12:28",
      "08:27:22",
      "08:42:04",
      "08:57:29",
      "09:11:42",
      "09:27:27",
      "09:42:57",
      "09:58:15",
      "10:13:52",
      "10:28:57",
      "10:44:31",
      "10:59:14",
      "11:13:58",
      "11:29:38",
      "11:44:56",
      "11:59:46",
      "12:15:08",
      "12:29:47",
      "12:44:14",
      "12:59:10",
      "13:13:21",
      "13:27:46",
      "13:43:30",
      "13:59:08",
      "14:13:34",
      "14:29:09",
      "14:44:28",
      "14:58:46",
      "15:13:14",
      "15:27:46",
      "15:42:12",
      "15:57:49",
      "16:13:19",
      "16:28:25",
      "16:44:08",
      "16:59:35",
      "17:14:32",
      "17:28:45",
      "17:43:10",
      "17:57:24",
      "18:12:10",
      "18:26:20",
      "18:41:28",
      "18:57:16",
      "19:12:35",
      "19:27:30",
      "19:41:40",
      "19:57:23",
      "20:13:03",
      "20:28:01",
      "20:42:21",
      "20:58:01",
      "21:13:29",
      "21:28:13",
      "21:42:59",
      "21:57:23",
      "22:12:32"
    ],
    "board": [
      10,
      15,
      10,
      15,
      1,
      1,
      8,
      6,
      7,
      2,
      13,
      6,
      0,
      4,
      8,
      6,
      1,
      12,
      12,
      12,
      6,
      0,
      2,
      12,
      13,
      12,
      5,
      15,
      0,
      8,
      6,
      4,
      14,
      3,
      13,
      15,
      14,
      7,
      1,
      4,
      13,
      6,
      4,
      4,
      1,
      15,
      14,
      10,
      1,
      8,
      2,
      3,
      13,
      14,
      6,
      7,
      3,
      8,
      7,
      0,
      11,
      14,
      14,
      9,
      10
    ],
    "alight": [
      0,
      5,
      14,
      2,
      1,
      14,
      10,
      15,
      7,
      7,
      0,
      0,
      7,
      6,
      15,
      1,
      0,
      10,
      13,
      14,
      15,
      12,
      2,
      13,
      15,
      0,
      7,
      3,
      2,
      8,
      3,
      2,
      2,
      7,
      12,
      13,
      14,
      10,
      6,
      14,
      7,
      2,
      3,
      4,
      7,
      5,
      8,
      15,
      1,
      3,
      4,
      9,
      8,
      9,
      9,
      12,
      15,
      1,
      14,
      0,
      8,
      14,
      10,
      12,
      1
    ]
  },
  "河关": {
    "time": [
      "06:15:35",
      "06:29:56",
      "06:44:54",
      "06:59:26",
      "07:14:15",
      "07:28:44",
      "07:43:55",
      "07:58:17",
      "08:12:28",
      "08:27:22",
      "08:42:04",
      "08:57:29",
      "09:11:42",
      "09:27:27",
      "09:42:57",
      "09:58:15",
      "10:13:52",
      "10:28:57",
      "10:44:31",
      "10:59:14",
      "11:13:58",
      "11:29:38",
      "11:44:56",
      "11:59:46",
      "12:15:08",
      "12:29:47",
      "12:44:14",
      "12:59:10",
      "13:13:21",
      "13:27:46",
      "13:43:30",
      "13:59:08",
      "14:13:34",
      "14:29:09",
      "14:44:28",
      "14:58:46",
      "15:13:14",
      "15:27:46",
      "15:42:12",
      "15:57:49",
      "16:13:19",
      "16:28:25",
      "16:44:08",
      "16:59:35",
      "17:14:32",
      "17:28:45",
      "17:43:10",
      "17:57:24",
      "18:12:10",
      "18:26:20",
      "18:41:28",
      "18:57:16",
      "19:12:35",
      "19:27:30",
      "19:41:40",
      "19:57:23",
      "20:13:03",
      "20:28:01",
      "20:42:21",
      "20:58:01",
      "21:13:29",
      "21:28:13",
      "21:42:59",
      "21:57:23",
      "22:12:32"
    ],
    "board": [
      2,
      12,
      12,
      6,
      0,
      8,
      6,
      5,
      10,
      8,
      15,
      5,
      0,
      13,
      9,
      11,
      12,
      9,
      11,
      15,
      1,
      5,
      13,
      2,
      0,
      13,
      4,
      8,
      12,
      7,
      2,
      5,
      0,
      11,
      9,
      11,
      10,
      11,
      10,
      6,
      2,
      10,
      12,
      2,
      11,
      9,
      2,
      13,
      9,
      15,
      7,
      12,
      12,
      12,
      2,
      6,
      3,
      1,
      8,
      0,
      3,
      3,
      11,
      10,
      4
    ],
    "alight": [
      12,
      9,
      1,
      12,
      8,
      7,
      14,
      13,
      4,
      2,
      13,
      4,
      3,
      13,
      9,
      8,
      5,
      11,
      5,
      13,
      6,
      3,
      1,
      7,
      3,
      7,
      6,
      13,
      11,
      10,
      5,
      8,
      4,
      0,
      14,
      10,
      1,
      11,
      9,
      0,
      5,
      6,
      5,
      2,
      1,
      10,
      12,
      14,
      11,
      8,
      11,
      14,
      4,
      9,
      7,
      15,
      11,
      1,
      4,
      13,
      11,
      8,
      0,
      15,
      2
    ]
  },
  "黔贵交通职业培训学校": {
    "time": [
      "06:15:35",
      "06:29:56",
      "06:44:54",
      "06:59:26",
      "07:14:15",
      "07:28:44",
      "07:43:55",
      "07:58:17",
      "08:12:28",
      "08:27:22",
      "08:42:04",
      "08:57:29",
      "09:11:42",
      "09:27:27",
      "09:42:57",
      "09:58:15",
      "10:13:52",
      "10:28:57",
      "10:44:31",
      "10:59:14",
      "11:13:58",
      "11:29:38",
      "11:44:56",
      "11:59:46",
      "12:15:08",
      "12:29:47",
      "12:44:14",
      "12:59:10",
      "13:13:21",
      "13:27:46",
      "13:43:30",
      "13:59:08",
      "14:13:34",
      "14:29:09",
      "14:44:28",
      "14:58:46",
      "15:13:14",
      "15:27:46",
      "15:42:12",
      "15:57:49",
      "16:13:19",
      "16:28:25",
      "16:44:08",
      "16:59:35",
      "17:14:32",
      "17:28:45",
      "17:43:10",
      "17:57:24",
      "18:12:10",
      "18:26:20",
      "18:41:28",
      "18:57:16",
      "19:12:35",
      "19:27:30",
      "19:41:40",
      "19:57:23",
      "20:13:03",
      "20:28:01",
      "20:42:21",
      "20:58:01",
      "21:13:29",
      "21:28:13",
      "21:42:59",
      "21:57:23",
      "22:12:32"
    ],
    "board": [
      3,
      1,
      10,
      8,
      8,
      12,
      2,
      6,
      9,
      4,
      13,
      3,
      6,
      10,
      7,
      7,
      15,
      8,
      10,
      11,
      9,
      13,
      12,
      3,
      1,
      10,
      10,
      3,
      1,
      13,
      0,
      4,
      3,
      1,
      11,
      13,
      14,
      7,
      4,
      15,
      1,
      13,
      10,
      6,
      3,
      13,
      5,
      15,
      11,
      6,
      1,
      6,
      10,
      13,
      9,
      14,
      3,
      8,
      10,
      1,
      13,
      7,
      13,
      9,
      6
    ],
    "alight": [
      3,
      12,
      10,
      15,
      1,
      0,
      13,
      9,
      3,
      14,
      8,
      12,
      15,
      7,
      4,
      14,
      15,
      12,
      8,
      12,
      11,
      11,
      1,
      1,
      7,
      1,
      2,
      10,
      10,
      1,
      12,
      10,
      7,
      14,
      5,
      3,
      6,
      9,
      9,
      5,
      13,
      6,
      8,
      2,
      8,
      1,
      7,
      13,
      10,
      14,
      15,
      3,
      5,
      6,
      8,
      2,
      1,
      11,
      1,
      10,
      1,
      14,
      3,
      6,
      6
    ]
  },
  "贵阳绕城公路西南段第十四合同段路面工程中心拌和场": {
    "time": [
      "06:15:35",
      "06:29:56",
      "06:44:54",
      "06:59:26",
      "07:14:15",
      "07:28:44",
      "07:43:55",
      "07:58:17",
      "08:12:28",
      "08:27:22",
      "08:42:04",
      "08:57:29",
      "09:11:42",
      "09:27:27",
      "09:42:57",
      "09:58:15",
      "10:13:52",
      "10:28:57",
      "10:44:31",
      "10:59:14",
      "11:13:58",
      "11:29:38",
      "11:44:56",
      "11:59:46",
      "12:15:08",
      "12:29:47",
      "12:44:14",
      "12:59:10",
      "13:13:21",
      "13:27:46",
      "13:43:30",
      "13:59:08",
      "14:13:34",
      "14:29:09",
      "14:44:28",
      "14:58:46",
      "15:13:14",
      "15:27:46",
      "15:42:12",
      "15:57:49",
      "16:13:19",
      "16:28:25",
      "16:44:08",
      "16:59:35",
      "17:14:32",
      "17:28:45",
      "17:43:10",
      "17:57:24",
      "18:12:10",
      "18:26:20",
      "18:41:28",
      "18:57:16",
      "19:12:35",
      "19:27:30",
      "19:41:40",
      "19:57:23",
      "20:13:03",
      "20:28:01",
      "20:42:21",
      "20:58:01",
      "21:13:29",
      "21:28:13",
      "21:42:59",
      "21:57:23",
      "22:12:32"
    ],
    "board": [
      11,
      8,
      9,
      14,
      15,
      5,
      7,
      0,
      11,
      3,
      15,
      10,
      3,
      13,
      5,
      6,
      2,
      8,
      0,
      11,
      12,
      1,
      4,
      8,
      14,
      0,
      2,
      12,
      6,
      13,
      11,
      3,
      11,
      12,
      14,
      14,
      2,
      14,
      11,
      0,
      15,
      5,
      13,
      6,
      3,
      14,
      2,
      14,
      12,
      12,
      3,
      8,
      1,
      15,
      6,
      4,
      14,
      15,
      15,
      4,
      5,
      12,
      2,
      2,
      8
    ],
    "alight": [
      13,
      12,
      4,
      12,
      3,
      13,
      9,
      6,
      3,
      11,
      10,
      3,
      4,
      11,
      13,
      9,
      1,
      4,
      9,
      1,
      13,
      15,
      2,
      7,
      10,
      3,
      15,
      6,
      3,
      6,
      7,
      4,
      3,
      0,
      2,
      13,
      12,
      8,
      1,
      4,
      12,
      15,
      9,
      15,
      3,
      8,
      14,
      11,
      3,
      2,
      14,
      1,
      13,
      5,
      5,
      6,
      3,
      6,
      8,
      6,
      10,
      14,
      6,
      12,
      10
    ]
  },
  "观山湖区第十八幼儿园": {
    "time": [
      "06:15:35",
      "06:29:56",
      "06:44:54",
      "06:59:26",
      "07:14:15",
      "07:28:44",
      "07:43:55",
      "07:58:17",
      "08:12:28",
      "08:27:22",
      "08:42:04",
      "08:57:29",
      "09:11:42",
      "09:27:27",
      "09:42:57",
      "09:58:15",
      "10:13:52",
      "10:28:57",
      "10:44:31",
      "10:59:14",
      "11:13:58",
      "11:29:38",
      "11:44:56",
      "11:59:46",
      "12:15:08",
      "12:29:47",
      "12:44:14",
      "12:59:10",
      "13:13:21",
      "13:27:46",
      "13:43:30",
      "13:59:08",
      "14:13:34",
      "14:29:09",
      "14:44:28",
      "14:58:46",
      "15:13:14",
      "15:27:46",
      "15:42:12",
      "15:57:49",
      "16:13:19",
      "16:28:25",
      "16:44:08",
      "16:59:35",
      "17:14:32",
      "17:28:45",
      "17:43:10",
      "17:57:24",
      "18:12:10",
      "18:26:20",
      "18:41:28",
      "18:57:16",
      "19:12:35",
      "19:27:30",
      "19:41:40",
      "19:57:23",
      "20:13:03",
      "20:28:01",
      "20:42:21",
      "20:58:01",
      "21:13:29",
      "21:28:13",
      "21:42:59",
      "21:57:23",
      "22:12:32"
    ],
    "board": [
      4,
      1,
      1,
      3,
      13,
      3,
      9,
      13,
      4,
      15,
      10,
      13,
      5,
      11,
      5,
      2,
      11,
      12,
      14,
      4,
      13,
      9,
      12,
      7,
      14,
      5,
      11,
      15,
      13,
      14,
      13,
      12,
      5,
      8,
      8,
      4,
      14,
      15,
      10,
      9,
      9,
      3,
      8,
      9,
      1,
      3,
      6,
      10,
      11,
      14,
      13,
      6,
      3,
      13,
      0,
      4,
      2,
      0,
      4,
      14,
      9,
      8,
      10,
      10,
      11
    ],
    "alight": [
      12,
      9,
      13,
      10,
      12,
      15,
      5,
      13,
      9,
      8,
      9,
      15,
      3,
      2,
      13,
      0,
      5,
      4,
      3,
      1,
      11,
      12,
      11,
      14,
      7,
      7,
      14,
      0,
      12,
      1,
      7,
      3,
      10,
      3,
      5,
      11,
      0,
      3,
      8,
      9,
      5,
      14,
      6,
      6,
      12,
      2,
      0,
      8,
      7,
      8,
      8,
      12,
      11,
      10,
      10,
      11,
      6,
      8,
      4,
      6,
      5,
      11,
      15,
      0,
      3
    ]
  },
  "广大城·耀晟一期": {
    "time": [
      "06:15:35",
      "06:29:56",
      "06:44:54",
      "06:59:26",
      "07:14:15",
      "07:28:44",
      "07:43:55",
      "07:58:17",
      "08:12:28",
      "08:27:22",
      "08:42:04",
      "08:57:29",
      "09:11:42",
      "09:27:27",
      "09:42:57",
      "09:58:15",
      "10:13:52",
      "10:28:57",
      "10:44:31",
      "10:59:14",
      "11:13:58",
      "11:29:38",
      "11:44:56",
      "11:59:46",
      "12:15:08",
      "12:29:47",
      "12:44:14",
      "12:59:10",
      "13:13:21",
      "13:27:46",
      "13:43:30",
      "13:59:08",
      "14:13:34",
      "14:29:09",
      "14:44:28",
      "14:58:46",
      "15:13:14",
      "15:27:46",
      "15:42:12",
      "15:57:49",
      "16:13:19",
      "16:28:25",
      "16:44:08",
      "16:59:35",
      "17:14:32",
      "17:28:45",
      "17:43:10",
      "17:57:24",
      "18:12:10",
      "18:26:20",
      "18:41:28",
      "18:57:16",
      "19:12:35",
      "19:27:30",
      "19:41:40",
      "19:57:23",
      "20:13:03",
      "20:28:01",
      "20:42:21",
      "20:58:01",
      "21:13:29",
      "21:28:13",
      "21:42:59",
      "21:57:23",
      "22:12:32"
    ],
    "board": [
      14,
      12,
      15,
      2,
      11,
      12,
      4,
      15,
      0,
      0,
      6,
      15,
      10,
      11,
      14,
      4,
      1,
      10,
      1,
      7,
      9,
      8,
      9,
      2,
      5,
      1,
      0,
      7,
      14,
      6,
      9,
      14,
      2,
      5,
      5,
      9,
      14,
      13,
      2,
      10,
      4,
      3,
      6,
      12,
      11,
      8,
      4,
      9,
      0,
      8,
      9,
      9,
      4,
      13,
      5,
      8,
      10,
      9,
      7,
      3,
      9,
      0,
      12,
      12,
      10
    ],
    "alight": [
      5,
      1,
      8,
      8,
      13,
      14,
      9,
      1,
      12,
      3,
      2,
      1,
      6,
      14,
      5,
      10,
      12,
      6,
      13,
      9,
      2,
      6,
      7,
      2,
      2,
      10,
      0,
      0,
      15,
      9,
      7,
      8,
      4,
      7,
      7,
      13,
      10,
      3,
      3,
      4,
      6,
      14,
      1,
      2,
      15,
      15,
      14,
      8,
      11,
      0,
      9,
      11,
      7,
      10,
      0,
      4,
      10,
      8,
      7,
      5,
      13,
      9,
      6,
      5,
      9
    ]
  },
  "贵州新格标识工程有限公司": {
    "time": [
      "06:15:35",
      "06:29:56",
      "06:44:54",
      "06:59:26",
      "07:14:15",
      "07:28:44",
      "07:43:55",
      "07:58:17",
      "08:12:28",
      "08:27:22",
      "08:42:04",
      "08:57:29",
      "09:11:42",
      "09:27:27",
      "09:42:57",
      "09:58:15",
      "10:13:52",
      "10:28:57",
      "10:44:31",
      "10:59:14",
      "11:13:58",
      "11:29:38",
      "11:44:56",
      "11:59:46",
      "12:15:08",
      "12:29:47",
      "12:44:14",
      "12:59:10",
      "13:13:21",
      "13:27:46",
      "13:43:30",
      "13:59:08",
      "14:13:34",
      "14:29:09",
      "14:44:28",
      "14:58:46",
      "15:13:14",
      "15:27:46",
      "15:42:12",
      "15:57:49",
      "16:13:19",
      "16:28:25",
      "16:44:08",
      "16:59:35",
      "17:14:32",
      "17:28:45",
      "17:43:10",
      "17:57:24",
      "18:12:10",
      "18:26:20",
      "18:41:28",
      "18:57:16",
      "19:12:35",
      "19:27:30",
      "19:41:40",
      "19:57:23",
      "20:13:03",
      "20:28:01",
      "20:42:21",
      "20:58:01",
      "21:13:29",
      "21:28:13",
      "21:42:59",
      "21:57:23",
      "22:12:32"
    ],
    "board": [
      13,
      14,
      1,
      2,
      2,
      2,
      14,
      0,
      2,
      15,
      13,
      6,
      8,
      15,
      13,
      11,
      1,
      3,
      13,
      15,
      1,
      1,
      6,
      0,
      0,
      15,
      6,
      3,
      2,
      4,
      9,
      2,
      1,
      9,
      1,
      10,
      11,
      15,
      5,
      14,
      6,
      15,
      15,
      9,
      14,
      11,
      6,
      5,
      13,
      8,
      13,
      5,
      8,
      7,
      4,
      8,
      11,
      3,
      10,
      15,
      8,
      9,
      14,
      8,
      10
    ],
    "alight": [
      15,
      6,
      13,
      11,
      0,
      3,
      15,
      8,
      7,
      1,
      5,
      4,
      14,
      15,
      12,
      0,
      2,
      7,
      9,
      15,
      14,
      2,
      15,
      8,
      9,
      11,
      7,
      11,
      0,
      2,
      11,
      5,
      13,
      10,
      10,
      1,
      13,
      1,
      8,
      14,
      13,
      6,
      3,
      13,
      4,
      11,
      14,
      12,
      15,
      14,
      2,
      5,
      9,
      3,
      2,
      11,
      14,
      1,
      14,
      15,
      13,
      11,
      1,
      4,
      13
    ]
  },
  "清镇市政务中心交通警察大队车管所审验教育学习室": {
    "time": [
      "06:15:35",
      "06:29:56",
      "06:44:54",
      "06:59:26",
      "07:14:15",
      "07:28:44",
      "07:43:55",
      "07:58:17",
      "08:12:28",
      "08:27:22",
      "08:42:04",
      "08:57:29",
      "09:11:42",
      "09:27:27",
      "09:42:57",
      "09:58:15",
      "10:13:52",
      "10:28:57",
      "10:44:31",
      "10:59:14",
      "11:13:58",
      "11:29:38",
      "11:44:56",
      "11:59:46",
      "12:15:08",
      "12:29:47",
      "12:44:14",
      "12:59:10",
      "13:13:21",
      "13:27:46",
      "13:43:30",
      "13:59:08",
      "14:13:34",
      "14:29:09",
      "14:44:28",
      "14:58:46",
      "15:13:14",
      "15:27:46",
      "15:42:12",
      "15:57:49",
      "16:13:19",
      "16:28:25",
      "16:44:08",
      "16:59:35",
      "17:14:32",
      "17:28:45",
      "17:43:10",
      "17:57:24",
      "18:12:10",
      "18:26:20",
      "18:41:28",
      "18:57:16",
      "19:12:35",
      "19:27:30",
      "19:41:40",
      "19:57:23",
      "20:13:03",
      "20:28:01",
      "20:42:21",
      "20:58:01",
      "21:13:29",
      "21:28:13",
      "21:42:59",
      "21:57:23",
      "22:12:32"
    ],
    "board": [
      15,
      12,
      2,
      5,
      5,
      9,
      6,
      9,
      10,
      8,
      2,
      3,
      4,
      7,
      3,
      6,
      6,
      1,
      4,
      15,
      13,
      11,
      12,
      3,
      11,
      11,
      8,
      6,
      10,
      9,
      7,
      7,
      5,
      5,
      12,
      1,
      9,
      11,
      1,
      0,
      2,
      4,
      7,
      7,
      8,
      9,
      13,
      9,
      9,
      0,
      0,
      3,
      14,
      8,
      15,
      3,
      13,
      10,
      0,
      7,
      1,
      1,
      15,
      0,
      4
    ],
    "alight": [
      8,
      7,
      11,
      9,
      7,
      6,
      7,
      12,
      14,
      13,
      11,
      4,
      10,
      11,
      11,
      10,
      10,
      2,
      6,
      3,
      11,
      2,
      6,
      11,
      8,
      7,
      9,
      10,
      14,
      11,
      2,
      10,
      1,
      15,
      0,
      2,
      5,
      9,
      10,
      2,
      11,
      5,
      9,
      11,
      9,
      6,
      7,
      2,
      14,
      2,
      5,
      11,
      13,
      13,
      13,
      1,
      1,
      7,
      5,
      4,
      2,
      2,
      8,
      4,
      12
    ]
  },
  "下铺源通驾校": {
    "time": [
      "06:15:35",
      "06:29:56",
      "06:44:54",
      "06:59:26",
      "07:14:15",
      "07:28:44",
      "07:43:55",
      "07:58:17",
      "08:12:28",
      "08:27:22",
      "08:42:04",
      "08:57:29",
      "09:11:42",
      "09:27:27",
      "09:42:57",
      "09:58:15",
      "10:13:52",
      "10:28:57",
      "10:44:31",
      "10:59:14",
      "11:13:58",
      "11:29:38",
      "11:44:56",
      "11:59:46",
      "12:15:08",
      "12:29:47",
      "12:44:14",
      "12:59:10",
      "13:13:21",
      "13:27:46",
      "13:43:30",
      "13:59:08",
      "14:13:34",
      "14:29:09",
      "14:44:28",
      "14:58:46",
      "15:13:14",
      "15:27:46",
      "15:42:12",
      "15:57:49",
      "16:13:19",
      "16:28:25",
      "16:44:08",
      "16:59:35",
      "17:14:32",
      "17:28:45",
      "17:43:10",
      "17:57:24",
      "18:12:10",
      "18:26:20",
      "18:41:28",
      "18:57:16",
      "19:12:35",
      "19:27:30",
      "19:41:40",
      "19:57:23",
      "20:13:03",
      "20:28:01",
      "20:42:21",
      "20:58:01",
      "21:13:29",
      "21:28:13",
      "21:42:59",
      "21:57:23",
      "22:12:32"
    ],
    "board": [
      1,
      6,
      7,
      1,
      1,
      5,
      4,
      10,
      13,
      13,
      11,
      11,
      15,
      7,
      8,
      7,
      2,
      10,
      1,
      7,
      4,
      12,
      10,
      11,
      4,
      2,
      11,
      8,
      4,
      4,
      1,
      3,
      8,
      7,
      6,
      7,
      5,
      4,
      4,
      10,
      8,
      1,
      3,
      11,
      7,
      3,
      13,
      4,
      11,
      9,
      7,
      13,
      8,
      0,
      9,
      0,
      12,
      5,
      1,
      6,
      10,
      13,
      3,
      0,
      10
    ],
    "alight": [
      11,
      4,
      7,
      10,
      15,
      9,
      15,
      3,
      15,
      13,
      3,
      2,
      6,
      9,
      14,
      9,
      3,
      0,
      1,
      13,
      9,
      2,
      13,
      13,
      13,
      14,
      12,
      10,
      1,
      5,
      5,
      11,
      1,
      1,
      10,
      12,
      4,
      2,
      5,
      2,
      5,
      3,
      10,
      2,
      12,
      14,
      14,
      15,
      15,
      11,
      5,
      4,
      1,
      9,
      11,
      13,
      5,
      8,
      14,
      7,
      6,
      0,
      0,
      10,
      7
    ]
  },
  "香山檀悦茶会馆": {
    "time": [
      "06:15:35",
      "06:29:56",
      "06:44:54",
      "06:59:26",
      "07:14:15",
      "07:28:44",
      "07:43:55",
      "07:58:17",
      "08:12:28",
      "08:27:22",
      "08:42:04",
      "08:57:29",
      "09:11:42",
      "09:27:27",
      "09:42:57",
      "09:58:15",
      "10:13:52",
      "10:28:57",
      "10:44:31",
      "10:59:14",
      "11:13:58",
      "11:29:38",
      "11:44:56",
      "11:59:46",
      "12:15:08",
      "12:29:47",
      "12:44:14",
      "12:59:10",
      "13:13:21",
      "13:27:46",
      "13:43:30",
      "13:59:08",
      "14:13:34",
      "14:29:09",
      "14:44:28",
      "14:58:46",
      "15:13:14",
      "15:27:46",
      "15:42:12",
      "15:57:49",
      "16:13:19",
      "16:28:25",
      "16:44:08",
      "16:59:35",
      "17:14:32",
      "17:28:45",
      "17:43:10",
      "17:57:24",
      "18:12:10",
      "18:26:20",
      "18:41:28",
      "18:57:16",
      "19:12:35",
      "19:27:30",
      "19:41:40",
      "19:57:23",
      "20:13:03",
      "20:28:01",
      "20:42:21",
      "20:58:01",
      "21:13:29",
      "21:28:13",
      "21:42:59",
      "21:57:23",
      "22:12:32"
    ],
    "board": [
      2,
      3,
      11,
      12,
      9,
      1,
      2,
      0,
      1,
      5,
      12,
      14,
      1,
      2,
      10,
      4,
      1,
      11,
      14,
      12,
      12,
      2,
      5,
      10,
      7,
      12,
      5,
      7,
      10,
      10,
      1,
      10,
      15,
      6,
      5,
      13,
      1,
      9,
      2,
      14,
      9,
      0,
      9,
      5,
      3,
      13,
      7,
      2,
      8,
      9,
      10,
      12,
      12,
      7,
      9,
      15,
      2,
      6,
      2,
      6,
      11,
      12,
      11,
      15,
      12
    ],
    "alight": [
      8,
      4,
      11,
      15,
      12,
      15,
      5,
      12,
      4,
      2,
      9,
      13,
      7,
      5,
      0,
      13,
      6,
      3,
      0,
      6,
      7,
      14,
      10,
      3,
      9,
      1,
      11,
      11,
      4,
      12,
      8,
      11,
      7,
      14,
      15,
      8,
      3,
      8,
      11,
      0,
      14,
      0,
      7,
      1,
      3,
      12,
      13,
      6,
      7,
      9,
      10,
      15,
      8,
      2,
      4,
      13,
      4,
      15,
      10,
      7,
      1,
      9,
      8,
      3,
      3
    ]
  },
  "清镇市南与幼儿园": {
    "time": [
      "06:15:35",
      "06:29:56",
      "06:44:54",
      "06:59:26",
      "07:14:15",
      "07:28:44",
      "07:43:55",
      "07:58:17",
      "08:12:28",
      "08:27:22",
      "08:42:04",
      "08:57:29",
      "09:11:42",
      "09:27:27",
      "09:42:57",
      "09:58:15",
      "10:13:52",
      "10:28:57",
      "10:44:31",
      "10:59:14",
      "11:13:58",
      "11:29:38",
      "11:44:56",
      "11:59:46",
      "12:15:08",
      "12:29:47",
      "12:44:14",
      "12:59:10",
      "13:13:21",
      "13:27:46",
      "13:43:30",
      "13:59:08",
      "14:13:34",
      "14:29:09",
      "14:44:28",
      "14:58:46",
      "15:13:14",
      "15:27:46",
      "15:42:12",
      "15:57:49",
      "16:13:19",
      "16:28:25",
      "16:44:08",
      "16:59:35",
      "17:14:32",
      "17:28:45",
      "17:43:10",
      "17:57:24",
      "18:12:10",
      "18:26:20",
      "18:41:28",
      "18:57:16",
      "19:12:35",
      "19:27:30",
      "19:41:40",
      "19:57:23",
      "20:13:03",
      "20:28:01",
      "20:42:21",
      "20:58:01",
      "21:13:29",
      "21:28:13",
      "21:42:59",
      "21:57:23",
      "22:12:32"
    ],
    "board": [
      5,
      5,
      7,
      3,
      10,
      3,
      7,
      3,
      13,
      8,
      2,
      0,
      10,
      4,
      1,
      9,
      1,
      9,
      10,
      6,
      14,
      7,
      10,
      6,
      14,
      7,
      2,
      0,
      4,
      9,
      8,
      4,
      12,
      4,
      3,
      9,
      7,
      10,
      3,
      8,
      5,
      7,
      11,
      15,
      3,
      6,
      1,
      3,
      4,
      10,
      14,
      1,
      9,
      12,
      2,
      6,
      1,
      1,
      7,
      8,
      5,
      8,
      3,
      3,
      9
    ],
    "alight": [
      0,
      13,
      11,
      10,
      5,
      6,
      0,
      8,
      0,
      12,
      9,
      4,
      11,
      7,
      12,
      11,
      4,
      9,
      7,
      10,
      2,
      14,
      14,
      3,
      5,
      10,
      6,
      2,
      14,
      11,
      6,
      2,
      5,
      4,
      14,
      12,
      0,
      11,
      2,
      12,
      14,
      4,
      4,
      0,
      11,
      15,
      1,
      2,
      10,
      4,
      1,
      12,
      8,
      2,
      12,
      12,
      14,
      8,
      9,
      0,
      12,
      8,
      11,
      4,
      14
    ]
  },
  "刘姨妈黄粑(东门店)": {
    "time": [
      "06:15:35",
      "06:29:56",
      "06:44:54",
      "06:59:26",
      "07:14:15",
      "07:28:44",
      "07:43:55",
      "07:58:17",
      "08:12:28",
      "08:27:22",
      "08:42:04",
      "08:57:29",
      "09:11:42",
      "09:27:27",
      "09:42:57",
      "09:58:15",
      "10:13:52",
      "10:28:57",
      "10:44:31",
      "10:59:14",
      "11:13:58",
      "11:29:38",
      "11:44:56",
      "11:59:46",
      "12:15:08",
      "12:29:47",
      "12:44:14",
      "12:59:10",
      "13:13:21",
      "13:27:46",
      "13:43:30",
      "13:59:08",
      "14:13:34",
      "14:29:09",
      "14:44:28",
      "14:58:46",
      "15:13:14",
      "15:27:46",
      "15:42:12",
      "15:57:49",
      "16:13:19",
      "16:28:25",
      "16:44:08",
      "16:59:35",
      "17:14:32",
      "17:28:45",
      "17:43:10",
      "17:57:24",
      "18:12:10",
      "18:26:20",
      "18:41:28",
      "18:57:16",
      "19:12:35",
      "19:27:30",
      "19:41:40",
      "19:57:23",
      "20:13:03",
      "20:28:01",
      "20:42:21",
      "20:58:01",
      "21:13:29",
      "21:28:13",
      "21:42:59",
      "21:57:23",
      "22:12:32"
    ],
    "board": [
      8,
      14,
      5,
      3,
      2,
      14,
      0,
      9,
      0,
      8,
      8,
      3,
      13,
      10,
      2,
      8,
      12,
      8,
      7,
      14,
      3,
      8,
      0,
      13,
      5,
      14,
      5,
      0,
      0,
      10,
      1,
      8,
      0,
      10,
      5,
      15,
      3,
      5,
      9,
      7,
      10,
      2,
      8,
      6,
      8,
      5,
      10,
      7,
      6,
      11,
      0,
      11,
      9,
      15,
      6,
      5,
      11,
      0,
      11,
      10,
      11,
      3,
      12,
      7,
      13
    ],
    "alight": [
      4,
      9,
      1,
      2,
      14,
      9,
      2,
      11,
      1,
      13,
      5,
      8,
      15,
      2,
      13,
      12,
      1,
      14,
      1,
      5,
      11,
      11,
      1,
      5,
      0,
      3,
      15,
      1,
      14,
      15,
      2,
      10,
      6,
      5,
      9,
      0,
      3,
      7,
      6,
      6,
      0,
      5,
      10,
      10,
      1,
      0,
      6,
      14,
      10,
      8,
      15,
      14,
      11,
      2,
      13,
      15,
      10,
      8,
      13,
      5,
      15,
      9,
      15,
      7,
      7
    ]
  },
  "7天连锁酒店(清镇东门桥店)": {
    "time": [
      "06:15:35",
      "06:29:56",
      "06:44:54",
      "06:59:26",
      "07:14:15",
      "07:28:44",
      "07:43:55",
      "07:58:17",
      "08:12:28",
      "08:27:22",
      "08:42:04",
      "08:57:29",
      "09:11:42",
      "09:27:27",
      "09:42:57",
      "09:58:15",
      "10:13:52",
      "10:28:57",
      "10:44:31",
      "10:59:14",
      "11:13:58",
      "11:29:38",
      "11:44:56",
      "11:59:46",
      "12:15:08",
      "12:29:47",
      "12:44:14",
      "12:59:10",
      "13:13:21",
      "13:27:46",
      "13:43:30",
      "13:59:08",
      "14:13:34",
      "14:29:09",
      "14:44:28",
      "14:58:46",
      "15:13:14",
      "15:27:46",
      "15:42:12",
      "15:57:49",
      "16:13:19",
      "16:28:25",
      "16:44:08",
      "16:59:35",
      "17:14:32",
      "17:28:45",
      "17:43:10",
      "17:57:24",
      "18:12:10",
      "18:26:20",
      "18:41:28",
      "18:57:16",
      "19:12:35",
      "19:27:30",
      "19:41:40",
      "19:57:23",
      "20:13:03",
      "20:28:01",
      "20:42:21",
      "20:58:01",
      "21:13:29",
      "21:28:13",
      "21:42:59",
      "21:57:23",
      "22:12:32"
    ],
    "board": [
      0,
      0,
      0,
      0,
      0,
      0,
      0,
      0,
      0,
      0,
      0,
      0,
      0,
      0,
      0,
      0,
      0,
      4,
      0,
      0,
      0,
      0,
      0,
      0,
      0,
      0,
      0,
      0,
      0,
      0,
      0,
      0,
      0,
      0,
      0,
      0,
      4,
      0,
      0,
      0,
      0,
      0,
      0,
      0,
      0,
      0,
      0,
      0,
      0,
      0,
      0,
      0,
      0,
      0,
      0,
      0,
      0,
      4,
      0,
      0,
      0,
      0,
      0,
      3,
      0
    ],
    "alight": [
      7,
      12,
      7,
      5,
      7,
      9,
      6,
      4,
      12,
      3,
      14,
      13,
      5,
      1,
      2,
      0,
      6,
      5,
      9,
      2,
      7,
      1,
      7,
      8,
      8,
      12,
      13,
      5,
      2,
      14,
      1,
      10,
      6,
      8,
      5,
      10,
      6,
      15,
      3,
      12,
      13,
      10,
      12,
      3,
      15,
      11,
      0,
      13,
      6,
      4,
      9,
      5,
      15,
      11,
      5,
      9,
      0,
      5,
      9,
      11,
      7,
      9,
      14,
      11,
      12
    ]
  },
  "西点驾校": {
    "time": [
      "06:15:35",
      "06:29:56",
      "06:44:54",
      "06:59:26",
      "07:14:15",
      "07:28:44",
      "07:43:55",
      "07:58:17",
      "08:12:28",
      "08:27:22",
      "08:42:04",
      "08:57:29",
      "09:11:42",
      "09:27:27",
      "09:42:57",
      "09:58:15",
      "10:13:52",
      "10:28:57",
      "10:44:31",
      "10:59:14",
      "11:13:58",
      "11:29:38",
      "11:44:56",
      "11:59:46",
      "12:15:08",
      "12:29:47",
      "12:44:14",
      "12:59:10",
      "13:13:21",
      "13:27:46",
      "13:43:30",
      "13:59:08",
      "14:13:34",
      "14:29:09",
      "14:44:28",
      "14:58:46",
      "15:13:14",
      "15:27:46",
      "15:42:12",
      "15:57:49",
      "16:13:19",
      "16:28:25",
      "16:44:08",
      "16:59:35",
      "17:14:32",
      "17:28:45",
      "17:43:10",
      "17:57:24",
      "18:12:10",
      "18:26:20",
      "18:41:28",
      "18:57:16",
      "19:12:35",
      "19:27:30",
      "19:41:40",
      "19:57:23",
      "20:13:03",
      "20:28:01",
      "20:42:21",
      "20:58:01",
      "21:13:29",
      "21:28:13",
      "21:42:59",
      "21:57:23",
      "22:12:32"
    ],
    "board": [
      0,
      0,
      0,
      0,
      0,
      0,
      0,
      0,
      0,
      0,
      0,
      0,
      0,
      0,
      4,
      0,
      0,
      0,
      0,
      0,
      0,
      0,
      2,
      0,
      0,
      0,
      0,
      0,
      0,
      0,
      0,
      0,
      0,
      0,
      0,
      0,
      0,
      3,
      0,
      0,
      0,
      0,
      0,
      0,
      0,
      0,
      0,
      0,
      0,
      0,
      0,
      0,
      0,
      0,
      0,
      0,
      3,
      0,
      0,
      3,
      0,
      0,
      2,
      0,
      0
    ],
    "alight": [
      2,
      10,
      15,
      5,
      0,
      10,
      4,
      8,
      15,
      15,
      5,
      4,
      8,
      9,
      6,
      9,
      13,
      9,
      14,
      0,
      7,
      13,
      5,
      3,
      4,
      2,
      13,
      1,
      5,
      6,
      1,
      7,
      5,
      1,
      1,
      8,
      11,
      12,
      14,
      4,
      14,
      14,
      15,
      3,
      12,
      3,
      12,
      3,
      6,
      3,
      10,
      2,
      2,
      11,
      14,
      7,
      0,
      5,
      8,
      12,
      0,
      10,
      15,
      1,
      2
    ]
  },
  "贵州正合隆长安马自达4S店(贵阳总店)": {
    "time": [
      "06:15:35",
      "06:29:56",
      "06:44:54",
      "06:59:26",
      "07:14:15",
      "07:28:44",
      "07:43:55",
      "07:58:17",
      "08:12:28",
      "08:27:22",
      "08:42:04",
      "08:57:29",
      "09:11:42",
      "09:27:27",
      "09:42:57",
      "09:58:15",
      "10:13:52",
      "10:28:57",
      "10:44:31",
      "10:59:14",
      "11:13:58",
      "11:29:38",
      "11:44:56",
      "11:59:46",
      "12:15:08",
      "12:29:47",
      "12:44:14",
      "12:59:10",
      "13:13:21",
      "13:27:46",
      "13:43:30",
      "13:59:08",
      "14:13:34",
      "14:29:09",
      "14:44:28",
      "14:58:46",
      "15:13:14",
      "15:27:46",
      "15:42:12",
      "15:57:49",
      "16:13:19",
      "16:28:25",
      "16:44:08",
      "16:59:35",
      "17:14:32",
      "17:28:45",
      "17:43:10",
      "17:57:24",
      "18:12:10",
      "18:26:20",
      "18:41:28",
      "18:57:16",
      "19:12:35",
      "19:27:30",
      "19:41:40",
      "19:57:23",
      "20:13:03",
      "20:28:01",
      "20:42:21",
      "20:58:01",
      "21:13:29",
      "21:28:13",
      "21:42:59",
      "21:57:23",
      "22:12:32"
    ],
    "board": [
      0,
      0,
      0,
      0,
      0,
      3,
      0,
      0,
      0,
      0,
      0,
      1,
      0,
      0,
      0,
      2,
      0,
      0,
      0,
      0,
      0,
      0,
      0,
      0,
      0,
      0,
      0,
      0,
      0,
      0,
      0,
      0,
      0,
      0,
      0,
      0,
      1,
      0,
      0,
      0,
      0,
      1,
      0,
      0,
      0,
      0,
      0,
      0,
      0,
      0,
      0,
      0,
      0,
      0,
      0,
      0,
      0,
      0,
      0,
      0,
      0,
      0,
      0,
      0,
      0
    ],
    "alight": [
      0,
      12,
      4,
      13,
      14,
      13,
      13,
      14,
      7,
      6,
      11,
      9,
      6,
      4,
      0,
      14,
      5,
      3,
      3,
      13,
      10,
      0,
      7,
      3,
      1,
      1,
      11,
      10,
      11,
      5,
      10,
      4,
      14,
      10,
      10,
      5,
      9,
      4,
      4,
      14,
      8,
      7,
      7,
      2,
      8,
      6,
      14,
      11,
      10,
      1,
      12,
      1,
      7,
      0,
      12,
      12,
      12,
      7,
      8,
      1,
      7,
      8,
      4,
      11,
      8
    ]
  },
  "董家田公租房": {
    "time": [
      "06:15:35",
      "06:29:56",
      "06:44:54",
      "06:59:26",
      "07:14:15",
      "07:28:44",
      "07:43:55",
      "07:58:17",
      "08:12:28",
      "08:27:22",
      "08:42:04",
      "08:57:29",
      "09:11:42",
      "09:27:27",
      "09:42:57",
      "09:58:15",
      "10:13:52",
      "10:28:57",
      "10:44:31",
      "10:59:14",
      "11:13:58",
      "11:29:38",
      "11:44:56",
      "11:59:46",
      "12:15:08",
      "12:29:47",
      "12:44:14",
      "12:59:10",
      "13:13:21",
      "13:27:46",
      "13:43:30",
      "13:59:08",
      "14:13:34",
      "14:29:09",
      "14:44:28",
      "14:58:46",
      "15:13:14",
      "15:27:46",
      "15:42:12",
      "15:57:49",
      "16:13:19",
      "16:28:25",
      "16:44:08",
      "16:59:35",
      "17:14:32",
      "17:28:45",
      "17:43:10",
      "17:57:24",
      "18:12:10",
      "18:26:20",
      "18:41:28",
      "18:57:16",
      "19:12:35",
      "19:27:30",
      "19:41:40",
      "19:57:23",
      "20:13:03",
      "20:28:01",
      "20:42:21",
      "20:58:01",
      "21:13:29",
      "21:28:13",
      "21:42:59",
      "21:57:23",
      "22:12:32"
    ],
    "board": [
      0,
      0,
      0,
      0,
      0,
      0,
      0,
      0,
      0,
      0,
      0,
      0,
      0,
      0,
      0,
      0,
      0,
      0,
      0,
      0,
      0,
      0,
      0,
      0,
      0,
      0,
      0,
      0,
      0,
      0,
      0,
      0,
      0,
      0,
      0,
      0,
      0,
      0,
      0,
      0,
      0,
      0,
      0,
      0,
      0,
      0,
      0,
      0,
      0,
      0,
      0,
      0,
      0,
      0,
      0,
      0,
      0,
      0,
      0,
      0,
      0,
      0,
      0,
      0,
      0
    ],
    "alight": [
      13,
      4,
      10,
      7,
      12,
      12,
      11,
      12,
      4,
      0,
      6,
      5,
      6,
      4,
      13,
      2,
      15,
      2,
      10,
      10,
      14,
      1,
      7,
      10,
      11,
      9,
      14,
      1,
      15,
      12,
      4,
      2,
      1,
      5,
      0,
      2,
      5,
      8,
      1,
      8,
      14,
      7,
      1,
      15,
      4,
      7,
      8,
      5,
      0,
      3,
      12,
      9,
      14,
      8,
      7,
      12,
      1,
      2,
      11,
      15,
      13,
      0,
      10,
      3,
      14
    ]
  },
  "华丰·东盟紫苑(建设中)": {
    "time": [
      "06:15:35",
      "06:29:56",
      "06:44:54",
      "06:59:26",
      "07:14:15",
      "07:28:44",
      "07:43:55",
      "07:58:17",
      "08:12:28",
      "08:27:22",
      "08:42:04",
      "08:57:29",
      "09:11:42",
      "09:27:27",
      "09:42:57",
      "09:58:15",
      "10:13:52",
      "10:28:57",
      "10:44:31",
      "10:59:14",
      "11:13:58",
      "11:29:38",
      "11:44:56",
      "11:59:46",
      "12:15:08",
      "12:29:47",
      "12:44:14",
      "12:59:10",
      "13:13:21",
      "13:27:46",
      "13:43:30",
      "13:59:08",
      "14:13:34",
      "14:29:09",
      "14:44:28",
      "14:58:46",
      "15:13:14",
      "15:27:46",
      "15:42:12",
      "15:57:49",
      "16:13:19",
      "16:28:25",
      "16:44:08",
      "16:59:35",
      "17:14:32",
      "17:28:45",
      "17:43:10",
      "17:57:24",
      "18:12:10",
      "18:26:20",
      "18:41:28",
      "18:57:16",
      "19:12:35",
      "19:27:30",
      "19:41:40",
      "19:57:23",
      "20:13:03",
      "20:28:01",
      "20:42:21",
      "20:58:01",
      "21:13:29",
      "21:28:13",
      "21:42:59",
      "21:57:23",
      "22:12:32"
    ],
    "board": [
      0,
      0,
      0,
      0,
      0,
      0,
      0,
      0,
      0,
      0,
      0,
      0,
      0,
      0,
      0,
      0,
      0,
      0,
      0,
      0,
      0,
      0,
      0,
      0,
      0,
      0,
      0,
      0,
      0,
      0,
      0,
      0,
      0,
      0,
      0,
      0,
      0,
      0,
      0,
      0,
      0,
      0,
      0,
      0,
      0,
      0,
      0,
      0,
      0,
      0,
      0,
      0,
      0,
      0,
      0,
      0,
      0,
      0,
      0,
      0,
      0,
      0,
      0,
      0,
      0
    ],
    "alight": [
      2,
      9,
      9,
      15,
      5,
      15,
      11,
      1,
      14,
      15,
      5,
      7,
      11,
      13,
      13,
      9,
      2,
      1,
      11,
      13,
      1,
      14,
      12,
      7,
      6,
      10,
      13,
      2,
      5,
      7,
      1,
      6,
      5,
      6,
      4,
      13,
      6,
      11,
      1,
      5,
      10,
      11,
      8,
      12,
      6,
      12,
      1,
      2,
      7,
      11,
      10,
      7,
      7,
      12,
      2,
      10,
      14,
      8,
      0,
      5,
      5,
      10,
      12,
      9,
      11
    ]
  }
}