{
  "全通驾校观山湖区二考场": {
    "time": [
      "06:14:19",
      "06:29:41",
      "06:44:35",
      "07:00:18",
      "07:15:20",
      "07:31:00",
      "07:45:18",
      "08:00:27",
      "08:15:56",
      "08:31:27",
      "08:46:50",
      "09:02:04",
      "09:16:17",
      "09:31:44",
      "09:46:22",
      "10:00:42",
      "10:15:44",
      "10:30:46",
      "10:45:22",
      "11:01:00",
      "11:15:33",
      "11:30:48",
      "11:46:20",
      "12:00:38",
      "12:15:24",
      "12:30:38",
      "12:44:57",
      "13:00:37",
      "13:16:27",
      "13:30:53",
      "13:46:03",
      "14:01:29",
      "14:17:00",
      "14:31:34",
      "14:46:48",
      "15:02:31",
      "15:17:14",
      "15:31:24",
      "15:46:41",
      "16:01:17",
      "16:15:48",
      "16:31:11",
      "16:46:54",
      "17:02:37",
      "17:17:55",
      "17:32:27",
      "17:46:42",
      "18:02:26",
      "18:17:04",
      "18:32:18",
      "18:46:30",
      "19:00:53",
      "19:16:12",
      "19:30:28",
      "19:45:52",
      "20:01:31",
      "20:16:22",
      "20:31:10",
      "20:45:49",
      "21:01:10",
      "21:15:36",
      "21:30:14",
      "21:45:21",
      "22:00:58"
    ],
    "board": [
      1,
      1,
      7,
      0,
      1,
      12,
      8,
      2,
      4,
      6,
      3,
      14,
      3,
      5,
      9,
      3,
      8,
      8,
      10,
      1,
      9,
      1,
      4,
      15,
      5,
      11,
      15,
      5,
      13,
      8,
      10,
      10,
      13,
      8,
      3,
      11,
      0,
      10,
      0,
      13,
      7,
      6,
      10,
      10,
      7,
      1,
      8,
      11,
      7,
      5,
      8,
      10,
      10,
      7,
      12,
      1,
      6,
      1,
      8,
      10,
      14,
      5,
      0,
      6
    ],
    "alight": [
      0,
      0,
      0,
      0,
      0,
      0,
      0,
      0,
      0,
      0,
      0,
      0,
      0,
      0,
      0,
      0,
      0,
      0,
      0,
      0,
      0,
      0,
      0,
      0,
      0,
      0,
      0,
      0,
      0,
      0,
      0,
      0,
      0,
      0,
      0,
      0,
      0,
      0,
      0,
      0,
      0,
      0,
      0,
      0,
      0,
      0,
      0,
      0,
      0,
      0,
      0,
      0,
      0,
      0,
      0,
      0,
      0,
      0,
      0,
      0,
      0,
      0,
      0,
      0
    ]
  },
  "贵阳市观山湖区远大小学集团校": {
    "time": [
      "06:14:19",
      "06:29:41",
      "06:44:35",
      "07:00:18",
      "07:15:20",
      "07:31:00",
      "07:45:18",
      "08:00:27",
      "08:15:56",
      "08:31:27",
      "08:46:50",
      "09:02:04",
      "09:16:17",
      "09:31:44",
      "09:46:22",
      "10:00:42",
      "10:15:44",
      "10:30:46",
      "10:45:22",
      "11:01:00",
      "11:15:33",
      "11:30:48",
      "11:46:20",
      "12:00:38",
      "12:15:24",
      "12:30:38",
      "12:44:57",
      "13:00:37",
      "13:16:27",
      "13:30:53",
      "13:46:03",
      "14:01:29",
      "14:17:00",
      "14:31:34",
      "14:46:48",
      "15:02:31",
      "15:17:14",
      "15:31:24",
      "15:46:41",
      "16:01:17",
      "16:15:48",
      "16:31:11",
      "16:46:54",
      "17:02:37",
      "17:17:55",
      "17:32:27",
      "17:46:42",
      "18:02:26",
      "18:17:04",
      "18:32:18",
      "18:46:30",
      "19:00:53",
      "19:16:12",
      "19:30:28",
      "19:45:52",
      "20:01:31",
      "20:16:22",
      "20:31:10",
      "20:45:49",
      "21:01:10",
      "21:15:36",
      "21:30:14",
      "21:45:21",
      "22:00:58"
    ],
    "board": [
      3,
      0,
      4,
      11,
      0,
      6,
      5,
      10,
      15,
      7,
      1,
      11,
      9,
      14,
      11,
      4,
      13,
      6,
      6,
      10,
      6,
      11,
      3,
      10,
      15,
      0,
      6,
      14,
      12,
      12,
      9,
      10,
      4,
      2,
      5,
      15,
      11,
      7,
      10,
      14,
      11,
      4,
      11,
      1,
      3,
      15,
      10,
      7,
      14,
      0,
      8,
      11,
      14,
      7,
      12,
      4,
      15,
      12,
      0,
      14,
      3,
      7,
      8,
      1
    ],
    "alight": [
      0,
      0,
      0,
      0,
      0,
      0,
      0,
      0,
      0,
      0,
      0,
      0,
      0,
      0,
      0,
      0,
      0,
      0,
      0,
      0,
      0,
      0,
      0,
      0,
      0,
      0,
      0,
      0,
      0,
      0,
      0,
      0,
      0,
      0,
      0,
      0,
      0,
      0,
      0,
      0,
      0,
      0,
      0,
      0,
      0,
      0,
      0,
      0,
      0,
      0,
      0,
      0,
      0,
      0,
      0,
      0,
      0,
      0,
      0,
      0,
      0,
      0,
      0,
      0
    ]
  },
  "贵阳市观山湖区第十小学": {
    "time": [
      "06:14:19",
      "06:29:41",
      "06:44:35",
      "07:00:18",
      "07:15:20",
      "07:31:00",
      "07:45:18",
      "08:00:27",
      "08:15:56",
      "08:31:27",
      "08:46:50",
      "09:02:04",
      "09:16:17",
      "09:31:44",
      "09:46:22",
      "10:00:42",
      "10:15:44",
      "10:30:46",
      "10:45:22",
      "11:01:00",
      "11:15:33",
      "11:30:48",
      "11:46:20",
      "12:00:38",
      "12:15:24",
      "12:30:38",
      "12:44:57",
      "13:00:37",
      "13:16:27",
      "13:30:53",
      "13:46:03",
      "14:01:29",
      "14:17:00",
      "14:31:34",
      "14:46:48",
      "15:02:31",
      "15:17:14",
      "15:31:24",
      "15:46:41",
      "16:01:17",
      "16:15:48",
      "16:31:11",
      "16:46:54",
      "17:02:37",
      "17:17:55",
      "17:32:27",
      "17:46:42",
      "18:02:26",
      "18:17:04",
      "18:32:18",
      "18:46:30",
      "19:00:53",
      "19:16:12",
      "19:30:28",
      "19:45:52",
      "20:01:31",
      "20:16:22",
      "20:31:10",
      "20:45:49",
      "21:01:10",
      "21:15:36",
      "21:30:14",
      "21:45:21",
      "22:00:58"
    ],
    "board": [
      4,
      1,
      2,
      5,
      11,
      6,
      10,
      11,
      3,
      9,
      4,
      3,
      4,
      10,
      9,
      2,
      1,
      3,
      13,
      0,
      7,
      13,
      9,
      1,
      13,
      1,
      15,
      4,
      12,
      1,
      0,
      6,
      5,
      10,
      12,
      1,
      15,
      11,
      4,
      0,
      9,
      1,
      5,
      14,
      7,
      0,
      7,
      3,
      4,
      12,
      0,
      5,
      3,
      4,
      14,
      5,
      6,
      14,
      8,
      0,
      8,
      10,
      1,
      11
    ],
    "alight": [
      0,
      0,
      0,
      0,
      0,
      0,
      2,
      0,
      0,
      0,
      0,
      0,
      0,
      0,
      0,
      0,
      1,
      0,
      0,
      0,
      0,
      0,
      0,
      0,
      0,
      0,
      0,
      0,
      0,
      0,
      0,
      0,
      0,
      0,
      1,
      0,
      0,
      0,
      0,
      0,
      0,
      1,
      0,
      0,
      0,
      0,
      1,
      0,
      0,
      0,
      0,
      3,
      0,
      0,
      0,
      0,
      0,
      0,
      0,
      0,
      0,
      0,
      0,
      0
    ]
  },
  "贵州乐思教汽车工贸有限公司": {
    "time": [
      "06:14:19",
      "06:29:41",
      "06:44:35",
      "07:00:18",
      "07:15:20",
      "07:31:00",
      "07:45:18",
      "08:00:27",
      "08:15:56",
      "08:31:27",
      "08:46:50",
      "09:02:04",
      "09:16:17",
      "09:31:44",
      "09:46:22",
      "10:00:42",
      "10:15:44",
      "10:30:46",
      "10:45:22",
      "11:01:00",
      "11:15:33",
      "11:30:48",
      "11:46:20",
      "12:00:38",
      "12:15:24",
      "12:30:38",
      "12:44:57",
      "13:00:37",
      "13:16:27",
      "13:30:53",
      "13:46:03",
      "14:01:29",
      "14:17:00",
      "14:31:34",
      "14:46:48",
      "15:02:31",
      "15:17:14",
      "15:31:24",
      "15:46:41",
      "16:01:17",
      "16:15:48",
      "16:31:11",
      "16:46:54",
      "17:02:37",
      "17:17:55",
      "17:32:27",
      "17:46:42",
      "18:02:26",
      "18:17:04",
      "18:32:18",
      "18:46:30",
      "19:00:53",
      "19:16:12",
      "19:30:28",
      "19:45:52",
      "20:01:31",
      "20:16:22",
      "20:31:10",
      "20:45:49",
      "21:01:10",
      "21:15:36",
      "21:30:14",
      "21:45:21",
      "22:00:58"
    ],
    "board": [
      1,
      1,
      1,
      7,
      14,
      0,
      15,
      9,
      3,
      0,
      9,
      1,
      2,
      7,
      15,
      8,
      4,
      7,
      7,
      3,
      2,
      6,
      0,
      8,
      0,
      10,
      8,
      6,
      15,
      1,
      2,
      8,
      0,
      15,
      11,
      4,
      1,
      2,
      12,
      2,
      11,
      10,
      14,
      10,
      13,
      0,
      9,
      1,
      5,
      14,
      0,
      7,
      12,
      3,
      3,
      14,
      9,
      4,
      4,
      13,
      12,
      0,
      4,
      2
    ],
    "alight": [
      0,
      0,
      0,
      0,
      0,
      0,
      0,
      0,
      0,
      0,
      0,
      0,
      0,
      0,
      0,
      0,
      0,
      2,
      0,
      0,
      0,
      0,
      0,
      0,
      0,
      0,
      0,
      0,
      0,
      0,
      0,
      0,
      0,
      0,
      0,
      2,
      0,
      0,
      0,
      0,
      0,
      0,
      0,
      0,
      1,
      0,
      0,
      1,
      0,
      0,
      0,
      0,
      0,
      0,
      2,
      0,
      0,
      0,
      0,
      0,
      3,
      0,
      2,
      0
    ]
  },
  "京东电子商务产业园区": {
    "time": [
      "06:14:19",
      "06:29:41",
      "06:44:35",
      "07:00:18",
      "07:15:20",
      "07:31:00",
      "07:45:18",
      "08:00:27",
      "08:15:56",
      "08:31:27",
      "08:46:50",
      "09:02:04",
      "09:16:17",
      "09:31:44",
      "09:46:22",
      "10:00:42",
      "10:15:44",
      "10:30:46",
      "10:45:22",
      "11:01:00",
      "11:15:33",
      "11:30:48",
      "11:46:20",
      "12:00:38",
      "12:15:24",
      "12:30:38",
      "12:44:57",
      "13:00:37",
      "13:16:27",
      "13:30:53",
      "13:46:03",
      "14:01:29",
      "14:17:00",
      "14:31:34",
      "14:46:48",
      "15:02:31",
      "15:17:14",
      "15:31:24",
      "15:46:41",
      "16:01:17",
      "16:15:48",
      "16:31:11",
      "16:46:54",
      "17:02:37",
      "17:17:55",
      "17:32:27",
      "17:46:42",
      "18:02:26",
      "18:17:04",
      "18:32:18",
      "18:46:30",
      "19:00:53",
      "19:16:12",
      "19:30:28",
      "19:45:52",
      "20:01:31",
      "20:16:22",
      "20:31:10",
      "20:45:49",
      "21:01:10",
      "21:15:36",
      "21:30:14",
      "21:45:21",
      "22:00:58"
    ],
    "board": [
      2,
      9,
      13,
      12,
      5,
      15,
      15,
      13,
      3,
      15,
      8,
      1,
      12,
      14,
      5,
      6,
      4,
      7,
      11,
      11,
      12,
      1,
      8,
      13,
      7,
      3,
      0,
      10,
      6,
      14,
      8,
      4,
      14,
      11,
      12,
      1,
      5,
      2,
      2,
      7,
      13,
      2,
      13,
      12,
      0,
      1,
      10,
      4,
      6,
      1,
      13,
      11,
      3,
      5,
      12,
      15,
      11,
      11,
      14,
      9,
      12,
      6,
      7,
      0
    ],
    "alight": [
      4,
      8,
      3,
      12,
      0,
      0,
      3,
      6,
      2,
      6,
      15,
      5,
      0,
      8,
      12,
      12,
      6,
      13,
      15,
      7,
      14,
      4,
      12,
      1,
      10,
      0,
      7,
      10,
      3,
      4,
      10,
      3,
      13,
      10,
      4,
      9,
      3,
      9,
      6,
      4,
      14,
      10,
      14,
      6,
      5,
      4,
      0,
      4,
      7,
      6,
      11,
      3,
      5,
      14,
      8,
      8,
      15,
      5,
      1,
      5,
      9,
      15,
      8,
      15
    ]
  },
  "观山湖区摩托车考试中心黔湖摩托车考场": {
    "time": [
      "06:14:19",
      "06:29:41",
      "06:44:35",
      "07:00:18",
      "07:15:20",
      "07:31:00",
      "07:45:18",
      "08:00:27",
      "08:15:56",
      "08:31:27",
      "08:46:50",
      "09:02:04",
      "09:16:17",
      "09:31:44",
      "09:46:22",
      "10:00:42",
      "10:15:44",
      "10:30:46",
      "10:45:22",
      "11:01:00",
      "11:15:33",
      "11:30:48",
      "11:46:20",
      "12:00:38",
      "12:15:24",
      "12:30:38",
      "12:44:57",
      "13:00:37",
      "13:16:27",
      "13:30:53",
      "13:46:03",
      "14:01:29",
      "14:17:00",
      "14:31:34",
      "14:46:48",
      "15:02:31",
      "15:17:14",
      "15:31:24",
      "15:46:41",
      "16:01:17",
      "16:15:48",
      "16:31:11",
      "16:46:54",
      "17:02:37",
      "17:17:55",
      "17:32:27",
      "17:46:42",
      "18:02:26",
      "18:17:04",
      "18:32:18",
      "18:46:30",
      "19:00:53",
      "19:16:12",
      "19:30:28",
      "19:45:52",
      "20:01:31",
      "20:16:22",
      "20:31:10",
      "20:45:49",
      "21:01:10",
      "21:15:36",
      "21:30:14",
      "21:45:21",
      "22:00:58"
    ],
    "board": [
      11,
      9,
      9,
      1,
      13,
      12,
      1,
      14,
      11,
      2,
      7,
      2,
      11,
      12,
      15,
      2,
      12,
      2,
      6,
      1,
      0,
      7,
      5,
      9,
      4,
      7,
      11,
      6,
      13,
      2,
      15,
      3,
      9,
      3,
      6,
      15,
      7,
      7,
      5,
      8,
      10,
      6,
      1,
      3,
      10,
      5,
      7,
      13,
      2,
      5,
      15,
      14,
      2,
      1,
      2,
      8,
      7,
      4,
      3,
      8,
      1,
      3,
      15,
      7
    ],
    "alight": [
      0,
      5,
      3,
      1,
      3,
      6,
      4,
      0,
      11,
      10,
      13,
      3,
      2,
      3,
      8,
      3,
      14,
      4,
      4,
      14,
      5,
      2,
      10,
      6,
      4,
      0,
      2,
      15,
      8,
      1,
      2,
      15,
      12,
      5,
      6,
      7,
      3,
      7,
      10,
      7,
      13,
      7,
      11,
      7,
      12,
      5,
      10,
      0,
      0,
      4,
      1,
      7,
      14,
      5,
      1,
      10,
      2,
      11,
      9,
      14,
      8,
      9,
      11,
      11
    ]
  },
  "干井村": {
    "time": [
      "06:14:19",
      "06:29:41",
      "06:44:35",
      "07:00:18",
      "07:15:20",
      "07:31:00",
      "07:45:18",
      "08:00:27",
      "08:15:56",
      "08:31:27",
      "08:46:50",
      "09:02:04",
      "09:16:17",
      "09:31:44",
      "09:46:22",
      "10:00:42",
      "10:15:44",
      "10:30:46",
      "10:45:22",
      "11:01:00",
      "11:15:33",
      "11:30:48",
      "11:46:20",
      "12:00:38",
      "12:15:24",
      "12:30:38",
      "12:44:57",
      "13:00:37",
      "13:16:27",
      "13:30:53",
      "13:46:03",
      "14:01:29",
      "14:17:00",
      "14:31:34",
      "14:46:48",
      "15:02:31",
      "15:17:14",
      "15:31:24",
      "15:46:41",
      "16:01:17",
      "16:15:48",
      "16:31:11",
      "16:46:54",
      "17:02:37",
      "17:17:55",
      "17:32:27",
      "17:46:42",
      "18:02:26",
      "18:17:04",
      "18:32:18",
      "18:46:30",
      "19:00:53",
      "19:16:12",
      "19:30:28",
      "19:45:52",
      "20:01:31",
      "20:16:22",
      "20:31:10",
      "20:45:49",
      "21:01:10",
      "21:15:36",
      "21:30:14",
      "21:45:21",
      "22:00:58"
    ],
    "board": [
      14,
      13,
      10,
      15,
      13,
      4,
      10,
      12,
      9,
      0,
      9,
      6,
      11,
      14,
      2,
      9,
      15,
      14,
      0,
      4,
      12,
      9,
      3,
      2,
      13,
      5,
      4,
      4,
      0,
      10,
      6,
      3,
      15,
      4,
      7,
      3,
      5,
      2,
      15,
      1,
      4,
      1,
      0,
      13,
      5,
      3,
      0,
      5,
      8,
      1,
      5,
      2,
      14,
      0,
      5,
      15,
      1,
      2,
      1,
      11,
      14,
      5,
      8,
      13
    ],
    "alight": [
      0,
      2,
      6,
      0,
      5,
      8,
      4,
      0,
      0,
      9,
      4,
      8,
      7,
      7,
      3,
      1,
      10,
      9,
      12,
      4,
      13,
      12,
      2,
      5,
      11,
      13,
      5,
      6,
      14,
      5,
      14,
      14,
      12,
      6,
      14,
      6,
      15,
      4,
      15,
      11,
      11,
      4,
      11,
      8,
      6,
      9,
      1,
      2,
      7,
      2,
      4,
      4,
      14,
      2,
      15,
      11,
      6,
      14,
      15,
      10,
      15,
      4,
      10,
      12
    ]
  },
  "鸡场路": {
    "time": [
      "06:14:19",
      "06:29:41",
      "06:44:35",
      "07:00:18",
      "07:15:20",
      "07:31:00",
      "07:45:18",
      "08:00:27",
      "08:15:56",
      "08:31:27",
      "08:46:50",
      "09:02:04",
      "09:16:17",
      "09:31:44",
      "09:46:22",
      "10:00:42",
      "10:15:44",
      "10:30:46",
      "10:45:22",
      "11:01:00",
      "11:15:33",
      "11:30:48",
      "11:46:20",
      "12:00:38",
      "12:15:24",
      "12:30:38",
      "12:44:57",
      "13:00:37",
      "13:16:27",
      "13:30:53",
      "13:46:03",
      "14:01:29",
      "14:17:00",
      "14:31:34",
      "14:46:48",
      "15:02:31",
      "15:17:14",
      "15:31:24",
      "15:46:41",
      "16:01:17",
      "16:15:48",
      "16:31:11",
      "16:46:54",
      "17:02:37",
      "17:17:55",
      "17:32:27",
      "17:46:42",
      "18:02:26",
      "18:17:04",
      "18:32:18",
      "18:46:30",
      "19:00:53",
      "19:16:12",
      "19:30:28",
      "19:45:52",
      "20:01:31",
      "20:16:22",
      "20:31:10",
      "20:45:49",
      "21:01:10",
      "21:15:36",
      "21:30:14",
      "21:45:21",
      "22:00:58"
    ],
    "board": [
      6,
      9,
      13,
      10,
      3,
      15,
      1,
      5,
      5,
      6,
      9,
      1,
      14,
      4,
      7,
      15,
      3,
      15,
      7,
      2,
      7,
      13,
      12,
      11,
      9,
      8,
      15,
      8,
      9,
      13,
      2,
      5,
      10,
      1,
      3,
      3,
      11,
      8,
      15,
      11,
      12,
      2,
      11,
      3,
      11,
      9,
      5,
      4,
      9,
      4,
      14,
      10,
      7,
      0,
      14,
      5,
      0,
      12,
      2,
      0,
      9,
      15,
      9,
      6
    ],
    "alight": [
      12,
      7,
      8,
      5,
      0,
      12,
      15,
      10,
      15,
      5,
      0,
      13,
      13,
      1,
      1,
      15,
      9,
      15,
      6,
      11,
      15,
      11,
      8,
      15,
      1,
      12,
      8,
      13,
      11,
      5,
      0,
      1,
      0,
      9,
      10,
      8,
      1,
      1,
      9,
      7,
      14,
      10,
      5,
      13,
      12,
      7,
      2,
      5,
      9,
      10,
      10,
      10,
      0,
      5,
      12,
      4,
      8,
      3,
      13,
      4,
      5,
      2,
      11,
      13
    ]
  },
  "小明家烤肉(碧桂园·观山府店)": {
    "time": [
      "06:14:19",
      "06:29:41",
      "06:44:35",
      "07:00:18",
      "07:15:20",
      "07:31:00",
      "07:45:18",
      "08:00:27",
      "08:15:56",
      "08:31:27",
      "08:46:50",
      "09:02:04",
      "09:16:17",
      "09:31:44",
      "09:46:22",
      "10:00:42",
      "10:15:44",
      "10:30:46",
      "10:45:22",
      "11:01:00",
      "11:15:33",
      "11:30:48",
      "11:46:20",
      "12:00:38",
      "12:15:24",
      "12:30:38",
      "12:44:57",
      "13:00:37",
      "13:16:27",
      "13:30:53",
      "13:46:03",
      "14:01:29",
      "14:17:00",
      "14:31:34",
      "14:46:48",
      "15:02:31",
      "15:17:14",
      "15:31:24",
      "15:46:41",
      "16:01:17",
      "16:15:48",
      "16:31:11",
      "16:46:54",
      "17:02:37",
      "17:17:55",
      "17:32:27",
      "17:46:42",
      "18:02:26",
      "18:17:04",
      "18:32:18",
      "18:46:30",
      "19:00:53",
      "19:16:12",
      "19:30:28",
      "19:45:52",
      "20:01:31",
      "20:16:22",
      "20:31:10",
      "20:45:49",
      "21:01:10",
      "21:15:36",
      "21:30:14",
      "21:45:21",
      "22:00:58"
    ],
    "board": [
      8,
      12,
      12,
      8,
      0,
      4,
      7,
      0,
      13,
      14,
      7,
      0,
      15,
      8,
      0,
      8,
      11,
      9,
      9,
      0,
      4,
      10,
      4,
      13,
      3,
      11,
      5,
      12,
      12,
      15,
      11,
      10,
      1,
      8,
      2,
      14,
      3,
      9,
      11,
      3,
      5,
      15,
      5,
      2,
      3,
      6,
      7,
      3,
      9,
      3,
      15,
      7,
      12,
      5,
      3,
      6,
      6,
      2,
      13,
      7,
      2,
      15,
      14,
      11
    ],
    "alight": [
      15,
      1,
      13,
      6,
      2,
      8,
      7,
      7,
      4,
      0,
      13,
      3,
      7,
      12,
      8,
      3,
      8,
      11,
      1,
      14,
      6,
      15,
      0,
      1,
      6,
      13,
      8,
      0,
      1,
      5,
      15,
      2,
      13,
      3,
      12,
      14,
      2,
      1,
      3,
      2,
      7,
      13,
      11,
      5,
      4,
      1,
      4,
      9,
      9,
      11,
      5,
      13,
      9,
      8,
      15,
      3,
      14,
      13,
      14,
      11,
      8,
      0,
      13,
      8
    ]
  },
  "豪杰宾馆": {
    "time": [
      "06:14:19",
      "06:29:41",
      "06:44:35",
      "07:00:18",
      "07:15:20",
      "07:31:00",
      "07:45:18",
      "08:00:27",
      "08:15:56",
      "08:31:27",
      "08:46:50",
      "09:02:04",
      "09:16:17",
      "09:31:44",
      "09:46:22",
      "10:00:42",
      "10:15:44",
      "10:30:46",
      "10:45:22",
      "11:01:00",
      "11:15:33",
      "11:30:48",
      "11:46:20",
      "12:00:38",
      "12:15:24",
      "12:30:38",
      "12:44:57",
      "13:00:37",
      "13:16:27",
      "13:30:53",
      "13:46:03",
      "14:01:29",
      "14:17:00",
      "14:31:34",
      "14:46:48",
      "15:02:31",
      "15:17:14",
      "15:31:24",
      "15:46:41",
      "16:01:17",
      "16:15:48",
      "16:31:11",
      "16:46:54",
      "17:02:37",
      "17:17:55",
      "17:32:27",
      "17:46:42",
      "18:02:26",
      "18:17:04",
      "18:32:18",
      "18:46:30",
      "19:00:53",
      "19:16:12",
      "19:30:28",
      "19:45:52",
      "20:01:31",
      "20:16:22",
      "20:31:10",
      "20:45:49",
      "21:01:10",
      "21:15:36",
      "21:30:14",
      "21:45:21",
      "22:00:58"
    ],
    "board": [
      14,
      9,
      10,
      11,
      2,
      13,
      1,
      10,
      13,
      10,
      3,
      15,
      1,
      3,
      6,
      13,
      3,
      9,
      10,
      1,
      2,
      11,
      0,
      15,
      6,
      3,
      5,
      5,
      13,
      13,
      2,
      0,
      9,
      0,
      0,
      3,
      9,
      0,
      7,
      9,
      13,
      10,
      13,
      11,
      11,
      7,
      9,
      0,
      1,
      12,
      1,
      3,
      1,
      11,
      3,
      9,
      7,
      4,
      2,
      3,
      8,
      2,
      7,
      5
    ],
    "alight": [
      1,
      9,
      8,
      9,
      12,
      3,
      13,
      8,
      7,
      13,
      3,
      6,
      10,
      6,
      4,
      13,
      10,
      6,
      10,
      5,
      2,
      3,
      6,
      3,
      5,
      9,
      5,
      4,
      11,
      7,
      11,
      15,
      15,
      13,
      8,
      0,
      5,
      2,
      0,
      3,
      15,
      12,
      5,
      6,
      15,
      0,
      5,
      15,
      4,
      10,
      2,
      7,
      12,
      9,
      13,
      4,
      4,
      8,
      9,
      2,
      0,
      5,
      2,
      14
    ]
  },
  "交通大数据研发中心": {
    "time": [
      "06:14:19",
      "06:29:41",
      "06:44:35",
      "07:00:18",
      "07:15:20",
      "07:31:00",
      "07:45:18",
      "08:00:27",
      "08:15:56",
      "08:31:27",
      "08:46:50",
      "09:02:04",
      "09:16:17",
      "09:31:44",
      "09:46:22",
      "10:00:42",
      "10:15:44",
      "10:30:46",
      "10:45:22",
      "11:01:00",
      "11:15:33",
      "11:30:48",
      "11:46:20",
      "12:00:38",
      "12:15:24",
      "12:30:38",
      "12:44:57",
      "13:00:37",
      "13:16:27",
      "13:30:53",
      "13:46:03",
      "14:01:29",
      "14:17:00",
      "14:31:34",
      "14:46:48",
      "15:02:31",
      "15:17:14",
      "15:31:24",
      "15:46:41",
      "16:01:17",
      "16:15:48",
      "16:31:11",
      "16:46:54",
      "17:02:37",
      "17:17:55",
      "17:32:27",
      "17:46:42",
      "18:02:26",
      "18:17:04",
      "18:32:18",
      "18:46:30",
      "19:00:53",
      "19:16:12",
      "19:30:28",
      "19:45:52",
      "20:01:31",
      "20:16:22",
      "20:31:10",
      "20:45:49",
      "21:01:10",
      "21:15:36",
      "21:30:14",
      "21:45:21",
      "22:00:58"
    ],
    "board": [
      2,
      8,
      15,
      7,
      4,
      15,
      15,
      7,
      12,
      0,
      9,
      5,
      1,
      2,
      8,
      5,
      11,
      6,
      14,
      4,
      4,
      6,
      6,
      8,
      13,
      0,
      3,
      10,
      10,
      7,
      5,
      3,
      3,
      1,
      11,
      15,
      5,
      2,
      10,
      9,
      15,
      4,
      7,
      5,
      4,
      3,
      14,
      5,
      10,
      5,
      5,
      12,
      9,
      12,
      6,
      0,
      6,
      8,
      10,
      0,
      14,
      13,
      15,
      15
    ],
    "alight": [
      6,
      9,
      10,
      10,
      15,
      7,
      0,
      5,
      5,
      0,
      12,
      6,
      4,
      7,
      10,
      7,
      12,
      6,
      10,
      5,
      13,
      0,
      1,
      15,
      11,
      7,
      1,
      6,
      7,
      9,
      13,
      8,
      4,
      11,
      3,
      3,
      0,
      4,
      8,
      13,
      11,
      9,
      8,
      11,
      8,
      3,
      13,
      3,
      7,
      14,
      14,
      14,
      9,
      9,
      1,
      0,
      12,
      5,
      9,
      0,
      5,
      2,
      1,
      10
    ]
  },
  "破碎锤及配件厂价直销": {
    "time": [
      "06:14:19",
      "06:29:41",
      "06:44:35",
      "07:00:18",
      "07:15:20",
      "07:31:00",
      "07:45:18",
      "08:00:27",
      "08:15:56",
      "08:31:27",
      "08:46:50",
      "09:02:04",
      "09:16:17",
      "09:31:44",
      "09:46:22",
      "10:00:42",
      "10:15:44",
      "10:30:46",
      "10:45:22",
      "11:01:00",
      "11:15:33",
      "11:30:48",
      "11:46:20",
      "12:00:38",
      "12:15:24",
      "12:30:38",
      "12:44:57",
      "13:00:37",
      "13:16:27",
      "13:30:53",
      "13:46:03",
      "14:01:29",
      "14:17:00",
      "14:31:34",
      "14:46:48",
      "15:02:31",
      "15:17:14",
      "15:31:24",
      "15:46:41",
      "16:01:17",
      "16:15:48",
      "16:31:11",
      "16:46:54",
      "17:02:37",
      "17:17:55",
      "17:32:27",
      "17:46:42",
      "18:02:26",
      "18:17:04",
      "18:32:18",
      "18:46:30",
      "19:00:53",
      "19:16:12",
      "19:30:28",
      "19:45:52",
      "20:01:31",
      "20:16:22",
      "20:31:10",
      "20:45:49",
      "21:01:10",
      "21:15:36",
      "21:30:14",
      "21:45:21",
      "22:00:58"
    ],
    "board": [
      9,
      15,
      7,
      11,
      1,
      3,
      8,
      2,
      15,
      4,
      14,
      9,
      15,
      1,
      11,
      10,
      9,
      14,
      14,
      0,
      4,
      4,
      0,
      1,
      3,
      7,
      12,
      0,
      11,
      1,
      3,
      6,
      14,
      5,
      4,
      1,
      9,
      3,
      8,
      11,
      13,
      6,
      1,
      0,
      2,
      9,
      7,
      14,
      7,
      0,
      5,
      13,
      11,
      8,
      0,
      8,
      15,
      13,
      9,
      1,
      4,
      9,
      4,
      2
    ],
    "alight": [
      5,
      6,
      12,
      15,
      11,
      8,
      5,
      10,
      12,
      13,
      4,
      6,
      2,
      0,
      1,
      14,
      10,
      12,
      6,
      1,
      8,
      3,
      12,
      13,
      5,
      14,
      1,
      15,
      15,
      9,
      2,
      2,
      10,
      0,
      9,
      3,
      9,
      13,
      13,
      7,
      14,
      2,
      8,
      14,
      11,
      5,
      15,
      5,
      15,
      14,
      15,
      15,
      7,
      2,
      13,
      15,
      8,
      3,
      6,
      1,
      5,
      8,
      3,
      3
    ]
  },
  "贵阳高新龙泉纯净水厂": {
    "time": [
      "06:14:19",
      "06:29:41",
      "06:44:35",
      "07:00:18",
      "07:15:20",
      "07:31:00",
      "07:45:18",
      "08:00:27",
      "08:15:56",
      "08:31:27",
      "08:46:50",
      "09:02:04",
      "09:16:17",
      "09:31:44",
      "09:46:22",
      "10:00:42",
      "10:15:44",
      "10:30:46",
      "10:45:22",
      "11:01:00",
      "11:15:33",
      "11:30:48",
      "11:46:20",
      "12:00:38",
      "12:15:24",
      "12:30:38",
      "12:44:57",
      "13:00:37",
      "13:16:27",
      "13:30:53",
      "13:46:03",
      "14:01:29",
      "14:17:00",
      "14:31:34",
      "14:46:48",
      "15:02:31",
      "15:17:14",
      "15:31:24",
      "15:46:41",
      "16:01:17",
      "16:15:48",
      "16:31:11",
      "16:46:54",
      "17:02:37",
      "17:17:55",
      "17:32:27",
      "17:46:42",
      "18:02:26",
      "18:17:04",
      "18:32:18",
      "18:46:30",
      "19:00:53",
      "19:16:12",
      "19:30:28",
      "19:45:52",
      "20:01:31",
      "20:16:22",
      "20:31:10",
      "20:45:49",
      "21:01:10",
      "21:15:36",
      "21:30:14",
      "21:45:21",
      "22:00:58"
    ],
    "board": [
      13,
      5,
      9,
      12,
      0,
      6,
      2,
      6,
      15,
      4,
      4,
      1,
      1,
      12,
      2,
      10,
      4,
      8,
      13,
      12,
      0,
      10,
      8,
      5,
      9,
      0,
      2,
      9,
      4,
      4,
      14,
      11,
      4,
      3,
      12,
      6,
      10,
      3,
      9,
      5,
      6,
      15,
      15,
      6,
      14,
      4,
      13,
      10,
      6,
      2,
      15,
      5,
      8,
      14,
      3,
      7,
      9,
      8,
      11,
      7,
      10,
      0,
      8,
      13
    ],
    "alight": [
      4,
      11,
      10,
      0,
      12,
      13,
      0,
      10,
      7,
      13,
      3,
      9,
      4,
      14,
      0,
      12,
      4,
      0,
      0,
      4,
      11,
      9,
      0,
      14,
      8,
      3,
      15,
      0,
      10,
      6,
      5,
      3,
      4,
      10,
      9,
      3,
      13,
      3,
      0,
      11,
      0,
      1,
      12,
      6,
      14,
      2,
      2,
      2,
      8,
      11,
      3,
      5,
      13,
      5,
      5,
      0,
      14,
      7,
      0,
      8,
      5,
      0,
      7,
      14
    ]
  },
  "贵州职业技术学院新校区-工程系": {
    "time": [
      "06:14:19",
      "06:29:41",
      "06:44:35",
      "07:00:18",
      "07:15:20",
      "07:31:00",
      "07:45:18",
      "08:00:27",
      "08:15:56",
      "08:31:27",
      "08:46:50",
      "09:02:04",
      "09:16:17",
      "09:31:44",
      "09:46:22",
      "10:00:42",
      "10:15:44",
      "10:30:46",
      "10:45:22",
      "11:01:00",
      "11:15:33",
      "11:30:48",
      "11:46:20",
      "12:00:38",
      "12:15:24",
      "12:30:38",
      "12:44:57",
      "13:00:37",
      "13:16:27",
      "13:30:53",
      "13:46:03",
      "14:01:29",
      "14:17:00",
      "14:31:34",
      "14:46:48",
      "15:02:31",
      "15:17:14",
      "15:31:24",
      "15:46:41",
      "16:01:17",
      "16:15:48",
      "16:31:11",
      "16:46:54",
      "17:02:37",
      "17:17:55",
      "17:32:27",
      "17:46:42",
      "18:02:26",
      "18:17:04",
      "18:32:18",
      "18:46:30",
      "19:00:53",
      "19:16:12",
      "19:30:28",
      "19:45:52",
      "20:01:31",
      "20:16:22",
      "20:31:10",
      "20:45:49",
      "21:01:10",
      "21:15:36",
      "21:30:14",
      "21:45:21",
      "22:00:58"
    ],
    "board": [
      9,
      4,
      2,
      3,
      5,
      1,
      10,
      8,
      1,
      1,
      11,
      2,
      10,
      0,
      8,
      9,
      10,
      3,
      3,
      9,
      7,
      3,
      8,
      5,
      6,
      5,
      3,
      2,
      9,
      14,
      3,
      4,
      5,
      14,
      2,
      1,
      1,
      15,
      9,
      2,
      0,
      6,
      3,
      10,
      13,
      9,
      4,
      5,
      9,
      1,
      14,
      9,
      15,
      8,
      15,
      15,
      1,
      2,
      8,
      13,
      12,
      3,
      12,
      10
    ],
    "alight": [
      2,
      12,
      6,
      3,
      11,
      9,
      12,
      15,
      7,
      11,
      7,
      14,
      13,
      9,
      15,
      12,
      8,
      7,
      13,
      3,
      2,
      8,
      15,
      15,
      13,
      8,
      5,
      13,
      4,
      2,
      5,
      15,
      15,
      1,
      3,
      9,
      14,
      0,
      1,
      13,
      11,
      3,
      11,
      8,
      2,
      1,
      12,
      8,
      1,
      15,
      11,
      4,
      10,
      6,
      7,
      8,
      9,
      7,
      3,
      2,
      10,
      6,
      13,
      15
    ]
  },
  "食欢烤肉": {
    "time": [
      "06:14:19",
      "06:29:41",
      "06:44:35",
      "07:00:18",
      "07:15:20",
      "07:31:00",
      "07:45:18",
      "08:00:27",
      "08:15:56",
      "08:31:27",
      "08:46:50",
      "09:02:04",
      "09:16:17",
      "09:31:44",
      "09:46:22",
      "10:00:42",
      "10:15:44",
      "10:30:46",
      "10:45:22",
      "11:01:00",
      "11:15:33",
      "11:30:48",
      "11:46:20",
      "12:00:38",
      "12:15:24",
      "12:30:38",
      "12:44:57",
      "13:00:37",
      "13:16:27",
      "13:30:53",
      "13:46:03",
      "14:01:29",
      "14:17:00",
      "14:31:34",
      "14:46:48",
      "15:02:31",
      "15:17:14",
      "15:31:24",
      "15:46:41",
      "16:01:17",
      "16:15:48",
      "16:31:11",
      "16:46:54",
      "17:02:37",
      "17:17:55",
      "17:32:27",
      "17:46:42",
      "18:02:26",
      "18:17:04",
      "18:32:18",
      "18:46:30",
      "19:00:53",
      "19:16:12",
      "19:30:28",
      "19:45:52",
      "20:01:31",
      "20:16:22",
      "20:31:10",
      "20:45:49",
      "21:01:10",
      "21:15:36",
      "21:30:14",
      "21:45:21",
      "22:00:58"
    ],
    "board": [
      12,
      12,
      14,
      13,
      8,
      7,
      1,
      12,
      8,
      6,
      0,
      3,
      5,
      9,
      8,
      4,
      14,
      3,
      5,
      1,
      7,
      2,
      10,
      3,
      2,
      7,
      9,
      15,
      8,
      9,
      5,
      10,
      3,
      13,
      1,
      9,
      8,
      7,
      8,
      8,
      9,
      5,
      4,
      12,
      5,
      0,
      4,
      10,
      2,
      11,
      13,
      8,
      15,
      9,
      14,
      15,
      5,
      12,
      5,
      0,
      7,
      3,
      4,
      3
    ],
    "alight": [
      9,
      0,
      9,
      0,
      10,
      9,
      15,
      12,
      7,
      3,
      14,
      14,
      6,
      4,
      11,
      3,
      10,
      11,
      0,
      0,
      9,
      2,
      5,
      14,
      15,
      3,
      9,
      14,
      3,
      5,
      5,
      1,
      13,
      7,
      10,
      1,
      4,
      9,
      3,
      13,
      9,
      12,
      4,
      0,
      7,
      9,
      1,
      4,
      0,
      2,
      12,
      4,
      13,
      7,
      9,
      15,
      3,
      8,
      6,
      10,
      0,
      15,
      10,
      2
    ]
  },
  "杨梅红艺术教育(贵阳印象城教学中心)": {
    "time": [
      "06:14:19",
      "06:29:41",
      "06:44:35",
      "07:00:18",
      "07:15:20",
      "07:31:00",
      "07:45:18",
      "08:00:27",
      "08:15:56",
      "08:31:27",
      "08:46:50",
      "09:02:04",
      "09:16:17",
      "09:31:44",
      "09:46:22",
      "10:00:42",
      "10:15:44",
      "10:30:46",
      "10:45:22",
      "11:01:00",
      "11:15:33",
      "11:30:48",
      "11:46:20",
      "12:00:38",
      "12:15:24",
      "12:30:38",
      "12:44:57",
      "13:00:37",
      "13:16:27",
      "13:30:53",
      "13:46:03",
      "14:01:29",
      "14:17:00",
      "14:31:34",
      "14:46:48",
      "15:02:31",
      "15:17:14",
      "15:31:24",
      "15:46:41",
      "16:01:17",
      "16:15:48",
      "16:31:11",
      "16:46:54",
      "17:02:37",
      "17:17:55",
      "17:32:27",
      "17:46:42",
      "18:02:26",
      "18:17:04",
      "18:32:18",
      "18:46:30",
      "19:00:53",
      "19:16:12",
      "19:30:28",
      "19:45:52",
      "20:01:31",
      "20:16:22",
      "20:31:10",
      "20:45:49",
      "21:01:10",
      "21:15:36",
      "21:30:14",
      "21:45:21",
      "22:00:58"
    ],
    "board": [
      13,
      7,
      8,
      13,
      3,
      4,
      6,
      8,
      10,
      6,
      8,
      6,
      15,
      4,
      6,
      0,
      12,
      1,
      9,
      6,
      6,
      6,
      12,
      4,
      13,
      12,
      0,
      10,
      10,
      3,
      9,
      14,
      3,
      6,
      9,
      14,
      8,
      8,
      4,
      3,
      11,
      9,
      2,
      1,
      7,
      9,
      9,
      3,
      15,
      12,
      12,
      6,
      10,
      0,
      14,
      1,
      12,
      4,
      10,
      5,
      2,
      10,
      13,
      9
    ],
    "alight": [
      3,
      3,
      3,
      3,
      13,
      2,
      15,
      5,
      8,
      6,
      4,
      2,
      10,
      11,
      7,
      10,
      4,
      0,
      0,
      11,
      4,
      9,
      12,
      14,
      1,
      5,
      5,
      8,
      5,
      7,
      2,
      4,
      8,
      7,
      3,
      15,
      1,
      2,
      13,
      13,
      15,
      7,
      2,
      13,
      1,
      14,
      3,
      7,
      14,
      15,
      0,
      0,
      10,
      4,
      0,
      12,
      4,
      10,
      10,
      8,
      11,
      2,
      14,
      13
    ]
  },
  "金钰坊北京烤鸭(世纪金源店)": {
    "time": [
      "06:14:19",
      "06:29:41",
      "06:44:35",
      "07:00:18",
      "07:15:20",
      "07:31:00",
      "07:45:18",
      "08:00:27",
      "08:15:56",
      "08:31:27",
      "08:46:50",
      "09:02:04",
      "09:16:17",
      "09:31:44",
      "09:46:22",
      "10:00:42",
      "10:15:44",
      "10:30:46",
      "10:45:22",
      "11:01:00",
      "11:15:33",
      "11:30:48",
      "11:46:20",
      "12:00:38",
      "12:15:24",
      "12:30:38",
      "12:44:57",
      "13:00:37",
      "13:16:27",
      "13:30:53",
      "13:46:03",
      "14:01:29",
      "14:17:00",
      "14:31:34",
      "14:46:48",
      "15:02:31",
      "15:17:14",
      "15:31:24",
      "15:46:41",
      "16:01:17",
      "16:15:48",
      "16:31:11",
      "16:46:54",
      "17:02:37",
      "17:17:55",
      "17:32:27",
      "17:46:42",
      "18:02:26",
      "18:17:04",
      "18:32:18",
      "18:46:30",
      "19:00:53",
      "19:16:12",
      "19:30:28",
      "19:45:52",
      "20:01:31",
      "20:16:22",
      "20:31:10",
      "20:45:49",
      "21:01:10",
      "21:15:36",
      "21:30:14",
      "21:45:21",
      "22:00:58"
    ],
    "board": [
      8,
      2,
      0,
      12,
      8,
      11,
      13,
      8,
      9,
      4,
      10,
      4,
      8,
      0,
      8,
      12,
      12,
      13,
      1,
      4,
      15,
      10,
      6,
      15,
      7,
      15,
      8,
      6,
      3,
      6,
      2,
      11,
      0,
      14,
      5,
      11,
      2,
      12,
      7,
      3,
      15,
      10,
      9,
      15,
      14,
      1,
      4,
      0,
      14,
      0,
      12,
      8,
      7,
      6,
      4,
      14,
      4,
      1,
      5,
      15,
      3,
      8,
      1,
      0
    ],
    "alight": [
      5,
      2,
      6,
      3,
      1,
      10,
      7,
      0,
      7,
      0,
      9,
      4,
      6,
      12,
      12,
      13,
      2,
      10,
      13,
      9,
      5,
      3,
      0,
      7,
      8,
      10,
      7,
      14,
      0,
      15,
      3,
      10,
      12,
      2,
      5,
      13,
      10,
      9,
      15,
      1,
      0,
      10,
      3,
      15,
      4,
      6,
      7,
      12,
      2,
      3,
      13,
      3,
      5,
      15,
      9,
      5,
      2,
      15,
      10,
      2,
      12,
      6,
      7,
      0
    ]
  },
  "火辣辣地摊火锅(万科悦城店)": {
    "time": [
      "06:14:19",
      "06:29:41",
      "06:44:35",
      "07:00:18",
      "07:15:20",
      "07:31:00",
      "07:45:18",
      "08:00:27",
      "08:15:56",
      "08:31:27",
      "08:46:50",
      "09:02:04",
      "09:16:17",
      "09:31:44",
      "09:46:22",
      "10:00:42",
      "10:15:44",
      "10:30:46",
      "10:45:22",
      "11:01:00",
      "11:15:33",
      "11:30:48",
      "11:46:20",
      "12:00:38",
      "12:15:24",
      "12:30:38",
      "12:44:57",
      "13:00:37",
      "13:16:27",
      "13:30:53",
      "13:46:03",
      "14:01:29",
      "14:17:00",
      "14:31:34",
      "14:46:48",
      "15:02:31",
      "15:17:14",
      "15:31:24",
      "15:46:41",
      "16:01:17",
      "16:15:48",
      "16:31:11",
      "16:46:54",
      "17:02:37",
      "17:17:55",
      "17:32:27",
      "17:46:42",
      "18:02:26",
      "18:17:04",
      "18:32:18",
      "18:46:30",
      "19:00:53",
      "19:16:12",
      "19:30:28",
      "19:45:52",
      "20:01:31",
      "20:16:22",
      "20:31:10",
      "20:45:49",
      "21:01:10",
      "21:15:36",
      "21:30:14",
      "21:45:21",
      "22:00:58"
    ],
    "board": [
      0,
      0,
      0,
      14,
      7,
      9,
      4,
      15,
      11,
      4,
      3,
      15,
      10,
      11,
      2,
      13,
      15,
      9,
      2,
      4,
      9,
      8,
      14,
      13,
      1,
      2,
      15,
      4,
      5,
      1,
      2,
      2,
      8,
      1,
      2,
      12,
      1,
      12,
      4,
      7,
      13,
      12,
      1,
      12,
      0,
      2,
      15,
      10,
      4,
      6,
      5,
      14,
      12,
      7,
      4,
      1,
      13,
      8,
      7,
      3,
      5,
      6,
      2,
      14
    ],
    "alight": [
      1,
      5,
      10,
      0,
      7,
      9,
      8,
      7,
      6,
      0,
      6,
      3,
      4,
      4,
      4,
      4,
      3,
      11,
      6,
      14,
      8,
      1,
      8,
      12,
      8,
      2,
      12,
      13,
      7,
      10,
      14,
      9,
      2,
      7,
      6,
      4,
      13,
      8,
      0,
      9,
      5,
      0,
      10,
      13,
      0,
      10,
      13,
      6,
      0,
      13,
      0,
      5,
      10,
      5,
      3,
      4,
      9,
      6,
      14,
      7,
      11,
      8,
      2,
      10
    ]
  },
  "白龙殿": {
    "time": [
      "06:14:19",
      "06:29:41",
      "06:44:35",
      "07:00:18",
      "07:15:20",
      "07:31:00",
      "07:45:18",
      "08:00:27",
      "08:15:56",
      "08:31:27",
      "08:46:50",
      "09:02:04",
      "09:16:17",
      "09:31:44",
      "09:46:22",
      "10:00:42",
      "10:15:44",
      "10:30:46",
      "10:45:22",
      "11:01:00",
      "11:15:33",
      "11:30:48",
      "11:46:20",
      "12:00:38",
      "12:15:24",
      "12:30:38",
      "12:44:57",
      "13:00:37",
      "13:16:27",
      "13:30:53",
      "13:46:03",
      "14:01:29",
      "14:17:00",
      "14:31:34",
      "14:46:48",
      "15:02:31",
      "15:17:14",
      "15:31:24",
      "15:46:41",
      "16:01:17",
      "16:15:48",
      "16:31:11",
      "16:46:54",
      "17:02:37",
      "17:17:55",
      "17:32:27",
      "17:46:42",
      "18:02:26",
      "18:17:04",
      "18:32:18",
      "18:46:30",
      "19:00:53",
      "19:16:12",
      "19:30:28",
      "19:45:52",
      "20:01:31",
      "20:16:22",
      "20:31:10",
      "20:45:49",
      "21:01:10",
      "21:15:36",
      "21:30:14",
      "21:45:21",
      "22:00:58"
    ],
    "board": [
      7,
      13,
      13,
      5,
      11,
      14,
      13,
      10,
      14,
      15,
      8,
      6,
      1,
      11,
      13,
      11,
      10,
      14,
      10,
      9,
      14,
      5,
      15,
      13,
      15,
      5,
      14,
      11,
      8,
      11,
      11,
      6,
      10,
      8,
      14,
      9,
      1,
      11,
      7,
      1,
      10,
      14,
      9,
      6,
      12,
      14,
      9,
      15,
      5,
      3,
      11,
      1,
      2,
      3,
      3,
      1,
      4,
      10,
      8,
      9,
      7,
      4,
      14,
      15
    ],
    "alight": [
      11,
      9,
      6,
      7,
      3,
      0,
      2,
      11,
      9,
      10,
      5,
      11,
      6,
      3,
      15,
      3,
      8,
      15,
      11,
      7,
      9,
      4,
      11,
      4,
      9,
      8,
      15,
      10,
      12,
      12,
      5,
      13,
      8,
      9,
      15,
      1,
      14,
      5,
      6,
      4,
      3,
      5,
      3,
      1,
      1,
      3,
      5,
      8,
      6,
      5,
      15,
      1,
      1,
      5,
      13,
      14,
      14,
      1,
      13,
      3,
      5,
      0,
      7,
      13
    ]
  },
  "百花大道": {
    "time": [
      "06:14:19",
      "06:29:41",
      "06:44:35",
      "07:00:18",
      "07:15:20",
      "07:31:00",
      "07:45:18",
      "08:00:27",
      "08:15:56",
      "08:31:27",
      "08:46:50",
      "09:02:04",
      "09:16:17",
      "09:31:44",
      "09:46:22",
      "10:00:42",
      "10:15:44",
      "10:30:46",
      "10:45:22",
      "11:01:00",
      "11:15:33",
      "11:30:48",
      "11:46:20",
      "12:00:38",
      "12:15:24",
      "12:30:38",
      "12:44:57",
      "13:00:37",
      "13:16:27",
      "13:30:53",
      "13:46:03",
      "14:01:29",
      "14:17:00",
      "14:31:34",
      "14:46:48",
      "15:02:31",
      "15:17:14",
      "15:31:24",
      "15:46:41",
      "16:01:17",
      "16:15:48",
      "16:31:11",
      "16:46:54",
      "17:02:37",
      "17:17:55",
      "17:32:27",
      "17:46:42",
      "18:02:26",
      "18:17:04",
      "18:32:18",
      "18:46:30",
      "19:00:53",
      "19:16:12",
      "19:30:28",
      "19:45:52",
      "20:01:31",
      "20:16:22",
      "20:31:10",
      "20:45:49",
      "21:01:10",
      "21:15:36",
      "21:30:14",
      "21:45:21",
      "22:00:58"
    ],
    "board": [
      2,
      3,
      5,
      11,
      5,
      7,
      9,
      6,
      9,
      8,
      4,
      11,
      10,
      7,
      5,
      13,
      9,
      6,
      3,
      4,
      14,
      7,
      0,
      7,
      12,
      14,
      4,
      1,
      11,
      8,
      12,
      12,
      10,
      0,
      8,
      13,
      10,
      14,
      2,
      6,
      14,
      0,
      2,
      11,
      12,
      4,
      9,
      3,
      3,
      8,
      1,
      15,
      3,
      15,
      1,
      11,
      7,
      5,
      5,
      3,
      3,
      2,
      9,
      10
    ],
    "alight": [
      10,
      10,
      4,
      3,
      5,
      2,
      2,
      8,
      5,
      5,
      12,
      14,
      6,
      14,
      6,
      7,
      3,
      13,
      2,
      0,
      15,
      13,
      3,
      3,
      7,
      1,
      2,
      10,
      13,
      7,
      7,
      14,
      15,
      1,
      5,
      14,
      7,
      14,
      9,
      5,
      13,
      14,
      6,
      12,
      9,
      4,
      9,
      0,
      4,
      14,
      15,
      9,
      15,
      8,
      1,
      7,
      13,
      3,
      5,
      2,
      3,
      14,
      6,
      11
    ]
  },
  "贵阳市野鸭中学": {
    "time": [
      "06:14:19",
      "06:29:41",
      "06:44:35",
      "07:00:18",
      "07:15:20",
      "07:31:00",
      "07:45:18",
      "08:00:27",
      "08:15:56",
      "08:31:27",
      "08:46:50",
      "09:02:04",
      "09:16:17",
      "09:31:44",
      "09:46:22",
      "10:00:42",
      "10:15:44",
      "10:30:46",
      "10:45:22",
      "11:01:00",
      "11:15:33",
      "11:30:48",
      "11:46:20",
      "12:00:38",
      "12:15:24",
      "12:30:38",
      "12:44:57",
      "13:00:37",
      "13:16:27",
      "13:30:53",
      "13:46:03",
      "14:01:29",
      "14:17:00",
      "14:31:34",
      "14:46:48",
      "15:02:31",
      "15:17:14",
      "15:31:24",
      "15:46:41",
      "16:01:17",
      "16:15:48",
      "16:31:11",
      "16:46:54",
      "17:02:37",
      "17:17:55",
      "17:32:27",
      "17:46:42",
      "18:02:26",
      "18:17:04",
      "18:32:18",
      "18:46:30",
      "19:00:53",
      "19:16:12",
      "19:30:28",
      "19:45:52",
      "20:01:31",
      "20:16:22",
      "20:31:10",
      "20:45:49",
      "21:01:10",
      "21:15:36",
      "21:30:14",
      "21:45:21",
      "22:00:58"
    ],
    "board": [
      3,
      5,
      7,
      15,
      15,
      15,
      7,
      4,
      14,
      12,
      14,
      3,
      1,
      6,
      12,
      0,
      7,
      1,
      11,
      2,
      7,
      7,
      8,
      9,
      14,
      6,
      4,
      14,
      1,
      4,
      12,
      2,
      12,
      1,
      0,
      12,
      10,
      12,
      11,
      8,
      13,
      14,
      3,
      14,
      12,
      9,
      10,
      2,
      6,
      5,
      15,
      10,
      5,
      9,
      1,
      11,
      0,
      8,
      14,
      11,
      0,
      10,
      8,
      3
    ],
    "alight": [
      7,
      12,
      13,
      14,
      0,
      7,
      6,
      5,
      14,
      4,
      13,
      2,
      11,
      4,
      11,
      13,
      4,
      11,
      13,
      14,
      8,
      0,
      2,
      8,
      5,
      1,
      1,
      5,
      15,
      0,
      8,
      7,
      2,
      5,
      10,
      4,
      15,
      9,
      6,
      10,
      3,
      14,
      5,
      14,
      0,
      11,
      1,
      10,
      7,
      13,
      8,
      5,
      5,
      11,
      0,
      14,
      10,
      2,
      4,
      8,
      2,
      4,
      11,
      8
    ]
  },
  "王记香菜馆": {
    "time": [
      "06:14:19",
      "06:29:41",
      "06:44:35",
      "07:00:18",
      "07:15:20",
      "07:31:00",
      "07:45:18",
      "08:00:27",
      "08:15:56",
      "08:31:27",
      "08:46:50",
      "09:02:04",
      "09:16:17",
      "09:31:44",
      "09:46:22",
      "10:00:42",
      "10:15:44",
      "10:30:46",
      "10:45:22",
      "11:01:00",
      "11:15:33",
      "11:30:48",
      "11:46:20",
      "12:00:38",
      "12:15:24",
      "12:30:38",
      "12:44:57",
      "13:00:37",
      "13:16:27",
      "13:30:53",
      "13:46:03",
      "14:01:29",
      "14:17:00",
      "14:31:34",
      "14:46:48",
      "15:02:31",
      "15:17:14",
      "15:31:24",
      "15:46:41",
      "16:01:17",
      "16:15:48",
      "16:31:11",
      "16:46:54",
      "17:02:37",
      "17:17:55",
      "17:32:27",
      "17:46:42",
      "18:02:26",
      "18:17:04",
      "18:32:18",
      "18:46:30",
      "19:00:53",
      "19:16:12",
      "19:30:28",
      "19:45:52",
      "20:01:31",
      "20:16:22",
      "20:31:10",
      "20:45:49",
      "21:01:10",
      "21:15:36",
      "21:30:14",
      "21:45:21",
      "22:00:58"
    ],
    "board": [
      3,
      13,
      9,
      1,
      4,
      15,
      7,
      1,
      14,
      10,
      10,
      7,
      10,
      8,
      4,
      6,
      10,
      10,
      6,
      10,
      6,
      14,
      9,
      3,
      1,
      3,
      12,
      0,
      9,
      1,
      6,
      6,
      10,
      6,
      1,
      3,
      1,
      11,
      14,
      15,
      4,
      3,
      11,
      5,
      1,
      9,
      14,
      5,
      8,
      14,
      1,
      6,
      4,
      2,
      7,
      9,
      5,
      8,
      6,
      11,
      6,
      12,
      0,
      0
    ],
    "alight": [
      4,
      10,
      11,
      3,
      10,
      12,
      8,
      7,
      5,
      14,
      11,
      12,
      14,
      9,
      6,
      1,
      6,
      12,
      10,
      2,
      2,
      13,
      15,
      7,
      14,
      14,
      5,
      14,
      10,
      14,
      8,
      1,
      9,
      4,
      4,
      12,
      14,
      15,
      7,
      8,
      3,
      1,
      9,
      12,
      15,
      11,
      9,
      1,
      13,
      5,
      7,
      14,
      3,
      11,
      14,
      3,
      13,
      3,
      6,
      6,
      15,
      11,
      0,
      0
    ]
  },
  "金关社区贵轮居委会": {
    "time": [
      "06:14:19",
      "06:29:41",
      "06:44:35",
      "07:00:18",
      "07:15:20",
      "07:31:00",
      "07:45:18",
      "08:00:27",
      "08:15:56",
      "08:31:27",
      "08:46:50",
      "09:02:04",
      "09:16:17",
      "09:31:44",
      "09:46:22",
      "10:00:42",
      "10:15:44",
      "10:30:46",
      "10:45:22",
      "11:01:00",
      "11:15:33",
      "11:30:48",
      "11:46:20",
      "12:00:38",
      "12:15:24",
      "12:30:38",
      "12:44:57",
      "13:00:37",
      "13:16:27",
      "13:30:53",
      "13:46:03",
      "14:01:29",
      "14:17:00",
      "14:31:34",
      "14:46:48",
      "15:02:31",
      "15:17:14",
      "15:31:24",
      "15:46:41",
      "16:01:17",
      "16:15:48",
      "16:31:11",
      "16:46:54",
      "17:02:37",
      "17:17:55",
      "17:32:27",
      "17:46:42",
      "18:02:26",
      "18:17:04",
      "18:32:18",
      "18:46:30",
      "19:00:53",
      "19:16:12",
      "19:30:28",
      "19:45:52",
      "20:01:31",
      "20:16:22",
      "20:31:10",
      "20:45:49",
      "21:01:10",
      "21:15:36",
      "21:30:14",
      "21:45:21",
      "22:00:58"
    ],
    "board": [
      9,
      15,
      8,
      0,
      13,
      13,
      5,
      3,
      6,
      2,
      10,
      12,
      6,
      12,
      1,
      7,
      1,
      4,
      10,
      12,
      7,
      14,
      7,
      9,
      4,
      7,
      3,
      15,
      9,
      2,
      11,
      3,
      10,
      12,
      5,
      1,
      4,
      6,
      13,
      6,
      10,
      6,
      9,
      15,
      0,
      7,
      2,
      5,
      12,
      5,
      4,
      6,
      12,
      5,
      7,
      13,
      8,
      7,
      9,
      14,
      10,
      15,
      8,
      7
    ],
    "alight": [
      8,
      1,
      8,
      3,
      7,
      12,
      10,
      1,
      13,
      7,
      8,
      5,
      3,
      14,
      13,
      3,
      15,
      5,
      7,
      8,
      14,
      9,
      10,
      10,
      14,
      2,
      9,
      1,
      13,
      7,
      11,
      5,
      7,
      9,
      9,
      2,
      13,
      11,
      2,
      10,
      15,
      2,
      11,
      1,
      0,
      6,
      12,
      14,
      5,
      6,
      10,
      1,
      6,
      12,
      12,
      6,
      10,
      12,
      3,
      10,
      5,
      9,
      13,
      5
    ]
  },
  "贵州省第三人民医院新冠疫苗接种点": {
    "time": [
      "06:14:19",
      "06:29:41",
      "06:44:35",
      "07:00:18",
      "07:15:20",
      "07:31:00",
      "07:45:18",
      "08:00:27",
      "08:15:56",
      "08:31:27",
      "08:46:50",
      "09:02:04",
      "09:16:17",
      "09:31:44",
      "09:46:22",
      "10:00:42",
      "10:15:44",
      "10:30:46",
      "10:45:22",
      "11:01:00",
      "11:15:33",
      "11:30:48",
      "11:46:20",
      "12:00:38",
      "12:15:24",
      "12:30:38",
      "12:44:57",
      "13:00:37",
      "13:16:27",
      "13:30:53",
      "13:46:03",
      "14:01:29",
      "14:17:00",
      "14:31:34",
      "14:46:48",
      "15:02:31",
      "15:17:14",
      "15:31:24",
      "15:46:41",
      "16:01:17",
      "16:15:48",
      "16:31:11",
      "16:46:54",
      "17:02:37",
      "17:17:55",
      "17:32:27",
      "17:46:42",
      "18:02:26",
      "18:17:04",
      "18:32:18",
      "18:46:30",
      "19:00:53",
      "19:16:12",
      "19:30:28",
      "19:45:52",
      "20:01:31",
      "20:16:22",
      "20:31:10",
      "20:45:49",
      "21:01:10",
      "21:15:36",
      "21:30:14",
      "21:45:21",
      "22:00:58"
    ],
    "board": [
      8,
      9,
      13,
      11,
      6,
      5,
      3,
      0,
      8,
      9,
      4,
      12,
      10,
      10,
      12,
      4,
      2,
      11,
      2,
      3,
      13,
      0,
      12,
      7,
      4,
      15,
      5,
      6,
      2,
      13,
      12,
      4,
      15,
      7,
      15,
      3,
      6,
      5,
      0,
      9,
      11,
      3,
      9,
      11,
      9,
      6,
      7,
      1,
      14,
      2,
      6,
      1,
      9,
      1,
      5,
      14,
      14,
      14,
      3,
      5,
      4,
      3,
      7,
      10
    ],
    "alight": [
      6,
      8,
      10,
      12,
      14,
      11,
      0,
      7,
      0,
      0,
      2,
      11,
      11,
      13,
      8,
      9,
      10,
      7,
      0,
      15,
      8,
      10,
      9,
      12,
      5,
      12,
      14,
      2,
      8,
      11,
      1,
      11,
      0,
      14,
      12,
      0,
      14,
      10,
      12,
      12,
      15,
      4,
      6,
      9,
      0,
      12,
      9,
      7,
      13,
      10,
      15,
      7,
      5,
      4,
      1,
      15,
      13,
      10,
      1,
      14,
      2,
      6,
      3,
      14
    ]
  },
  "谢勇五金批发": {
    "time": [
      "06:14:19",
      "06:29:41",
      "06:44:35",
      "07:00:18",
      "07:15:20",
      "07:31:00",
      "07:45:18",
      "08:00:27",
      "08:15:56",
      "08:31:27",
      "08:46:50",
      "09:02:04",
      "09:16:17",
      "09:31:44",
      "09:46:22",
      "10:00:42",
      "10:15:44",
      "10:30:46",
      "10:45:22",
      "11:01:00",
      "11:15:33",
      "11:30:48",
      "11:46:20",
      "12:00:38",
      "12:15:24",
      "12:30:38",
      "12:44:57",
      "13:00:37",
      "13:16:27",
      "13:30:53",
      "13:46:03",
      "14:01:29",
      "14:17:00",
      "14:31:34",
      "14:46:48",
      "15:02:31",
      "15:17:14",
      "15:31:24",
      "15:46:41",
      "16:01:17",
      "16:15:48",
      "16:31:11",
      "16:46:54",
      "17:02:37",
      "17:17:55",
      "17:32:27",
      "17:46:42",
      "18:02:26",
      "18:17:04",
      "18:32:18",
      "18:46:30",
      "19:00:53",
      "19:16:12",
      "19:30:28",
      "19:45:52",
      "20:01:31",
      "20:16:22",
      "20:31:10",
      "20:45:49",
      "21:01:10",
      "21:15:36",
      "21:30:14",
      "21:45:21",
      "22:00:58"
    ],
    "board": [
      10,
      12,
      5,
      10,
      3,
      2,
      6,
      12,
      4,
      9,
      2,
      13,
      7,
      7,
      4,
      0,
      3,
      7,
      11,
      2,
      3,
      8,
      12,
      10,
      4,
      11,
      8,
      5,
      12,
      2,
      6,
      14,
      13,
      2,
      3,
      14,
      8,
      8,
      10,
      9,
      6,
      3,
      11,
      10,
      9,
      4,
      4,
      11,
      5,
      8,
      7,
      14,
      12,
      5,
      8,
      1,
      7,
      0,
      13,
      1,
      13,
      8,
      1,
      10
    ],
    "alight": [
      0,
      6,
      7,
      11,
      10,
      0,
      3,
      5,
      13,
      8,
      6,
      13,
      3,
      13,
      5,
      6,
      10,
      5,
      4,
      8,
      6,
      9,
      11,
      8,
      4,
      15,
      14,
      5,
      3,
      2,
      5,
      8,
      2,
      7,
      11,
      5,
      14,
      0,
      13,
      4,
      15,
      1,
      10,
      12,
      7,
      7,
      6,
      5,
      6,
      11,
      1,
      12,
      4,
      14,
      2,
      11,
      5,
      3,
      1,
      4,
      7,
      10,
      15,
      11
    ]
  },
  "公共卫生科预防保健科": {
    "time": [
      "06:14:19",
      "06:29:41",
      "06:44:35",
      "07:00:18",
      "07:15:20",
      "07:31:00",
      "07:45:18",
      "08:00:27",
      "08:15:56",
      "08:31:27",
      "08:46:50",
      "09:02:04",
      "09:16:17",
      "09:31:44",
      "09:46:22",
      "10:00:42",
      "10:15:44",
      "10:30:46",
      "10:45:22",
      "11:01:00",
      "11:15:33",
      "11:30:48",
      "11:46:20",
      "12:00:38",
      "12:15:24",
      "12:30:38",
      "12:44:57",
      "13:00:37",
      "13:16:27",
      "13:30:53",
      "13:46:03",
      "14:01:29",
      "14:17:00",
      "14:31:34",
      "14:46:48",
      "15:02:31",
      "15:17:14",
      "15:31:24",
      "15:46:41",
      "16:01:17",
      "16:15:48",
      "16:31:11",
      "16:46:54",
      "17:02:37",
      "17:17:55",
      "17:32:27",
      "17:46:42",
      "18:02:26",
      "18:17:04",
      "18:32:18",
      "18:46:30",
      "19:00:53",
      "19:16:12",
      "19:30:28",
      "19:45:52",
      "20:01:31",
      "20:16:22",
      "20:31:10",
      "20:45:49",
      "21:01:10",
      "21:15:36",
      "21:30:14",
      "21:45:21",
      "22:00:58"
    ],
    "board": [
      0,
      3,
      0,
      0,
      0,
      0,
      0,
      0,
      0,
      0,
      0,
      0,
      0,
      0,
      0,
      0,
      0,
      0,
      0,
      0,
      0,
      4,
      0,
      0,
      0,
      0,
      0,
      0,
      0,
      0,
      0,
      0,
      0,
      0,
      0,
      0,
      2,
      0,
      0,
      0,
      0,
      0,
      0,
      0,
      3,
      0,
      0,
      0,
      0,
      1,
      0,
      0,
      0,
      0,
      0,
      0,
      0,
      0,
      0,
      0,
      0,
      0,
      0,
      0
    ],
    "alight": [
      14,
      15,
      14,
      10,
      4,
      4,
      6,
      5,
      12,
      10,
      6,
      15,
      2,
      6,
      15,
      11,
      11,
      6,
      8,
      5,
      14,
      4,
      14,
      1,
      15,
      7,
      6,
      3,
      7,
      6,
      7,
      14,
      0,
      2,
      1,
      8,
      8,
      5,
      2,
      6,
      15,
      0,
      12,
      6,
      9,
      12,
      3,
      5,
      4,
      13,
      10,
      12,
      9,
      12,
      7,
      5,
      10,
      7,
      5,
      9,
      10,
      0,
      13,
      6
    ]
  },
  "贵龙园": {
    "time": [
      "06:14:19",
      "06:29:41",
      "06:44:35",
      "07:00:18",
      "07:15:20",
      "07:31:00",
      "07:45:18",
      "08:00:27",
      "08:15:56",
      "08:31:27",
      "08:46:50",
      "09:02:04",
      "09:16:17",
      "09:31:44",
      "09:46:22",
      "10:00:42",
      "10:15:44",
      "10:30:46",
      "10:45:22",
      "11:01:00",
      "11:15:33",
      "11:30:48",
      "11:46:20",
      "12:00:38",
      "12:15:24",
      "12:30:38",
      "12:44:57",
      "13:00:37",
      "13:16:27",
      "13:30:53",
      "13:46:03",
      "14:01:29",
      "14:17:00",
      "14:31:34",
      "14:46:48",
      "15:02:31",
      "15:17:14",
      "15:31:24",
      "15:46:41",
      "16:01:17",
      "16:15:48",
      "16:31:11",
      "16:46:54",
      "17:02:37",
      "17:17:55",
      "17:32:27",
      "17:46:42",
      "18:02:26",
      "18:17:04",
      "18:32:18",
      "18:46:30",
      "19:00:53",
      "19:16:12",
      "19:30:28",
      "19:45:52",
      "20:01:31",
      "20:16:22",
      "20:31:10",
      "20:45:49",
      "21:01:10",
      "21:15:36",
      "21:30:14",
      "21:45:21",
      "22:00:58"
    ],
    "board": [
      0,
      0,
      0,
      0,
      0,
      0,
      0,
      0,
      0,
      0,
      0,
      0,
      0,
      0,
      0,
      0,
      0,
      0,
      0,
      0,
      0,
      0,
      0,
      0,
      2,
      3,
      0,
      0,
      0,
      0,
      0,
      4,
      0,
      0,
      0,
      0,
      0,
      0,
      0,
      0,
      0,
      0,
      0,
      0,
      0,
      0,
      0,
      0,
      0,
      0,
      0,
      0,
      0,
      0,
      0,
      0,
      0,
      0,
      0,
      0,
      0,
      0,
      2,
      0
    ],
    "alight": [
      5,
      11,
      15,
      15,
      15,
      0,
      13,
      12,
      6,
      12,
      1,
      8,
      0,
      11,
      9,
      13,
      4,
      5,
      1,
      14,
      2,
      8,
      12,
      6,
      2,
      2,
      14,
      0,
      12,
      14,
      10,
      3,
      13,
      3,
      0,
      14,
      4,
      12,
      12,
      14,
      13,
      9,
      4,
      3,
      6,
      13,
      8,
      13,
      1,
      2,
      9,
      9,
      14,
      6,
      10,
      5,
      12,
      2,
      11,
      11,
      6,
      11,
      1,
      0
    ]
  },
  "熙园菜馆(骐正天骄北苑店)": {
    "time": [
      "06:14:19",
      "06:29:41",
      "06:44:35",
      "07:00:18",
      "07:15:20",
      "07:31:00",
      "07:45:18",
      "08:00:27",
      "08:15:56",
      "08:31:27",
      "08:46:50",
      "09:02:04",
      "09:16:17",
      "09:31:44",
      "09:46:22",
      "10:00:42",
      "10:15:44",
      "10:30:46",
      "10:45:22",
      "11:01:00",
      "11:15:33",
      "11:30:48",
      "11:46:20",
      "12:00:38",
      "12:15:24",
      "12:30:38",
      "12:44:57",
      "13:00:37",
      "13:16:27",
      "13:30:53",
      "13:46:03",
      "14:01:29",
      "14:17:00",
      "14:31:34",
      "14:46:48",
      "15:02:31",
      "15:17:14",
      "15:31:24",
      "15:46:41",
      "16:01:17",
      "16:15:48",
      "16:31:11",
      "16:46:54",
      "17:02:37",
      "17:17:55",
      "17:32:27",
      "17:46:42",
      "18:02:26",
      "18:17:04",
      "18:32:18",
      "18:46:30",
      "19:00:53",
      "19:16:12",
      "19:30:28",
      "19:45:52",
      "20:01:31",
      "20:16:22",
      "20:31:10",
      "20:45:49",
      "21:01:10",
      "21:15:36",
      "21:30:14",
      "21:45:21",
      "22:00:58"
    ],
    "board": [
      0,
      0,
      0,
      0,
      0,
      0,
      0,
      0,
      0,
      0,
      0,
      3,
      0,
      0,
      0,
      0,
      0,
      0,
      0,
      0,
      0,
      0,
      0,
      3,
      0,
      0,
      0,
      0,
      0,
      0,
      0,
      0,
      3,
      0,
      0,
      0,
      1,
      0,
      0,
      0,
      0,
      0,
      0,
      0,
      0,
      3,
      0,
      0,
      0,
      0,
      0,
      0,
      0,
      0,
      0,
      0,
      0,
      0,
      0,
      0,
      0,
      0,
      3,
      0
    ],
    "alight": [
      4,
      5,
      12,
      7,
      6,
      6,
      3,
      14,
      4,
      2,
      4,
      10,
      15,
      11,
      1,
      2,
      1,
      2,
      11,
      5,
      13,
      8,
      12,
      3,
      13,
      9,
      13,
      6,
      11,
      11,
      11,
      0,
      0,
      13,
      7,
      8,
      0,
      6,
      0,
      4,
      13,
      7,
      10,
      14,
      11,
      1,
      11,
      0,
      12,
      11,
      1,
      14,
      5,
      11,
      7,
      1,
      9,
      6,
      4,
      7,
      11,
      5,
      15,
      10
    ]
  },
  "黔春路站(快速公交站)": {
    "time": [
      "06:14:19",
      "06:29:41",
      "06:44:35",
      "07:00:18",
      "07:15:20",
      "07:31:00",
      "07:45:18",
      "08:00:27",
      "08:15:56",
      "08:31:27",
      "08:46:50",
      "09:02:04",
      "09:16:17",
      "09:31:44",
      "09:46:22",
      "10:00:42",
      "10:15:44",
      "10:30:46",
      "10:45:22",
      "11:01:00",
      "11:15:33",
      "11:30:48",
      "11:46:20",
      "12:00:38",
      "12:15:24",
      "12:30:38",
      "12:44:57",
      "13:00:37",
      "13:16:27",
      "13:30:53",
      "13:46:03",
      "14:01:29",
      "14:17:00",
      "14:31:34",
      "14:46:48",
      "15:02:31",
      "15:17:14",
      "15:31:24",
      "15:46:41",
      "16:01:17",
      "16:15:48",
      "16:31:11",
      "16:46:54",
      "17:02:37",
      "17:17:55",
      "17:32:27",
      "17:46:42",
      "18:02:26",
      "18:17:04",
      "18:32:18",
      "18:46:30",
      "19:00:53",
      "19:16:12",
      "19:30:28",
      "19:45:52",
      "20:01:31",
      "20:16:22",
      "20:31:10",
      "20:45:49",
      "21:01:10",
      "21:15:36",
      "21:30:14",
      "21:45:21",
      "22:00:58"
    ],
    "board": [
      0,
      0,
      0,
      0,
      0,
      0,
      0,
      0,
      0,
      0,
      0,
      0,
      0,
      0,
      0,
      0,
      0,
      0,
      0,
      0,
      0,
      0,
      0,
      0,
      0,
      0,
      0,
      0,
      0,
      0,
      0,
      0,
      0,
      0,
      0,
      0,
      0,
      0,
      0,
      0,
      0,
      0,
      0,
      0,
      0,
      0,
      0,
      0,
      0,
      0,
      0,
      0,
      0,
      0,
      0,
      0,
      0,
      0,
      0,
      0,
      0,
      0,
      0,
      0
    ],
    "alight": [
      10,
      0,
      10,
      10,
      0,
      15,
      10,
      15,
      2,
      9,
      5,
      0,
      14,
      15,
      5,
      3,
      7,
      13,
      7,
      4,
      13,
      7,
      4,
      7,
      13,
      4,
      14,
      13,
      11,
      4,
      8,
      10,
      6,
      10,
      8,
      10,
      9,
      9,
      4,
      3,
      11,
      0,
      0,
      3,
      2,
      4,
      3,
      12,
      12,
      8,
      11,
      13,
      8,
      4,
      15,
      4,
      8,
      4,
      10,
      12,
      5,
      8,
      8,
      3
    ]
  },
  "贵阳·黔灵山体育公园": {
    "time": [
      "06:14:19",
      "06:29:41",
      "06:44:35",
      "07:00:18",
      "07:15:20",
      "07:31:00",
      "07:45:18",
      "08:00:27",
      "08:15:56",
      "08:31:27",
      "08:46:50",
      "09:02:04",
      "09:16:17",
      "09:31:44",
      "09:46:22",
      "10:00:42",
      "10:15:44",
      "10:30:46",
      "10:45:22",
      "11:01:00",
      "11:15:33",
      "11:30:48",
      "11:46:20",
      "12:00:38",
      "12:15:24",
      "12:30:38",
      "12:44:57",
      "13:00:37",
      "13:16:27",
      "13:30:53",
      "13:46:03",
      "14:01:29",
      "14:17:00",
      "14:31:34",
      "14:46:48",
      "15:02:31",
      "15:17:14",
      "15:31:24",
      "15:46:41",
      "16:01:17",
      "16:15:48",
      "16:31:11",
      "16:46:54",
      "17:02:37",
      "17:17:55",
      "17:32:27",
      "17:46:42",
      "18:02:26",
      "18:17:04",
      "18:32:18",
      "18:46:30",
      "19:00:53",
      "19:16:12",
      "19:30:28",
      "19:45:52",
      "20:01:31",
      "20:16:22",
      "20:31:10",
      "20:45:49",
      "21:01:10",
      "21:15:36",
      "21:30:14",
      "21:45:21",
      "22:00:58"
    ],
    "board": [
      0,
      0,
      0,
      0,
      0,
      0,
      0,
      0,
      0,
      0,
      0,
      0,
      0,
      0,
      0,
      0,
      0,
      0,
      0,
      0,
      0,
      0,
      0,
      0,
      0,
      0,
      0,
      0,
      0,
      0,
      0,
      0,
      0,
      0,
      0,
      0,
      0,
      0,
      0,
      0,
      0,
      0,
      0,
      0,
      0,
      0,
      0,
      0,
      0,
      0,
      0,
      0,
      0,
      0,
      0,
      0,
      0,
      0,
      0,
      0,
      0,
      0,
      0,
      0
    ],
    "alight": [
      4,
      6,
      14,
      13,
      1,
      4,
      2,
      11,
      0,
      4,
      13,
      11,
      5,
      7,
      4,
      3,
      11,
      10,
      9,
      6,
      9,
      5,
      12,
      10,
      0,
      7,
      15,
      11,
      14,
      0,
      0,
      4,
      11,
      5,
      10,
      12,
      3,
      12,
      0,
      10,
      11,
      13,
      1,
      6,
      15,
      8,
      11,
      8,
      10,
      2,
      4,
      14,
      2,
      4,
      12,
      8,
      0,
      5,
      14,
      5,
      2,
      7,
      14,
      0
    ]
  }
}